ISBN,Unnamed: 0,Title,Author,Main Genre,Sub Genre,Type,Price,Rating,Amazon_Rating_Count,URLs,Number of Sub-genres,Genre_URL,Real_ISBN_10,Real_ISBN_13,Google_Thumbnail
9781938938160,0,The Complete Novel of Sherlock Holmes,Arthur Conan Doyle,"Arts, Film & Photography",Cinema & Broadcast,Paperback,₹169.00,4.4,19923.0,https://www.amazon.in/Complete-Novels-Sherlock-Holmes/dp/8175994312/ref=zg_bs_g_1318054031_d_sccl_1/000-0000000-0000000?psc=1,11,https://www.amazon.in/gp/bestsellers/books/1318052031,193893816X,9781938938160,http://books.google.com/books/content?id=1zSnAwAAQBAJ&printsec=frontcover&img=1&zoom=1&edge=curl&source=gbs_api
9780399179006,1,"Black Holes (L) : The Reith Lectures [Paperback] Hawking, Stephen",Stephen Hawking,"Arts, Film & Photography",Cinema & Broadcast,Paperback,₹99.00,4.5,7686.0,https://www.amazon.in/Black-Holes-Lectures-Stephen-Hawking/dp/085750357X/ref=zg_bs_g_1318054031_d_sccl_2/000-0000000-0000000?psc=1,11,https://www.amazon.in/gp/bestsellers/books/1318052031,0399179003,9780399179006,http://books.google.com/books/content?id=sj3FDAAAQBAJ&printsec=frontcover&img=1&zoom=1&source=gbs_api
9781408824856,2,The Kite Runner,Khaled Hosseini,"Arts, Film & Photography",Cinema & Broadcast,Kindle Edition,₹175.75,4.6,50016.0,https://www.amazon.in/Kite-Runner-Khaled-Hosseini-ebook/dp/B00B0CR0O6/ref=zg_bs_g_1318054031_d_sccl_3/000-0000000-0000000?psc=1,11,https://www.amazon.in/gp/bestsellers/books/1318052031,140882485X,9781408824856,http://books.google.com/books/content?id=MH48bnzN0LUC&printsec=frontcover&img=1&zoom=1&edge=curl&source=gbs_api
9781472290694,3,Greenlights: Raucous stories and outlaw wisdom from the Academy Award-winning actor,Matthew McConaughey,"Arts, Film & Photography",Cinema & Broadcast,Paperback,₹389.00,4.6,32040.0,https://www.amazon.in/Greenlights-Raucous-stories-Academy-Award-winning/dp/1472280873/ref=zg_bs_g_1318054031_d_sccl_4/000-0000000-0000000?psc=1,11,https://www.amazon.in/gp/bestsellers/books/1318052031,1472290690,9781472290694,http://books.google.com/books/content?id=CsqYzgEACAAJ&printsec=frontcover&img=1&zoom=1&source=gbs_api
9780008276973,4,"The Science of Storytelling: Why Stories Make Us Human, and How to Tell Them Better",Will Storr,"Arts, Film & Photography",Cinema & Broadcast,Paperback,₹348.16,4.5,1707.0,https://www.amazon.in/Science-Storytelling-Will-Storr/dp/0008276978/ref=zg_bs_g_1318054031_d_sccl_5/000-0000000-0000000?psc=1,11,https://www.amazon.in/gp/bestsellers/books/1318052031,0008276978,9780008276973,http://books.google.com/books/content?id=HMsIyAEACAAJ&printsec=frontcover&img=1&zoom=1&source=gbs_api
9781510054585,5,Fantastic Beasts and Where to Find Them: The Original Screenplay,J.K. Rowling,"Arts, Film & Photography",Cinema & Broadcast,Kindle Edition,₹313.95,4.5,15122.0,https://www.amazon.in/Fantastic-Beasts-Where-Find-Them-ebook/dp/B01ETJABRE/ref=zg_bs_g_1318054031_d_sccl_6/000-0000000-0000000?psc=1,11,https://www.amazon.in/gp/bestsellers/books/1318052031,1510054588,9781510054585,http://books.google.com/books/content?id=L_lZMQAACAAJ&printsec=frontcover&img=1&zoom=1&source=gbs_api
9781338325591,6,Fantastic Beasts: The Crimes of Grindelwald - The Original Screenplay,J.K. Rowling,"Arts, Film & Photography",Cinema & Broadcast,Kindle Edition,₹313.95,4.6,10152.0,https://www.amazon.in/Fantastic-Beasts-Grindelwald-Original-Screenplay-ebook/dp/B07BL2VNNV/ref=zg_bs_g_1318054031_d_sccl_7/000-0000000-0000000?psc=1,11,https://www.amazon.in/gp/bestsellers/books/1318052031,1338325590,9781338325591,http://books.google.com/books/content?id=zfkmtQEACAAJ&printsec=frontcover&img=1&zoom=1&source=gbs_api
9781615931712,8,Save the Cat!: The Last Book on Screenwriting You'll Ever Need,Blake Snyder,"Arts, Film & Photography",Cinema & Broadcast,Paperback,₹850.00,4.5,7060.0,https://www.amazon.in/Save-Cat-Last-Screenwriting-Youll/dp/1932907009/ref=zg_bs_g_1318054031_d_sccl_9/000-0000000-0000000?psc=1,11,https://www.amazon.in/gp/bestsellers/books/1318052031,1615931716,9781615931712,http://books.google.com/books/content?id=WgbknQEACAAJ&printsec=frontcover&img=1&zoom=1&source=gbs_api
9780385339032,9,Screenplay,Syd Field,"Arts, Film & Photography",Cinema & Broadcast,Paperback,₹644.52,4.5,3216.0,https://www.amazon.in/Screenplay-Foundations-Screenwriting-Syd-Field/dp/0385339038/ref=zg_bs_g_1318054031_d_sccl_10/000-0000000-0000000?psc=1,11,https://www.amazon.in/gp/bestsellers/books/1318052031,0385339038,9780385339032,http://books.google.com/books/content?id=As1vDwAAQBAJ&printsec=frontcover&img=1&zoom=1&source=gbs_api
9781444724585,10,One Day,David Nicholls,"Arts, Film & Photography",Cinema & Broadcast,Audible Audiobook,₹892.00,4.2,10550.0,https://www.amazon.in/One-Day/dp/B079P515NK/ref=zg_bs_g_1318054031_d_sccl_11/000-0000000-0000000?psc=1,11,https://www.amazon.in/gp/bestsellers/books/1318052031,1444724584,9781444724585,http://books.google.com/books/content?id=sBvacQAACAAJ&printsec=frontcover&img=1&zoom=1&source=gbs_api
9789391149758,11,SACH KAHUN TOH: AN AUTOBIOGRAPHY,NEENA GUPTA,"Arts, Film & Photography",Cinema & Broadcast,Hardcover,₹361.00,4.4,1558.0,https://www.amazon.in/SACH-KAHUN-AUTOBIOGRAPHY-NEENA-GUPTA/dp/0670095273/ref=zg_bs_g_1318054031_d_sccl_12/000-0000000-0000000?psc=1,11,https://www.amazon.in/gp/bestsellers/books/1318052031,9391149758,9789391149758,http://books.google.com/books/content?id=WCQrEAAAQBAJ&printsec=frontcover&img=1&zoom=1&source=gbs_api
9781647291495,14,Studio Ghibli: The Complete Works,Studio Ghibli,"Arts, Film & Photography",Cinema & Broadcast,Hardcover,"₹2,132.78",4.8,226.0,https://www.amazon.in/Studio-Ghibli-Complete-Works/dp/1647291496/ref=zg_bs_g_1318054031_d_sccl_15/000-0000000-0000000?psc=1,11,https://www.amazon.in/gp/bestsellers/books/1318052031,1647291496,9781647291495,http://books.google.com/books/content?id=QMtwEAAAQBAJ&printsec=frontcover&img=1&zoom=1&source=gbs_api
9780060391683,15,"Story: Style, Structure, Substance, and the Principles of Screenwriting",Robert McKee,"Arts, Film & Photography",Cinema & Broadcast,Hardcover,"₹2,612.00",4.7,2653.0,https://www.amazon.in/Story-Structure-Substance-Principles-Screenwriting/dp/0060391685/ref=zg_bs_g_1318054031_d_sccl_16/000-0000000-0000000?psc=1,11,https://www.amazon.in/gp/bestsellers/books/1318052031,0060391685,9780060391683,http://books.google.com/books/content?id=TShO0_ANhZAC&printsec=frontcover&img=1&zoom=1&source=gbs_api
9781501187636,17,BRUCE LEE,Matthew Polly,"Arts, Film & Photography",Cinema & Broadcast,Paperback,₹424.00,4.7,915.0,https://www.amazon.in/Bruce-Lee-Life-Matthew-Polly/dp/1471175723/ref=zg_bs_g_1318054031_d_sccl_18/000-0000000-0000000?psc=1,11,https://www.amazon.in/gp/bestsellers/books/1318052031,1501187635,9781501187636,http://books.google.com/books/content?id=5bGWDwAAQBAJ&printsec=frontcover&img=1&zoom=1&edge=curl&source=gbs_api
9781460710876,18,JOURNEYS IN THE WILD,Sir David Attenborough,"Arts, Film & Photography",Cinema & Broadcast,Paperback,₹438.00,4.6,389.0,https://www.amazon.in/JOURNEYS-WILD-Sir-David-Attenborough/dp/1841883115/ref=zg_bs_g_1318054031_d_sccl_19/000-0000000-0000000?psc=1,11,https://www.amazon.in/gp/bestsellers/books/1318052031,1460710878,9781460710876,http://books.google.com/books/content?id=oQ5VDwAAQBAJ&printsec=frontcover&img=1&zoom=1&source=gbs_api
9780144000265,19,Speaking Of Films (The Penguin Ray Library),Satyajit Ray,"Arts, Film & Photography",Cinema & Broadcast,Paperback,₹207.00,4.6,311.0,https://www.amazon.in/Speaking-Films-Satyajit-Ray/dp/0144000261/ref=zg_bs_g_1318054031_d_sccl_20/000-0000000-0000000?psc=1,11,https://www.amazon.in/gp/bestsellers/books/1318052031,0144000261,9780144000265,http://books.google.com/books/content?id=vzP6mX3O55QC&printsec=frontcover&img=1&zoom=1&edge=curl&source=gbs_api
9780143448990,21,"Satyajit Ray Miscellany: On Life, Cinema",Satyajit Ray,"Arts, Film & Photography",Cinema & Broadcast,Paperback,₹401.00,4.6,127.0,https://www.amazon.in/Satyajit-Ray-Miscellany-Penguin-Library/dp/0143448994/ref=zg_bs_g_1318054031_d_sccl_22/000-0000000-0000000?psc=1,11,https://www.amazon.in/gp/bestsellers/books/1318052031,0143448994,9780143448990,http://books.google.com/books/content?id=1mg6zwEACAAJ&printsec=frontcover&img=1&zoom=1&source=gbs_api
9788194525974,22,Unscripted: Conversations on Life and Ci: Conversations on Life and Cinema,Abhijat Joshi,"Arts, Film & Photography",Cinema & Broadcast,Hardcover,₹423.00,4.5,309.0,https://www.amazon.in/Unscripted-Conversations-Vidhu-Vinod-Chopra/dp/0670094587/ref=zg_bs_g_1318054031_d_sccl_23/000-0000000-0000000?psc=1,11,https://www.amazon.in/gp/bestsellers/books/1318052031,8194525977,9788194525974,http://books.google.com/books/content?id=W9UWEAAAQBAJ&printsec=frontcover&img=1&zoom=1&source=gbs_api
9780143433002,24,Conversations with Mani Ratnam (PB),Baradwaj Rangan,"Arts, Film & Photography",Cinema & Broadcast,Paperback,₹389.00,4.6,305.0,https://www.amazon.in/Conversations-Mani-Ratnam-Baradwaj-Rangan/dp/0143421107/ref=zg_bs_g_1318054031_d_sccl_25/000-0000000-0000000?psc=1,11,https://www.amazon.in/gp/bestsellers/books/1318052031,0143433008,9780143433002,http://books.google.com/books/content?id=5mxmtAEACAAJ&printsec=frontcover&img=1&zoom=1&source=gbs_api
9780671604295,25,Hitchcock,Francois Truffaut,"Arts, Film & Photography",Cinema & Broadcast,Paperback,"₹1,463.00",4.7,787.0,https://www.amazon.in/Hitchcock-Francois-Truffaut/dp/0571333699/ref=zg_bs_g_1318054031_d_sccl_26/000-0000000-0000000?psc=1,11,https://www.amazon.in/gp/bestsellers/books/1318052031,0671604295,9780671604295,http://books.google.com/books/content?id=NnE_sPb3XBQC&printsec=frontcover&img=1&zoom=1&edge=curl&source=gbs_api
9780198723097,26,Indian Cinema: A Very Short Introduction (Very Short Introductions),Ashish Rajadhyaksha,"Arts, Film & Photography",Cinema & Broadcast,Kindle Edition,₹176.32,4.2,22.0,https://www.amazon.in/Indian-Cinema-Short-Introduction-Introductions-ebook/dp/B01GGF2FKU/ref=zg_bs_g_1318054031_d_sccl_27/000-0000000-0000000?psc=1,11,https://www.amazon.in/gp/bestsellers/books/1318052031,0198723091,9780198723097,http://books.google.com/books/content?id=88mSDAAAQBAJ&printsec=frontcover&img=1&zoom=1&edge=curl&source=gbs_api
9789354929748,27,Basu Chatterji And Middle-of-the-Road Ci: And Middle-of-the-Road Cinema,Anirudha Bhattacharjee,"Arts, Film & Photography",Cinema & Broadcast,Hardcover,₹413.00,4.8,22.0,https://www.amazon.in/Basu-Chatterji-Middle-Road-Ci/dp/0670096253/ref=zg_bs_g_1318054031_d_sccl_28/000-0000000-0000000?psc=1,11,https://www.amazon.in/gp/bestsellers/books/1318052031,9354929745,9789354929748,http://books.google.com/books/content?id=0ibREAAAQBAJ&printsec=frontcover&img=1&zoom=1&edge=curl&source=gbs_api
9789354895845,29,This Life at Play: Memoirs,Girish Karnad,"Arts, Film & Photography",Cinema & Broadcast,Paperback,₹344.00,4.6,168.0,https://www.amazon.in/This-Life-at-Play-Memoirs/dp/9354895840/ref=zg_bs_g_1318054031_d_sccl_30/000-0000000-0000000?psc=1,11,https://www.amazon.in/gp/bestsellers/books/1318052031,9354895840,9789354895845,http://books.google.com/books/content?id=m3xAzwEACAAJ&printsec=frontcover&img=1&zoom=1&source=gbs_api
9780993203008,30,The Supernatural Quiz Book: 500 Questions and Answers on Supernatural: 500 Questions and Answers on Supernatural Season 1,Light Bulb Quizzes,"Arts, Film & Photography",Cinema & Broadcast,Paperback,₹404.00,5.0,4.0,https://www.amazon.in/Supernatural-Quiz-Book-Questions-Answers/dp/0993203000/ref=zg_bs_g_1318054031_d_sccl_1/000-0000000-0000000?psc=1,11,https://www.amazon.in/gp/bestsellers/books/1318052031,0993203000,9780993203008,http://books.google.com/books/content?id=ELItjwEACAAJ&printsec=frontcover&img=1&zoom=1&source=gbs_api
9781506721705,31,Avatar: The Last Airbender The Art of the Animated Series (Second Edition),Michael Dante DiMartino,"Arts, Film & Photography",Cinema & Broadcast,Hardcover,"₹2,148.00",4.9,1615.0,https://www.amazon.in/Avatar-Last-Airbender-Animated-Second/dp/1506721699/ref=zg_bs_g_1318054031_d_sccl_2/000-0000000-0000000?psc=1,11,https://www.amazon.in/gp/bestsellers/books/1318052031,1506721702,9781506721705,http://books.google.com/books/content?id=vS0LEAAAQBAJ&printsec=frontcover&img=1&zoom=1&edge=curl&source=gbs_api
9780140127225,32,On Directing Film,David Mamet,"Arts, Film & Photography",Cinema & Broadcast,Paperback,₹608.00,4.4,848.0,https://www.amazon.in/Directing-Film-David-Mamet/dp/0140127224/ref=zg_bs_g_1318054031_d_sccl_3/000-0000000-0000000?psc=1,11,https://www.amazon.in/gp/bestsellers/books/1318052031,0140127224,9780140127225,http://books.google.com/books/content?id=zIFPEAAAQBAJ&printsec=frontcover&img=1&zoom=1&source=gbs_api
9780063087774,33,The Magic of MinaLima: Celebrating the Graphic Design Studio Behind the Harry Potter & Fantastic Beasts Films,MinaLima,"Arts, Film & Photography",Cinema & Broadcast,Hardcover,"₹1,709.83",4.8,595.0,https://www.amazon.in/Magic-MinaLima/dp/0008505500/ref=zg_bs_g_1318054031_d_sccl_4/000-0000000-0000000?psc=1,11,https://www.amazon.in/gp/bestsellers/books/1318052031,0063087774,9780063087774,http://books.google.com/books/content?id=DxbpzgEACAAJ&printsec=frontcover&img=1&zoom=1&source=gbs_api
9780786860708,34,ILLUSION OF LIFE,Frank Thomas,"Arts, Film & Photography",Cinema & Broadcast,Hardcover,"₹4,079.00",4.9,1903.0,https://www.amazon.in/ILLUSION-LIFE-DISNEY-ANIMATION-Editions/dp/0786860707/ref=zg_bs_g_1318054031_d_sccl_5/000-0000000-0000000?psc=1,11,https://www.amazon.in/gp/bestsellers/books/1318052031,0786860707,9780786860708,http://books.google.com/books/content?id=kvVZEQAAQBAJ&printsec=frontcover&img=1&zoom=1&source=gbs_api
9781477303733,36,The Nutshell Technique: Crack the Secret of Successful Screenwriting,Jill Chamberlain,"Arts, Film & Photography",Cinema & Broadcast,Kindle Edition,₹448.35,4.6,593.0,https://www.amazon.in/Nutshell-Technique-Secret-Successful-Screenwriting-ebook/dp/B0170CKMMG/ref=zg_bs_g_1318054031_d_sccl_7/000-0000000-0000000?psc=1,11,https://www.amazon.in/gp/bestsellers/books/1318052031,1477303731,9781477303733,http://books.google.com/books/content?id=2pxBCwAAQBAJ&printsec=frontcover&img=1&zoom=1&edge=curl&source=gbs_api
9789387669253,38,Madhubala: Her Real Life Story (General Press),Manju Gupta,"Arts, Film & Photography",Cinema & Broadcast,Paperback,₹135.00,3.6,400.0,https://www.amazon.in/Madhubala-Her-Real-Life-Story/dp/9380914962/ref=zg_bs_g_1318054031_d_sccl_9/000-0000000-0000000?psc=1,11,https://www.amazon.in/gp/bestsellers/books/1318052031,9387669254,9789387669253,http://books.google.com/books/content?id=llcStgEACAAJ&printsec=frontcover&img=1&zoom=1&source=gbs_api
9789388070973,39,Jiya Jale: The Stories of Songs,Gulzar (In conversation with Nasreen Munni Kabir),"Arts, Film & Photography",Cinema & Broadcast,Hardcover,₹385.00,4.6,289.0,https://www.amazon.in/Gulzar-conversation-Nasreen-Munni-Kabir/dp/938807095X/ref=zg_bs_g_1318054031_d_sccl_10/000-0000000-0000000?psc=1,11,https://www.amazon.in/gp/bestsellers/books/1318052031,9388070976,9789388070973,http://books.google.com/books/content?id=-ZAJvwEACAAJ&printsec=frontcover&img=1&zoom=1&source=gbs_api
9786067892864,40,Will,Will Smith,"Arts, Film & Photography",Cinema & Broadcast,Audible Audiobook,"₹1,093.00",4.6,22078.0,https://www.amazon.in/Audible-Will/dp/B097N8BQ7W/ref=zg_bs_g_1318054031_d_sccl_11/000-0000000-0000000?psc=1,11,https://www.amazon.in/gp/bestsellers/books/1318052031,6067892863,9786067892864,http://books.google.com/books/content?id=ofaZEAAAQBAJ&printsec=frontcover&img=1&zoom=1&edge=curl&source=gbs_api
9789357026727,42,The Musical Maverick: The Authorized Biography of Shankar Mahadevan,Ashis Ghatak,"Arts, Film & Photography",Cinema & Broadcast,Hardcover,₹610.00,0.0,0.0,https://www.amazon.in/Musical-Maverick-Authorized-Biography-Mahadevan/dp/935702672X/ref=zg_bs_g_1318054031_d_sccl_13/000-0000000-0000000?psc=1,11,https://www.amazon.in/gp/bestsellers/books/1318052031,935702672X,9789357026727,http://books.google.com/books/content?id=hsCp0AEACAAJ&printsec=frontcover&img=1&zoom=1&source=gbs_api
9781802805567,43,"Winter Kisses at Roseford Café: A escapist, romantic festive read from Fay Keenan",Fay Keenan,"Arts, Film & Photography",Cinema & Broadcast,Kindle Edition,₹192.04,4.4,1423.0,https://www.amazon.in/Winter-Kisses-at-Roseford-Caf%C3%A9-ebook/dp/B09VB37ZQZ/ref=zg_bs_g_1318054031_d_sccl_14/000-0000000-0000000?psc=1,11,https://www.amazon.in/gp/bestsellers/books/1318052031,1802805567,9781802805567,http://books.google.com/books/content?id=l_R6EAAAQBAJ&printsec=frontcover&img=1&zoom=1&edge=curl&source=gbs_api
9781803093178,45,"Bondhu: My Father, My Friend (The India List)",Kunal Sen,"Arts, Film & Photography",Cinema & Broadcast,Paperback,₹346.00,4.4,14.0,https://www.amazon.in/Bondhu-Father-Friend-India-List/dp/180309317X/ref=zg_bs_g_1318054031_d_sccl_16/000-0000000-0000000?psc=1,11,https://www.amazon.in/gp/bestsellers/books/1318052031,180309317X,9781803093178,http://books.google.com/books/content?id=5Xgo0AEACAAJ&printsec=frontcover&img=1&zoom=1&source=gbs_api
9783526528227,46,Batman Begins: The Screenplay: Including Storyboards and Exclusive Interviews,Christopher Nolan,"Arts, Film & Photography",Cinema & Broadcast,Paperback,"₹1,596.00",4.5,46.0,https://www.amazon.in/Batman-Begins-Christopher-Nolan/dp/0571229948/ref=zg_bs_g_1318054031_d_sccl_17/000-0000000-0000000?psc=1,11,https://www.amazon.in/gp/bestsellers/books/1318052031,3526528225,9783526528227,http://books.google.com/books/content?id=BJqWPQAACAAJ&printsec=frontcover&img=1&zoom=1&source=gbs_api
9780393351385,47,The Science of Interstellar,Kip Thorne,"Arts, Film & Photography",Cinema & Broadcast,Paperback,"₹1,795.00",4.7,2048.0,https://www.amazon.in/Science-Interstellar-Kip-Thorne/dp/0393351378/ref=zg_bs_g_1318054031_d_sccl_18/000-0000000-0000000?psc=1,11,https://www.amazon.in/gp/bestsellers/books/1318052031,0393351386,9780393351385,http://books.google.com/books/content?id=PbWYBAAAQBAJ&printsec=frontcover&img=1&zoom=1&source=gbs_api
9781401229894,48,"STORY MAPS: The Dark Knight Trilogy (Batman Begins, The Dark Knight, The Dark Knight Rises)",Daniel Calvisi,"Arts, Film & Photography",Cinema & Broadcast,Kindle Edition,₹81.42,4.2,9.0,https://www.amazon.in/STORY-MAPS-Knight-Trilogy-Batman-ebook/dp/B00GBJBB0C/ref=zg_bs_g_1318054031_d_sccl_19/000-0000000-0000000?psc=1,11,https://www.amazon.in/gp/bestsellers/books/1318052031,1401229891,9781401229894,http://books.google.com/books/content?id=Lkg9nwEACAAJ&printsec=frontcover&img=1&zoom=1&source=gbs_api
9781035031580,50,Beyond the Story: 10-Year Record of BTS,BTS and Myeongseok Kang,"Arts, Film & Photography",Music,Hardcover,₹999.00,4.7,5422.0,https://www.amazon.in/Beyond-Story-10-Year-Record-BTS/dp/103503154X/ref=zg_bs_g_1318059031_d_sccl_1/000-0000000-0000000?psc=1,11,https://www.amazon.in/gp/bestsellers/books/1318052031,1035031582,9781035031580,http://books.google.com/books/content?id=QX2-EAAAQBAJ&printsec=frontcover&img=1&zoom=1&source=gbs_api
9780874776942,51,THE ARTIST'S WAY,Julia Cameron,"Arts, Film & Photography",Music,Paperback,₹519.00,4.5,10871.0,https://www.amazon.in/ARTISTS-WAY-Julia-Cameron/dp/1788164296/ref=zg_bs_g_1318059031_d_sccl_2/000-0000000-0000000?psc=1,11,https://www.amazon.in/gp/bestsellers/books/1318052031,0874776945,9780874776942,http://books.google.com/books/content?id=ltjmwAEACAAJ&printsec=frontcover&img=1&zoom=1&source=gbs_api
9781524798666,53,Malibu Rising,Taylor Jenkins Reid,"Arts, Film & Photography",Music,Paperback,₹279.00,4.2,70056.0,https://www.amazon.in/Malibu-Rising-SUNDAY-BESTSELLER-TIKTOK/dp/1529157145/ref=zg_bs_g_1318059031_d_sccl_4/000-0000000-0000000?psc=1,11,https://www.amazon.in/gp/bestsellers/books/1318052031,1524798665,9781524798666,http://books.google.com/books/content?id=5bn8DwAAQBAJ&printsec=frontcover&img=1&zoom=1&source=gbs_api
9781495011351,60,John Thompson's Easiest Piano Course - Part 1 - Book Only: Part 1 - Book Only,John Thompson,"Arts, Film & Photography",Music,Paperback,₹585.00,4.5,5471.0,https://www.amazon.in/John-Thompsons-Easiest-Piano-Course/dp/0877180121/ref=zg_bs_g_1318059031_d_sccl_11/000-0000000-0000000?psc=1,11,https://www.amazon.in/gp/bestsellers/books/1318052031,1495011356,9781495011351,http://books.google.com/books/content?id=c6lZCwAAQBAJ&printsec=frontcover&img=1&zoom=1&source=gbs_api
9781472297068,64,"WHEN IN ROME: The charming new rom-com from the author of the TikTok sensation, THE CHEAT SHEET!",Sarah Adams,"Arts, Film & Photography",Music,Paperback,₹435.00,4.2,6960.0,https://www.amazon.in/When-Rome-charming-rom-com-sensation/dp/1472297059/ref=zg_bs_g_1318059031_d_sccl_15/000-0000000-0000000?psc=1,11,https://www.amazon.in/gp/bestsellers/books/1318052031,1472297067,9781472297068,http://books.google.com/books/content?id=V4haEAAAQBAJ&printsec=frontcover&img=1&zoom=1&source=gbs_api
9780857360007,66,"Theory of Music Workbook Grade 1 (2007): Ursula Moray Williams, Gobbolino and the Little Wooden Horse",Trinity College London,"Arts, Film & Photography",Music,Sheet music,₹810.51,4.6,990.0,https://www.amazon.in/Theory-Music-Workbook-Trinity-Guildhall/dp/0857360000/ref=zg_bs_g_1318059031_d_sccl_17/000-0000000-0000000?psc=1,11,https://www.amazon.in/gp/bestsellers/books/1318052031,0857360000,9780857360007,http://books.google.com/books/content?id=jXVGMwEACAAJ&printsec=frontcover&img=1&zoom=1&source=gbs_api
9789390678587,67,Lekin,Edited by Dr. Kumar Vishwas Jon (Jaun Elia),"Arts, Film & Photography",Music,Paperback,₹232.00,4.4,84.0,https://www.amazon.in/Lekin-Edited-Kumar-Vishwas-Jaun/dp/9390678587/ref=zg_bs_g_1318059031_d_sccl_18/000-0000000-0000000?psc=1,11,https://www.amazon.in/gp/bestsellers/books/1318052031,9390678587,9789390678587,http://books.google.com/books/content?id=RQVNEAAAQBAJ&printsec=frontcover&img=1&zoom=1&source=gbs_api
9781457431210,69,Alfred's Basic Piano Library: Prep Course Lesson Book Level B,Willard Palmer,"Arts, Film & Photography",Music,Paperback,₹580.00,4.8,769.0,https://www.amazon.in/Alfreds-Basic-Piano-Library-Course/dp/0882848224/ref=zg_bs_g_1318059031_d_sccl_20/000-0000000-0000000?psc=1,11,https://www.amazon.in/gp/bestsellers/books/1318052031,1457431211,9781457431210,http://books.google.com/books/content?id=se_fwVdo4N0C&printsec=frontcover&img=1&zoom=1&edge=curl&source=gbs_api
9780593500774,73,THE CHEAT SHEET: TikTok made me buy it! The friends-to-lovers rom-com hit sensation!,Sarah Adams,"Arts, Film & Photography",Music,Paperback,₹413.00,4.2,17341.0,https://www.amazon.in/Cheat-Sheet-friends-lovers-sensation/dp/1472297032/ref=zg_bs_g_1318059031_d_sccl_24/000-0000000-0000000?psc=1,11,https://www.amazon.in/gp/bestsellers/books/1318052031,0593500776,9780593500774,http://books.google.com/books/content?id=a7JYEAAAQBAJ&printsec=frontcover&img=1&zoom=1&source=gbs_api
9780747548409,75,Just Kids,Patti Smith,"Arts, Film & Photography",Music,Paperback,₹760.00,4.5,9371.0,https://www.amazon.in/Just-Kids-Patti-Smith/dp/0060936223/ref=zg_bs_g_1318059031_d_sccl_26/000-0000000-0000000?psc=1,11,https://www.amazon.in/gp/bestsellers/books/1318052031,0747548404,9780747548409,http://books.google.com/books/content?id=NE3UwAEACAAJ&printsec=frontcover&img=1&zoom=1&source=gbs_api
9789895648962,76,Daisy Jones and The Six,Taylor Jenkins Reid,"Arts, Film & Photography",Music,Paperback,₹334.00,4.3,82376.0,https://www.amazon.in/Daisy-Jones-Six-most-novel/dp/1787462145/ref=zg_bs_g_1318059031_d_sccl_27/000-0000000-0000000?psc=1,11,https://www.amazon.in/gp/bestsellers/books/1318052031,9895648960,9789895648962,http://books.google.com/books/content?id=VJZWEAAAQBAJ&printsec=frontcover&img=1&zoom=1&edge=curl&source=gbs_api
9781457420641,82,"Alfred's Basic Adult Piano Course Lesson Book, Bk 1",Willard A Palmer,"Arts, Film & Photography",Music,Paperback,"₹1,121.00",4.7,4243.0,https://www.amazon.in/Alfreds-Basic-Adult-Piano-Course/dp/0882846167/ref=zg_bs_g_1318059031_d_sccl_3/000-0000000-0000000?psc=1,11,https://www.amazon.in/gp/bestsellers/books/1318052031,1457420643,9781457420641,http://books.google.com/books/content?id=tTl3AwAAQBAJ&printsec=frontcover&img=1&zoom=1&edge=curl&source=gbs_api
9781786013453,83,"Discovering Music Theory, The ABRSM Grade 1 Workbook",ABRSM,"Arts, Film & Photography",Music,Sheet music,₹850.00,4.7,1505.0,https://www.amazon.in/Discovering-Music-Theory-Workbook-workbooks/dp/1786013452/ref=zg_bs_g_1318059031_d_sccl_4/000-0000000-0000000?psc=1,11,https://www.amazon.in/gp/bestsellers/books/1318052031,1786013452,9781786013453,http://books.google.com/books/content?id=Ul7GzQEACAAJ&printsec=frontcover&img=1&zoom=1&source=gbs_api
9781636406886,84,Sanchita's Bollywood Song Notations - Book 2 (Hindi),Sanchita Pandey,"Arts, Film & Photography",Music,Paperback,₹500.00,4.5,15.0,https://www.amazon.in/Sanchitas-Bollywood-Song-Notations-Hindi/dp/1636406882/ref=zg_bs_g_1318059031_d_sccl_5/000-0000000-0000000?psc=1,11,https://www.amazon.in/gp/bestsellers/books/1318052031,1636406882,9781636406886,http://books.google.com/books/content?id=mQSMEAAAQBAJ&printsec=frontcover&img=1&zoom=1&edge=curl&source=gbs_api
9780857364319,86,"Violin Scales, Arpeggios & Studies Initial-Grade 8 From 2016",Trinity College London,"Arts, Film & Photography",Music,Sheet music,"₹1,484.00",4.7,246.0,https://www.amazon.in/Arpeggios-Studies-Initial-Grade-Trinity-Repertoire/dp/0857364316/ref=zg_bs_g_1318059031_d_sccl_7/000-0000000-0000000?psc=1,11,https://www.amazon.in/gp/bestsellers/books/1318052031,0857364316,9780857364319,http://books.google.com/books/content?id=2Y4WswEACAAJ&printsec=frontcover&img=1&zoom=1&source=gbs_api
9781616770969,90,"Piano Adventures, Primer Level, Lesson Book",Nancy Faber,"Arts, Film & Photography",Music,Paperback,₹772.00,4.8,6322.0,https://www.amazon.in/Piano-Adventures-Lesson-Primer-Level/dp/1616770759/ref=zg_bs_g_1318059031_d_sccl_11/000-0000000-0000000?psc=1,11,https://www.amazon.in/gp/bestsellers/books/1318052031,1616770961,9781616770969,http://books.google.com/books/content?id=zSgaQwAACAAJ&printsec=frontcover&img=1&zoom=1&source=gbs_api
9798894755557,93,Best of Taylor Swift : Song collection,Aishi,"Arts, Film & Photography",Music,Paperback,₹260.00,3.9,9.0,https://www.amazon.in/Best-Taylor-Swift-Song-collection/dp/1649513844/ref=zg_bs_g_1318059031_d_sccl_14/000-0000000-0000000?psc=1,11,https://www.amazon.in/gp/bestsellers/books/1318052031,,9798894755557,http://books.google.com/books/content?id=Yq7T0AEACAAJ&printsec=frontcover&img=1&zoom=1&source=gbs_api
9780992550714,94,Learn Your Fretboard: The Essential Memorization Guide for Guitar (Book + Online Bonus),Luke Zecchin,"Arts, Film & Photography",Music,Paperback,₹647.00,4.4,464.0,https://www.amazon.in/Learn-Your-Fretboard-Essential-Memorization/dp/0992550726/ref=zg_bs_g_1318059031_d_sccl_15/000-0000000-0000000?psc=1,11,https://www.amazon.in/gp/bestsellers/books/1318052031,0992550718,9780992550714,http://books.google.com/books/content?id=vkXODwAAQBAJ&printsec=frontcover&img=1&zoom=1&edge=curl&source=gbs_api
9789391800475,95,Bollywood Odyssey: The Singing Taxman's Journey Into Film Music,Ajay Mankotia,"Arts, Film & Photography",Music,Paperback,₹675.00,4.4,11.0,https://www.amazon.in/Bollywood-Odyssey-Singing-Taxmans-Journey/dp/9391800475/ref=zg_bs_g_1318059031_d_sccl_16/000-0000000-0000000?psc=1,11,https://www.amazon.in/gp/bestsellers/books/1318052031,9391800475,9789391800475,http://books.google.com/books/content?id=6qzuzwEACAAJ&printsec=frontcover&img=1&zoom=1&source=gbs_api
9781786013521,96,"ABRSM Grade 3 Theory Workbook, Discovering Music Theory(New Syllabus 2021)",ABRSM Publication,"Arts, Film & Photography",Music,Paperback,₹990.00,4.7,4.0,https://www.amazon.in/ABRSM-Theory-Workbook-Discovering-Syllabus/dp/B09QJTNHT1/ref=zg_bs_g_1318059031_d_sccl_17/000-0000000-0000000?psc=1,11,https://www.amazon.in/gp/bestsellers/books/1318052031,1786013525,9781786013521,http://books.google.com/books/content?id=ipXCzQEACAAJ&printsec=frontcover&img=1&zoom=1&source=gbs_api
9781544687476,97,"Solfège Des Solfèges, Complete, Book I, Book II and Book III: 337 Sight Singing Exercises",A. Dannhäuser,"Arts, Film & Photography",Music,Paperback,"₹2,349.00",4.7,5.0,https://www.amazon.in/Solf%C3%A8ge-Solf%C3%A8ges-Complete-Book-III/dp/1544687478/ref=zg_bs_g_1318059031_d_sccl_18/000-0000000-0000000?psc=1,11,https://www.amazon.in/gp/bestsellers/books/1318052031,1544687478,9781544687476,http://books.google.com/books/content?id=xdq8AQAACAAJ&printsec=frontcover&img=1&zoom=1&source=gbs_api
9781472241467,98,A History of Heavy Metal: 'Absolutely hilarious' – Neil Gaiman,Andrew O'Neill,"Arts, Film & Photography",Music,Paperback,₹649.00,4.4,549.0,https://www.amazon.in/History-Heavy-Metal-Andrew-ONeill/dp/1472241452/ref=zg_bs_g_1318059031_d_sccl_19/000-0000000-0000000?psc=1,11,https://www.amazon.in/gp/bestsellers/books/1318052031,1472241460,9781472241467,http://books.google.com/books/content?id=BTz-CwAAQBAJ&printsec=frontcover&img=1&zoom=1&source=gbs_api
9781781105528,100,Harry Potter and the Cursed Child - Parts One and Two: The Official Playscript of the Original West End Production,J.K. Rowling,"Arts, Film & Photography",Theater & Ballet,Kindle Edition with Audio/Video,₹247.95,4.4,86578.0,https://www.amazon.in/Harry-Potter-Cursed-Child-Playscript-ebook/dp/B073P9348D/ref=zg_bs_g_1318063031_d_sccl_1/000-0000000-0000000?psc=1,11,https://www.amazon.in/gp/bestsellers/books/1318052031,1781105529,9781781105528,http://books.google.com/books/content?id=Pd8qDwAAQBAJ&printsec=frontcover&img=1&zoom=1&source=gbs_api
9780571235568,101,Waiting for Godot : A Tragicomedy in Two: A Tragicomedy in Two Acts (Faber Drama),Samuel Beckett,"Arts, Film & Photography",Theater & Ballet,Paperback,₹269.00,4.4,614.0,https://www.amazon.in/Waiting-Godot-Tragicomedy-Faber-Drama/dp/0571244599/ref=zg_bs_g_1318063031_d_sccl_2/000-0000000-0000000?psc=1,11,https://www.amazon.in/gp/bestsellers/books/1318052031,0571235565,9780571235568,http://books.google.com/books/content?id=Ty3KwJCGs_kC&printsec=frontcover&img=1&zoom=1&edge=curl&source=gbs_api
9789388689786,103,"The Courtesan, The Mahatma And The Italian Brahmin : Tales From Indian History",Manu S. Pillai,"Arts, Film & Photography",Theater & Ballet,Kindle Edition,₹342.00,4.4,783.0,https://www.amazon.in/Courtesan-Mahatma-Italian-Brahmin-History-ebook/dp/B0BLY8CQ4X/ref=zg_bs_g_1318063031_d_sccl_4/000-0000000-0000000?psc=1,11,https://www.amazon.in/gp/bestsellers/books/1318052031,938868978X,9789388689786,http://books.google.com/books/content?id=_NQszAEACAAJ&printsec=frontcover&img=1&zoom=1&source=gbs_api
9788194898832,105,Greatest Comedies of Shakespeare Deluxe Hardbound Edition,William Shakespeare,"Arts, Film & Photography",Theater & Ballet,Hardcover,₹469.00,4.5,367.0,https://www.amazon.in/Greatest-Comedies-Shakespeare-Deluxe-Hardbound/dp/8194898838/ref=zg_bs_g_1318063031_d_sccl_6/000-0000000-0000000?psc=1,11,https://www.amazon.in/gp/bestsellers/books/1318052031,8194898838,9788194898832,http://books.google.com/books/content?id=jB2WzgEACAAJ&printsec=frontcover&img=1&zoom=1&source=gbs_api
9780141906270,110,Plays: Ivanov/The Seagull/Uncle Vanya/Three Sisters/The Cherry Orchard (Penguin Classics) Anton Chekhov,Anton Chekhov,"Arts, Film & Photography",Theater & Ballet,Paperback,₹298.69,4.6,367.0,https://www.amazon.in/Plays-Seagull-Sisters-Orchard-Classics/dp/0140447334/ref=zg_bs_g_1318063031_d_sccl_11/000-0000000-0000000?psc=1,11,https://www.amazon.in/gp/bestsellers/books/1318052031,0141906278,9780141906270,http://books.google.com/books/content?id=DGzti9QUFiUC&printsec=frontcover&img=1&zoom=1&source=gbs_api
9798652464264,113,"How to Write Funny: Your Serious, Step-By-Step Blueprint For Creating Incredibly, Irresistibly, Successfully Hilarious Writing",Scott Dikkers,"Arts, Film & Photography",Theater & Ballet,Kindle Edition,₹235.00,4.4,679.0,https://www.amazon.in/How-Write-Funny-Step-Step-ebook/dp/B00K9PI7AQ/ref=zg_bs_g_1318063031_d_sccl_14/000-0000000-0000000?psc=1,11,https://www.amazon.in/gp/bestsellers/books/1318052031,,9798652464264,http://books.google.com/books/content?id=tuybzQEACAAJ&printsec=frontcover&img=1&zoom=1&source=gbs_api
9780008276942,114,The Science of Storytelling,Will Storr,"Arts, Film & Photography",Theater & Ballet,Audible Audiobook,"₹1,172.00",4.5,1707.0,https://www.amazon.in/The-Science-of-Storytelling/dp/B0835YN9J5/ref=zg_bs_g_1318063031_d_sccl_15/000-0000000-0000000?psc=1,11,https://www.amazon.in/gp/bestsellers/books/1318052031,0008276943,9780008276942,http://books.google.com/books/content?id=DXP8uQEACAAJ&printsec=frontcover&img=1&zoom=1&source=gbs_api
9780451527318,115,Four Great Comedies,William Shakespeare,"Arts, Film & Photography",Theater & Ballet,Mass Market Paperback,₹265.69,4.6,89.0,https://www.amazon.in/Four-Great-Comedies-TwelfthNight-Shakespeare/dp/0451527313/ref=zg_bs_g_1318063031_d_sccl_16/000-0000000-0000000?psc=1,11,https://www.amazon.in/gp/bestsellers/books/1318052031,0451527313,9780451527318,http://books.google.com/books/content?id=a8eNEAAAQBAJ&printsec=frontcover&img=1&zoom=1&source=gbs_api
9781476845623,118,Stella Adler: The Art of Acting,Howard Kissel,"Arts, Film & Photography",Theater & Ballet,Audible Audiobook,₹668.00,4.7,869.0,https://www.amazon.in/Audible-Stella-Adler-Art-Acting/dp/B09PMGDJHD/ref=zg_bs_g_1318063031_d_sccl_19/000-0000000-0000000?psc=1,11,https://www.amazon.in/gp/bestsellers/books/1318052031,147684562X,9781476845623,http://books.google.com/books/content?id=yGtMlEgYdRAC&printsec=frontcover&img=1&zoom=1&source=gbs_api
9781529413113,121,BEFORE & LAUGHTER,Jimmy Carr,"Arts, Film & Photography",Theater & Ballet,Paperback,₹682.00,4.4,3198.0,https://www.amazon.in/Before-Laughter-Jimmy-Carr/dp/1529413117/ref=zg_bs_g_1318063031_d_sccl_22/000-0000000-0000000?psc=1,11,https://www.amazon.in/gp/bestsellers/books/1318052031,1529413117,9781529413113,http://books.google.com/books/content?id=KGiDzgEACAAJ&printsec=frontcover&img=1&zoom=1&source=gbs_api
9781447439332,123,BUILDING A CHARACTER,Constantin Stanislavski,"Arts, Film & Photography",Theater & Ballet,Paperback,₹371.00,4.7,456.0,https://www.amazon.in/Character-Bloomsbury-Revelations-Constantin-Stanislavski/dp/1780935676/ref=zg_bs_g_1318063031_d_sccl_24/000-0000000-0000000?psc=1,11,https://www.amazon.in/gp/bestsellers/books/1318052031,1447439333,9781447439332,http://books.google.com/books/content?id=wRGqpwAACAAJ&printsec=frontcover&img=1&zoom=1&source=gbs_api
9781608685486,124,"Storyworthy: Engage, Teach, Persuade, and Change Your Life Through the Power of Storytelling",Matthew Dicks,"Arts, Film & Photography",Theater & Ballet,Paperback,"₹1,425.00",4.6,1618.0,https://www.amazon.in/Storyworthy-Engage-Persuade-through-Storytelling/dp/1608685489/ref=zg_bs_g_1318063031_d_sccl_25/000-0000000-0000000?psc=1,11,https://www.amazon.in/gp/bestsellers/books/1318052031,1608685489,9781608685486,http://books.google.com/books/content?id=TihZDwAAQBAJ&printsec=frontcover&img=1&zoom=1&edge=curl&source=gbs_api
9781780936383,126,An Actor Prepares,Constantin Stanislavski,"Arts, Film & Photography",Theater & Ballet,Paperback,₹568.00,4.5,1521.0,https://www.amazon.in/Actor-Prepares-Bloomsbury-Revelations/dp/1780938438/ref=zg_bs_g_1318063031_d_sccl_27/000-0000000-0000000?psc=1,11,https://www.amazon.in/gp/bestsellers/books/1318052031,1780936389,9781780936383,http://books.google.com/books/content?id=2dnUAAAAQBAJ&printsec=frontcover&img=1&zoom=1&edge=curl&source=gbs_api
9781439107393,128,Film Lighting: Talks with Hollywood's Cinematographers and Gaffers [Paperback] Kris Malkiewicz,Kris Malkiewicz,"Arts, Film & Photography",Theater & Ballet,Paperback,₹628.00,4.6,156.0,https://www.amazon.in/Film-Lighting-Hollywoods-Cinematographers-Gaffers/dp/1439169063/ref=zg_bs_g_1318063031_d_sccl_29/000-0000000-0000000?psc=1,11,https://www.amazon.in/gp/bestsellers/books/1318052031,1439107394,9781439107393,http://books.google.com/books/content?id=vYYuQ2kUnwwC&printsec=frontcover&img=1&zoom=1&edge=curl&source=gbs_api
9788120809086,129,Thirteen Plays of Bhasa: (2 Vols. Bound in One),A.C. Woolner Lakshman Sarup,"Arts, Film & Photography",Theater & Ballet,Hardcover,₹695.00,0.0,0.0,https://www.amazon.in/Thirteen-Plays-Bhasa-Vols-Bound/dp/9392510497/ref=zg_bs_g_1318063031_d_sccl_30/000-0000000-0000000?psc=1,11,https://www.amazon.in/gp/bestsellers/books/1318052031,8120809084,9788120809086,http://books.google.com/books/content?id=IZtSEAAAQBAJ&printsec=frontcover&img=1&zoom=1&edge=curl&source=gbs_api
9781472288561,130,James Acaster's Guide to Quitting Social Media,James Acaster,"Arts, Film & Photography",Theater & Ballet,Hardcover,"₹1,280.00",4.0,338.0,https://www.amazon.in/James-Acasters-Guide-Quitting-Social/dp/1472288564/ref=zg_bs_g_1318063031_d_sccl_1/000-0000000-0000000?psc=1,11,https://www.amazon.in/gp/bestsellers/books/1318052031,1472288564,9781472288561,http://books.google.com/books/content?id=_uznzgEACAAJ&printsec=frontcover&img=1&zoom=1&source=gbs_api
9781472261281,131,The Quite Nice and Fairly Accurate Good Omens Script Book,Neil Gaiman,"Arts, Film & Photography",Theater & Ballet,Paperback,₹767.00,4.8,1543.0,https://www.amazon.in/Quite-Fairly-Accurate-Omens-Script/dp/1472261283/ref=zg_bs_g_1318063031_d_sccl_2/000-0000000-0000000?psc=1,11,https://www.amazon.in/gp/bestsellers/books/1318052031,1472261283,9781472261281,http://books.google.com/books/content?id=JaAEygEACAAJ&printsec=frontcover&img=1&zoom=1&source=gbs_api
9781953884992,132,"Funny Jokes for 15 Year Old Teens: The Ultimate Q&A, One-Liner, Dad, Knock-Knock, Riddle, and Tongue Twister Collection! Hilarious and Silly Humor for Teenagers",Cooper The Pooper,"Arts, Film & Photography",Theater & Ballet,Kindle Edition,₹165.00,5.0,1.0,https://www.amazon.in/Funny-Jokes-Year-Old-Teens-ebook/dp/B0CVFKC999/ref=zg_bs_g_1318063031_d_sccl_3/000-0000000-0000000?psc=1,11,https://www.amazon.in/gp/bestsellers/books/1318052031,1953884997,9781953884992,http://books.google.com/books/content?id=wtRl0AEACAAJ&printsec=frontcover&img=1&zoom=1&source=gbs_api
9781848420496,133,Drama Games for Those Who Like to Say No,Chris Johnston,"Arts, Film & Photography",Theater & Ballet,Paperback,₹930.30,4.5,71.0,https://www.amazon.in/Drama-Games-Those-Who-Like/dp/1848420498/ref=zg_bs_g_1318063031_d_sccl_4/000-0000000-0000000?psc=1,11,https://www.amazon.in/gp/bestsellers/books/1318052031,1848420498,9781848420496,http://books.google.com/books/content?id=cKUcQgAACAAJ&printsec=frontcover&img=1&zoom=1&source=gbs_api
9789355209825,134,"BOLLYWOOD, BOX OFFICE AND BEYOND: The Evolving Business of Indian Cinema",Lata Jha,"Arts, Film & Photography",Theater & Ballet,Paperback,₹199.00,4.3,7.0,https://www.amazon.in/BOLLYWOOD-BOX-OFFICE-BEYOND-Evolving/dp/9355209827/ref=zg_bs_g_1318063031_d_sccl_5/000-0000000-0000000?psc=1,11,https://www.amazon.in/gp/bestsellers/books/1318052031,9355209827,9789355209825,http://books.google.com/books/content?id=5IumzwEACAAJ&printsec=frontcover&img=1&zoom=1&source=gbs_api
9798654359599,135,अभिनेता जीवन-एक संघर्ष: Evaluate yourself before you enter in the industry! (Hindi Edition),Pankaj Gupta,"Arts, Film & Photography",Theater & Ballet,Kindle Edition,₹99.00,5.0,1.0,https://www.amazon.in/%E0%A4%85%E0%A4%AD%E0%A4%BF%E0%A4%A8%E0%A5%87%E0%A4%A4%E0%A4%BE-%E0%A4%9C%E0%A5%80%E0%A4%B5%E0%A4%A8-%E0%A4%8F%E0%A4%95-%E0%A4%B8%E0%A4%82%E0%A4%98%E0%A4%B0%E0%A5%8D%E0%A4%B7-aspiring-actors-ebook/dp/B092TB1XJ4/ref=zg_bs_g_1318063031_d_sccl_6/000-0000000-0000000?psc=1,11,https://www.amazon.in/gp/bestsellers/books/1318052031,,9798654359599,http://books.google.com/books/content?id=N_KVzQEACAAJ&printsec=frontcover&img=1&zoom=1&source=gbs_api
9780198604181,137,The Oxford Guide to Plays (Oxford Quick Reference),Michael Patterson,"Arts, Film & Photography",Theater & Ballet,Paperback,"₹1,853.00",4.3,15.0,https://www.amazon.in/Oxford-Guide-Plays-Quick-Reference/dp/0198604181/ref=zg_bs_g_1318063031_d_sccl_8/000-0000000-0000000?psc=1,11,https://www.amazon.in/gp/bestsellers/books/1318052031,0198604181,9780198604181,http://books.google.com/books/content?id=b4DWqYckDDEC&printsec=frontcover&img=1&zoom=1&edge=curl&source=gbs_api
9780307830630,139,Sanford Meisner on Acting,Dennis Longwell,"Arts, Film & Photography",Theater & Ballet,Paperback,₹622.00,4.6,1693.0,https://www.amazon.in/Sanford-Meisner-Acting-Vintage/dp/0394750594/ref=zg_bs_g_1318063031_d_sccl_10/000-0000000-0000000?psc=1,11,https://www.amazon.in/gp/bestsellers/books/1318052031,0307830632,9780307830630,http://books.google.com/books/content?id=doy-aorlNagC&printsec=frontcover&img=1&zoom=1&source=gbs_api
9780143445258,140,Discover India: Festivals of India,Sonia Mehta,"Arts, Film & Photography",Theater & Ballet,Paperback,₹129.00,4.4,165.0,https://www.amazon.in/Discover-India-Festivals-Sonia-Mehta/dp/0143445251/ref=zg_bs_g_1318063031_d_sccl_11/000-0000000-0000000?psc=1,11,https://www.amazon.in/gp/bestsellers/books/1318052031,0143445251,9780143445258,http://books.google.com/books/content?id=Pr7nywEACAAJ&printsec=frontcover&img=1&zoom=1&source=gbs_api
9780141036731,141,Days of Reading (Penguin Great Ideas),Marcel Proust,"Arts, Film & Photography",Theater & Ballet,Mass Market Paperback,₹200.00,4.3,57.0,https://www.amazon.in/Days-Reading-Penguin-Great-Ideas/dp/0141036737/ref=zg_bs_g_1318063031_d_sccl_12/000-0000000-0000000?psc=1,11,https://www.amazon.in/gp/bestsellers/books/1318052031,0141036737,9780141036731,http://books.google.com/books/content?id=QEqIWGqZM_gC&printsec=frontcover&img=1&zoom=1&source=gbs_api
9781656470997,143,101 Foolproof Jokes to Use in Case of Emergency,Adam Kisiel,"Arts, Film & Photography",Theater & Ballet,Kindle Edition,₹199.00,3.6,562.0,https://www.amazon.in/101-foolproof-jokes-case-emergency-ebook/dp/B006X7TRNA/ref=zg_bs_g_1318063031_d_sccl_14/000-0000000-0000000?psc=1,11,https://www.amazon.in/gp/bestsellers/books/1318052031,1656470993,9781656470997,http://books.google.com/books/content?id=2uxRzQEACAAJ&printsec=frontcover&img=1&zoom=1&source=gbs_api
9789356291713,144,Kishore Kumar: The Ultimate Biography,Anirudha Bhattacharjee,"Arts, Film & Photography",Theater & Ballet,Paperback,₹489.00,4.7,283.0,https://www.amazon.in/Kishore-Kumar-Biography-Anirudha-Bhattacharjee/dp/9356291713/ref=zg_bs_g_1318063031_d_sccl_15/000-0000000-0000000?psc=1,11,https://www.amazon.in/gp/bestsellers/books/1318052031,9356291713,9789356291713,http://books.google.com/books/content?id=v6SlzwEACAAJ&printsec=frontcover&img=1&zoom=1&source=gbs_api
9781419743191,145,"Basketball (and Other Things): A Collection of Questions Asked, Answered, Illustrated",Shea Serrano,"Arts, Film & Photography",Theater & Ballet,Paperback,"₹1,338.08",4.8,1765.0,https://www.amazon.in/Basketball-Other-Things-Collection-Illustrated/dp/1419726471/ref=zg_bs_g_1318063031_d_sccl_16/000-0000000-0000000?psc=1,11,https://www.amazon.in/gp/bestsellers/books/1318052031,1419743198,9781419743191,http://books.google.com/books/content?id=UQcByAEACAAJ&printsec=frontcover&img=1&zoom=1&source=gbs_api
9780525658146,146,"Everyone You Hate is Going to Die: And Other Comforting Thoughts on Family, Friends, Sex, Love, and More Things That Ruin Your Life",Daniel Sloss,"Arts, Film & Photography",Theater & Ballet,Paperback,₹551.00,4.6,967.0,https://www.amazon.in/Everyone-You-Hate-Going-Die/dp/1529157099/ref=zg_bs_g_1318063031_d_sccl_17/000-0000000-0000000?psc=1,11,https://www.amazon.in/gp/bestsellers/books/1318052031,0525658149,9780525658146,http://books.google.com/books/content?id=KvaNEAAAQBAJ&printsec=frontcover&img=1&zoom=1&source=gbs_api
9789357086882,148,A Bird on My Windowsill,Manav Kaul,"Arts, Film & Photography",Theater & Ballet,Hardcover,₹324.00,4.5,2.0,https://www.amazon.in/Bird-My-Windowsill-Manav-Kaul/dp/0143464620/ref=zg_bs_g_1318063031_d_sccl_19/000-0000000-0000000?psc=1,11,https://www.amazon.in/gp/bestsellers/books/1318052031,9357086889,9789357086882,http://books.google.com/books/content?id=Q4DyEAAAQBAJ&printsec=frontcover&img=1&zoom=1&edge=curl&source=gbs_api
9781733989633,149,The Guide for Every Screenwriter: From Synopsis to Subplots: The Secrets of Screenwriting Revealed,Geoffrey D Calhoun,"Arts, Film & Photography",Theater & Ballet,Paperback,₹630.00,4.5,98.0,https://www.amazon.in/Guide-Every-Screenwriter-Synopsis-Screenwriting/dp/1733989633/ref=zg_bs_g_1318063031_d_sccl_20/000-0000000-0000000?psc=1,11,https://www.amazon.in/gp/bestsellers/books/1318052031,1733989633,9781733989633,http://books.google.com/books/content?id=DYk2xQEACAAJ&printsec=frontcover&img=1&zoom=1&source=gbs_api
9789356813472,150,Physics Galaxy 2024: JEE Advanced - Physics - Chapter wise PYQ Analysis by Ashish Arora,Ashish Arora,"Arts, Film & Photography",Theory & Criticism,Paperback,₹214.00,4.4,75.0,https://www.amazon.in/Physics-Galaxy-2024-Advanced-Analysis/dp/9356813477/ref=zg_bs_g_1318057031_d_sccl_1/000-0000000-0000000?psc=1,11,https://www.amazon.in/gp/bestsellers/books/1318052031,9356813477,9789356813472,http://books.google.com/books/content?id=37Ni0AEACAAJ&printsec=frontcover&img=1&zoom=1&source=gbs_api
9789356813632,151,Physics Galaxy 2024: Physics - 23 Years' NEET - Chapter-wise & Topic-Wise Solutions (2001-2023) by Ashish Arora,Ashish Arora,"Arts, Film & Photography",Theory & Criticism,Paperback,₹225.00,4.3,37.0,https://www.amazon.in/Physics-Galaxy-2024-Chapter-wise-Topic-Wise/dp/9356813639/ref=zg_bs_g_1318057031_d_sccl_2/000-0000000-0000000?psc=1,11,https://www.amazon.in/gp/bestsellers/books/1318052031,9356813639,9789356813632,http://books.google.com/books/content?id=6_g70AEACAAJ&printsec=frontcover&img=1&zoom=1&source=gbs_api
9781409181620,152,"The Silent Patient: The record-breaking, multimillion copy Sunday Times bestselling thriller and TikTok sensation",Alex Michaelides,"Arts, Film & Photography",Theory & Criticism,Kindle Edition,₹194.75,4.5,291822.0,https://www.amazon.in/Silent-Patient-most-anticipated-thriller-ebook/dp/B07G17DR4X/ref=zg_bs_g_1318057031_d_sccl_3/000-0000000-0000000?psc=1,11,https://www.amazon.in/gp/bestsellers/books/1318052031,1409181626,9781409181620,http://books.google.com/books/content?id=NQvZtAEACAAJ&printsec=frontcover&img=1&zoom=1&source=gbs_api
9789394168596,154,Physics Galaxy 2023 : Vol.3A Electrostatics & Current Electricity 3rd Edition,Ashish Arora,"Arts, Film & Photography",Theory & Criticism,Paperback,₹386.00,4.3,110.0,https://www.amazon.in/Physics-Galaxy-2023-Electrostatics-Electricity/dp/9394168591/ref=zg_bs_g_1318057031_d_sccl_5/000-0000000-0000000?psc=1,11,https://www.amazon.in/gp/bestsellers/books/1318052031,9394168591,9789394168596,http://books.google.com/books/content?id=5qdi0AEACAAJ&printsec=frontcover&img=1&zoom=1&source=gbs_api
9789394168510,155,PHYSICS GALAXY 2023 : VOL.1 - MECHANICS 3RD EDITION,Ashish Arora,"Arts, Film & Photography",Theory & Criticism,Paperback,₹462.00,4.5,202.0,https://www.amazon.in/PHYSICS-GALAXY-2023-VOL-1-MECHANICS/dp/9394168516/ref=zg_bs_g_1318057031_d_sccl_6/000-0000000-0000000?psc=1,11,https://www.amazon.in/gp/bestsellers/books/1318052031,9394168516,9789394168510,http://books.google.com/books/content?id=Gdw-0AEACAAJ&printsec=frontcover&img=1&zoom=1&source=gbs_api
9780883960165,156,Letters of Vincent Van Gogh (Penguin Classics),Vincent Van Gogh,"Arts, Film & Photography",Theory & Criticism,Paperback,₹299.00,4.6,1105.0,https://www.amazon.in/Letters-Vincent-Gogh-Penguin-Classics/dp/0140446745/ref=zg_bs_g_1318057031_d_sccl_7/000-0000000-0000000?psc=1,11,https://www.amazon.in/gp/bestsellers/books/1318052031,0883960168,9780883960165,http://books.google.com/books/content?id=Mtd9cjCXa9cC&printsec=frontcover&img=1&zoom=1&source=gbs_api
9789395101011,157,"PHYSICS GALAXY : VOL.3B - MAGNETISM, EMI & ALTERNATING CURRENT 3RD EDITION: Vol.3B - Magnetism, EMI & Alternating Current 3rd edition by Ashish Arora",Ashish Arora,"Arts, Film & Photography",Theory & Criticism,Paperback,₹309.00,4.2,86.0,https://www.amazon.in/Physics-Galaxy-Magnetism-Alternating-Current/dp/9395101016/ref=zg_bs_g_1318057031_d_sccl_8/000-0000000-0000000?psc=1,11,https://www.amazon.in/gp/bestsellers/books/1318052031,9395101016,9789395101011,http://books.google.com/books/content?id=E5di0AEACAAJ&printsec=frontcover&img=1&zoom=1&source=gbs_api
9780141035819,158,"Design as Art (Penguin Modern Classics) Munari, Bruno",Bruno Munari,"Arts, Film & Photography",Theory & Criticism,Paperback,₹406.00,4.5,1054.0,https://www.amazon.in/Design-Art-Penguin-Modern-Classics/dp/0141035811/ref=zg_bs_g_1318057031_d_sccl_9/000-0000000-0000000?psc=1,11,https://www.amazon.in/gp/bestsellers/books/1318052031,0141035811,9780141035819,http://books.google.com/books/content?id=Ll3ya78oGL4C&printsec=frontcover&img=1&zoom=1&source=gbs_api
9789395101004,159,"Physics Galaxy : Vol.2  Thermodynamics, Oscillations  & Waves 3rd edition",Ashish Arora,"Arts, Film & Photography",Theory & Criticism,Paperback,₹420.00,4.4,80.0,https://www.amazon.in/Physics-Galaxy-Vol-2-Thermodynamics-Oscillations-Waves/dp/9395101008/ref=zg_bs_g_1318057031_d_sccl_10/000-0000000-0000000?psc=1,11,https://www.amazon.in/gp/bestsellers/books/1318052031,9395101008,9789395101004,http://books.google.com/books/content?id=mqxi0AEACAAJ&printsec=frontcover&img=1&zoom=1&source=gbs_api
9789356811096,160,History Optional - Modern India & World History - Previous Years UPSC Solved Papers 1979-2022 2ed by Rashid Yasin,Rashid Yasin,"Arts, Film & Photography",Theory & Criticism,Paperback,₹445.00,4.5,59.0,https://www.amazon.in/History-Optional-Modern-Previous-1979-2022/dp/9356811091/ref=zg_bs_g_1318057031_d_sccl_11/000-0000000-0000000?psc=1,11,https://www.amazon.in/gp/bestsellers/books/1318052031,9356811091,9789356811096,http://books.google.com/books/content?id=pxdp0AEACAAJ&printsec=frontcover&img=1&zoom=1&source=gbs_api
9789395101028,161,Physics Galaxy : Vol. IV Optics & Modern Physics (3rd edition) by Ashish Arora,Ashish Arora,"Arts, Film & Photography",Theory & Criticism,Paperback,₹430.00,4.4,69.0,https://www.amazon.in/Physics-Galaxy-Optics-Modern-Ashish/dp/9395101024/ref=zg_bs_g_1318057031_d_sccl_12/000-0000000-0000000?psc=1,11,https://www.amazon.in/gp/bestsellers/books/1318052031,9395101024,9789395101028,http://books.google.com/books/content?id=5QRj0AEACAAJ&printsec=frontcover&img=1&zoom=1&source=gbs_api
9789395101752,162,UPPSC 2023 Previous Years' Topic-Wise Solved Papers  - Paper I 2003-22 & Solved Paper II 2012-22 4ed by Sheelwant Singh & Sarika: Previous Years' ... & Solved Paper II 2012-22 4ed by Access,Sheelwant Singh,"Arts, Film & Photography",Theory & Criticism,Paperback,₹327.00,4.4,65.0,https://www.amazon.in/UPPSC-Previous-Topic-Wise-Solved-Papers/dp/939510175X/ref=zg_bs_g_1318057031_d_sccl_13/000-0000000-0000000?psc=1,11,https://www.amazon.in/gp/bestsellers/books/1318052031,939510175X,9789395101752,http://books.google.com/books/content?id=JASrzwEACAAJ&printsec=frontcover&img=1&zoom=1&source=gbs_api
9789351035497,163,Geronimo Stilton and the Kingdom of Fantasy #7: The Enchanted Charms,Geronimo Stilton,"Arts, Film & Photography",Theory & Criticism,Hardcover,₹390.00,4.6,2358.0,https://www.amazon.in/Geronimo-Stilton-Kingdom-Fantasy-Enchanted/dp/9351035492/ref=zg_bs_g_1318057031_d_sccl_14/000-0000000-0000000?psc=1,11,https://www.amazon.in/gp/bestsellers/books/1318052031,9351035492,9789351035497,http://books.google.com/books/content?id=4LWj0QEACAAJ&printsec=frontcover&img=1&zoom=1&source=gbs_api
9789356811058,164,History Optional 2023 - Ancient & Medieval India - Previous Years UPSC Solved Papers (1979 - 2022) 2ed by Rashid Yasin,Rashid Yasin,"Arts, Film & Photography",Theory & Criticism,Paperback,₹407.00,4.3,84.0,https://www.amazon.in/History-Optional-2023-Medieval-Previous/dp/9356811059/ref=zg_bs_g_1318057031_d_sccl_15/000-0000000-0000000?psc=1,11,https://www.amazon.in/gp/bestsellers/books/1318052031,9356811059,9789356811058,http://books.google.com/books/content?id=WU2rzwEACAAJ&printsec=frontcover&img=1&zoom=1&source=gbs_api
9781631592966,165,"The Complete Color Harmony, Pantone Edition: Expert Color Information for Professional Results",Leatrice Eiseman,"Arts, Film & Photography",Theory & Criticism,Flexibound,₹997.00,4.7,1012.0,https://www.amazon.in/Complete-Color-Harmony-Pantone-Professional/dp/1631592963/ref=zg_bs_g_1318057031_d_sccl_16/000-0000000-0000000?psc=1,11,https://www.amazon.in/gp/bestsellers/books/1318052031,1631592963,9781631592966,http://books.google.com/books/content?id=jpowDwAAQBAJ&printsec=frontcover&img=1&zoom=1&edge=curl&source=gbs_api
9781910695050,166,Pretentiousness: Why It Matters,Dan Fox,"Arts, Film & Photography",Theory & Criticism,Paperback,"₹1,220.00",4.2,72.0,https://www.amazon.in/Pretentiousness-Why-Matters-Dan-Fox/dp/156689428X/ref=zg_bs_g_1318057031_d_sccl_17/000-0000000-0000000?psc=1,11,https://www.amazon.in/gp/bestsellers/books/1318052031,191069505X,9781910695050,http://books.google.com/books/content?id=KYiHAQAACAAJ&printsec=frontcover&img=1&zoom=1&source=gbs_api
9789392837258,167,IELTS Academic+ General Test: Listening Book by Career Launcher,Career Launcher,"Arts, Film & Photography",Theory & Criticism,Paperback,₹98.00,3.8,77.0,https://www.amazon.in/IELTS-Academic-Listening-Arjun-Wadhwa/dp/9356810516/ref=zg_bs_g_1318057031_d_sccl_18/000-0000000-0000000?psc=1,11,https://www.amazon.in/gp/bestsellers/books/1318052031,9392837259,9789392837258,http://books.google.com/books/content?id=ofCqzwEACAAJ&printsec=frontcover&img=1&zoom=1&source=gbs_api
9789395101677,172,"Map Entries for History Optional 3ed by Rashid Yasin, Ranjan Singh",Rashid Yasin,"Arts, Film & Photography",Theory & Criticism,Paperback,₹223.00,4.2,110.0,https://www.amazon.in/Entries-History-Optional-Rashid-Ranjan/dp/9395101679/ref=zg_bs_g_1318057031_d_sccl_23/000-0000000-0000000?psc=1,11,https://www.amazon.in/gp/bestsellers/books/1318052031,9395101679,9789395101677,http://books.google.com/books/content?id=8Y2qzwEACAAJ&printsec=frontcover&img=1&zoom=1&source=gbs_api
9789356812116,173,GATE 2024 Architecture & Planning Vol 1 - Guide by Ar. Jinisha Jain,Jinisha Jain,"Arts, Film & Photography",Theory & Criticism,Paperback,₹794.00,4.3,51.0,https://www.amazon.in/GATE-2024-Architecture-Planning-Vol/dp/935681211X/ref=zg_bs_g_1318057031_d_sccl_24/000-0000000-0000000?psc=1,11,https://www.amazon.in/gp/bestsellers/books/1318052031,935681211X,9789356812116,http://books.google.com/books/content?id=Kv490AEACAAJ&printsec=frontcover&img=1&zoom=1&source=gbs_api
9789354922251,177,The Battle Of Rezang La: The true story of how 120 Indian soldiers faced 5000 Chinese troops | Essential Indian Army Books on War | Penguin Non-fiction,Kulpreet Yadav,"Arts, Film & Photography",Theory & Criticism,Paperback,₹283.00,4.8,436.0,https://www.amazon.in/Battle-Rezang-soldiers-Essential-Non-fiction/dp/0143452053/ref=zg_bs_g_1318057031_d_sccl_28/000-0000000-0000000?psc=1,11,https://www.amazon.in/gp/bestsellers/books/1318052031,9354922252,9789354922251,http://books.google.com/books/content?id=iMhAEAAAQBAJ&printsec=frontcover&img=1&zoom=1&source=gbs_api
9789389310733,178,IELTS Academic+ General Test: Grammar Book by Career Launcher,Career Launcher,"Arts, Film & Photography",Theory & Criticism,Paperback,₹153.14,4.8,62.0,https://www.amazon.in/IELTS-Academic-Grammar-Arjun-Wadhwa/dp/9356810559/ref=zg_bs_g_1318057031_d_sccl_29/000-0000000-0000000?psc=1,11,https://www.amazon.in/gp/bestsellers/books/1318052031,9389310733,9789389310733,http://books.google.com/books/content?id=NAdlzgEACAAJ&printsec=frontcover&img=1&zoom=1&source=gbs_api
9781839647338,179,Klimt: The Kiss Jigsaw: 1000 Piece Jigsaw,Flame Tree Studio,"Arts, Film & Photography",Theory & Criticism,Puzzle,"₹1,117.00",4.4,170.0,https://www.amazon.in/Adult-Jigsaw-Gustav-Klimt-1000-piece/dp/1787550869/ref=zg_bs_g_1318057031_d_sccl_30/000-0000000-0000000?psc=1,11,https://www.amazon.in/gp/bestsellers/books/1318052031,1839647337,9781839647338,http://books.google.com/books/content?id=LFj60AEACAAJ&printsec=frontcover&img=1&zoom=1&source=gbs_api
9789357086226,180,"One Sting Attached (Hindi)/Ishq Baki/इश्क़ बाक़ी: Bichhad Ke Bhi Na Bichhde, Aise Saath Ke Naam/बिछड़ के भी न बिछड़े, ऐसे साथ के नाम",Pankaj Dubey/पंकज दुबे,"Arts, Film & Photography",Theory & Criticism,Paperback,₹129.00,5.0,1.0,https://www.amazon.in/Sting-Attached-Hindi-%E0%A4%87%E0%A4%B6%E0%A5%8D%E0%A4%95%E0%A4%BC-%E0%A4%AC%E0%A4%BE%E0%A4%95%E0%A4%BC%E0%A5%80/dp/0143465821/ref=zg_bs_g_1318057031_d_sccl_1/000-0000000-0000000?psc=1,11,https://www.amazon.in/gp/bestsellers/books/1318052031,9357086226,9789357086226,http://books.google.com/books/content?id=lfb4EAAAQBAJ&printsec=frontcover&img=1&zoom=1&edge=curl&source=gbs_api
9780486811246,182,Seneca's Letters from a Stoic,Lucius Annaeus Seneca,"Arts, Film & Photography",Theory & Criticism,Kindle Edition,₹77.00,4.5,4513.0,https://www.amazon.in/Senecas-Letters-Lucius-Annaeus-Seneca-ebook/dp/B0BCBLWSM4/ref=zg_bs_g_1318057031_d_sccl_3/000-0000000-0000000?psc=1,11,https://www.amazon.in/gp/bestsellers/books/1318052031,0486811247,9780486811246,http://books.google.com/books/content?id=AHF6DQAAQBAJ&printsec=frontcover&img=1&zoom=1&edge=curl&source=gbs_api
9780593449240,184,Your Brain on Art: How the Arts Transform Us,Susan Magsamen,"Arts, Film & Photography",Theory & Criticism,Kindle Edition,₹369.88,4.5,350.0,https://www.amazon.in/Your-Brain-Art-Arts-Transform-ebook/dp/B0BQRRW57P/ref=zg_bs_g_1318057031_d_sccl_5/000-0000000-0000000?psc=1,11,https://www.amazon.in/gp/bestsellers/books/1318052031,059344924X,9780593449240,http://books.google.com/books/content?id=weonEQAAQBAJ&printsec=frontcover&img=1&zoom=1&edge=curl&source=gbs_api
9789356810822,185,Physics Galaxy 2023 : JEE Advanced - Physics - Chapter wise PYQ Analysis by Ashish Arora,Ashish Arora,"Arts, Film & Photography",Theory & Criticism,Paperback,₹228.00,4.3,264.0,https://www.amazon.in/Physics-Galaxy-2023-Advanced-Analysis/dp/9356810826/ref=zg_bs_g_1318057031_d_sccl_6/000-0000000-0000000?psc=1,11,https://www.amazon.in/gp/bestsellers/books/1318052031,9356810826,9789356810822,http://books.google.com/books/content?id=_6atzwEACAAJ&printsec=frontcover&img=1&zoom=1&source=gbs_api
9783836531542,187,"Vincent van Gogh: 1853-1890, Vision and Reality",Ingo F. Walther,"Arts, Film & Photography",Theory & Criticism,Hardcover,"₹1,371.00",4.8,847.0,https://www.amazon.in/Vincent-van-Gogh-1853-1890-Reality/dp/3836527367/ref=zg_bs_g_1318057031_d_sccl_8/000-0000000-0000000?psc=1,11,https://www.amazon.in/gp/bestsellers/books/1318052031,3836531542,9783836531542,http://books.google.com/books/content?id=RHbpygAACAAJ&printsec=frontcover&img=1&zoom=1&source=gbs_api
9780062905154,188,WABI SABI: JAPANESE WISDOM FOR A PERFECTLY IMPERFECT LIFE,Beth Kempton,"Arts, Film & Photography",Theory & Criticism,Hardcover,₹474.00,4.4,2632.0,https://www.amazon.in/WABI-SABI-JAPANESE-PERFECTLY-IMPERFECT/dp/0349421005/ref=zg_bs_g_1318057031_d_sccl_9/000-0000000-0000000?psc=1,11,https://www.amazon.in/gp/bestsellers/books/1318052031,0062905155,9780062905154,http://books.google.com/books/content?id=diRVuQEACAAJ&printsec=frontcover&img=1&zoom=1&source=gbs_api
9789394168244,189,"Ethics, Integrity & Aptitude (For Civil Services Examination) 8ed by access",G. Subba Rao  & P N  Roychowdhury,"Arts, Film & Photography",Theory & Criticism,Paperback,₹486.00,4.3,190.0,https://www.amazon.in/Integrity-Aptitude-Services-Examination-Roychowdhury/dp/9394168249/ref=zg_bs_g_1318057031_d_sccl_10/000-0000000-0000000?psc=1,11,https://www.amazon.in/gp/bestsellers/books/1318052031,9394168249,9789394168244,http://books.google.com/books/content?id=zomqzwEACAAJ&printsec=frontcover&img=1&zoom=1&source=gbs_api
9780241400708,190,Lunch with the FT,Lionel Barber,"Arts, Film & Photography",Theory & Criticism,Paperback,₹689.00,4.4,107.0,https://www.amazon.in/Lunch-FT-Lionel-Barber-Ed/dp/024123946X/ref=zg_bs_g_1318057031_d_sccl_11/000-0000000-0000000?psc=1,11,https://www.amazon.in/gp/bestsellers/books/1318052031,0241400708,9780241400708,http://books.google.com/books/content?id=VnyUzwEACAAJ&printsec=frontcover&img=1&zoom=1&source=gbs_api
9780465093069,191,Mind in Motion: How Action Shapes Thought,Barbara Tversky,"Arts, Film & Photography",Theory & Criticism,Audible Audiobook,"₹1,005.00",4.4,90.0,https://www.amazon.in/Mind-Motion-Action-Shapes-Thought/dp/B07WF8VKRP/ref=zg_bs_g_1318057031_d_sccl_12/000-0000000-0000000?psc=1,11,https://www.amazon.in/gp/bestsellers/books/1318052031,046509306X,9780465093069,http://books.google.com/books/content?id=SpCsvAEACAAJ&printsec=frontcover&img=1&zoom=1&source=gbs_api
9789053496794,192,Naga Identities: Changing Local Cultures in the Northeast of India,Michael Oppitz,"Arts, Film & Photography",Theory & Criticism,Hardcover,"₹1,537.00",3.8,6.0,https://www.amazon.in/Naga-Identities-Changing-Cultures-Northeast/dp/1555953093/ref=zg_bs_g_1318057031_d_sccl_13/000-0000000-0000000?psc=1,11,https://www.amazon.in/gp/bestsellers/books/1318052031,9053496793,9789053496794,http://books.google.com/books/content?id=T5vTG7AxftQC&printsec=frontcover&img=1&zoom=1&source=gbs_api
9781440571541,193,"Art 101: From Vincent van Gogh to Andy Warhol, Key People, Ideas, and Moments in the History of Art (Adams 101 Series)",Eric Grzymkowski,"Arts, Film & Photography",Theory & Criticism,Kindle Edition,₹658.35,4.4,86.0,https://www.amazon.in/Art-101-Vincent-Moments-History-ebook/dp/B00GTUYSXK/ref=zg_bs_g_1318057031_d_sccl_14/000-0000000-0000000?psc=1,11,https://www.amazon.in/gp/bestsellers/books/1318052031,1440571546,9781440571541,http://books.google.com/books/content?id=N1NnuQEACAAJ&printsec=frontcover&img=1&zoom=1&source=gbs_api
9781984897398,194,LPMC : Create Dangerously (Penguin Modern),Albert Camus,"Arts, Film & Photography",Theory & Criticism,Paperback,₹143.00,4.6,338.0,https://www.amazon.in/Create-Dangerously-Penguin-Modern-Albert/dp/024133912X/ref=zg_bs_g_1318057031_d_sccl_15/000-0000000-0000000?psc=1,11,https://www.amazon.in/gp/bestsellers/books/1318052031,198489739X,9781984897398,http://books.google.com/books/content?id=gIqODwAAQBAJ&printsec=frontcover&img=1&zoom=1&source=gbs_api
9789356811621,196,Staff Nurse - PSC Question Bank by Sreedevi Santhosh Sreenandhanam,Career Launcher,"Arts, Film & Photography",Theory & Criticism,Paperback,₹332.00,4.5,51.0,https://www.amazon.in/Staff-Nurse-Question-Sreedevi-Sreenandhanam/dp/9356811628/ref=zg_bs_g_1318057031_d_sccl_17/000-0000000-0000000?psc=1,11,https://www.amazon.in/gp/bestsellers/books/1318052031,9356811628,9789356811621,http://books.google.com/books/content?id=ekw-0AEACAAJ&printsec=frontcover&img=1&zoom=1&source=gbs_api
9781804182529,197,CULTURE - A New World History,Martin Puchner,"Arts, Film & Photography",Theory & Criticism,Paperback,₹464.34,4.7,41.0,https://www.amazon.in/Culture-world-history-Martin-Puchner/dp/1804182559/ref=zg_bs_g_1318057031_d_sccl_18/000-0000000-0000000?psc=1,11,https://www.amazon.in/gp/bestsellers/books/1318052031,1804182524,9781804182529,http://books.google.com/books/content?id=CRGqEAAAQBAJ&printsec=frontcover&img=1&zoom=1&edge=curl&source=gbs_api
9780385484510,200,"Tuesdays With Morrie: An old man, a young man, and life's greatest lesson [Paperback] Albom, Mitch",Mitch Albom,"Biographies, Diaries & True Accounts",Biographies & Autobiographies,Paperback,₹197.00,4.6,25023.0,https://www.amazon.in/Tuesdays-Morrie-greatest-lesson-Paperback/dp/0751527378/ref=zg_bs_g_1318065031_d_sccl_1/000-0000000-0000000?psc=1,3,https://www.amazon.in/gp/bestsellers/books/1318064031,0385484518,9780385484510,http://books.google.com/books/content?id=5y-l3sM3gg0C&printsec=frontcover&img=1&zoom=1&source=gbs_api
9789353456443,203,An Uncommon Love: The Early Life of Sudha and Narayana Murthy,Chitra Banerjee Divakaruni,"Biographies, Diaries & True Accounts",Biographies & Autobiographies,Hardcover,₹519.00,4.5,69.0,https://www.amazon.in/Uncommon-Love-Early-Narayana-Murthy/dp/9353456444/ref=zg_bs_g_1318065031_d_sccl_4/000-0000000-0000000?psc=1,3,https://www.amazon.in/gp/bestsellers/books/1318064031,9353456444,9789353456443,http://books.google.com/books/content?id=-Dpc0AEACAAJ&printsec=frontcover&img=1&zoom=1&source=gbs_api
9780718188863,205,Make You Bed,William H. McRaven,"Biographies, Diaries & True Accounts",Biographies & Autobiographies,Hardcover,₹209.00,4.5,20651.0,https://www.amazon.in/Make-Your-Bed-William-McRaven/dp/0718188861/ref=zg_bs_g_1318065031_d_sccl_6/000-0000000-0000000?psc=1,3,https://www.amazon.in/gp/bestsellers/books/1318064031,0718188861,9780718188863,http://books.google.com/books/content?id=UBhGtAEACAAJ&printsec=frontcover&img=1&zoom=1&source=gbs_api
9780143474296,206,Wise and Otherwise: A salute to Life [Paperback] Sudha Murty,Murty Sudha,"Biographies, Diaries & True Accounts",Biographies & Autobiographies,Paperback,₹163.00,4.6,6717.0,https://www.amazon.in/Wise-Otherwise-salute-Sudha-Murty/dp/0143062220/ref=zg_bs_g_1318065031_d_sccl_7/000-0000000-0000000?psc=1,3,https://www.amazon.in/gp/bestsellers/books/1318064031,0143474294,9780143474296,http://books.google.com/books/content?id=Wtsc0QEACAAJ&printsec=frontcover&img=1&zoom=1&source=gbs_api
9788190256209,207,AUTOBIOGRAPHY OF A YOGI,Paramahansa Yogananda,"Biographies, Diaries & True Accounts",Biographies & Autobiographies,Paperback,₹199.00,4.6,11173.0,https://www.amazon.in/Autobiography-Yogi-Paramahansa-Yogananda/dp/8129145367/ref=zg_bs_g_1318065031_d_sccl_8/000-0000000-0000000?psc=1,3,https://www.amazon.in/gp/bestsellers/books/1318064031,8190256203,9788190256209,http://books.google.com/books/content?id=xsIi4ePN4hYC&printsec=frontcover&img=1&zoom=1&edge=curl&source=gbs_api
9789354928956,209,"Kitne Ghazi Aye Kitne Ghazi Gaye: A Memoir: A True Life Account of Bravery And Sacrifice of An Army Soldier Who Served India For More Than 40 Years [Hardcover] Dhillon, Lt Gen KJS 'Tiny'",K.J.S. Dhillon,"Biographies, Diaries & True Accounts",Biographies & Autobiographies,Hardcover,₹318.00,4.7,1503.0,https://www.amazon.in/Kitne-Ghazi-Aye-Gaye-Sacrifice/dp/0670097055/ref=zg_bs_g_1318065031_d_sccl_10/000-0000000-0000000?psc=1,3,https://www.amazon.in/gp/bestsellers/books/1318064031,9354928951,9789354928956,http://books.google.com/books/content?id=1wmtEAAAQBAJ&printsec=frontcover&img=1&zoom=1&edge=curl&source=gbs_api
9798893310962,210,The Almanack of Naval Ravikant: A Guide to Wealth and Happiness,Eric Jorgenson,"Biographies, Diaries & True Accounts",Biographies & Autobiographies,Audible Audiobook,₹586.00,4.6,17124.0,https://www.amazon.in/Almanack-Naval-Ravikant-Wealth-Happiness/dp/B08XN477C3/ref=zg_bs_g_1318065031_d_sccl_11/000-0000000-0000000?psc=1,3,https://www.amazon.in/gp/bestsellers/books/1318064031,,9798893310962,http://books.google.com/books/content?id=T0FgEQAAQBAJ&printsec=frontcover&img=1&zoom=1&edge=curl&source=gbs_api
9781804090633,211,"Same as Ever: Timeless Lessons on Risk, Opportunity and Living a Good Life",Morgan Housel,"Biographies, Diaries & True Accounts",Biographies & Autobiographies,Audible Audiobook,₹323.00,4.4,1473.0,https://www.amazon.in/Same-Ever-Timeless-Lessons-Opportunity/dp/B0CMQRHGV6/ref=zg_bs_g_1318065031_d_sccl_12/000-0000000-0000000?psc=1,3,https://www.amazon.in/gp/bestsellers/books/1318064031,1804090638,9781804090633,http://books.google.com/books/content?id=NRjcEAAAQBAJ&printsec=frontcover&img=1&zoom=1&source=gbs_api
9789380676371,212,Autobiography of A Yogi (Hindi),Paramahansa Yogananda,"Biographies, Diaries & True Accounts",Biographies & Autobiographies,Paperback,₹179.00,4.6,4553.0,https://www.amazon.in/Autobiography-Yogi-HINDI-Paramahansa-Yogananda/dp/9389432472/ref=zg_bs_g_1318065031_d_sccl_13/000-0000000-0000000?psc=1,3,https://www.amazon.in/gp/bestsellers/books/1318064031,9380676379,9789380676371,http://books.google.com/books/content?id=iZxamQEACAAJ&printsec=frontcover&img=1&zoom=1&source=gbs_api
9789354928703,214,Doglapan : The Hard Truth about Life and Start-Ups,ASHNEER GROVER,"Biographies, Diaries & True Accounts",Biographies & Autobiographies,Hardcover,₹254.00,4.3,3090.0,https://www.amazon.in/Doglapan-Hard-Truth-about-Start-Ups/dp/067009711X/ref=zg_bs_g_1318065031_d_sccl_15/000-0000000-0000000?psc=1,3,https://www.amazon.in/gp/bestsellers/books/1318064031,9354928706,9789354928703,http://books.google.com/books/content?id=LimgEAAAQBAJ&printsec=frontcover&img=1&zoom=1&edge=curl&source=gbs_api
9789354894459,215,TWELFTH FAIL,Anurag Pathak,"Biographies, Diaries & True Accounts",Biographies & Autobiographies,Paperback,₹137.00,4.7,1036.0,https://www.amazon.in/TWELFTH-FAIL-Anurag-Pathak/dp/9354894429/ref=zg_bs_g_1318065031_d_sccl_16/000-0000000-0000000?psc=1,3,https://www.amazon.in/gp/bestsellers/books/1318064031,9354894453,9789354894459,http://books.google.com/books/content?id=fIlUEAAAQBAJ&printsec=frontcover&img=1&zoom=1&source=gbs_api
9789388369046,216,World's Greatest Leaders: Biographies of Inspirational Personalities For Kids,Wonder House Books,"Biographies, Diaries & True Accounts",Biographies & Autobiographies,Paperback,₹99.00,4.3,3151.0,https://www.amazon.in/Worlds-Greatest-Leaders-Inspirational-Personalities/dp/9388369041/ref=zg_bs_g_1318065031_d_sccl_17/000-0000000-0000000?psc=1,3,https://www.amazon.in/gp/bestsellers/books/1318064031,9388369041,9789388369046,http://books.google.com/books/content?id=UsvZzwEACAAJ&printsec=frontcover&img=1&zoom=1&source=gbs_api
9783956763182,217,Why I Killed Gandhi?,Nathuram Godse,"Biographies, Diaries & True Accounts",Biographies & Autobiographies,Paperback,₹159.00,4.1,8010.0,https://www.amazon.in/Why-Killed-Gandhi-Nathuram-Godse/dp/9355715927/ref=zg_bs_g_1318065031_d_sccl_18/000-0000000-0000000?psc=1,3,https://www.amazon.in/gp/bestsellers/books/1318064031,3956763181,9783956763182,http://books.google.com/books/content?id=HBxdEQAAQBAJ&printsec=frontcover&img=1&zoom=1&edge=curl&source=gbs_api
9781501135910,218,Shoe Dog,Phil Knight,"Biographies, Diaries & True Accounts",Biographies & Autobiographies,Paperback,₹321.00,4.6,58096.0,https://www.amazon.in/Shoe-Dog-Memoir-Creator-NIKE/dp/1471146723/ref=zg_bs_g_1318065031_d_sccl_19/000-0000000-0000000?psc=1,3,https://www.amazon.in/gp/bestsellers/books/1318064031,1501135910,9781501135910,http://books.google.com/books/content?id=UmyfjgEACAAJ&printsec=frontcover&img=1&zoom=1&source=gbs_api
9791041985326,219,"My Inventions, Autobiography of Nikola Tesla",Nikola Tesla,"Biographies, Diaries & True Accounts",Biographies & Autobiographies,Paperback,₹99.00,4.5,5111.0,https://www.amazon.in/My-Inventions-Autobiography-Nikola-Tesla/dp/9354401473/ref=zg_bs_g_1318065031_d_sccl_20/000-0000000-0000000?psc=1,3,https://www.amazon.in/gp/bestsellers/books/1318064031,,9791041985326,http://books.google.com/books/content?id=iJX0EAAAQBAJ&printsec=frontcover&img=1&zoom=1&edge=curl&source=gbs_api
9788119989898,222,Borsi Bhar Aanch,Yatish Kumar,"Biographies, Diaries & True Accounts",Biographies & Autobiographies,Paperback,₹350.00,0.0,0.0,https://www.amazon.in/Borsi-Bhar-Aanch-Yatish-Kumar/dp/8119989899/ref=zg_bs_g_1318065031_d_sccl_23/000-0000000-0000000?psc=1,3,https://www.amazon.in/gp/bestsellers/books/1318064031,8119989899,9788119989898,http://books.google.com/books/content?id=W-AxEQAAQBAJ&printsec=frontcover&img=1&zoom=1&edge=curl&source=gbs_api
9789386651600,223,"Three Thousand Stitches: Ordinary People, Extraordinary Lives [Paperback] Murty, Sudha",Murty Sudha,"Biographies, Diaries & True Accounts",Biographies & Autobiographies,Paperback,₹230.00,4.6,11049.0,https://www.amazon.in/Three-Thousand-Stitches-Ordinary-Extraordinary/dp/0143440055/ref=zg_bs_g_1318065031_d_sccl_24/000-0000000-0000000?psc=1,3,https://www.amazon.in/gp/bestsellers/books/1318064031,9386651602,9789386651600,http://books.google.com/books/content?id=-WYpDwAAQBAJ&printsec=frontcover&img=1&zoom=1&edge=curl&source=gbs_api
9788120725249,226,Autobiography Of A Yogi (Complete Edition),Paramahansa Yogananda,"Biographies, Diaries & True Accounts",Biographies & Autobiographies,Hardcover,₹218.00,4.7,9948.0,https://www.amazon.in/Autobiography-Yogi-Complete-Paramahansa-Yogananda/dp/8190256203/ref=zg_bs_g_1318065031_d_sccl_27/000-0000000-0000000?psc=1,3,https://www.amazon.in/gp/bestsellers/books/1318064031,8120725247,9788120725249,http://books.google.com/books/content?id=iN6fdZR6rXkC&printsec=frontcover&img=1&zoom=1&edge=curl&source=gbs_api
9789362053206,230,"Memory: How to Develop, Train and Use It | Original Edition | Premium Paperback",William Walker Atkinson,"Biographies, Diaries & True Accounts",Biographies & Autobiographies,Paperback,₹122.00,4.2,6380.0,https://www.amazon.in/MEMORY-How-Develop-Train-Use/dp/9390441021/ref=zg_bs_g_1318065031_d_sccl_1/000-0000000-0000000?psc=1,3,https://www.amazon.in/gp/bestsellers/books/1318064031,9362053209,9789362053206,http://books.google.com/books/content?id=gcuu0AEACAAJ&printsec=frontcover&img=1&zoom=1&source=gbs_api
9789358560572,232,"The Story of My Experiments With Truth: Mahatma Gandhi, An Autobiography (Hindi)",Mahatma Gandhi,"Biographies, Diaries & True Accounts",Biographies & Autobiographies,Paperback,₹168.00,4.4,1008.0,https://www.amazon.in/Story-Experiments-Mahatma-Gandhi-Autobiography/dp/9390183502/ref=zg_bs_g_1318065031_d_sccl_3/000-0000000-0000000?psc=1,3,https://www.amazon.in/gp/bestsellers/books/1318064031,9358560576,9789358560572,http://books.google.com/books/content?id=WUnVEQAAQBAJ&printsec=frontcover&img=1&zoom=1&edge=curl&source=gbs_api
9789390652457,233,How Prime Ministers Decide,Neerja Chowdhury,"Biographies, Diaries & True Accounts",Biographies & Autobiographies,Hardcover,₹750.00,4.4,217.0,https://www.amazon.in/Prime-Ministers-Decide-Neerja-Chowdhury/dp/9390652456/ref=zg_bs_g_1318065031_d_sccl_4/000-0000000-0000000?psc=1,3,https://www.amazon.in/gp/bestsellers/books/1318064031,9390652456,9789390652457,http://books.google.com/books/content?id=d8wX0AEACAAJ&printsec=frontcover&img=1&zoom=1&source=gbs_api
9780743200400,234,One Up on Wall Street: How To Use What You Already Know To Make Money in the Market,Peter Lynch,"Biographies, Diaries & True Accounts",Biographies & Autobiographies,Kindle Edition,₹251.75,4.5,11046.0,https://www.amazon.in/One-Up-Wall-Street-Already-ebook/dp/B006YDFYW6/ref=zg_bs_g_1318065031_d_sccl_5/000-0000000-0000000?psc=1,3,https://www.amazon.in/gp/bestsellers/books/1318064031,0743200403,9780743200400,http://books.google.com/books/content?id=KcJaXu7FVZ0C&printsec=frontcover&img=1&zoom=1&edge=curl&source=gbs_api
9781591845324,237,"Leaders Eat Last (With a New Chapter): Why Some Teams Pull Together and Others Don't [Paperback] Sinek, Simon",Simon Sinek,"Biographies, Diaries & True Accounts",Biographies & Autobiographies,Paperback,₹406.89,4.5,9664.0,https://www.amazon.in/Leaders-Eat-Last-New-Chapter/dp/0670923176/ref=zg_bs_g_1318065031_d_sccl_8/000-0000000-0000000?psc=1,3,https://www.amazon.in/gp/bestsellers/books/1318064031,1591845327,9781591845324,http://books.google.com/books/content?id=VDuQEAAAQBAJ&printsec=frontcover&img=1&zoom=1&source=gbs_api
9781953953247,238,Poor Charlie’s Almanack: The Essential Wit and Wisdom of Charles T. Munger,Charles T. Munger,"Biographies, Diaries & True Accounts",Biographies & Autobiographies,Audible Audiobook,₹836.00,4.6,509.0,https://www.amazon.in/Poor-Charlies-Almanack-Essential-Charles/dp/B0CMDJWZLB/ref=zg_bs_g_1318065031_d_sccl_9/000-0000000-0000000?psc=1,3,https://www.amazon.in/gp/bestsellers/books/1318064031,1953953247,9781953953247,http://books.google.com/books/content?id=2unAEAAAQBAJ&printsec=frontcover&img=1&zoom=1&edge=curl&source=gbs_api
9789351860839,240,Adolf Hitler (Hindi),MAHESH DUTT SHARMA,"Biographies, Diaries & True Accounts",Biographies & Autobiographies,Kindle Edition,₹51.48,4.3,300.0,https://www.amazon.in/Adolf-Hitler-Hindi-MAHESH-SHARMA-ebook/dp/B01M7SMA2M/ref=zg_bs_g_1318065031_d_sccl_11/000-0000000-0000000?psc=1,3,https://www.amazon.in/gp/bestsellers/books/1318064031,9351860833,9789351860839,http://books.google.com/books/content?id=UPRAEAAAQBAJ&printsec=frontcover&img=1&zoom=1&edge=curl&source=gbs_api
9789353050337,241,"Here, There and Everywhere",Murty Sudha,"Biographies, Diaries & True Accounts",Biographies & Autobiographies,Paperback,₹162.00,4.6,4042.0,https://www.amazon.in/Here-There-Everywhere-Best-Loved-Stories/dp/0143444344/ref=zg_bs_g_1318065031_d_sccl_12/000-0000000-0000000?psc=1,3,https://www.amazon.in/gp/bestsellers/books/1318064031,9353050332,9789353050337,http://books.google.com/books/content?id=mKxZDwAAQBAJ&printsec=frontcover&img=1&zoom=1&source=gbs_api
9781848317680,243,Introducing Buddha: A Graphic Guide (Graphic Guides),Borin Van Loon,"Biographies, Diaries & True Accounts",Biographies & Autobiographies,Kindle Edition,₹249.85,3.9,369.0,https://www.amazon.in/Introducing-Buddha-Graphic-Guide-ebook/dp/B00KFEJNY0/ref=zg_bs_g_1318065031_d_sccl_14/000-0000000-0000000?psc=1,3,https://www.amazon.in/gp/bestsellers/books/1318064031,1848317689,9781848317680,http://books.google.com/books/content?id=OfOmAwAAQBAJ&printsec=frontcover&img=1&zoom=1&edge=curl&source=gbs_api
9780241996324,245,Everything I Know About Love : Now a Major BBC One Series,Dolly Alderton,"Biographies, Diaries & True Accounts",Biographies & Autobiographies,Paperback,₹406.25,4.4,24494.0,https://www.amazon.in/Everything-I-Know-About-Love/dp/0241982103/ref=zg_bs_g_1318065031_d_sccl_16/000-0000000-0000000?psc=1,3,https://www.amazon.in/gp/bestsellers/books/1318064031,0241996325,9780241996324,http://books.google.com/books/content?id=Wem5zgEACAAJ&printsec=frontcover&img=1&zoom=1&source=gbs_api
9780143464617,246,"Common, yet Uncommon",Sudha Murty,"Biographies, Diaries & True Accounts",Biographies & Autobiographies,Hardcover,₹268.00,4.6,68.0,https://www.amazon.in/Common-yet-Uncommon-Sudha-Murty/dp/0143464612/ref=zg_bs_g_1318065031_d_sccl_17/000-0000000-0000000?psc=1,3,https://www.amazon.in/gp/bestsellers/books/1318064031,0143464612,9780143464617,http://books.google.com/books/content?id=r8E60AEACAAJ&printsec=frontcover&img=1&zoom=1&source=gbs_api
9789354926136,247,Apprenticed To A Himalayan Master: A Yog: A Yogi's Autobiography,Sri M,"Biographies, Diaries & True Accounts",Biographies & Autobiographies,Paperback,₹334.00,4.7,4404.0,https://www.amazon.in/Apprenticed-Himalayan-Master-Yogis-Autobiography/dp/0143458582/ref=zg_bs_g_1318065031_d_sccl_18/000-0000000-0000000?psc=1,3,https://www.amazon.in/gp/bestsellers/books/1318064031,9354926134,9789354926136,http://books.google.com/books/content?id=vrB7EAAAQBAJ&printsec=frontcover&img=1&zoom=1&edge=curl&source=gbs_api
9789354928284,248,Bravehearts of Bharat : Vignettes from Indian History,Vikram Sampath,"Biographies, Diaries & True Accounts",Biographies & Autobiographies,Hardcover,₹521.00,4.7,611.0,https://www.amazon.in/Bravehearts-Bharat-Vignettes-Indian-History/dp/0670094684/ref=zg_bs_g_1318065031_d_sccl_19/000-0000000-0000000?psc=1,3,https://www.amazon.in/gp/bestsellers/books/1318064031,9354928285,9789354928284,http://books.google.com/books/content?id=GBGcEAAAQBAJ&printsec=frontcover&img=1&zoom=1&edge=curl&source=gbs_api
9789356993563,249,Balidan : Stories of India's Greatest Para Special Forces Operatives,Swapnil Pandey,"Biographies, Diaries & True Accounts",Biographies & Autobiographies,Paperback,₹194.00,4.7,403.0,https://www.amazon.in/Balidan-Stories-Greatest-Special-Operatives/dp/9356993556/ref=zg_bs_g_1318065031_d_sccl_20/000-0000000-0000000?psc=1,3,https://www.amazon.in/gp/bestsellers/books/1318064031,9356993564,9789356993563,http://books.google.com/books/content?id=BijBEAAAQBAJ&printsec=frontcover&img=1&zoom=1&source=gbs_api
9789389243123,261,Lokdeo Nehru : Dinkar Granthmala,Ramdhari Singh Dinkar,"Biographies, Diaries & True Accounts",True Accounts,Paperback,₹250.00,4.6,74.0,https://www.amazon.in/Lokdeo-Nehru-Dinkar-Granthmala-Vol/dp/9389243122/ref=zg_bs_g_1318067031_d_sccl_12/000-0000000-0000000?psc=1,3,https://www.amazon.in/gp/bestsellers/books/1318064031,9389243122,9789389243123,http://books.google.com/books/content?id=s67vDwAAQBAJ&printsec=frontcover&img=1&zoom=1&edge=curl&source=gbs_api
9789354926709,264,India’s Most Fearless : True Stories Of Modern Military Heroes | War Stories,Aroor Shiv & Singh Rahul,"Biographies, Diaries & True Accounts",True Accounts,Paperback,₹201.00,4.7,3328.0,https://www.amazon.in/Indias-Most-Fearless-Stories-Military/dp/0143440446/ref=zg_bs_g_1318067031_d_sccl_15/000-0000000-0000000?psc=1,3,https://www.amazon.in/gp/bestsellers/books/1318064031,9354926703,9789354926709,http://books.google.com/books/content?id=96SGEAAAQBAJ&printsec=frontcover&img=1&zoom=1&edge=curl&source=gbs_api
9789351187301,265,"Mother I Never Knew, The",Murty Sudha,"Biographies, Diaries & True Accounts",True Accounts,Paperback,₹197.00,4.5,2310.0,https://www.amazon.in/Mother-Never-Knew-Two-Novellas/dp/0143422251/ref=zg_bs_g_1318067031_d_sccl_16/000-0000000-0000000?psc=1,3,https://www.amazon.in/gp/bestsellers/books/1318064031,9351187306,9789351187301,http://books.google.com/books/content?id=InTAAwAAQBAJ&printsec=frontcover&img=1&zoom=1&source=gbs_api
9789353769819,266,India Unboxed: 75 Quirky Aspects That Define the Nation,Safir Anand,"Biographies, Diaries & True Accounts",True Accounts,Paperback,₹275.00,4.6,10.0,https://www.amazon.in/India-Unboxed-Quirky-Aspects-Define/dp/9353769817/ref=zg_bs_g_1318067031_d_sccl_17/000-0000000-0000000?psc=1,3,https://www.amazon.in/gp/bestsellers/books/1318064031,9353769817,9789353769819,http://books.google.com/books/content?id=aE910AEACAAJ&printsec=frontcover&img=1&zoom=1&source=gbs_api
9789355219244,267,Maine Gandhi Ko Kyon Mara? (Hindi Translation of Why I Killed Gandhi?),Nathuram Godse,"Biographies, Diaries & True Accounts",True Accounts,Paperback,₹180.00,4.6,39.0,https://www.amazon.in/Maine-Gandhi-Hindi-Translation-Killed/dp/9355219245/ref=zg_bs_g_1318067031_d_sccl_18/000-0000000-0000000?psc=1,3,https://www.amazon.in/gp/bestsellers/books/1318064031,9355219245,9789355219244,http://books.google.com/books/content?id=4KXQEAAAQBAJ&printsec=frontcover&img=1&zoom=1&source=gbs_api
9780369348906,268,The Happiest Man on Earth,Eddie Jaku,"Biographies, Diaries & True Accounts",True Accounts,Paperback,₹389.00,4.7,15927.0,https://www.amazon.in/Happiest-Man-Earth-Beautiful-Auschwitz/dp/1529066360/ref=zg_bs_g_1318067031_d_sccl_19/000-0000000-0000000?psc=1,3,https://www.amazon.in/gp/bestsellers/books/1318064031,0369348907,9780369348906,http://books.google.com/books/content?id=H68CzgEACAAJ&printsec=frontcover&img=1&zoom=1&source=gbs_api
9781471411632,270,The Night Whispers: An absolutely unputdownable addictive thriller with a shocking twist! (A Slayton Thriller Book 2),Caroline Mitchell,"Biographies, Diaries & True Accounts",True Accounts,Kindle Edition,₹260.76,4.3,2472.0,https://www.amazon.in/Night-Whispers-chilling-Detective-Thriller-ebook/dp/B09J2C88P4/ref=zg_bs_g_1318067031_d_sccl_21/000-0000000-0000000?psc=1,3,https://www.amazon.in/gp/bestsellers/books/1318064031,147141163X,9781471411632,http://books.google.com/books/content?id=qj5HEAAAQBAJ&printsec=frontcover&img=1&zoom=1&source=gbs_api
9781849545433,272,Mossad,Michael Bar-Zohar,"Biographies, Diaries & True Accounts",True Accounts,Paperback,₹180.00,4.5,9306.0,https://www.amazon.in/Mossad-Michael-Bar-Zohar/dp/8184958455/ref=zg_bs_g_1318067031_d_sccl_23/000-0000000-0000000?psc=1,3,https://www.amazon.in/gp/bestsellers/books/1318064031,184954543X,9781849545433,http://books.google.com/books/content?id=SQGuAwAAQBAJ&printsec=frontcover&img=1&zoom=1&edge=curl&source=gbs_api
9789389647242,273,Mindset - Hindi,Carol S. Dweck,"Biographies, Diaries & True Accounts",True Accounts,Paperback,₹283.00,4.4,582.0,https://www.amazon.in/MINDSET-HINDI-Carol-S-Dweck/dp/938964724X/ref=zg_bs_g_1318067031_d_sccl_24/000-0000000-0000000?psc=1,3,https://www.amazon.in/gp/bestsellers/books/1318064031,938964724X,9789389647242,http://books.google.com/books/content?id=CHHVDwAAQBAJ&printsec=frontcover&img=1&zoom=1&source=gbs_api
9781846046384,275,Man's Search For Meaning: The classic tribute to hope from the Holocaust,Viktor E Frankl,"Biographies, Diaries & True Accounts",True Accounts,Kindle Edition,₹154.85,4.5,84339.0,https://www.amazon.in/Mans-Search-Meaning-classic-Holocaust-ebook/dp/B00EKOC0HI/ref=zg_bs_g_1318067031_d_sccl_26/000-0000000-0000000?psc=1,3,https://www.amazon.in/gp/bestsellers/books/1318064031,1846046386,9781846046384,http://books.google.com/books/content?id=2ltVzQEACAAJ&printsec=frontcover&img=1&zoom=1&source=gbs_api
9780143443155,276,India's Most Fearless 2 : More Military Stories of Unimaginable Courage and Sacrifice | Stories of War,Shiv Aroor; Rahul Singh,"Biographies, Diaries & True Accounts",True Accounts,Paperback,₹200.00,4.8,2022.0,https://www.amazon.in/Indias-Most-Fearless-Unimaginable-Sacrifice/dp/0143443151/ref=zg_bs_g_1318067031_d_sccl_27/000-0000000-0000000?psc=1,3,https://www.amazon.in/gp/bestsellers/books/1318064031,0143443151,9780143443155,http://books.google.com/books/content?id=7IYZyAEACAAJ&printsec=frontcover&img=1&zoom=1&source=gbs_api
9789356997110,279,"Snakes, Drugs and Rock 'n' Roll: My Early Years",Romulus Whitaker,"Biographies, Diaries & True Accounts",True Accounts,Paperback,₹499.00,5.0,2.0,https://www.amazon.in/Snakes-Drugs-Rock-Roll-Early/dp/9356997128/ref=zg_bs_g_1318067031_d_sccl_30/000-0000000-0000000?psc=1,3,https://www.amazon.in/gp/bestsellers/books/1318064031,935699711X,9789356997110,http://books.google.com/books/content?id=y0TpEAAAQBAJ&printsec=frontcover&img=1&zoom=1&source=gbs_api
9789351180555,280,The Day I Stopped Drinking Milk : Life Lessons From Here And There,Sudha Murty,"Biographies, Diaries & True Accounts",True Accounts,Paperback,₹194.00,4.4,2902.0,https://www.amazon.in/Day-Stopped-Drinking-Milk-Stories/dp/0143418653/ref=zg_bs_g_1318067031_d_sccl_1/000-0000000-0000000?psc=1,3,https://www.amazon.in/gp/bestsellers/books/1318064031,9351180557,9789351180555,http://books.google.com/books/content?id=MvMgt71z3boC&printsec=frontcover&img=1&zoom=1&source=gbs_api
9780141986005,281,Good Night Stories for Rebel Girls: 100: 100 Tales Of Extraordinary Women,Elena Favilli,"Biographies, Diaries & True Accounts",True Accounts,Hardcover,₹680.00,4.8,68.0,https://www.amazon.in/Good-Night-Stories-Rebel-Girls/dp/1953424384/ref=zg_bs_g_1318067031_d_sccl_2/000-0000000-0000000?psc=1,3,https://www.amazon.in/gp/bestsellers/books/1318064031,014198600X,9780141986005,http://books.google.com/books/content?id=BZkEMQAACAAJ&printsec=frontcover&img=1&zoom=1&source=gbs_api
9781471411465,282,The Midnight Man: A gripping new crime series (A Slayton Thriller Book 1),Caroline Mitchell,"Biographies, Diaries & True Accounts",True Accounts,Kindle Edition,₹260.76,4.3,3905.0,https://www.amazon.in/Midnight-Man-gripping-introducing-Detective-ebook/dp/B09BVGYMD3/ref=zg_bs_g_1318067031_d_sccl_3/000-0000000-0000000?psc=1,3,https://www.amazon.in/gp/bestsellers/books/1318064031,147141146X,9781471411465,http://books.google.com/books/content?id=7pw7EAAAQBAJ&printsec=frontcover&img=1&zoom=1&source=gbs_api
9789357027519,283,AT THE PLEASURE OF HIS MAJESTY: I.M. Lall and the Case That Shook the Crown,Chander M. Lall,"Biographies, Diaries & True Accounts",True Accounts,Paperback,₹206.00,4.9,13.0,https://www.amazon.in/AT-PLEASURE-HIS-MAJESTY-Shook/dp/9357027513/ref=zg_bs_g_1318067031_d_sccl_4/000-0000000-0000000?psc=1,3,https://www.amazon.in/gp/bestsellers/books/1318064031,9357027513,9789357027519,http://books.google.com/books/content?id=tX-d0AEACAAJ&printsec=frontcover&img=1&zoom=1&source=gbs_api
9780670090303,284,"Savarkar: Echoes from a Forgotten Past,",Vikram Sampath,"Biographies, Diaries & True Accounts",True Accounts,Hardcover,₹739.00,4.8,2285.0,https://www.amazon.in/Savarkar-Echoes-Forgotten-Past-1883-1924/dp/0670090301/ref=zg_bs_g_1318067031_d_sccl_5/000-0000000-0000000?psc=1,3,https://www.amazon.in/gp/bestsellers/books/1318064031,0670090301,9780670090303,http://books.google.com/books/content?id=v79bygEACAAJ&printsec=frontcover&img=1&zoom=1&source=gbs_api
9780143423928,285,Something Happened on the Way to Heaven: 20 Inspiring Real-Life Stories [Paperback] Sudha Murty,Murty Sudha (Ed.),"Biographies, Diaries & True Accounts",True Accounts,Paperback,₹194.00,4.5,2141.0,https://www.amazon.in/Something-Happened-Way-Heaven-Inspiring/dp/0143423924/ref=zg_bs_g_1318067031_d_sccl_6/000-0000000-0000000?psc=1,3,https://www.amazon.in/gp/bestsellers/books/1318064031,0143423924,9780143423928,http://books.google.com/books/content?id=L-__jgEACAAJ&printsec=frontcover&img=1&zoom=1&source=gbs_api
9789354409660,286,The Diary of a Young Girl (Hindi),Anne Frank,"Biographies, Diaries & True Accounts",True Accounts,Paperback,₹129.00,4.4,1193.0,https://www.amazon.in/Diary-Young-Girl-Hindi/dp/817599326X/ref=zg_bs_g_1318067031_d_sccl_7/000-0000000-0000000?psc=1,3,https://www.amazon.in/gp/bestsellers/books/1318064031,9354409660,9789354409660,http://books.google.com/books/content?id=elbVEQAAQBAJ&printsec=frontcover&img=1&zoom=1&edge=curl&source=gbs_api
9789354923678,287,Savarkar: Ek Bhule-Bisre Ateet Ki Goonj,Vikram Sampath,"Biographies, Diaries & True Accounts",True Accounts,Paperback,₹315.00,4.7,617.0,https://www.amazon.in/Savarkar-Bhule-Bisre-Ateet-Goonj-1883-1924/dp/0143450700/ref=zg_bs_g_1318067031_d_sccl_8/000-0000000-0000000?psc=1,3,https://www.amazon.in/gp/bestsellers/books/1318064031,9354923674,9789354923678,http://books.google.com/books/content?id=eUhkEAAAQBAJ&printsec=frontcover&img=1&zoom=1&source=gbs_api
9781471411533,291,One Small Mistake: An addictive and heart racing new thriller,Dandy Smith,"Biographies, Diaries & True Accounts",True Accounts,Kindle Edition,₹260.76,4.3,7477.0,https://www.amazon.in/One-Small-Mistake-addictive-thriller-ebook/dp/B09BCJW3QL/ref=zg_bs_g_1318067031_d_sccl_12/000-0000000-0000000?psc=1,3,https://www.amazon.in/gp/bestsellers/books/1318064031,1471411532,9781471411533,http://books.google.com/books/content?id=dpU6EAAAQBAJ&printsec=frontcover&img=1&zoom=1&source=gbs_api
9781846048395,293,The Choice : A true story of hope,Edith Eger,"Biographies, Diaries & True Accounts",True Accounts,Paperback,₹407.00,4.7,28713.0,https://www.amazon.in/Choice-true-story-hope/dp/1846045126/ref=zg_bs_g_1318067031_d_sccl_14/000-0000000-0000000?psc=1,3,https://www.amazon.in/gp/bestsellers/books/1318064031,1846048397,9781846048395,http://books.google.com/books/content?id=-lKe0AEACAAJ&printsec=frontcover&img=1&zoom=1&source=gbs_api
9781881373070,294,12 years a slave : A true story (Fingerprint),Solomon Northup,"Biographies, Diaries & True Accounts",True Accounts,Paperback,₹137.00,4.5,35938.0,https://www.amazon.in/12-Years-Slave-Solomon-Northup/dp/8175994479/ref=zg_bs_g_1318067031_d_sccl_15/000-0000000-0000000?psc=1,3,https://www.amazon.in/gp/bestsellers/books/1318064031,188137307X,9781881373070,http://books.google.com/books/content?id=hZvbAQAACAAJ&printsec=frontcover&img=1&zoom=1&source=gbs_api
9788174368942,295,Dongri to Dubai: Six Decades of the Mumbai Mafia,S. Hussain Zaidi,"Biographies, Diaries & True Accounts",True Accounts,Paperback,₹350.00,4.4,2009.0,https://www.amazon.in/Dongri-Dubai-Decades-Mumbai-Mafia/dp/8174368949/ref=zg_bs_g_1318067031_d_sccl_16/000-0000000-0000000?psc=1,3,https://www.amazon.in/gp/bestsellers/books/1318064031,8174368949,9788174368942,http://books.google.com/books/content?id=hphwMwEACAAJ&printsec=frontcover&img=1&zoom=1&source=gbs_api
9780353275195,296,Man-eaters of Kumaon,Jim Corbett,"Biographies, Diaries & True Accounts",True Accounts,Paperback,₹137.00,4.6,386.0,https://www.amazon.in/Man-eaters-Kumaon-Jim-Corbett/dp/B07RQLY5SN/ref=zg_bs_g_1318067031_d_sccl_17/000-0000000-0000000?psc=1,3,https://www.amazon.in/gp/bestsellers/books/1318064031,0353275190,9780353275195,http://books.google.com/books/content?id=KJWawgEACAAJ&printsec=frontcover&img=1&zoom=1&source=gbs_api
9781401937539,297,"Dying To Be Me : My Journey from Cancer: My Journey from Cancer, to Near Death, to True Healing",Anita Moorjani,"Biographies, Diaries & True Accounts",True Accounts,Paperback,₹248.00,4.5,11236.0,https://www.amazon.in/Dying-Me-Journey-Cancer-Healing/dp/938143137X/ref=zg_bs_g_1318067031_d_sccl_18/000-0000000-0000000?psc=1,3,https://www.amazon.in/gp/bestsellers/books/1318064031,1401937535,9781401937539,http://books.google.com/books/content?id=P176DwAAQBAJ&printsec=frontcover&img=1&zoom=1&edge=curl&source=gbs_api
9789391149291,299,#Tatastories : 40 Timeless Tales to Inspire You,Harish Bhat,"Biographies, Diaries & True Accounts",True Accounts,Hardcover,₹389.00,4.7,1081.0,https://www.amazon.in/Tatastories-Timeless-Tales-Inspire-You/dp/067009532X/ref=zg_bs_g_1318067031_d_sccl_20/000-0000000-0000000?psc=1,3,https://www.amazon.in/gp/bestsellers/books/1318064031,9391149294,9789391149291,http://books.google.com/books/content?id=QAwxEAAAQBAJ&printsec=frontcover&img=1&zoom=1&source=gbs_api
9781982137274,300,The 7 Habits of Highly Effective People: Infographics Edition: Powerful Lessons in Personal Change,Stephen R. Covey,Business & Economics,Analysis & Strategy,Kindle Edition,₹136.78,4.5,18213.0,https://www.amazon.in/Habits-Highly-Effective-People-Powerful-ebook/dp/B01069X4H0/ref=zg_bs_g_1318070031_d_sccl_1/000-0000000-0000000?psc=1,4,https://www.amazon.in/gp/bestsellers/books/1318068031,1982137274,9781982137274,http://books.google.com/books/content?id=4K7eDwAAQBAJ&printsec=frontcover&img=1&zoom=1&edge=curl&source=gbs_api
9781804091043,301,The Psychology of Money,Morgan Housel,Business & Economics,Analysis & Strategy,Paperback,₹275.00,4.6,59634.0,https://www.amazon.in/Psychology-Money-Morgan-Housel/dp/9390166268/ref=zg_bs_g_1318070031_d_sccl_2/000-0000000-0000000?psc=1,4,https://www.amazon.in/gp/bestsellers/books/1318068031,1804091049,9781804091043,http://books.google.com/books/content?id=fUdq0AEACAAJ&printsec=frontcover&img=1&zoom=1&source=gbs_api
9788119792597,302,Breakout Trading Made Easy: Maximize Your Profits with Simple Price Action Strategies,Sunil Gurjar,Business & Economics,Analysis & Strategy,Paperback,₹299.00,4.8,1408.0,https://www.amazon.in/Breakout-Trading-Made-Easy-Strategies/dp/8119153987/ref=zg_bs_g_1318070031_d_sccl_3/000-0000000-0000000?psc=1,4,https://www.amazon.in/gp/bestsellers/books/1318068031,8119792599,9788119792597,http://books.google.com/books/content?id=GHf5EAAAQBAJ&printsec=frontcover&img=1&zoom=1&edge=curl&source=gbs_api
9789390166268,303,"The Psychology of Money: Timeless Lessons on Wealth, Greed, and Happiness",Morgan Housel,Business & Economics,Analysis & Strategy,Audible Audiobook,₹668.00,4.6,59634.0,https://www.amazon.in/Psychology-Money-Timeless-Lessons-Happiness/dp/B08D9VV926/ref=zg_bs_g_1318070031_d_sccl_4/000-0000000-0000000?psc=1,4,https://www.amazon.in/gp/bestsellers/books/1318068031,9390166268,9789390166268,http://books.google.com/books/content?id=zO8AzgEACAAJ&printsec=frontcover&img=1&zoom=1&source=gbs_api
9780071433341,306,How to Talk to Anyone: 92 Little Tricks for Big Success in Relationships,Leil Lowndes,Business & Economics,Analysis & Strategy,Audible Audiobook,₹844.00,4.4,12532.0,https://www.amazon.in/How-Talk-Anyone-Success-Relationships/dp/B079TJV5ZP/ref=zg_bs_g_1318070031_d_sccl_7/000-0000000-0000000?psc=1,4,https://www.amazon.in/gp/bestsellers/books/1318068031,0071433341,9780071433341,http://books.google.com/books/content?id=wH43PObvfugC&printsec=frontcover&img=1&zoom=1&edge=curl&source=gbs_api
9781443460712,307,The 5 AM Club,Robin Sharma,Business & Economics,Analysis & Strategy,Paperback,₹240.00,4.5,31455.0,https://www.amazon.in/AM-Club-Your-Morning-Elevate/dp/9387944891/ref=zg_bs_g_1318070031_d_sccl_8/000-0000000-0000000?psc=1,4,https://www.amazon.in/gp/bestsellers/books/1318068031,1443460710,9781443460712,http://books.google.com/books/content?id=XnmZxQEACAAJ&printsec=frontcover&img=1&zoom=1&source=gbs_api
9780385676519,308,"Thinking, Fast & Slow (L)",Daniel Kahneman,Business & Economics,Analysis & Strategy,Paperback,₹464.00,4.5,29338.0,https://www.amazon.in/Thinking-Fast-Penguin-Press-Non-Fiction/dp/0141033576/ref=zg_bs_g_1318070031_d_sccl_9/000-0000000-0000000?psc=1,4,https://www.amazon.in/gp/bestsellers/books/1318068031,0385676514,9780385676519,http://books.google.com/books/content?id=hOmtuQAACAAJ&printsec=frontcover&img=1&zoom=1&source=gbs_api
9789354408380,310,The Richest Man In Babylon - Fingerprint!,George S. Clason,Business & Economics,Analysis & Strategy,Paperback,₹99.00,4.5,11210.0,https://www.amazon.in/Richest-Man-Babylon-George-Clason/dp/9388144317/ref=zg_bs_g_1318070031_d_sccl_11/000-0000000-0000000?psc=1,4,https://www.amazon.in/gp/bestsellers/books/1318068031,9354408389,9789354408380,http://books.google.com/books/content?id=5FTVEQAAQBAJ&printsec=frontcover&img=1&zoom=1&edge=curl&source=gbs_api
9780063356733,311,The Intelligent Investor (English) Paperback – 2013,Benjamin Graham,Business & Economics,Analysis & Strategy,Paperback,₹581.00,4.5,45519.0,https://www.amazon.in/Intelligent-Investor-English-Paperback-2013/dp/0062312685/ref=zg_bs_g_1318070031_d_sccl_12/000-0000000-0000000?psc=1,4,https://www.amazon.in/gp/bestsellers/books/1318068031,0063356732,9780063356733,http://books.google.com/books/content?id=VwvyEAAAQBAJ&printsec=frontcover&img=1&zoom=1&source=gbs_api
9798998801228,312,"Deep Work: Rules for Focused Success in a Distracted World [Paperback] Newport, Cal",Cal Newport,Business & Economics,Analysis & Strategy,Paperback,₹271.00,4.5,27774.0,https://www.amazon.in/Deep-Work-Focused-Success-Distracted/dp/0349413681/ref=zg_bs_g_1318070031_d_sccl_13/000-0000000-0000000?psc=1,4,https://www.amazon.in/gp/bestsellers/books/1318068031,,9798998801228,http://books.google.com/books/content?id=p6hW0QEACAAJ&printsec=frontcover&img=1&zoom=1&source=gbs_api
9781250865045,313,Feel-Good Productivity: How to Do More of What Matters to You,Ali Abdaal,Business & Economics,Analysis & Strategy,Audible Audiobook,₹957.00,4.5,1020.0,https://www.amazon.in/Feel-Good-Productivity-More-What-Matters/dp/B0C37MTQ49/ref=zg_bs_g_1318070031_d_sccl_14/000-0000000-0000000?psc=1,4,https://www.amazon.in/gp/bestsellers/books/1318068031,1250865042,9781250865045,http://books.google.com/books/content?id=GIVJEQAAQBAJ&printsec=frontcover&img=1&zoom=1&source=gbs_api
9780241982297,314,"Communication Book, The",Mikael Krogerus,Business & Economics,Analysis & Strategy,Hardcover,₹198.00,4.2,951.0,https://www.amazon.in/Communication-Book-Mikael-Krogerus/dp/0241982286/ref=zg_bs_g_1318070031_d_sccl_15/000-0000000-0000000?psc=1,4,https://www.amazon.in/gp/bestsellers/books/1318068031,0241982294,9780241982297,http://books.google.com/books/content?id=VtY3DwAAQBAJ&printsec=frontcover&img=1&zoom=1&source=gbs_api
9781846140556,316,"Thinking, Fast and Slow",Daniel Kahneman,Business & Economics,Analysis & Strategy,Audible Audiobook,₹957.00,4.5,29338.0,https://www.amazon.in/Thinking-Fast-and-Slow/dp/B079X5LVHP/ref=zg_bs_g_1318070031_d_sccl_17/000-0000000-0000000?psc=1,4,https://www.amazon.in/gp/bestsellers/books/1318068031,1846140552,9781846140556,http://books.google.com/books/content?id=YGPzXWanppcC&printsec=frontcover&img=1&zoom=1&source=gbs_api
9789353043551,319,The IndiGo Story: Inside the Upstart that Redefined Indian Aviation,Shelley Vishwajeet,Business & Economics,Analysis & Strategy,Kindle Edition,₹383.25,4.0,444.0,https://www.amazon.in/IndiGo-Story-Upstart-Redefined-Aviation-ebook/dp/B07HGY3JL5/ref=zg_bs_g_1318070031_d_sccl_20/000-0000000-0000000?psc=1,4,https://www.amazon.in/gp/bestsellers/books/1318068031,9353043557,9789353043551,http://books.google.com/books/content?id=68s2vwEACAAJ&printsec=frontcover&img=1&zoom=1&source=gbs_api
9789773772598,320,HOW TO WIN FRIENDS AND INFLUENCE PEOPLE,Dale Carnegie,Business & Economics,Analysis & Strategy,Paperback,₹88.00,4.5,3997.0,https://www.amazon.in/HOW-WIN-FRIENDS-INFLUENCE-PEOPLE/dp/8129140179/ref=zg_bs_g_1318070031_d_sccl_21/000-0000000-0000000?psc=1,4,https://www.amazon.in/gp/bestsellers/books/1318068031,9773772594,9789773772598,http://books.google.com/books/content?id=aC76EAAAQBAJ&printsec=frontcover&img=1&zoom=1&edge=curl&source=gbs_api
9780061745171,321,The Intelligent Investor Rev Ed.,Benjamin Graham,Business & Economics,Analysis & Strategy,Audible Audiobook,"₹2,194.00",4.5,45519.0,https://www.amazon.in/The-Intelligent-Investor-Rev-Ed/dp/B079B871YS/ref=zg_bs_g_1318070031_d_sccl_22/000-0000000-0000000?psc=1,4,https://www.amazon.in/gp/bestsellers/books/1318068031,0061745170,9780061745171,http://books.google.com/books/content?id=-NdcCSt8t_YC&printsec=frontcover&img=1&zoom=1&source=gbs_api
9798870369396,322,The Art of Laziness: Overcome Procrastination & Improve Your Productivity,Library Mindset,Business & Economics,Analysis & Strategy,Kindle Edition,₹49.00,4.4,781.0,https://www.amazon.in/Art-Laziness-Overcome-Procrastination-Productivity-ebook/dp/B0CPFVCXXH/ref=zg_bs_g_1318070031_d_sccl_23/000-0000000-0000000?psc=1,4,https://www.amazon.in/gp/bestsellers/books/1318068031,,9798870369396,http://books.google.com/books/content?id=wW1b0AEACAAJ&printsec=frontcover&img=1&zoom=1&source=gbs_api
9781509866113,323,Hyperfocus: How to Work Less to Achieve More,Chris Bailey,Business & Economics,Analysis & Strategy,Audible Audiobook,₹323.00,4.4,3048.0,https://www.amazon.in/Hyperfocus/dp/B07CTWTTMK/ref=zg_bs_g_1318070031_d_sccl_24/000-0000000-0000000?psc=1,4,https://www.amazon.in/gp/bestsellers/books/1318068031,1509866116,9781509866113,http://books.google.com/books/content?id=ptNEswEACAAJ&printsec=frontcover&img=1&zoom=1&source=gbs_api
9780801563669,324,THE RICHEST MAN IN BABYLON (PB),George S. Clason,Business & Economics,Analysis & Strategy,Paperback,₹99.00,4.5,33177.0,https://www.amazon.in/RICHEST-MAN-BABYLON-George-Clason/dp/9355200552/ref=zg_bs_g_1318070031_d_sccl_25/000-0000000-0000000?psc=1,4,https://www.amazon.in/gp/bestsellers/books/1318068031,0801563666,9780801563669,http://books.google.com/books/content?id=UjFpOOm1zwMC&printsec=frontcover&img=1&zoom=1&source=gbs_api
9789355217103,325,"Psychology of Option Trading ""ऑप्शन ट्रेडिंग"" Book in Hindi : An Ultimate Book to understand Share Market Psychology",Mahesh Chandra Kaushik,Business & Economics,Analysis & Strategy,Paperback,₹175.00,4.3,131.0,https://www.amazon.in/Psychology-Option-Trading-%E0%A4%91%E0%A4%AA%E0%A5%8D%E0%A4%B6%E0%A4%A8-%E0%A4%9F%E0%A5%8D%E0%A4%B0%E0%A5%87%E0%A4%A1%E0%A4%BF%E0%A4%82%E0%A4%97/dp/9355217102/ref=zg_bs_g_1318070031_d_sccl_26/000-0000000-0000000?psc=1,4,https://www.amazon.in/gp/bestsellers/books/1318068031,9355217102,9789355217103,http://books.google.com/books/content?id=xqjfEAAAQBAJ&printsec=frontcover&img=1&zoom=1&source=gbs_api
9798995567004,326,The Laws of Human Nature (Export TPB),Robert Greene,Business & Economics,Analysis & Strategy,Paperback,₹536.00,4.6,9831.0,https://www.amazon.in/Laws-Human-Nature-Export-TPB/dp/1781259194/ref=zg_bs_g_1318070031_d_sccl_27/000-0000000-0000000?psc=1,4,https://www.amazon.in/gp/bestsellers/books/1318068031,,9798995567004,http://books.google.com/books/content?id=az_50QEACAAJ&printsec=frontcover&img=1&zoom=1&source=gbs_api
9789356991354,328,"Let's Talk Mutual Funds : A Systematic, Smart Way to Make Them Work for You",Monika Halan,Business & Economics,Analysis & Strategy,Paperback,₹270.00,4.6,410.0,https://www.amazon.in/Lets-Talk-Mutual-Funds-Systematic/dp/9356991464/ref=zg_bs_g_1318070031_d_sccl_29/000-0000000-0000000?psc=1,4,https://www.amazon.in/gp/bestsellers/books/1318068031,9356991359,9789356991354,http://books.google.com/books/content?id=e2e_EAAAQBAJ&printsec=frontcover&img=1&zoom=1&source=gbs_api
9798893312010,332,Master Your Emotions: A Practical Guide to Overcome Negativity and Better Manage Your Feelings (Mastery Series Book 1),thibaut  meurisse,Business & Economics,Analysis & Strategy,Kindle Edition,₹99.00,4.5,11043.0,https://www.amazon.in/Master-Your-Emotions-Practical-Negativity-ebook/dp/B07CX8H6YH/ref=zg_bs_g_1318070031_d_sccl_3/000-0000000-0000000?psc=1,4,https://www.amazon.in/gp/bestsellers/books/1318068031,,9798893312010,http://books.google.com/books/content?id=5draEQAAQBAJ&printsec=frontcover&img=1&zoom=1&edge=curl&source=gbs_api
9781416502494,333,7 Habits of Highly Effective People,STEPHEN R COVEY,Business & Economics,Analysis & Strategy,Paperback,₹369.00,4.5,12321.0,https://www.amazon.in/Habits-Highly-Effective-People/dp/1471195708/ref=zg_bs_g_1318070031_d_sccl_4/000-0000000-0000000?psc=1,4,https://www.amazon.in/gp/bestsellers/books/1318068031,1416502491,9781416502494,http://books.google.com/books/content?id=36V_PAAACAAJ&printsec=frontcover&img=1&zoom=1&source=gbs_api
9780062359803,334,"THE ART OF THINKING CLEARLY: BETTER THINKING, BETTER DECISIONS [Hardcover] Dobelli, Rolf",ROLF DOBELLI,Business & Economics,Analysis & Strategy,Hardcover,₹348.16,4.5,5211.0,https://www.amazon.in/ART-THINKING-CLEARLY-DECISIONS-Hardcover/dp/144475954X/ref=zg_bs_g_1318070031_d_sccl_5/000-0000000-0000000?psc=1,4,https://www.amazon.in/gp/bestsellers/books/1318068031,0062359800,9780062359803,http://books.google.com/books/content?id=5VYAAwAAQBAJ&printsec=frontcover&img=1&zoom=1&source=gbs_api
9780345472328,337,MINDSET: HOW YOU CAN FULFILL YOUR POTENTIAL,Carol Dweck,Business & Economics,Analysis & Strategy,Paperback,₹245.00,4.5,9756.0,https://www.amazon.in/MINDSET-REVISED-UPDATED-Paperback-Dweck/dp/1780332009/ref=zg_bs_g_1318070031_d_sccl_8/000-0000000-0000000?psc=1,4,https://www.amazon.in/gp/bestsellers/books/1318068031,0345472322,9780345472328,http://books.google.com/books/content?id=Pff9Xzpsj4oC&printsec=frontcover&img=1&zoom=1&source=gbs_api
9788119153442,340,How to Make Money With Breakout Trading: A Simple Stock Market Book for Beginners - The Secret of becoming Intelligent Investor - Price Action Trading through subconscious mind and the Power of Now,Indrazith Shantharaj,Business & Economics,Analysis & Strategy,Paperback,₹233.00,4.3,2908.0,https://www.amazon.in/Make-Money-through-Breakout-Trading/dp/9355430558/ref=zg_bs_g_1318070031_d_sccl_11/000-0000000-0000000?psc=1,4,https://www.amazon.in/gp/bestsellers/books/1318068031,8119153448,9788119153442,http://books.google.com/books/content?id=KWXfEAAAQBAJ&printsec=frontcover&img=1&zoom=1&edge=curl&source=gbs_api
9781591842804,343,Start With Why,SINEK SIMON,Business & Economics,Analysis & Strategy,Paperback,₹399.00,4.5,22568.0,https://www.amazon.in/Start-Why-Leaders-Inspire-Everyone/dp/0241958229/ref=zg_bs_g_1318070031_d_sccl_14/000-0000000-0000000?psc=1,4,https://www.amazon.in/gp/bestsellers/books/1318068031,1591842808,9781591842804,http://books.google.com/books/content?id=tUaNDQAAQBAJ&printsec=frontcover&img=1&zoom=1&source=gbs_api
9780061899874,344,Influence : The Psychology of Persuasion (New and Expanded),PhD Robert B. Cialdini,Business & Economics,Analysis & Strategy,Paperback,₹499.00,4.6,4661.0,https://www.amazon.in/Influence-Psychology-Persuasion-New-Expanded/dp/0063138808/ref=zg_bs_g_1318070031_d_sccl_15/000-0000000-0000000?psc=1,4,https://www.amazon.in/gp/bestsellers/books/1318068031,0061899879,9780061899874,http://books.google.com/books/content?id=5dfv0HJ1TEoC&printsec=frontcover&img=1&zoom=1&source=gbs_api
9798556993747,345,Secrets of a Pivot Boss: Revealing Proven Methods for Profiting in the Market,Frank O Ochoa,Business & Economics,Analysis & Strategy,Paperback,₹220.00,4.4,1339.0,https://www.amazon.in/Secrets-Pivot-Boss-Revealing-Profiting/dp/0615391273/ref=zg_bs_g_1318070031_d_sccl_16/000-0000000-0000000?psc=1,4,https://www.amazon.in/gp/bestsellers/books/1318068031,,9798556993747,http://books.google.com/books/content?id=4n0WzgEACAAJ&printsec=frontcover&img=1&zoom=1&source=gbs_api
9781473535169,347,Never Split the Difference : Negotiating as if Your Life Depended on It,Chris Voss,Business & Economics,Analysis & Strategy,Paperback,₹325.00,4.6,41015.0,https://www.amazon.in/Never-Split-Difference-Negotiating-Depended/dp/1847941494/ref=zg_bs_g_1318070031_d_sccl_18/000-0000000-0000000?psc=1,4,https://www.amazon.in/gp/bestsellers/books/1318068031,1473535166,9781473535169,http://books.google.com/books/content?id=TL8CCwAAQBAJ&printsec=frontcover&img=1&zoom=1&source=gbs_api
9780486478999,350,The Power of Your Subconscious Mind,Joseph Murphy,Business & Economics,Economics,Paperback,₹99.00,4.5,81265.0,https://www.amazon.in/Power-Your-Subconscious-Mind-Success/dp/8172345666/ref=zg_bs_g_1318069031_d_sccl_1/000-0000000-0000000?psc=1,4,https://www.amazon.in/gp/bestsellers/books/1318068031,0486478998,9780486478999,http://books.google.com/books/content?id=EMJIAwAAQBAJ&printsec=frontcover&img=1&zoom=1&edge=curl&source=gbs_api
9780557083206,352,THINK AND GROW RICH (PB),Napoleon Hill,Business & Economics,Economics,Paperback,₹99.00,4.4,74253.0,https://www.amazon.in/Think-Grow-Rich-Napoleon-Hill/dp/9353338158/ref=zg_bs_g_1318069031_d_sccl_3/000-0000000-0000000?psc=1,4,https://www.amazon.in/gp/bestsellers/books/1318068031,0557083206,9780557083206,http://books.google.com/books/content?id=NcHAAgAAQBAJ&printsec=frontcover&img=1&zoom=1&edge=curl&source=gbs_api
9789355201287,353,World’s Greatest Books For Personal Growth & Wealth (Set of 4 Books) : Perfect Motivational Gift Set,Dale Carnegie,Business & Economics,Economics,Paperback,₹339.00,4.5,25779.0,https://www.amazon.in/Worlds-Greatest-Personal-Growth-Wealth/dp/9389432014/ref=zg_bs_g_1318069031_d_sccl_4/000-0000000-0000000?psc=1,4,https://www.amazon.in/gp/bestsellers/books/1318068031,9355201281,9789355201287,http://books.google.com/books/content?id=ORe_0QEACAAJ&printsec=frontcover&img=1&zoom=1&source=gbs_api
9798896327271,354,Think And Grow Rich - Hindi,Napoleon Hill,Business & Economics,Economics,Paperback,₹99.00,4.4,10485.0,https://www.amazon.in/Think-Grow-Rich-Hindi-Napoleon/dp/8175993561/ref=zg_bs_g_1318069031_d_sccl_5/000-0000000-0000000?psc=1,4,https://www.amazon.in/gp/bestsellers/books/1318068031,,9798896327271,http://books.google.com/books/content?id=2kU7EQAAQBAJ&printsec=frontcover&img=1&zoom=1&edge=curl&source=gbs_api
9780063497474,358,The Intelligent Investor (English) Paperback – 2013,Benjamin Graham,Business & Economics,Economics,Paperback,₹581.00,4.5,45519.0,https://www.amazon.in/Intelligent-Investor-English-Paperback-2013/dp/0062312685/ref=zg_bs_g_1318069031_d_sccl_9/000-0000000-0000000?psc=1,4,https://www.amazon.in/gp/bestsellers/books/1318068031,0063497476,9780063497474,http://books.google.com/books/content?id=itqZ0QEACAAJ&printsec=frontcover&img=1&zoom=1&source=gbs_api
9781932429350,360,Think and Grow Rich: THE 21st CENTURY EDITION,Napoleon Hill,Business & Economics,Economics,Paperback,₹99.00,4.5,5379.0,https://www.amazon.in/Think-Grow-Rich-21st-CENTURY/dp/9389931525/ref=zg_bs_g_1318069031_d_sccl_11/000-0000000-0000000?psc=1,4,https://www.amazon.in/gp/bestsellers/books/1318068031,1932429352,9781932429350,http://books.google.com/books/content?id=586qJgAACAAJ&printsec=frontcover&img=1&zoom=1&source=gbs_api
9791222454405,361,As a Man Thinketh,James Allen,Business & Economics,Economics,Paperback,₹69.00,4.4,12254.0,https://www.amazon.in/As-Man-Thinketh-James-Allen/dp/9386538172/ref=zg_bs_g_1318069031_d_sccl_12/000-0000000-0000000?psc=1,4,https://www.amazon.in/gp/bestsellers/books/1318068031,,9791222454405,http://books.google.com/books/content?id=JGUdEQAAQBAJ&printsec=frontcover&img=1&zoom=1&edge=curl&source=gbs_api
9780691263632,364,Breaking the Mould : Reimagining India's Economic Future,Raghuram Rajan,Business & Economics,Economics,Hardcover,₹579.00,4.5,153.0,https://www.amazon.in/Breaking-Mould-Reimagining-Indias-Economic/dp/0670099899/ref=zg_bs_g_1318069031_d_sccl_15/000-0000000-0000000?psc=1,4,https://www.amazon.in/gp/bestsellers/books/1318068031,0691263639,9780691263632,http://books.google.com/books/content?id=JkPyEAAAQBAJ&printsec=frontcover&img=1&zoom=1&edge=curl&source=gbs_api
9789356296572,368,"Let's Talk Money: You've Worked Hard for It, Now Make It Work for You",Monika Halan,Business & Economics,Economics,Paperback,₹289.00,4.6,3731.0,https://www.amazon.in/Lets-Talk-Money-Youve-Worked/dp/9352779398/ref=zg_bs_g_1318069031_d_sccl_19/000-0000000-0000000?psc=1,4,https://www.amazon.in/gp/bestsellers/books/1318068031,935629657X,9789356296572,http://books.google.com/books/content?id=NRMO0AEACAAJ&printsec=frontcover&img=1&zoom=1&source=gbs_api
9789348098559,369,(Hindi Book) Price Action Trading : Technical Analysis Hindi by Sunil Gurjar (Chartmojo) - Chart Patterns | Candlestick Patterns | Breakout Patterns & Lot More !,Sunil Gurjar (Chartmojo),Business & Economics,Economics,Paperback,₹335.00,4.1,280.0,https://www.amazon.in/Hindi-Action-Trading-Technical-Analysis/dp/8195840604/ref=zg_bs_g_1318069031_d_sccl_20/000-0000000-0000000?psc=1,4,https://www.amazon.in/gp/bestsellers/books/1318068031,9348098551,9789348098559,http://books.google.com/books/content?id=lts6EQAAQBAJ&printsec=frontcover&img=1&zoom=1&edge=curl&source=gbs_api
9788128400483,370,Chanakya Neeti English(PB),B.K. Chaturvedi,Business & Economics,Economics,Paperback,₹110.00,4.2,3738.0,https://www.amazon.in/Chanakya-Neeti-B-K-Chaturvedi/dp/8128400487/ref=zg_bs_g_1318069031_d_sccl_21/000-0000000-0000000?psc=1,4,https://www.amazon.in/gp/bestsellers/books/1318068031,8128400487,9788128400483,http://books.google.com/books/content?id=Fr5ctOKUovIC&printsec=frontcover&img=1&zoom=1&edge=curl&source=gbs_api
9789313168805,371,Objective Computer Awareness,Arihant Experts,Business & Economics,Economics,Paperback,₹90.00,4.2,890.0,https://www.amazon.in/Objective-Computer-Awareness-Arihant-Experts/dp/9325794179/ref=zg_bs_g_1318069031_d_sccl_22/000-0000000-0000000?psc=1,4,https://www.amazon.in/gp/bestsellers/books/1318068031,9313168804,9789313168805,http://books.google.com/books/content?id=MBrzDwAAQBAJ&printsec=frontcover&img=1&zoom=1&edge=curl&source=gbs_api
9789390378548,372,Option​s Trading Handbook,Mahesh Chandra Kaushik,Business & Economics,Economics,Paperback,₹155.00,4.0,1338.0,https://www.amazon.in/Option-Trading-Handbook-Chandra-Kaushik/dp/9390378540/ref=zg_bs_g_1318069031_d_sccl_23/000-0000000-0000000?psc=1,4,https://www.amazon.in/gp/bestsellers/books/1318068031,9390378540,9789390378548,http://books.google.com/books/content?id=_b8lEAAAQBAJ&printsec=frontcover&img=1&zoom=1&edge=curl&source=gbs_api
9780975601464,373,Think and Grow Rich,Napoleon Hill,Business & Economics,Economics,Audible Audiobook,₹166.00,4.4,74253.0,https://www.amazon.in/Think-and-Grow-Rich/dp/B07BN7GBW2/ref=zg_bs_g_1318069031_d_sccl_24/000-0000000-0000000?psc=1,4,https://www.amazon.in/gp/bestsellers/books/1318068031,0975601466,9780975601464,http://books.google.com/books/content?id=rYJaPwAACAAJ&printsec=frontcover&img=1&zoom=1&source=gbs_api
9788175994409,374,Before You Start Up : How to Prepare to Make Your Startup Dream a Reality,Pankaj Goyal,Business & Economics,Economics,Paperback,₹174.00,4.3,2425.0,https://www.amazon.in/Before-You-Start-Up-Prepare/dp/8175994401/ref=zg_bs_g_1318069031_d_sccl_25/000-0000000-0000000?psc=1,4,https://www.amazon.in/gp/bestsellers/books/1318068031,8175994401,9788175994409,http://books.google.com/books/content?id=-CwctAEACAAJ&printsec=frontcover&img=1&zoom=1&source=gbs_api
9781625274496,375,"Blue Ocean Strategy, Expanded Edition",W. Chan Kim,Business & Economics,Economics,Paperback,₹260.00,4.6,5109.0,https://www.amazon.in/Blue-Ocean-Strategy-Expanded-Chan/dp/B0CSH466XV/ref=zg_bs_g_1318069031_d_sccl_26/000-0000000-0000000?psc=1,4,https://www.amazon.in/gp/bestsellers/books/1318068031,1625274491,9781625274496,http://books.google.com/books/content?id=z6-RBQAAQBAJ&printsec=frontcover&img=1&zoom=1&edge=curl&source=gbs_api
9781447261261,376,Talk Like TED: The 9 Public Speaking Secrets of the World's Top Minds,Carmine Gallo,Business & Economics,Economics,Paperback,₹390.00,4.5,3593.0,https://www.amazon.in/Talk-Like-TED-Speaking-Secrets/dp/1529068657/ref=zg_bs_g_1318069031_d_sccl_27/000-0000000-0000000?psc=1,4,https://www.amazon.in/gp/bestsellers/books/1318068031,1447261267,9781447261261,http://books.google.com/books/content?id=upebAgAAQBAJ&printsec=frontcover&img=1&zoom=1&source=gbs_api
9780231555074,378,What I Learned About Investing from Darw,Pulak Prasad,Business & Economics,Economics,Hardcover,₹544.00,4.7,561.0,https://www.amazon.in/What-Learned-About-Investing-Darw/dp/0231213506/ref=zg_bs_g_1318069031_d_sccl_29/000-0000000-0000000?psc=1,4,https://www.amazon.in/gp/bestsellers/books/1318068031,0231555075,9780231555074,http://books.google.com/books/content?id=L7GLEAAAQBAJ&printsec=frontcover&img=1&zoom=1&edge=curl&source=gbs_api
9789362141613,379,Babylon Ka Sabse Ameer Aadami (The Richest Man in Babylon in Hindi),George S. Clason,Business & Economics,Economics,Paperback,₹109.00,4.5,4846.0,https://www.amazon.in/Babylon-Sabse-Ameer-Aadami-Richest/dp/9389717094/ref=zg_bs_g_1318069031_d_sccl_30/000-0000000-0000000?psc=1,4,https://www.amazon.in/gp/bestsellers/books/1318068031,9362141612,9789362141613,http://books.google.com/books/content?id=_1XVEQAAQBAJ&printsec=frontcover&img=1&zoom=1&edge=curl&source=gbs_api
9780231552110,380,The Joys Of Compounding: The Passionate Pursuit of Lifelong Learning,Gautam Baid,Business & Economics,Economics,Paperback,₹399.00,4.6,2105.0,https://www.amazon.in/Joys-Compounding-Passionate-Lifelong-Learning/dp/9390351014/ref=zg_bs_g_1318069031_d_sccl_1/000-0000000-0000000?psc=1,4,https://www.amazon.in/gp/bestsellers/books/1318068031,0231552114,9780231552110,http://books.google.com/books/content?id=84W-DwAAQBAJ&printsec=frontcover&img=1&zoom=1&source=gbs_api
9786155643071,383,Reminiscences of a Stock Operator,Edwin Lefèvre,Business & Economics,Economics,Paperback,₹302.00,4.4,3940.0,https://www.amazon.in/Reminiscences-Stock-Operator-Edwin-Lef%C3%A8vre/dp/9386867753/ref=zg_bs_g_1318069031_d_sccl_4/000-0000000-0000000?psc=1,4,https://www.amazon.in/gp/bestsellers/books/1318068031,6155643075,9786155643071,http://books.google.com/books/content?id=R5x7DwAAQBAJ&printsec=frontcover&img=1&zoom=1&edge=curl&source=gbs_api
9781482850888,385,How to Avoid Loss and Earn Consistently in the Stock Market: An Easy-to-understand and Practical Guide for Every Investor,Prasenjit Paul,Business & Economics,Economics,Paperback,₹399.00,4.4,6432.0,https://www.amazon.in/Avoid-Consistently-Stock-Market-Understand/dp/1482850885/ref=zg_bs_g_1318069031_d_sccl_6/000-0000000-0000000?psc=1,4,https://www.amazon.in/gp/bestsellers/books/1318068031,1482850885,9781482850888,http://books.google.com/books/content?id=F0f1sgEACAAJ&printsec=frontcover&img=1&zoom=1&source=gbs_api
9780671472122,387,How to Develop Self-Confidence & Influence People By Public Speaking,Dale Carnegie,Business & Economics,Economics,Paperback,₹119.00,4.4,5134.0,https://www.amazon.in/Develop-Self-Confidence-Influence-People-Speaking/dp/817599472X/ref=zg_bs_g_1318069031_d_sccl_8/000-0000000-0000000?psc=1,4,https://www.amazon.in/gp/bestsellers/books/1318068031,0671472127,9780671472122,http://books.google.com/books/content?id=FasCRBFR-roC&printsec=frontcover&img=1&zoom=1&edge=curl&source=gbs_api
9789390924219,388,The Intelligent Investor (Hindi),Benjamin Graham,Business & Economics,Economics,Paperback,₹476.00,4.3,1551.0,https://www.amazon.in/Intelligent-Investor-Hindi-Benjamin-Graham/dp/9390924219/ref=zg_bs_g_1318069031_d_sccl_9/000-0000000-0000000?psc=1,4,https://www.amazon.in/gp/bestsellers/books/1318068031,9390924219,9789390924219,http://books.google.com/books/content?id=R1-mEAAAQBAJ&printsec=frontcover&img=1&zoom=1&source=gbs_api
9780593467428,390,Material World: A Substantial Story of Our Past and Future,Ed Conway,Business & Economics,Economics,Paperback,₹676.00,4.7,702.0,https://www.amazon.in/Material-World-Substantial-Story-Future/dp/0753559161/ref=zg_bs_g_1318069031_d_sccl_11/000-0000000-0000000?psc=1,4,https://www.amazon.in/gp/bestsellers/books/1318068031,0593467426,9780593467428,http://books.google.com/books/content?id=_olEEQAAQBAJ&printsec=frontcover&img=1&zoom=1&edge=curl&source=gbs_api
9781585426591,393,Think & Grow Rich | Napoleon Hill | Hardcover | International Bestseller Book,Napoleon Hill,Business & Economics,Economics,Hardcover,₹0.01,4.4,74253.0,https://www.amazon.in/Think-Napoleon-Hardcover-International-Bestseller/dp/9391626149/ref=zg_bs_g_1318069031_d_sccl_14/000-0000000-0000000?psc=1,4,https://www.amazon.in/gp/bestsellers/books/1318068031,1585426598,9781585426591,http://books.google.com/books/content?id=P2t9O-uBVJkC&printsec=frontcover&img=1&zoom=1&source=gbs_api
9789390166275,394,The Psychology of Money (Gujarati),Morgan Housel,Business & Economics,Economics,Paperback,₹198.00,4.5,742.0,https://www.amazon.in/Psychology-Money-Gujarati-Morgan-Housel/dp/9390166837/ref=zg_bs_g_1318069031_d_sccl_15/000-0000000-0000000?psc=1,4,https://www.amazon.in/gp/bestsellers/books/1318068031,9390166276,9789390166275,http://books.google.com/books/content?id=U3f2DwAAQBAJ&printsec=frontcover&img=1&zoom=1&edge=curl&source=gbs_api
9780757316029,395,The Power of Focus: Achieving Your Goals with Clarity and Determination (Best Selling Books of All Time) (Hindi Edition),JACK CANFIELD,Business & Economics,Economics,Kindle Edition,₹61.95,4.4,396.0,https://www.amazon.in/Power-Focus-Achieving-Clarity-Determination-ebook/dp/B0816R9DJ3/ref=zg_bs_g_1318069031_d_sccl_16/000-0000000-0000000?psc=1,4,https://www.amazon.in/gp/bestsellers/books/1318068031,0757316026,9780757316029,http://books.google.com/books/content?id=LYCjAgAAQBAJ&printsec=frontcover&img=1&zoom=1&edge=curl&source=gbs_api
9788184951332,396,"Corporate Chanakya, 10th Anniversary Edition",Radhakrishnan Pillai,Business & Economics,Economics,Paperback,₹250.00,4.4,2451.0,https://www.amazon.in/Corporate-Chanakya-Radhakrishnan-Pillai/dp/8184951337/ref=zg_bs_g_1318069031_d_sccl_17/000-0000000-0000000?psc=1,4,https://www.amazon.in/gp/bestsellers/books/1318068031,8184951337,9788184951332,http://books.google.com/books/content?id=S4tzx_x2rBsC&printsec=frontcover&img=1&zoom=1&edge=curl&source=gbs_api
9781473680371,397,MASTERING THE MARKET CYCLE: Getting the odds on your side,Howard Marks,Business & Economics,Economics,Paperback,₹545.00,4.4,2745.0,https://www.amazon.in/Mastering-Market-Cycle-Getting-odds/dp/1473695686/ref=zg_bs_g_1318069031_d_sccl_18/000-0000000-0000000?psc=1,4,https://www.amazon.in/gp/bestsellers/books/1318068031,1473680379,9781473680371,http://books.google.com/books/content?id=E3YUtAEACAAJ&printsec=frontcover&img=1&zoom=1&source=gbs_api
9781530830657,399,The Arthashastra (Penguin Classics),Kautilya,Business & Economics,Economics,Paperback,₹471.00,4.5,1452.0,https://www.amazon.in/Arthashastra-Kautilya/dp/0140446036/ref=zg_bs_g_1318069031_d_sccl_20/000-0000000-0000000?psc=1,4,https://www.amazon.in/gp/bestsellers/books/1318068031,1530830656,9781530830657,http://books.google.com/books/content?id=YqXOjwEACAAJ&printsec=frontcover&img=1&zoom=1&source=gbs_api
9789356400320,400,Own Your Body: A Doctor's Life-saving Tips,Dr. Shiv K Sarin,Business & Economics,Industries,Paperback,₹335.00,5.0,4.0,https://www.amazon.in/Own-Your-Body-Doctors-Life-Saving/dp/935640030X/ref=zg_bs_g_1318071031_d_sccl_1/000-0000000-0000000?psc=1,4,https://www.amazon.in/gp/bestsellers/books/1318068031,9356400326,9789356400320,http://books.google.com/books/content?id=BJvzEAAAQBAJ&printsec=frontcover&img=1&zoom=1&source=gbs_api
9780984358106,403,The Millionaire Fastlane: Crack the Code to Wealth and Live Rich for a Lifetime,MJ DeMarco,Business & Economics,Industries,Paperback,₹283.00,4.6,12237.0,https://www.amazon.in/Millionaire-Fastlane-Crack-Wealth-Lifetime/dp/9390085497/ref=zg_bs_g_1318071031_d_sccl_4/000-0000000-0000000?psc=1,4,https://www.amazon.in/gp/bestsellers/books/1318068031,0984358102,9780984358106,http://books.google.com/books/content?id=ccWrAAAAQBAJ&printsec=frontcover&img=1&zoom=1&edge=curl&source=gbs_api
9781647825621,405,Grit (L),Angela Duckworth,Business & Economics,Industries,Paperback,₹399.00,4.5,18186.0,https://www.amazon.in/Grit-passion-resilience-secrets-success/dp/1785040200/ref=zg_bs_g_1318071031_d_sccl_6/000-0000000-0000000?psc=1,4,https://www.amazon.in/gp/bestsellers/books/1318068031,1647825628,9781647825621,http://books.google.com/books/content?id=Xh2rEAAAQBAJ&printsec=frontcover&img=1&zoom=1&edge=curl&source=gbs_api
9780307887917,406,"The Lean Startup: How Constant Innovation Creates Radically Successful Businesses [Paperback] Ries, Eric",RIES ERIC,Business & Economics,Industries,Paperback,₹582.98,4.5,13608.0,https://www.amazon.in/Lean-Startup-Innovation-Successful-Businesses/dp/0670921602/ref=zg_bs_g_1318071031_d_sccl_7/000-0000000-0000000?psc=1,4,https://www.amazon.in/gp/bestsellers/books/1318068031,030788791X,9780307887917,http://books.google.com/books/content?id=tvfyz-4JILwC&printsec=frontcover&img=1&zoom=1&source=gbs_api
9780670069323,407,HOOKED,Nir Eyal,Business & Economics,Industries,Hardcover,₹453.00,4.6,7474.0,https://www.amazon.in/HOOKED-Nir-Eyal/dp/0241184835/ref=zg_bs_g_1318071031_d_sccl_8/000-0000000-0000000?psc=1,4,https://www.amazon.in/gp/bestsellers/books/1318068031,0670069329,9780670069323,http://books.google.com/books/content?id=ljGTEAAAQBAJ&printsec=frontcover&img=1&zoom=1&source=gbs_api
9781982172008,408,Chip War,Chris Miller,Business & Economics,Industries,Paperback,₹575.00,4.7,5610.0,https://www.amazon.in/Chip-War-Dominate-Critical-Technology/dp/1398504106/ref=zg_bs_g_1318071031_d_sccl_9/000-0000000-0000000?psc=1,4,https://www.amazon.in/gp/bestsellers/books/1318068031,1982172002,9781982172008,http://books.google.com/books/content?id=JH-HEAAAQBAJ&printsec=frontcover&img=1&zoom=1&edge=curl&source=gbs_api
9780241983881,409,Measure What Matters,John Doerr,Business & Economics,Industries,Paperback,₹600.69,4.5,8656.0,https://www.amazon.in/Measure-What-Matters-John-Doerr/dp/024134848X/ref=zg_bs_g_1318071031_d_sccl_10/000-0000000-0000000?psc=1,4,https://www.amazon.in/gp/bestsellers/books/1318068031,0241983886,9780241983881,http://books.google.com/books/content?id=TPlFDwAAQBAJ&printsec=frontcover&img=1&zoom=1&source=gbs_api
9789360452964,410,"Adapt: To Thrive, not just Survive",Harit Nagpal,Business & Economics,Industries,Hardcover,₹399.00,4.8,23.0,https://www.amazon.in/Adapt-Thrive-not-just-Survive/dp/9360452963/ref=zg_bs_g_1318071031_d_sccl_11/000-0000000-0000000?psc=1,4,https://www.amazon.in/gp/bestsellers/books/1318068031,9360452963,9789360452964,http://books.google.com/books/content?id=q-0wEQAAQBAJ&printsec=frontcover&img=1&zoom=1&edge=curl&source=gbs_api
9781510019430,411,Invisible Women : the Sunday Times number one bestseller exposing the gender bias women face every day,Caroline Criado Perez,Business & Economics,Industries,Paperback,₹401.00,4.6,11092.0,https://www.amazon.in/Invisible-Women-Exposing-World-Designed/dp/1784706280/ref=zg_bs_g_1318071031_d_sccl_12/000-0000000-0000000?psc=1,4,https://www.amazon.in/gp/bestsellers/books/1318068031,151001943X,9781510019430,http://books.google.com/books/content?id=E5vjjwEACAAJ&printsec=frontcover&img=1&zoom=1&source=gbs_api
9780241981344,412,The Man Who Solved the Market: How Jim Simons Launched the Quant Revolution SHORTLISTED FOR THE FT & MCKINSEY BUSINESS BOOK OF THE YEAR AWARD 2019,Gregory Zuckerman,Business & Economics,Industries,Paperback,₹719.00,4.4,4313.0,https://www.amazon.in/Man-Who-Solved-Market-Revolution/dp/0241309727/ref=zg_bs_g_1318071031_d_sccl_13/000-0000000-0000000?psc=1,4,https://www.amazon.in/gp/bestsellers/books/1318068031,0241981344,9780241981344,http://books.google.com/books/content?id=U2yHDwAAQBAJ&printsec=frontcover&img=1&zoom=1&source=gbs_api
9780753550663,414,Elon Musk,Ashlee Vance,Business & Economics,Industries,Audible Audiobook,₹820.00,4.5,31987.0,https://www.amazon.in/Elon-Musk/dp/B079WTJ4F2/ref=zg_bs_g_1318071031_d_sccl_15/000-0000000-0000000?psc=1,4,https://www.amazon.in/gp/bestsellers/books/1318068031,0753550660,9780753550663,http://books.google.com/books/content?id=_LFSBgAAQBAJ&printsec=frontcover&img=1&zoom=1&source=gbs_api
9781491903117,415,"Designing Data-Intensive Applications: The Big Ideas Behind Reliable, Scalable, and Maintainable Systems",Martin Kleppmann,Business & Economics,Industries,Audible Audiobook,"₹1,675.00",4.7,2422.0,https://www.amazon.in/Designing-Data-Intensive-Applications-Reliable-Maintainable/dp/B08VKSRFFT/ref=zg_bs_g_1318071031_d_sccl_16/000-0000000-0000000?psc=1,4,https://www.amazon.in/gp/bestsellers/books/1318068031,1491903112,9781491903117,http://books.google.com/books/content?id=zFheDgAAQBAJ&printsec=frontcover&img=1&zoom=1&edge=curl&source=gbs_api
9780735200661,416,stdy GT Technical Analysis Financial Mar,John J. Murphy,Business & Economics,Industries,Paperback,₹989.00,3.0,774.0,https://www.amazon.in/Technical-Analysis-Financial-Markets-Institute/dp/0735200653/ref=zg_bs_g_1318071031_d_sccl_17/000-0000000-0000000?psc=1,4,https://www.amazon.in/gp/bestsellers/books/1318068031,0735200661,9780735200661,http://books.google.com/books/content?id=ojTgDwAAQBAJ&printsec=frontcover&img=1&zoom=1&source=gbs_api
9780190078973,417,The World for Sale,Jack Farchy,Business & Economics,Industries,Paperback,₹401.00,4.6,2766.0,https://www.amazon.in/World-Sale-Traders-Barter-Resources/dp/1847942679/ref=zg_bs_g_1318071031_d_sccl_18/000-0000000-0000000?psc=1,4,https://www.amazon.in/gp/bestsellers/books/1318068031,0190078979,9780190078973,http://books.google.com/books/content?id=ia8gEAAAQBAJ&printsec=frontcover&img=1&zoom=1&edge=curl&source=gbs_api
9781783085200,418,The Entrepreneurial State : Debunking Public vs. Private Sector Myths,Mariana Mazzucato,Business & Economics,Industries,Paperback,₹406.25,4.4,733.0,https://www.amazon.in/Entrepreneurial-State-Debunking-Public-Private/dp/0141986107/ref=zg_bs_g_1318071031_d_sccl_19/000-0000000-0000000?psc=1,4,https://www.amazon.in/gp/bestsellers/books/1318068031,1783085207,9781783085200,http://books.google.com/books/content?id=u-rLwAEACAAJ&printsec=frontcover&img=1&zoom=1&source=gbs_api
9781529937381,419,Unreasonable Hospitality: The Remarkable Power of Giving People More Than They Expect,Will Guidara,Business & Economics,Industries,Paperback,₹449.00,4.8,1959.0,https://www.amazon.in/Unreasonable-Hospitality-Remarkable-Giving-People/dp/1529146828/ref=zg_bs_g_1318071031_d_sccl_20/000-0000000-0000000?psc=1,4,https://www.amazon.in/gp/bestsellers/books/1318068031,1529937388,9781529937381,http://books.google.com/books/content?id=wdLkEAAAQBAJ&printsec=frontcover&img=1&zoom=1&source=gbs_api
9788184007527,420,Everyday Ayurveda (Hindi),BHASWATI BHATTACHARYA,Business & Economics,Industries,Paperback,₹205.00,3.9,65.0,https://www.amazon.in/Everyday-Ayurveda-Bhaswati-Bhattacharya/dp/0143429868/ref=zg_bs_g_1318071031_d_sccl_21/000-0000000-0000000?psc=1,4,https://www.amazon.in/gp/bestsellers/books/1318068031,8184007523,9788184007527,http://books.google.com/books/content?id=9cmUCgAAQBAJ&printsec=frontcover&img=1&zoom=1&edge=curl&source=gbs_api
9789356991491,421,"The Great Indian Cricket Circus: Amazing Facts, Stats and Everything in Between",Joy Bhattacharjya,Business & Economics,Industries,Paperback,₹406.25,4.6,34.0,https://www.amazon.in/Great-Indian-Cricket-Circus-Everything/dp/9356991154/ref=zg_bs_g_1318071031_d_sccl_22/000-0000000-0000000?psc=1,4,https://www.amazon.in/gp/bestsellers/books/1318068031,9356991499,9789356991491,http://books.google.com/books/content?id=JQ7MEAAAQBAJ&printsec=frontcover&img=1&zoom=1&source=gbs_api
9781529350104,422,METABOLICAL,Dr Robert Lustig,Business & Economics,Industries,Paperback,₹500.00,4.6,3779.0,https://www.amazon.in/METABOLICAL-Dr-Robert-Lustig/dp/1529350077/ref=zg_bs_g_1318071031_d_sccl_23/000-0000000-0000000?psc=1,4,https://www.amazon.in/gp/bestsellers/books/1318068031,1529350107,9781529350104,http://books.google.com/books/content?id=yEh2zgEACAAJ&printsec=frontcover&img=1&zoom=1&source=gbs_api
9781625274502,423,"Blue Ocean Strategy, Expanded Edition",Renee A. Mauborgne,Business & Economics,Industries,Hardcover,₹958.00,4.6,5109.0,https://www.amazon.in/Blue-Ocean-Strategy-Uncontested-Competition/dp/1625274491/ref=zg_bs_g_1318071031_d_sccl_24/000-0000000-0000000?psc=1,4,https://www.amazon.in/gp/bestsellers/books/1318068031,1625274505,9781625274502,http://books.google.com/books/content?id=gwypBQAAQBAJ&printsec=frontcover&img=1&zoom=1&edge=curl&source=gbs_api
9780753555637,424,Elon Musk (B),Ashlee Vance,Business & Economics,Industries,Paperback,₹395.00,4.5,31987.0,https://www.amazon.in/Elon-Musk-Billionaire-SpaceX-Shaping/dp/0753555646/ref=zg_bs_g_1318071031_d_sccl_25/000-0000000-0000000?psc=1,4,https://www.amazon.in/gp/bestsellers/books/1318068031,0753555638,9780753555637,http://books.google.com/books/content?id=1bLDoAEACAAJ&printsec=frontcover&img=1&zoom=1&source=gbs_api
9780385468473,425,Sam Walton : Made In America,Sam Walton,Business & Economics,Industries,Mass Market Paperback,₹267.00,4.4,6847.0,https://www.amazon.in/Sam-Walton-Made-America/dp/0553562835/ref=zg_bs_g_1318071031_d_sccl_26/000-0000000-0000000?psc=1,4,https://www.amazon.in/gp/bestsellers/books/1318068031,0385468474,9780385468473,http://books.google.com/books/content?id=ZnnpIsaM8KgC&printsec=frontcover&img=1&zoom=1&source=gbs_api
9780552167833,426,The Everything Store: Jeff Bezos and the Age of Amazon,Brad Stone,Business & Economics,Industries,Paperback,₹404.00,4.5,11834.0,https://www.amazon.in/Everything-Store-Jeff-Bezos-Amazon/dp/0552167835/ref=zg_bs_g_1318071031_d_sccl_27/000-0000000-0000000?psc=1,4,https://www.amazon.in/gp/bestsellers/books/1318068031,0552167835,9780552167833,http://books.google.com/books/content?id=31A4nwEACAAJ&printsec=frontcover&img=1&zoom=1&source=gbs_api
9780670093946,427,Mind of a Consultant : Leveraging a Consulting Mindset for Professional Success,Sandeep K. Krishnan,Business & Economics,Industries,Hardcover,₹406.25,4.4,137.0,https://www.amazon.in/Mind-Consultant-Leveraging-Consulting-Professional/dp/0670093947/ref=zg_bs_g_1318071031_d_sccl_28/000-0000000-0000000?psc=1,4,https://www.amazon.in/gp/bestsellers/books/1318068031,0670093947,9780670093946,http://books.google.com/books/content?id=CLNlzgEACAAJ&printsec=frontcover&img=1&zoom=1&source=gbs_api
9789356994782,428,The Final Farewell: Understanding the Last Rites and Rituals of India's Major Faiths,Minakshi Dewan,Business & Economics,Industries,Paperback,₹324.00,4.8,26.0,https://www.amazon.in/Final-Farewell-Understanding-Rituals-Indias/dp/9356994781/ref=zg_bs_g_1318071031_d_sccl_29/000-0000000-0000000?psc=1,4,https://www.amazon.in/gp/bestsellers/books/1318068031,9356994781,9789356994782,http://books.google.com/books/content?id=dB870AEACAAJ&printsec=frontcover&img=1&zoom=1&source=gbs_api
9788184007558,429,Bhujia Barons : The Untold Story of How Haldiram Built a Rs 5000-crore Empire,PAVITRA KUMAR,Business & Economics,Industries,Paperback,₹272.00,4.0,525.0,https://www.amazon.in/Bhujia-Barons-Untold-Haldiram-Empire/dp/8184007558/ref=zg_bs_g_1318071031_d_sccl_30/000-0000000-0000000?psc=1,4,https://www.amazon.in/gp/bestsellers/books/1318068031,8184007558,9788184007558,http://books.google.com/books/content?id=_35WAQAACAAJ&printsec=frontcover&img=1&zoom=1&source=gbs_api
9780241982280,430,The Communication Book: 44 Ideas for Better Conversations Every Day,Mikael Krogerus,Business & Economics,Industries,Kindle Edition,₹185.23,4.2,951.0,https://www.amazon.in/Communication-Book-Ideas-Better-Conversations-ebook/dp/B0762DB43J/ref=zg_bs_g_1318071031_d_sccl_1/000-0000000-0000000?psc=1,4,https://www.amazon.in/gp/bestsellers/books/1318068031,0241982286,9780241982280,http://books.google.com/books/content?id=XmSTtAEACAAJ&printsec=frontcover&img=1&zoom=1&source=gbs_api
9781399804455,431,Power and Progress: Our Thousand-Year Struggle Over Technology and Prosperity,Simon Johnson,Business & Economics,Industries,Paperback,₹617.00,4.3,285.0,https://www.amazon.in/Power-Progress-Thousand-Year-Technology-Prosperity/dp/1399804464/ref=zg_bs_g_1318071031_d_sccl_2/000-0000000-0000000?psc=1,4,https://www.amazon.in/gp/bestsellers/books/1318068031,1399804456,9781399804455,http://books.google.com/books/content?id=nmGczwEACAAJ&printsec=frontcover&img=1&zoom=1&source=gbs_api
9781760985240,434,"Working Backwards: Insights, Stories and Secrets from Inside Amazon",Colin Bryar,Business & Economics,Industries,Audible Audiobook,₹323.00,4.5,2823.0,https://www.amazon.in/Working-Backwards-Insights-Stories-Secrets/dp/B08KSCD25N/ref=zg_bs_g_1318071031_d_sccl_5/000-0000000-0000000?psc=1,4,https://www.amazon.in/gp/bestsellers/books/1318068031,1760985244,9781760985240,http://books.google.com/books/content?id=YBMIEAAAQBAJ&printsec=frontcover&img=1&zoom=1&source=gbs_api
9781612680569,435,Business School,Robert T Kiyosaki,Business & Economics,Industries,Paperback,₹227.00,4.4,2107.0,https://www.amazon.in/Business-School-Robert-T-Kiyosaki/dp/818677582X/ref=zg_bs_g_1318071031_d_sccl_6/000-0000000-0000000?psc=1,4,https://www.amazon.in/gp/bestsellers/books/1318068031,1612680569,9781612680569,http://books.google.com/books/content?id=zYKztQEACAAJ&printsec=frontcover&img=1&zoom=1&source=gbs_api
9789357083799,436,Lilliput Land: How Small is Driving India's Mega Consumption Story,Rama Bijapurkar,Business & Economics,Industries,Hardcover,₹551.00,0.0,0.0,https://www.amazon.in/Lilliput-Land-Driving-Indias-Consumption/dp/014346549X/ref=zg_bs_g_1318071031_d_sccl_7/000-0000000-0000000?psc=1,4,https://www.amazon.in/gp/bestsellers/books/1318068031,9357083790,9789357083799,http://books.google.com/books/content?id=OG7-EAAAQBAJ&printsec=frontcover&img=1&zoom=1&edge=curl&source=gbs_api
9789352140046,437,Pandeymonium : Piyush Pandey on Advertising,Piyush Pandey,Business & Economics,Industries,Paperback,₹334.00,4.5,820.0,https://www.amazon.in/Pandeymonium-Piyush-Pandey-Advertising/dp/0143427652/ref=zg_bs_g_1318071031_d_sccl_8/000-0000000-0000000?psc=1,4,https://www.amazon.in/gp/bestsellers/books/1318068031,9352140044,9789352140046,http://books.google.com/books/content?id=m7e9CgAAQBAJ&printsec=frontcover&img=1&zoom=1&source=gbs_api
9788184006490,438,Supermarketwala : Secrets To Winning Consumer India,Damodar Mall,Business & Economics,Industries,Paperback,₹270.00,4.1,194.0,https://www.amazon.in/Supermarketwala-Secrets-Winning-Consumer-India/dp/8184003854/ref=zg_bs_g_1318071031_d_sccl_9/000-0000000-0000000?psc=1,4,https://www.amazon.in/gp/bestsellers/books/1318068031,8184006497,9788184006490,http://books.google.com/books/content?id=eZ5xBAAAQBAJ&printsec=frontcover&img=1&zoom=1&edge=curl&source=gbs_api
9780615978628,439,Hooked: How to Build Habit-Forming Products,Nir Eyal,Business & Economics,Industries,Kindle Edition,₹309.30,4.6,7474.0,https://www.amazon.in/Hooked-How-Build-Habit-Forming-Products-ebook/dp/B00NW01MKM/ref=zg_bs_g_1318071031_d_sccl_10/000-0000000-0000000?psc=1,4,https://www.amazon.in/gp/bestsellers/books/1318068031,0615978622,9780615978628,http://books.google.com/books/content?id=xpIloAEACAAJ&printsec=frontcover&img=1&zoom=1&source=gbs_api
9789389109849,440,An Incomplete Life: The Autobiography,Vijaypat Singhania,Business & Economics,Industries,Hardcover,₹455.00,4.3,451.0,https://www.amazon.in/Incomplete-Life-Vijaypat-Singhania/dp/9389109833/ref=zg_bs_g_1318071031_d_sccl_11/000-0000000-0000000?psc=1,4,https://www.amazon.in/gp/bestsellers/books/1318068031,9389109841,9789389109849,http://books.google.com/books/content?id=sidLEAAAQBAJ&printsec=frontcover&img=1&zoom=1&source=gbs_api
9781400225415,441,Becoming Trader Joe,Joe Coulombe,Business & Economics,Industries,Paperback,₹529.69,4.3,675.0,https://www.amazon.in/Becoming-Trader-Joe-Business-Still/dp/1400225434/ref=zg_bs_g_1318071031_d_sccl_12/000-0000000-0000000?psc=1,4,https://www.amazon.in/gp/bestsellers/books/1318068031,1400225418,9781400225415,http://books.google.com/books/content?id=Q_cIEAAAQBAJ&printsec=frontcover&img=1&zoom=1&source=gbs_api
9781942788300,443,"The Phoenix Project: A Novel about It, Devops, and Helping Your Business Win",Gene Kim,Business & Economics,Industries,Paperback,"₹1,589.64",4.6,19613.0,https://www.amazon.in/Phoenix-Project-Devops-Helping-Business/dp/1942788290/ref=zg_bs_g_1318071031_d_sccl_14/000-0000000-0000000?psc=1,4,https://www.amazon.in/gp/bestsellers/books/1318068031,1942788304,9781942788300,http://books.google.com/books/content?id=H6x-DwAAQBAJ&printsec=frontcover&img=1&zoom=1&edge=curl&source=gbs_api
9781444792478,446,HOW GOOGLE WORKS (REISSUE),Eric Schmidt,Business & Economics,Industries,Paperback,₹413.00,4.4,4023.0,https://www.amazon.in/Google-Works-Rosenberg-Jonathan-Schmidt/dp/1444792490/ref=zg_bs_g_1318071031_d_sccl_17/000-0000000-0000000?psc=1,4,https://www.amazon.in/gp/bestsellers/books/1318068031,1444792474,9781444792478,http://books.google.com/books/content?id=WkDvngEACAAJ&printsec=frontcover&img=1&zoom=1&source=gbs_api
9789393757029,447,HOTEL ADVENTURES WITH THE STARS!,L. Aruna Dhir,Business & Economics,Industries,Kindle Edition,₹210.00,4.7,169.0,https://www.amazon.in/HOTEL-ADVENTURES-STARS-Aruna-Dhir-ebook/dp/B0BY3JVJ12/ref=zg_bs_g_1318071031_d_sccl_18/000-0000000-0000000?psc=1,4,https://www.amazon.in/gp/bestsellers/books/1318068031,939375702X,9789393757029,http://books.google.com/books/content?id=ueTvEAAAQBAJ&printsec=frontcover&img=1&zoom=1&edge=curl&source=gbs_api
9780609504239,448,What the CEO Wants You to Know: How Your Company Really Works,Ram Charan,Business & Economics,Industries,Paperback,₹389.00,4.4,531.0,https://www.amazon.in/What-CEO-Wants-You-Know/dp/1847942180/ref=zg_bs_g_1318071031_d_sccl_19/000-0000000-0000000?psc=1,4,https://www.amazon.in/gp/bestsellers/books/1318068031,0609504231,9780609504239,http://books.google.com/books/content?id=Eu0P8UCnMhkC&printsec=frontcover&img=1&zoom=1&source=gbs_api
9781119523260,449,(ISC)2 CISSP Certified Information Systems Security Professional Official Study Guide & Practice Tests Bundle,Mike Chapple,Business & Economics,Industries,Paperback,"₹5,210.00",4.7,1208.0,https://www.amazon.in/Certified-Information-Security-Professional-Official/dp/1119790026/ref=zg_bs_g_1318071031_d_sccl_20/000-0000000-0000000?psc=1,4,https://www.amazon.in/gp/bestsellers/books/1318068031,1119523265,9781119523260,http://books.google.com/books/content?id=kIcXtQEACAAJ&printsec=frontcover&img=1&zoom=1&source=gbs_api
9789354404009,450,"My First Shaped Board book - Elephant, Die-Cut Animals, Picture Book for Children",Wonder House Books,Children's Books,Animals & Pets,Board book,₹89.00,4.5,611.0,https://www.amazon.in/My-First-Shaped-Board-book-Elephant-Die-Cut-Animals-Children/dp/9354404006/ref=zg_bs_g_67803455031_d_sccl_1/000-0000000-0000000?psc=1,34,https://www.amazon.in/gp/bestsellers/books/64619755031,9354404006,9789354404009,http://books.google.com/books/content?id=sygR0AEACAAJ&printsec=frontcover&img=1&zoom=1&source=gbs_api
9789354403934,451,"My First Shaped Board Book - Dog, Die-Cut Animals, Picture Book for Children",Wonder House Books,Children's Books,Animals & Pets,Board book,₹89.00,4.6,281.0,https://www.amazon.in/My-First-Shaped-Board-Book-Die-Cut-Animals-Picture-Children/dp/935440393X/ref=zg_bs_g_67803455031_d_sccl_2/000-0000000-0000000?psc=1,34,https://www.amazon.in/gp/bestsellers/books/64619755031,935440393X,9789354403934,http://books.google.com/books/content?id=4U8P0AEACAAJ&printsec=frontcover&img=1&zoom=1&source=gbs_api
9780141380933,452,The Very Hungry Caterpillar [Board book] Eric Carle,Eric Carle,Children's Books,Animals & Pets,Board book,₹262.00,4.7,88951.0,https://www.amazon.in/Very-Hungry-Caterpillar-Eric-Carle/dp/0241003008/ref=zg_bs_g_67803455031_d_sccl_3/000-0000000-0000000?psc=1,34,https://www.amazon.in/gp/bestsellers/books/64619755031,0141380934,9780141380933,http://books.google.com/books/content?id=57ZLGwAACAAJ&printsec=frontcover&img=1&zoom=1&source=gbs_api
9789389432350,453,Seek And Find - Animals : Early Learning Board Books With Tabs,Wonder House Books,Children's Books,Animals & Pets,Board book,₹199.00,4.5,1541.0,https://www.amazon.in/Seek-Find-Animals-Early-Learning/dp/9389432359/ref=zg_bs_g_67803455031_d_sccl_4/000-0000000-0000000?psc=1,34,https://www.amazon.in/gp/bestsellers/books/64619755031,9389432359,9789389432350,http://books.google.com/books/content?id=4CW3zwEACAAJ&printsec=frontcover&img=1&zoom=1&source=gbs_api
9780241959565,454,Touch and Feel Playbook (The Very Hungry Caterpillar) [Paperback] Eric Carle,Carle Eric,Children's Books,Animals & Pets,Board book,₹324.00,4.5,2342.0,https://www.amazon.in/Touch-Feel-Playbook-Hungry-Caterpillar/dp/024195956X/ref=zg_bs_g_67803455031_d_sccl_5/000-0000000-0000000?psc=1,34,https://www.amazon.in/gp/bestsellers/books/64619755031,024195956X,9780241959565,http://books.google.com/books/content?id=OdCcMQEACAAJ&printsec=frontcover&img=1&zoom=1&source=gbs_api
9789388144940,455,My First Animal Sticker Book: Exciting Sticker Book With 100 Stickers,Wonder House Books,Children's Books,Animals & Pets,Paperback,₹155.00,4.4,1963.0,https://www.amazon.in/My-First-Animal-Sticker-Book/dp/9388144945/ref=zg_bs_g_67803455031_d_sccl_6/000-0000000-0000000?psc=1,34,https://www.amazon.in/gp/bestsellers/books/64619755031,9388144945,9789388144940,http://books.google.com/books/content?id=Xj1u0AEACAAJ&printsec=frontcover&img=1&zoom=1&source=gbs_api
9780593175002,456,"HELLO, WORLD! SOLAR SYSTEM",Jill McDonald,Children's Books,Animals & Pets,Board book,₹275.00,4.6,9808.0,https://www.amazon.in/HELLO-WORLD-SOLAR-SYSTEM-MCDONALD/dp/0553521039/ref=zg_bs_g_67803455031_d_sccl_7/000-0000000-0000000?psc=1,34,https://www.amazon.in/gp/bestsellers/books/64619755031,059317500X,9780593175002,http://books.google.com/books/content?id=kD7PDwAAQBAJ&printsec=frontcover&img=1&zoom=1&source=gbs_api
9781338139082,457,THE KOALA WHO COULD BOARD BOOK,Rachel Bright,Children's Books,Animals & Pets,Board book,₹268.00,4.7,6586.0,https://www.amazon.in/KOALA-WHO-COULD-BOARD-BOOK/dp/140835148X/ref=zg_bs_g_67803455031_d_sccl_8/000-0000000-0000000?psc=1,34,https://www.amazon.in/gp/bestsellers/books/64619755031,1338139088,9781338139082,http://books.google.com/books/content?id=0pXsnAAACAAJ&printsec=frontcover&img=1&zoom=1&source=gbs_api
9789354406539,458,"My First Shaped Board book - Monkey, Die-Cut Animals, Picture Book for Children",Wonder House Books,Children's Books,Animals & Pets,Board book,₹99.00,4.5,334.0,https://www.amazon.in/My-First-Shaped-Board-book-Die-Cut-Animals-Picture-Children/dp/9354404022/ref=zg_bs_g_67803455031_d_sccl_9/000-0000000-0000000?psc=1,34,https://www.amazon.in/gp/bestsellers/books/64619755031,935440653X,9789354406539,http://books.google.com/books/content?id=IYBi0AEACAAJ&printsec=frontcover&img=1&zoom=1&source=gbs_api
9789354404634,459,My First Shaped Board Book: Illustrated Lion - Animal Picture Book for Kids Age 2+ Board book (My First Shaped Board Books),Wonder House Books,Children's Books,Animals & Pets,Board book,₹89.00,4.5,106.0,https://www.amazon.in/First-Shaped-Board-Book-Illustrated/dp/9354404634/ref=zg_bs_g_67803455031_d_sccl_10/000-0000000-0000000?psc=1,34,https://www.amazon.in/gp/bestsellers/books/64619755031,9354404634,9789354404634,http://books.google.com/books/content?id=0g4P0AEACAAJ&printsec=frontcover&img=1&zoom=1&source=gbs_api
9781408378458,460,THE KOALA WHO COULD,Rachel Bright,Children's Books,Animals & Pets,Paperback,₹289.00,4.7,6586.0,https://www.amazon.in/Koala-Who-Could-Rachel-Bright/dp/1408331640/ref=zg_bs_g_67803455031_d_sccl_11/000-0000000-0000000?psc=1,34,https://www.amazon.in/gp/bestsellers/books/64619755031,1408378450,9781408378458,http://books.google.com/books/content?id=kVK20QEACAAJ&printsec=frontcover&img=1&zoom=1&source=gbs_api
9780723296232,461,Peppa Pig : Peppa's Super Noisy Sound Bo,,Children's Books,Animals & Pets,Hardcover,₹477.00,4.5,7424.0,https://www.amazon.in/Peppa-Pig-Peppas-Super-Noisy/dp/0723296235/ref=zg_bs_g_67803455031_d_sccl_12/000-0000000-0000000?psc=1,34,https://www.amazon.in/gp/bestsellers/books/64619755031,0723296235,9780723296232,http://books.google.com/books/content?id=doCKoAEACAAJ&printsec=frontcover&img=1&zoom=1&source=gbs_api
9789389567403,462,The Always Happy Series: Yuki the unicorn - A fun Story About Making The Most Of Things - Beautifully Illustrated Picture Book For Children,Wonder House Books,Children's Books,Animals & Pets,Paperback,₹137.00,4.4,111.0,https://www.amazon.in/Always-Happy-Beautifully-Illustrated-Children/dp/9354405258/ref=zg_bs_g_67803455031_d_sccl_13/000-0000000-0000000?psc=1,34,https://www.amazon.in/gp/bestsellers/books/64619755031,9389567408,9789389567403,http://books.google.com/books/content?id=Gh7ZzwEACAAJ&printsec=frontcover&img=1&zoom=1&source=gbs_api
9780735229358,463,The Rabbit Listened,Cori Doerrfeld,Children's Books,Animals & Pets,Hardcover,₹389.00,4.9,4309.0,https://www.amazon.in/Rabbit-Listened-Cori-Doerrfeld/dp/073522935X/ref=zg_bs_g_67803455031_d_sccl_14/000-0000000-0000000?psc=1,34,https://www.amazon.in/gp/bestsellers/books/64619755031,073522935X,9780735229358,http://books.google.com/books/content?id=gYtIDwAAQBAJ&printsec=frontcover&img=1&zoom=1&source=gbs_api
9780008411312,464,The Last Bear: Winner of the Blue Peter Award – ‘A dazzling debut’ THE TIMES,Hannah Gold,Children's Books,Animals & Pets,Paperback,₹275.00,4.7,1900.0,https://www.amazon.in/Last-Bear-stunning-childrens-battle/dp/000841131X/ref=zg_bs_g_67803455031_d_sccl_15/000-0000000-0000000?psc=1,34,https://www.amazon.in/gp/bestsellers/books/64619755031,000841131X,9780008411312,http://books.google.com/books/content?id=lHkMzgEACAAJ&printsec=frontcover&img=1&zoom=1&source=gbs_api
9789354405389,465,Animal Fun Reusable Sticker Book For Children,Wonder House Books,Children's Books,Animals & Pets,Paperback,₹199.00,4.1,71.0,https://www.amazon.in/Animal-Reusable-Sticker-Book-Children/dp/935440538X/ref=zg_bs_g_67803455031_d_sccl_16/000-0000000-0000000?psc=1,34,https://www.amazon.in/gp/bestsellers/books/64619755031,935440538X,9789354405389,http://books.google.com/books/content?id=z0IR0AEACAAJ&printsec=frontcover&img=1&zoom=1&source=gbs_api
9781409306689,466,Ladybird Big Noisy Book : Farm Hullaball,,Children's Books,Animals & Pets,Board book,₹481.00,4.6,2357.0,https://www.amazon.in/Ladybird-Big-Noisy-Book-Hullaballoo/dp/1409306682/ref=zg_bs_g_67803455031_d_sccl_17/000-0000000-0000000?psc=1,34,https://www.amazon.in/gp/bestsellers/books/64619755031,1409306682,9781409306689,http://books.google.com/books/content?id=F4ePEAAAQBAJ&printsec=frontcover&img=1&zoom=1&source=gbs_api
9789390093625,467,Farm - Illustrated Book On Farm Animals,Farzana Sarup,Children's Books,Animals & Pets,Paperback,₹89.00,4.4,1066.0,https://www.amazon.in/Farm-Illustrated-Book-Animals-Lets/dp/9389053129/ref=zg_bs_g_67803455031_d_sccl_18/000-0000000-0000000?psc=1,34,https://www.amazon.in/gp/bestsellers/books/64619755031,9390093627,9789390093625,http://books.google.com/books/content?id=KU7VEQAAQBAJ&printsec=frontcover&img=1&zoom=1&edge=curl&source=gbs_api
9789356295513,468,THE GOPI DIARIES BOXSET: set of 3 books,Sudha Murty,Children's Books,Animals & Pets,Hardcover,₹744.00,4.7,160.0,https://www.amazon.in/Gopi-Diaries-Boxset-set-books/dp/9356295522/ref=zg_bs_g_67803455031_d_sccl_19/000-0000000-0000000?psc=1,34,https://www.amazon.in/gp/bestsellers/books/64619755031,9356295514,9789356295513,http://books.google.com/books/content?id=D_KVEAAAQBAJ&printsec=frontcover&img=1&zoom=1&source=gbs_api
9789354404016,469,"My First Shaped Board book - Panda, Die-Cut Animals, Picture Book for Children",Wonder House Books,Children's Books,Animals & Pets,Board book,₹89.00,4.5,97.0,https://www.amazon.in/My-First-Shaped-Board-book-Die-Cut-Animals-Picture-Children/dp/9354404014/ref=zg_bs_g_67803455031_d_sccl_20/000-0000000-0000000?psc=1,34,https://www.amazon.in/gp/bestsellers/books/64619755031,9354404014,9789354404016,http://books.google.com/books/content?id=ziwQ0AEACAAJ&printsec=frontcover&img=1&zoom=1&source=gbs_api
9789357088220,470,How The Bamboo Got Its Bounty,Sudha Murty,Children's Books,Animals & Pets,Hardcover,₹137.00,4.6,14.0,https://www.amazon.in/How-Bamboo-Got-Its-Bounty/dp/0143458191/ref=zg_bs_g_67803455031_d_sccl_21/000-0000000-0000000?psc=1,34,https://www.amazon.in/gp/bestsellers/books/64619755031,9357088229,9789357088220,http://books.google.com/books/content?id=YYDyEAAAQBAJ&printsec=frontcover&img=1&zoom=1&source=gbs_api
9780241787410,471,Peppa Pig: Bedtime Little Library [Board book] Peppa Pig,Peppa Pig,Children's Books,Animals & Pets,Board book,₹194.00,4.4,5922.0,https://www.amazon.in/Peppa-Pig-Bedtime-Little-Library/dp/0241294053/ref=zg_bs_g_67803455031_d_sccl_22/000-0000000-0000000?psc=1,34,https://www.amazon.in/gp/bestsellers/books/64619755031,0241787416,9780241787410,http://books.google.com/books/content?id=S7-m0QEACAAJ&printsec=frontcover&img=1&zoom=1&source=gbs_api
9781408354414,472,GIRAFFES CAN'T DANCE CASED BOARD BOOK,Guy Parker-Rees,Children's Books,Animals & Pets,Board book,₹259.00,4.6,2278.0,https://www.amazon.in/GIRAFFES-CANT-DANCE-CASED-BOARD/dp/1408354403/ref=zg_bs_g_67803455031_d_sccl_23/000-0000000-0000000?psc=1,34,https://www.amazon.in/gp/bestsellers/books/64619755031,1408354411,9781408354414,http://books.google.com/books/content?id=h4vktgEACAAJ&printsec=frontcover&img=1&zoom=1&source=gbs_api
9789354400124,473,My First Pop-Up Fairy Tales - Three Little Pigs : Pop up Books for children,Wonder House Books,Children's Books,Animals & Pets,Hardcover,₹137.00,4.3,368.0,https://www.amazon.in/My-First-Pop-Up-Fairy-Tales/dp/9354400124/ref=zg_bs_g_67803455031_d_sccl_24/000-0000000-0000000?psc=1,34,https://www.amazon.in/gp/bestsellers/books/64619755031,9354400124,9789354400124,http://books.google.com/books/content?id=pMkQ0AEACAAJ&printsec=frontcover&img=1&zoom=1&source=gbs_api
9789354403668,474,Pick and Paint Coloring Activity Book For Kids: Unicorn,Wonder House Books,Children's Books,Animals & Pets,Paperback,₹89.00,3.9,124.0,https://www.amazon.in/Pick-Paint-Coloring-Activity-Book/dp/9354403662/ref=zg_bs_g_67803455031_d_sccl_25/000-0000000-0000000?psc=1,34,https://www.amazon.in/gp/bestsellers/books/64619755031,9354403662,9789354403668,http://books.google.com/books/content?id=ZdkO0AEACAAJ&printsec=frontcover&img=1&zoom=1&source=gbs_api
9789387779716,475,Colouring Book of Animals: Creative Crayons Series - Crayon Copy Colour Books,Wonder House Books,Children's Books,Animals & Pets,Paperback,₹56.00,4.3,911.0,https://www.amazon.in/Creative-Crayons-Animals-Crayon-Colour/dp/9387779718/ref=zg_bs_g_67803455031_d_sccl_26/000-0000000-0000000?psc=1,34,https://www.amazon.in/gp/bestsellers/books/64619755031,9387779718,9789387779716,http://books.google.com/books/content?id=5v3ZzwEACAAJ&printsec=frontcover&img=1&zoom=1&source=gbs_api
9780241578605,476,Peppa Pig: 1000 First Words Sticker Book,LADYBIRD,Children's Books,Animals & Pets,Paperback,₹259.00,4.6,3678.0,https://www.amazon.in/Peppa-Pig-First-Words-Sticker/dp/0241294649/ref=zg_bs_g_67803455031_d_sccl_27/000-0000000-0000000?psc=1,34,https://www.amazon.in/gp/bestsellers/books/64619755031,0241578604,9780241578605,http://books.google.com/books/content?id=eMbGEAAAQBAJ&printsec=frontcover&img=1&zoom=1&source=gbs_api
9780241379141,477,Baby Touch: Animals Tab Book,LADYBIRD,Children's Books,Animals & Pets,Board book,₹292.00,4.6,2599.0,https://www.amazon.in/Baby-Touch-Animals-Tab-Book/dp/0241379148/ref=zg_bs_g_67803455031_d_sccl_28/000-0000000-0000000?psc=1,34,https://www.amazon.in/gp/bestsellers/books/64619755031,0241379148,9780241379141,http://books.google.com/books/content?id=q7zDuwEACAAJ&printsec=frontcover&img=1&zoom=1&source=gbs_api
9781408349045,478,THE LION INSIDE: Toddler,Rachel Bright,Children's Books,Animals & Pets,Paperback,₹715.00,4.7,7718.0,https://www.amazon.in/Lion-Inside-Toddler-Rachel-Bright/dp/1408331608/ref=zg_bs_g_67803455031_d_sccl_29/000-0000000-0000000?psc=1,34,https://www.amazon.in/gp/bestsellers/books/64619755031,1408349043,9781408349045,http://books.google.com/books/content?id=NfY-vgAACAAJ&printsec=frontcover&img=1&zoom=1&source=gbs_api
9780241252673,480,Peppa Pig Super Stickers Activity Book,,Children's Books,Animals & Pets,Paperback,₹259.00,4.6,3609.0,https://www.amazon.in/Peppa-Pig-Super-Stickers-Activity/dp/0241252679/ref=zg_bs_g_67803455031_d_sccl_1/000-0000000-0000000?psc=1,34,https://www.amazon.in/gp/bestsellers/books/64619755031,0241252679,9780241252673,http://books.google.com/books/content?id=7mwajwEACAAJ&printsec=frontcover&img=1&zoom=1&source=gbs_api
9780545415606,481,GERONIMO STILTON: THE KINGDOM OF FANTASY,GERONIMO STILTON,Children's Books,Animals & Pets,Paperback,₹380.00,4.6,3955.0,https://www.amazon.in/GERONIMO-STILTON-KINGDOM-FANTASY/dp/0545980259/ref=zg_bs_g_67803455031_d_sccl_2/000-0000000-0000000?psc=1,34,https://www.amazon.in/gp/bestsellers/books/64619755031,0545415608,9780545415606,http://books.google.com/books/content?id=AvBvB2Ux7UUC&printsec=frontcover&img=1&zoom=1&edge=curl&source=gbs_api
9789354404498,482,My First Shaped Board Book: Illustrated Cat - Animal Picture Book for Kids Age 2+ Board book (My First Shaped Board Books),Wonder House Books,Children's Books,Animals & Pets,Board book,₹89.00,4.7,94.0,https://www.amazon.in/First-Shaped-Board-Book-Illustrated/dp/9354404499/ref=zg_bs_g_67803455031_d_sccl_3/000-0000000-0000000?psc=1,34,https://www.amazon.in/gp/bestsellers/books/64619755031,9354404499,9789354404498,http://books.google.com/books/content?id=fdcQ0AEACAAJ&printsec=frontcover&img=1&zoom=1&source=gbs_api
9789353766382,483,Encyclopedia : My Encyclopedia of Space - What? Why? How? When?,Om Books Editorial Team,Children's Books,Animals & Pets,Paperback,₹230.00,4.5,562.0,https://www.amazon.in/Encyclopedia-Space-What-Why-When/dp/9353766389/ref=zg_bs_g_67803455031_d_sccl_4/000-0000000-0000000?psc=1,34,https://www.amazon.in/gp/bestsellers/books/64619755031,9353766389,9789353766382,http://books.google.com/books/content?id=vY9m0AEACAAJ&printsec=frontcover&img=1&zoom=1&source=gbs_api
9780545030106,484,Llama Llama Red Pajama,Anna Dewdney,Children's Books,Animals & Pets,Board book,₹344.00,4.8,11992.0,https://www.amazon.in/Llama-Red-Pajama-Anna-Dewdney/dp/0451474570/ref=zg_bs_g_67803455031_d_sccl_5/000-0000000-0000000?psc=1,34,https://www.amazon.in/gp/bestsellers/books/64619755031,0545030102,9780545030106,http://books.google.com/books/content?id=z0TuMgAACAAJ&printsec=frontcover&img=1&zoom=1&source=gbs_api
9780241440667,486,Peppa Pig: Little Library [Board book] Peppa Pig,,Children's Books,Animals & Pets,Board book,₹200.00,4.3,23598.0,https://www.amazon.in/Peppa-Pig-Little-Library-Ladybird/dp/1409303187/ref=zg_bs_g_67803455031_d_sccl_7/000-0000000-0000000?psc=1,34,https://www.amazon.in/gp/bestsellers/books/64619755031,0241440661,9780241440667,http://books.google.com/books/content?id=XXprzQEACAAJ&printsec=frontcover&img=1&zoom=1&source=gbs_api
9781509851577,487,Monkey Puzzle,Julia Donaldson,Children's Books,Animals & Pets,Board book,₹284.00,4.7,9365.0,https://www.amazon.in/Monkey-Puzzle-Julia-Donaldson/dp/1509830413/ref=zg_bs_g_67803455031_d_sccl_8/000-0000000-0000000?psc=1,34,https://www.amazon.in/gp/bestsellers/books/64619755031,1509851577,9781509851577,http://books.google.com/books/content?id=NQ8uzwEACAAJ&printsec=frontcover&img=1&zoom=1&source=gbs_api
9789354404566,488,My First Shaped Board Book: Illustrated Parrot - Bird Picture Book for Kids Age 2+ Board book: Animal Picture Book (My First Shaped Board Books),Wonder House Books,Children's Books,Animals & Pets,Board book,₹89.00,4.5,57.0,https://www.amazon.in/First-Shaped-Board-Book-Illustrated/dp/9354404561/ref=zg_bs_g_67803455031_d_sccl_9/000-0000000-0000000?psc=1,34,https://www.amazon.in/gp/bestsellers/books/64619755031,9354404561,9789354404566,http://books.google.com/books/content?id=_dEP0AEACAAJ&printsec=frontcover&img=1&zoom=1&source=gbs_api
9780143446019,489,THE INCREDIBLE HISTORY OF THE INDIAN OCEAN,SANJEEV SANYAL,Children's Books,Animals & Pets,Paperback,₹162.00,4.5,386.0,https://www.amazon.in/INCREDIBLE-HISTORY-INDIAN-OCEAN/dp/0143446010/ref=zg_bs_g_67803455031_d_sccl_10/000-0000000-0000000?psc=1,34,https://www.amazon.in/gp/bestsellers/books/64619755031,0143446010,9780143446019,http://books.google.com/books/content?id=pWHazQEACAAJ&printsec=frontcover&img=1&zoom=1&source=gbs_api
9780007423194,490,"The Tiger Who Came to Tea: The bestselling classic children’s book, from the beloved Judith Kerr",Judith Kerr,Children's Books,Animals & Pets,Board book,₹220.00,4.6,14536.0,https://www.amazon.in/Tiger-Who-Came-Tea/dp/0008280584/ref=zg_bs_g_67803455031_d_sccl_11/000-0000000-0000000?psc=1,34,https://www.amazon.in/gp/bestsellers/books/64619755031,0007423195,9780007423194,http://books.google.com/books/content?id=VmgeNAEACAAJ&printsec=frontcover&img=1&zoom=1&source=gbs_api
9780140326710,491,Fantastic Mr Fox,Roald Dahl,Children's Books,Animals & Pets,Paperback,₹227.00,4.6,9878.0,https://www.amazon.in/Fantastic-Mr-Fox-Roald-Dahl/dp/0241558352/ref=zg_bs_g_67803455031_d_sccl_12/000-0000000-0000000?psc=1,34,https://www.amazon.in/gp/bestsellers/books/64619755031,0140326715,9780140326710,http://books.google.com/books/content?id=--WjlVs1rAsC&printsec=frontcover&img=1&zoom=1&source=gbs_api
9781509808328,493,"The Jungle Book (Campbell First Stories) (Campbell First Stories, 5)",Miriam Bos,Children's Books,Animals & Pets,Board book,₹318.00,4.5,2545.0,https://www.amazon.in/Jungle-Book-First-Stories/dp/1509808361/ref=zg_bs_g_67803455031_d_sccl_14/000-0000000-0000000?psc=1,34,https://www.amazon.in/gp/bestsellers/books/64619755031,1509808329,9781509808328,http://books.google.com/books/content?id=fHXFDAAAQBAJ&printsec=frontcover&img=1&zoom=1&source=gbs_api
9789358569865,494,"My First Shaped Board book - Tiger, Die-Cut Animals, Picture Book for Children",Wonder House Books,Children's Books,Animals & Pets,Board book,₹89.00,4.7,94.0,https://www.amazon.in/My-First-Shaped-Board-book-Die-Cut-Animals-Picture-Children/dp/9354404081/ref=zg_bs_g_67803455031_d_sccl_15/000-0000000-0000000?psc=1,34,https://www.amazon.in/gp/bestsellers/books/64619755031,9358569867,9789358569865,http://books.google.com/books/content?id=0UjVEQAAQBAJ&printsec=frontcover&img=1&zoom=1&edge=curl&source=gbs_api
9781447200611,495,"The Gruffalo (The Gruffalo, 1)",Julia Donaldson,Children's Books,Animals & Pets,Board book,₹296.00,4.8,15531.0,https://www.amazon.in/Gruffalo-Julia-Donaldson/dp/1509830391/ref=zg_bs_g_67803455031_d_sccl_16/000-0000000-0000000?psc=1,34,https://www.amazon.in/gp/bestsellers/books/64619755031,1447200616,9781447200611,http://books.google.com/books/content?id=mCOvAQAACAAJ&printsec=frontcover&img=1&zoom=1&source=gbs_api
9780593092934,496,Spot - Original Lift The Flap,Eric Hill,Children's Books,Animals & Pets,Paperback,₹259.00,4.7,33564.0,https://www.amazon.in/Wheres-Spot-Original-Lift-Flap/dp/0723263663/ref=zg_bs_g_67803455031_d_sccl_17/000-0000000-0000000?psc=1,34,https://www.amazon.in/gp/bestsellers/books/64619755031,0593092937,9780593092934,http://books.google.com/books/content?id=r0kywQEACAAJ&printsec=frontcover&img=1&zoom=1&source=gbs_api
9781338848007,497,The Golden Key (Geronimo Stilton and the Kingdom of Fantasy #15),Geronimo Stilton,Children's Books,Animals & Pets,Hardcover,₹399.00,4.4,185.0,https://www.amazon.in/Golden-Geronimo-Stilton-Kingdom-Fantasy/dp/1338848003/ref=zg_bs_g_67803455031_d_sccl_18/000-0000000-0000000?psc=1,34,https://www.amazon.in/gp/bestsellers/books/64619755031,1338848003,9781338848007,http://books.google.com/books/content?id=lDrPzgEACAAJ&printsec=frontcover&img=1&zoom=1&source=gbs_api
9781665979542,499,"ZOOM, ZOOM, BABY!",Karen Katz,Children's Books,Animals & Pets,Board book,₹231.00,4.6,1966.0,https://www.amazon.in/Zoom-Baby-Karen-Lift-Flap/dp/1442493143/ref=zg_bs_g_67803455031_d_sccl_20/000-0000000-0000000?psc=1,34,https://www.amazon.in/gp/bestsellers/books/64619755031,1665979542,9781665979542,http://books.google.com/books/content?id=9ZZYEQAAQBAJ&printsec=frontcover&img=1&zoom=1&edge=curl&source=gbs_api
9789388810746,500,1800+ Reward Stickers - Ideal For Teachers And Parents : Sticker Book With Over 1800 Stickers To Boost The Morale of Kids,Wonder House Books,Children's Books,"Cars, Trains & Things That Go",Paperback,₹159.00,4.5,1873.0,https://www.amazon.in/1800-Reward-Stickers-Teachers-Parents/dp/9388810740/ref=zg_bs_g_67803460031_d_sccl_1/000-0000000-0000000?psc=1,34,https://www.amazon.in/gp/bestsellers/books/64619755031,9388810740,9789388810746,http://books.google.com/books/content?id=2uoP0AEACAAJ&printsec=frontcover&img=1&zoom=1&source=gbs_api
9789387779730,501,Colouring Book of Fruits: Creative Crayons Series - Crayon Copy Colour Books,Wonder House Books,Children's Books,"Cars, Trains & Things That Go",Paperback,₹58.00,4.3,1030.0,https://www.amazon.in/Creative-Crayons-Fruits-Crayon-Colour/dp/9387779734/ref=zg_bs_g_67803460031_d_sccl_2/000-0000000-0000000?psc=1,34,https://www.amazon.in/gp/bestsellers/books/64619755031,9387779734,9789387779730,http://books.google.com/books/content?id=mq4Q0AEACAAJ&printsec=frontcover&img=1&zoom=1&source=gbs_api
9789388144971,502,My First Shapes and Colours Sticker Book: Exciting Sticker Book With 100 Stickers,Wonder House Books,Children's Books,"Cars, Trains & Things That Go",Paperback,₹155.00,4.5,1734.0,https://www.amazon.in/First-Shapes-Colours-Sticker-Book/dp/938814497X/ref=zg_bs_g_67803460031_d_sccl_3/000-0000000-0000000?psc=1,34,https://www.amazon.in/gp/bestsellers/books/64619755031,938814497X,9789388144971,http://books.google.com/books/content?id=g4tj0AEACAAJ&printsec=frontcover&img=1&zoom=1&source=gbs_api
9789354404542,503,Flowers Coloring Book for adults,Wonder House Books,Children's Books,"Cars, Trains & Things That Go",Paperback,₹99.00,4.4,129.0,https://www.amazon.in/Flowers-Coloring-adults-Wonder-House/dp/9354404545/ref=zg_bs_g_67803460031_d_sccl_4/000-0000000-0000000?psc=1,34,https://www.amazon.in/gp/bestsellers/books/64619755031,9354404545,9789354404542,http://books.google.com/books/content?id=NMAQ0AEACAAJ&printsec=frontcover&img=1&zoom=1&source=gbs_api
9789354405365,504,100 Words Reusable Sticker Book For Children,Wonder House Books,Children's Books,"Cars, Trains & Things That Go",Paperback,₹199.00,4.1,135.0,https://www.amazon.in/Words-Reusable-Sticker-Book-Children/dp/9354405363/ref=zg_bs_g_67803460031_d_sccl_5/000-0000000-0000000?psc=1,34,https://www.amazon.in/gp/bestsellers/books/64619755031,9354405363,9789354405365,http://books.google.com/books/content?id=tdcQ0AEACAAJ&printsec=frontcover&img=1&zoom=1&source=gbs_api
9789388144049,506,Little Artist Series Animals: Copy Colour Books,Wonder House Books,Children's Books,"Cars, Trains & Things That Go",Paperback,₹59.00,4.2,522.0,https://www.amazon.in/Little-Artist-Animals-Colour-Books/dp/9387779866/ref=zg_bs_g_67803460031_d_sccl_7/000-0000000-0000000?psc=1,34,https://www.amazon.in/gp/bestsellers/books/64619755031,938814404X,9789388144049,http://books.google.com/books/content?id=Sxr10QEACAAJ&printsec=frontcover&img=1&zoom=1&source=gbs_api
9789387779761,507,"Colouring Book of Transport (Cars, Trains, Airplane and more): Creative Crayons Series - Crayon Copy Colour Books",Wonder House Books,Children's Books,"Cars, Trains & Things That Go",Paperback,₹55.00,4.3,718.0,https://www.amazon.in/Creative-Crayons-Transport-Crayon-Colour/dp/9387779769/ref=zg_bs_g_67803460031_d_sccl_8/000-0000000-0000000?psc=1,34,https://www.amazon.in/gp/bestsellers/books/64619755031,9387779769,9789387779761,http://books.google.com/books/content?id=VUUQ0AEACAAJ&printsec=frontcover&img=1&zoom=1&source=gbs_api
9789354405327,508,My First Shaped Board Books For Children: Transport - Car,Wonder House Books,Children's Books,"Cars, Trains & Things That Go",Board book,₹89.00,4.5,43.0,https://www.amazon.in/First-Shaped-Board-Books-Children/dp/9354405487/ref=zg_bs_g_67803460031_d_sccl_9/000-0000000-0000000?psc=1,34,https://www.amazon.in/gp/bestsellers/books/64619755031,9354405320,9789354405327,http://books.google.com/books/content?id=k_wQ0AEACAAJ&printsec=frontcover&img=1&zoom=1&source=gbs_api
9789388144957,509,My first Travel Sticker Book,Wonder House Books,Children's Books,"Cars, Trains & Things That Go",Paperback,₹139.00,4.4,536.0,https://www.amazon.in/My-First-Travel-Sticker-Book/dp/9388144953/ref=zg_bs_g_67803460031_d_sccl_10/000-0000000-0000000?psc=1,34,https://www.amazon.in/gp/bestsellers/books/64619755031,9388144953,9789388144957,http://books.google.com/books/content?id=Awlp0AEACAAJ&printsec=frontcover&img=1&zoom=1&source=gbs_api
9789389432367,510,Seek And Find - Vehicles : Early Learning Board Books With Tabs,Wonder House Books,Children's Books,"Cars, Trains & Things That Go",Board book,₹194.00,4.5,804.0,https://www.amazon.in/Seek-Find-Vehicles-Early-Learning/dp/9389432367/ref=zg_bs_g_67803460031_d_sccl_11/000-0000000-0000000?psc=1,34,https://www.amazon.in/gp/bestsellers/books/64619755031,9389432367,9789389432367,http://books.google.com/books/content?id=ccfZzwEACAAJ&printsec=frontcover&img=1&zoom=1&source=gbs_api
9780241502334,512,Baby Touch: Vehicles Tab Book [Board book] Ladybird,LADYBIRD,Children's Books,"Cars, Trains & Things That Go",Board book,₹292.00,4.5,1356.0,https://www.amazon.in/Baby-Touch-Vehicles-Tab-Book/dp/0241379091/ref=zg_bs_g_67803460031_d_sccl_13/000-0000000-0000000?psc=1,34,https://www.amazon.in/gp/bestsellers/books/64619755031,0241502330,9780241502334,http://books.google.com/books/content?id=28WMEAAAQBAJ&printsec=frontcover&img=1&zoom=1&source=gbs_api
9789390183562,513,Stay Magical Unicorn Copy Coloring Book: Fun Activity Books For Children,Wonder House Books,Children's Books,"Cars, Trains & Things That Go",Paperback,₹89.00,4.1,249.0,https://www.amazon.in/Stay-Magical-Unicorn-Copy-Coloring/dp/9390183561/ref=zg_bs_g_67803460031_d_sccl_14/000-0000000-0000000?psc=1,34,https://www.amazon.in/gp/bestsellers/books/64619755031,9390183561,9789390183562,http://books.google.com/books/content?id=yMEO0AEACAAJ&printsec=frontcover&img=1&zoom=1&source=gbs_api
9789386538604,516,Mandala Coloring Book For Adults,Wonder House Books,Children's Books,"Cars, Trains & Things That Go",Paperback,₹99.00,4.3,55.0,https://www.amazon.in/Mandala-Coloring-Adults-Wonder-House/dp/9354404383/ref=zg_bs_g_67803460031_d_sccl_17/000-0000000-0000000?psc=1,34,https://www.amazon.in/gp/bestsellers/books/64619755031,9386538601,9789386538604,http://books.google.com/books/content?id=mYXZzwEACAAJ&printsec=frontcover&img=1&zoom=1&source=gbs_api
9789354405068,517,Tell the Time Sticker Activity Book Fun Activity Book for Children 100 + Stickers,Wonder House Books,Children's Books,"Cars, Trains & Things That Go",Paperback,₹153.00,4.5,71.0,https://www.amazon.in/Tell-Time-Sticker-Activity-Book/dp/9354405061/ref=zg_bs_g_67803460031_d_sccl_18/000-0000000-0000000?psc=1,34,https://www.amazon.in/gp/bestsellers/books/64619755031,9354405061,9789354405068,http://books.google.com/books/content?id=WRYP0AEACAAJ&printsec=frontcover&img=1&zoom=1&source=gbs_api
9781368078351,518,Daughter of the Deep,Rick Riordan,Children's Books,"Cars, Trains & Things That Go",Paperback,₹259.00,4.7,4168.0,https://www.amazon.in/Daughter-Deep-Rick-Riordan/dp/0241538203/ref=zg_bs_g_67803460031_d_sccl_19/000-0000000-0000000?psc=1,34,https://www.amazon.in/gp/bestsellers/books/64619755031,1368078354,9781368078351,http://books.google.com/books/content?id=r2RVzgEACAAJ&printsec=frontcover&img=1&zoom=1&source=gbs_api
9789354402937,519,High Street Fashion Coloring book for adults,Wonder House Books,Children's Books,"Cars, Trains & Things That Go",Paperback,₹99.00,4.2,27.0,https://www.amazon.in/High-Street-Fashion-Coloring-adults/dp/9354402933/ref=zg_bs_g_67803460031_d_sccl_20/000-0000000-0000000?psc=1,34,https://www.amazon.in/gp/bestsellers/books/64619755031,9354402933,9789354402937,http://books.google.com/books/content?id=shkR0AEACAAJ&printsec=frontcover&img=1&zoom=1&source=gbs_api
9780547248288,520,Little Blue Truck,Alice Schertle,Children's Books,"Cars, Trains & Things That Go",Board book,₹667.00,4.9,19039.0,https://www.amazon.in/Little-Blue-Truck-Alice-Schertle/dp/0857637347/ref=zg_bs_g_67803460031_d_sccl_21/000-0000000-0000000?psc=1,34,https://www.amazon.in/gp/bestsellers/books/64619755031,0547248288,9780547248288,http://books.google.com/books/content?id=eKqGooK93vIC&printsec=frontcover&img=1&zoom=1&edge=curl&source=gbs_api
9789388144056,521,Little Artist Series Transport: Copy Colour Books,Wonder House Books,Children's Books,"Cars, Trains & Things That Go",Paperback,₹58.00,4.5,174.0,https://www.amazon.in/Little-Artist-Transport-Colour-Books/dp/9387779955/ref=zg_bs_g_67803460031_d_sccl_22/000-0000000-0000000?psc=1,34,https://www.amazon.in/gp/bestsellers/books/64619755031,9388144058,9789388144056,http://books.google.com/books/content?id=-jX00QEACAAJ&printsec=frontcover&img=1&zoom=1&source=gbs_api
9780008283308,522,The Octonauts Explore The Great Big Ocean,Meomi,Children's Books,"Cars, Trains & Things That Go",Paperback,₹376.00,4.8,3884.0,https://www.amazon.in/Octonauts-Explore-Great-Big-Ocean/dp/0007510616/ref=zg_bs_g_67803460031_d_sccl_23/000-0000000-0000000?psc=1,34,https://www.amazon.in/gp/bestsellers/books/64619755031,0008283303,9780008283308,http://books.google.com/books/content?id=-t-dtAEACAAJ&printsec=frontcover&img=1&zoom=1&source=gbs_api
9781965347126,523,Diary of a Minecraft Zombie Book 20: Mob Mash,Zack Zombie,Children's Books,"Cars, Trains & Things That Go",Kindle Edition,₹237.00,4.7,447.0,https://www.amazon.in/Diary-Minecraft-Zombie-Book-20-ebook/dp/B0B6C8DZGW/ref=zg_bs_g_67803460031_d_sccl_24/000-0000000-0000000?psc=1,34,https://www.amazon.in/gp/bestsellers/books/64619755031,1965347126,9781965347126,http://books.google.com/books/content?id=1e_b0AEACAAJ&printsec=frontcover&img=1&zoom=1&source=gbs_api
9780007260478,524,Lost And Found,Oliver Jeffers,Children's Books,"Cars, Trains & Things That Go",Paperback,₹306.19,4.7,3435.0,https://www.amazon.in/Lost-Found-Oliver-Jeffers/dp/0007150369/ref=zg_bs_g_67803460031_d_sccl_25/000-0000000-0000000?psc=1,34,https://www.amazon.in/gp/bestsellers/books/64619755031,0007260474,9780007260478,http://books.google.com/books/content?id=LQd9FzSGKewC&printsec=frontcover&img=1&zoom=1&source=gbs_api
9789354404702,526,Patterns Of The World Coloring Book For Adults,Wonder House Books,Children's Books,"Cars, Trains & Things That Go",Paperback,₹99.00,4.1,41.0,https://www.amazon.in/Patterns-World-Coloring-Book-Adults/dp/9354404707/ref=zg_bs_g_67803460031_d_sccl_27/000-0000000-0000000?psc=1,34,https://www.amazon.in/gp/bestsellers/books/64619755031,9354404707,9789354404702,http://books.google.com/books/content?id=HaUQ0AEACAAJ&printsec=frontcover&img=1&zoom=1&source=gbs_api
9789354404962,527,Learning Numbers 1 100 Activity Book Fun Early Learning and Interactive Book for Children,Wonder House Books,Children's Books,"Cars, Trains & Things That Go",Paperback,₹137.00,4.5,83.0,https://www.amazon.in/Learning-Numbers-1-100-Activity-Book/dp/9354404960/ref=zg_bs_g_67803460031_d_sccl_28/000-0000000-0000000?psc=1,34,https://www.amazon.in/gp/bestsellers/books/64619755031,9354404960,9789354404962,http://books.google.com/books/content?id=VPYQ0AEACAAJ&printsec=frontcover&img=1&zoom=1&source=gbs_api
9798855145168,528,Don't Let the Pigeon Drive the Bus!,Mo Willems,Children's Books,"Cars, Trains & Things That Go",Paperback,₹275.00,4.7,20.0,https://www.amazon.in/Dont-Let-Pigeon-Drive-Bus/dp/1529509963/ref=zg_bs_g_67803460031_d_sccl_29/000-0000000-0000000?psc=1,34,https://www.amazon.in/gp/bestsellers/books/64619755031,,9798855145168,http://books.google.com/books/content?id=NYya0QEACAAJ&printsec=frontcover&img=1&zoom=1&source=gbs_api
9780375968488,529,Where Do Diggers Sleep at Night?,Brianna Caplan Sayres,Children's Books,"Cars, Trains & Things That Go",Board book,₹344.00,4.8,14454.0,https://www.amazon.in/Where-Do-Diggers-Sleep-Night/dp/0385374151/ref=zg_bs_g_67803460031_d_sccl_30/000-0000000-0000000?psc=1,34,https://www.amazon.in/gp/bestsellers/books/64619755031,0375968482,9780375968488,http://books.google.com/books/content?id=Ydv6nQEACAAJ&printsec=frontcover&img=1&zoom=1&source=gbs_api
9789389178463,531,101 Crayon Coloring: Fun Activity Book For Children,Wonder House Books,Children's Books,"Cars, Trains & Things That Go",Paperback,₹149.00,4.5,995.0,https://www.amazon.in/101-Crayon-Coloring-Activity-Children/dp/9389178460/ref=zg_bs_g_67803460031_d_sccl_2/000-0000000-0000000?psc=1,34,https://www.amazon.in/gp/bestsellers/books/64619755031,9389178460,9789389178463,http://books.google.com/books/content?id=2hcQ0AEACAAJ&printsec=frontcover&img=1&zoom=1&source=gbs_api
9780241659670,532,Peppa Pig: Peppa's Tavels (Sticke Book,Peppa Pig,Children's Books,"Cars, Trains & Things That Go",Paperback,₹268.00,4.7,26.0,https://www.amazon.in/Peppa-Pig-Peppas-Travels-Sticker/dp/0241606810/ref=zg_bs_g_67803460031_d_sccl_3/000-0000000-0000000?psc=1,34,https://www.amazon.in/gp/bestsellers/books/64619755031,0241659671,9780241659670,http://books.google.com/books/content?id=qz4N0AEACAAJ&printsec=frontcover&img=1&zoom=1&source=gbs_api
9789354404627,533,Nature Garden Coloring Book for Adults,Wonder House Books,Children's Books,"Cars, Trains & Things That Go",Paperback,₹99.00,4.3,34.0,https://www.amazon.in/Nature-Garden-Coloring-Book-Adults/dp/9354404626/ref=zg_bs_g_67803460031_d_sccl_4/000-0000000-0000000?psc=1,34,https://www.amazon.in/gp/bestsellers/books/64619755031,9354404626,9789354404627,http://books.google.com/books/content?id=GmoP0AEACAAJ&printsec=frontcover&img=1&zoom=1&source=gbs_api
9780143464822,534,My First Mini Library Of Learning Vol. 1,Puffin India,Children's Books,"Cars, Trains & Things That Go",Product Bundle,₹254.00,0.0,0.0,https://www.amazon.in/First-Mini-Library-Learning-Vol/dp/0143464825/ref=zg_bs_g_67803460031_d_sccl_5/000-0000000-0000000?psc=1,34,https://www.amazon.in/gp/bestsellers/books/64619755031,0143464825,9780143464822,http://books.google.com/books/content?id=5dOu0AEACAAJ&printsec=frontcover&img=1&zoom=1&source=gbs_api
9781984896711,535,"Hello, World! Construction Site",Jill McDonald,Children's Books,"Cars, Trains & Things That Go",Board book,₹290.07,4.8,1462.0,https://www.amazon.in/Hello-World-Construction-Site-McDonald/dp/1984896709/ref=zg_bs_g_67803460031_d_sccl_6/000-0000000-0000000?psc=1,34,https://www.amazon.in/gp/bestsellers/books/64619755031,1984896717,9781984896711,http://books.google.com/books/content?id=LcmfDwAAQBAJ&printsec=frontcover&img=1&zoom=1&source=gbs_api
9780149053846,536,Puffin EL: My First Puffin Library,Penguin India,Children's Books,"Cars, Trains & Things That Go",Board book,₹372.00,4.5,753.0,https://www.amazon.in/First-Library-Learning-collection-homeschooling/dp/0143452762/ref=zg_bs_g_67803460031_d_sccl_7/000-0000000-0000000?psc=1,34,https://www.amazon.in/gp/bestsellers/books/64619755031,0149053843,9780149053846,http://books.google.com/books/content?id=yr_ZPQAACAAJ&printsec=frontcover&img=1&zoom=1&source=gbs_api
9780794533779,537,TRAINS,Emily Bone,Children's Books,"Cars, Trains & Things That Go",Hardcover,₹149.00,4.5,234.0,https://www.amazon.in/Trains-Beginners-Emily-Bone/dp/1409524574/ref=zg_bs_g_67803460031_d_sccl_8/000-0000000-0000000?psc=1,34,https://www.amazon.in/gp/bestsellers/books/64619755031,0794533779,9780794533779,http://books.google.com/books/content?id=QgNynAEACAAJ&printsec=frontcover&img=1&zoom=1&source=gbs_api
9780593094396,538,The Little Engine That Could: 90th Anniv,Watty Piper,Children's Books,"Cars, Trains & Things That Go",Hardcover,₹371.00,4.8,726.0,https://www.amazon.in/Little-Engine-That-Could-Anniversary/dp/0593094395/ref=zg_bs_g_67803460031_d_sccl_9/000-0000000-0000000?psc=1,34,https://www.amazon.in/gp/bestsellers/books/64619755031,0593094395,9780593094396,http://books.google.com/books/content?id=GQfWDwAAQBAJ&printsec=frontcover&img=1&zoom=1&source=gbs_api
9781597020145,539,The Octonauts And The Frown Fish,Meomi,Children's Books,"Cars, Trains & Things That Go",Paperback,₹318.69,4.8,773.0,https://www.amazon.in/Octonauts-Frown-Fish-Meomi/dp/0007312547/ref=zg_bs_g_67803460031_d_sccl_10/000-0000000-0000000?psc=1,34,https://www.amazon.in/gp/bestsellers/books/64619755031,1597020141,9781597020145,http://books.google.com/books/content?id=KaBsQujARhEC&printsec=frontcover&img=1&zoom=1&edge=curl&source=gbs_api
9781035067022,540,"Busy Cars (Campbell Busy Books, 45)",Campbell Books,Children's Books,"Cars, Trains & Things That Go",Board book,₹289.00,4.5,77.0,https://www.amazon.in/Busy-Cars-Books-Campbell/dp/1529052416/ref=zg_bs_g_67803460031_d_sccl_11/000-0000000-0000000?psc=1,34,https://www.amazon.in/gp/bestsellers/books/64619755031,1035067021,9781035067022,http://books.google.com/books/content?id=Oq42EQAAQBAJ&printsec=frontcover&img=1&zoom=1&source=gbs_api
9781984835376,543,The Last Kids On Earth And The Doomsday Race - The Last Kids,Max Brallier,Children's Books,"Cars, Trains & Things That Go",Paperback,₹241.00,4.9,2123.0,https://www.amazon.in/Last-Kids-Earth-Doomsday-Race/dp/000849133X/ref=zg_bs_g_67803460031_d_sccl_14/000-0000000-0000000?psc=1,34,https://www.amazon.in/gp/bestsellers/books/64619755031,1984835378,9781984835376,http://books.google.com/books/content?id=UOY9EAAAQBAJ&printsec=frontcover&img=1&zoom=1&source=gbs_api
9789354401121,544,My Big Wipe And Clean Book of Numbers for Kids 1 to 20,Wonder House Books,Children's Books,"Cars, Trains & Things That Go",Board book,₹249.00,4.5,63.0,https://www.amazon.in/Wipe-Clean-Book-Numbers-Kids/dp/9354401120/ref=zg_bs_g_67803460031_d_sccl_15/000-0000000-0000000?psc=1,34,https://www.amazon.in/gp/bestsellers/books/64619755031,9354401120,9789354401121,http://books.google.com/books/content?id=EusQ0AEACAAJ&printsec=frontcover&img=1&zoom=1&source=gbs_api
9780241244432,546,Cars – Read it yourself with Ladybird (non-fiction) Level 1 Ladybird,Ladybird,Children's Books,"Cars, Trains & Things That Go",Hardcover,₹104.00,4.1,151.0,https://www.amazon.in/Cars-yourself-Ladybird-non-fiction-Level/dp/0241244447/ref=zg_bs_g_67803460031_d_sccl_17/000-0000000-0000000?psc=1,34,https://www.amazon.in/gp/bestsellers/books/64619755031,0241244439,9780241244432,http://books.google.com/books/content?id=p-nwjgEACAAJ&printsec=frontcover&img=1&zoom=1&source=gbs_api
9789354403743,547,Pick and Paint Coloring Activity Book For Kids: Vehicles,Wonder House Books,Children's Books,"Cars, Trains & Things That Go",Paperback,₹89.00,4.0,21.0,https://www.amazon.in/Pick-Paint-Coloring-Activity-Book/dp/9354403743/ref=zg_bs_g_67803460031_d_sccl_18/000-0000000-0000000?psc=1,34,https://www.amazon.in/gp/bestsellers/books/64619755031,9354403743,9789354403743,http://books.google.com/books/content?id=6b8Q0AEACAAJ&printsec=frontcover&img=1&zoom=1&source=gbs_api
9789358567403,548,My First Shaped Board Books For Children: Transport - Fire Engine,Wonder House Books,Children's Books,"Cars, Trains & Things That Go",Board book,₹89.00,4.7,18.0,https://www.amazon.in/First-Shaped-Board-Books-Children/dp/9354405568/ref=zg_bs_g_67803460031_d_sccl_19/000-0000000-0000000?psc=1,34,https://www.amazon.in/gp/bestsellers/books/64619755031,9358567406,9789358567403,http://books.google.com/books/content?id=zlLVEQAAQBAJ&printsec=frontcover&img=1&zoom=1&edge=curl&source=gbs_api
9789387779723,549,Colouring Book of Toys: Creative Crayons Series - Crayon Copy Colour Books,Wonder House Books,Children's Books,"Cars, Trains & Things That Go",Paperback,₹55.00,4.3,145.0,https://www.amazon.in/Creative-Crayons-Toys-Crayon-Colour/dp/9387779726/ref=zg_bs_g_67803460031_d_sccl_20/000-0000000-0000000?psc=1,34,https://www.amazon.in/gp/bestsellers/books/64619755031,9387779726,9789387779723,http://books.google.com/books/content?id=4zcP0AEACAAJ&printsec=frontcover&img=1&zoom=1&source=gbs_api
9789354404283,550,"Children's First Mythology Stories - Pack of 5 books (Ram, Shiva, Hanuman, Ganesha, Vishnu) (Classic Tales from India)",Wonder House Books,Children's Books,Comics & Graphic Novels,Paperback,₹129.00,4.4,343.0,https://www.amazon.in/Childrens-First-Mythology-Stories-Hanuman/dp/9354404286/ref=zg_bs_g_1318074031_d_sccl_1/000-0000000-0000000?psc=1,34,https://www.amazon.in/gp/bestsellers/books/64619755031,9354404286,9789354404283,http://books.google.com/books/content?id=soH10QEACAAJ&printsec=frontcover&img=1&zoom=1&source=gbs_api
9780241583159,551,"Diary Of A Wimpy Kid: No Brainer (Book 18) [Hardcover] Kinney, Jeff",Jeff Kinney,Children's Books,Comics & Graphic Novels,Hardcover,₹399.00,4.6,5464.0,https://www.amazon.in/Diary-Wimpy-Kid-Brainer-Book/dp/0241583136/ref=zg_bs_g_1318074031_d_sccl_2/000-0000000-0000000?psc=1,34,https://www.amazon.in/gp/bestsellers/books/64619755031,0241583152,9780241583159,http://books.google.com/books/content?id=BGzS0AEACAAJ&printsec=frontcover&img=1&zoom=1&source=gbs_api
9789354921360,552,"How the Earth Got Its Beauty: Puffin Chapter Book: Gorgeous new full colour, illustrated chapter book for young readers from ages 5 and up by Sudha Murty [Hardcover] Murty, Sudha",Sudha Murty,Children's Books,Comics & Graphic Novels,Hardcover,₹151.00,4.6,1591.0,https://www.amazon.in/How-Earth-Got-Its-Beauty/dp/0143447068/ref=zg_bs_g_1318074031_d_sccl_3/000-0000000-0000000?psc=1,34,https://www.amazon.in/gp/bestsellers/books/64619755031,9354921361,9789354921360,http://books.google.com/books/content?id=0w03EAAAQBAJ&printsec=frontcover&img=1&zoom=1&source=gbs_api
9788171672882,554,"Pegasus Books Ruskin Bond, Children Story Books Collection (Set Of 4 Books)",Ruskin Bond,Children's Books,Comics & Graphic Novels,Product Bundle,₹454.00,4.5,4330.0,https://www.amazon.in/Ruskin-Bond-Selling-Children-Collection/dp/8131964817/ref=zg_bs_g_1318074031_d_sccl_5/000-0000000-0000000?psc=1,34,https://www.amazon.in/gp/bestsellers/books/64619755031,8171672884,9788171672882,http://books.google.com/books/content?id=apDFwAEACAAJ&printsec=frontcover&img=1&zoom=1&source=gbs_api
9781432869496,555,Diary of a Wimpy Kid: Wrecking Ball (Book 14),Jeff Kinney,Children's Books,Comics & Graphic Novels,Paperback,₹227.00,4.6,36004.0,https://www.amazon.in/Diary-Wimpy-Kid-Wrecking-Ball/dp/0241426693/ref=zg_bs_g_1318074031_d_sccl_6/000-0000000-0000000?psc=1,34,https://www.amazon.in/gp/bestsellers/books/64619755031,1432869493,9781432869496,http://books.google.com/books/content?id=wEauxgEACAAJ&printsec=frontcover&img=1&zoom=1&source=gbs_api
9789354404771,556,101 Aesop's Fables For Children - 5 Minutes Read Aloud Illustrated Tales With Morals,Wonder House Books,Children's Books,Comics & Graphic Novels,Hardcover,₹299.00,4.5,132.0,https://www.amazon.in/101-Aesops-Fables-Children-Illustrated/dp/9354404774/ref=zg_bs_g_1318074031_d_sccl_7/000-0000000-0000000?psc=1,34,https://www.amazon.in/gp/bestsellers/books/64619755031,9354404774,9789354404771,http://books.google.com/books/content?id=jD4Q0AEACAAJ&printsec=frontcover&img=1&zoom=1&source=gbs_api
9798885782678,557,"Diary of a Wimpy Kid: Diper Överlöde (Book 17) (Diary of a Wimpy Kid, 17)",Jeff Kinney,Children's Books,Comics & Graphic Novels,Paperback,₹227.00,4.5,11212.0,https://www.amazon.in/Diary-Wimpy-Kid-Diper-%C3%96verl%C3%B6de/dp/0241618118/ref=zg_bs_g_1318074031_d_sccl_8/000-0000000-0000000?psc=1,34,https://www.amazon.in/gp/bestsellers/books/64619755031,,9798885782678,http://books.google.com/books/content?id=sXQ6zwEACAAJ&printsec=frontcover&img=1&zoom=1&source=gbs_api
9788993055030,558,Diary of a Wimpy Kid: Rodrick Rules (Book 2),Jeff Kinney,Children's Books,Comics & Graphic Novels,Paperback,₹227.00,4.6,17834.0,https://www.amazon.in/Diary-Wimpy-Kid-Rodrick-Rules/dp/0141324910/ref=zg_bs_g_1318074031_d_sccl_9/000-0000000-0000000?psc=1,34,https://www.amazon.in/gp/bestsellers/books/64619755031,8993055033,9788993055030,http://books.google.com/books/content?id=jaL6uQEACAAJ&printsec=frontcover&img=1&zoom=1&source=gbs_api
9798998582875,559,Diary of a Wimpy Kid [Paperback] Jeff Kinney,Jeff Kinney,Children's Books,Comics & Graphic Novels,Paperback,₹227.00,4.6,26853.0,https://www.amazon.in/Diary-Wimpy-Kid-Jeff-Kinney/dp/0141324902/ref=zg_bs_g_1318074031_d_sccl_10/000-0000000-0000000?psc=1,34,https://www.amazon.in/gp/bestsellers/books/64619755031,,9798998582875,http://books.google.com/books/content?id=b8dB0QEACAAJ&printsec=frontcover&img=1&zoom=1&source=gbs_api
9781419741999,560,"Diary of a Wimpy Kid: The Meltdown (Book 13) [Paperback] Kinney, Jeff",Jeff Kinney,Children's Books,Comics & Graphic Novels,Paperback,₹206.00,4.6,29213.0,https://www.amazon.in/Diary-Wimpy-Kid-Meltdown-Book/dp/0241389321/ref=zg_bs_g_1318074031_d_sccl_11/000-0000000-0000000?psc=1,34,https://www.amazon.in/gp/bestsellers/books/64619755031,1419741993,9781419741999,http://books.google.com/books/content?id=Tvd1xgEACAAJ&printsec=frontcover&img=1&zoom=1&source=gbs_api
9780241396957,561,Diary of a Wimpy Kid: The Deep End (Book 15),Jeff Kinney,Children's Books,Comics & Graphic Novels,Paperback,₹227.00,4.6,13569.0,https://www.amazon.in/Diary-Wimpy-Kid-Deep-Book/dp/0241454131/ref=zg_bs_g_1318074031_d_sccl_12/000-0000000-0000000?psc=1,34,https://www.amazon.in/gp/bestsellers/books/64619755031,0241396956,9780241396957,http://books.google.com/books/content?id=5X9rzgEACAAJ&printsec=frontcover&img=1&zoom=1&source=gbs_api
9780141347721,564,Diary of a Wimpy Kid: Dog Days (Book 4),Jeff Kinney,Children's Books,Comics & Graphic Novels,Paperback,₹227.00,4.6,15056.0,https://www.amazon.in/Diary-Wimpy-Kid-Dog-Days/dp/0141331976/ref=zg_bs_g_1318074031_d_sccl_15/000-0000000-0000000?psc=1,34,https://www.amazon.in/gp/bestsellers/books/64619755031,0141347724,9780141347721,http://books.google.com/books/content?id=zYRv4wWpYuIC&printsec=frontcover&img=1&zoom=1&source=gbs_api
9789390093960,568,World's Greatest Library : A Collection of 200 Inspiring Personalities (Box Set of 8 Biographies),Wonder House Books,Children's Books,Comics & Graphic Novels,Paperback,₹699.00,4.5,499.0,https://www.amazon.in/Worlds-Greatest-Library-Personalities-Biographies/dp/9390093961/ref=zg_bs_g_1318074031_d_sccl_19/000-0000000-0000000?psc=1,34,https://www.amazon.in/gp/bestsellers/books/64619755031,9390093961,9789390093960,http://books.google.com/books/content?id=mEz20QEACAAJ&printsec=frontcover&img=1&zoom=1&source=gbs_api
9781613125885,569,Diary of a Wimpy Kid 8 : Hard Luck,Jeff Kinney,Children's Books,Comics & Graphic Novels,Paperback,₹234.00,4.6,27404.0,https://www.amazon.in/Diary-Wimpy-Kid-Hard-Luck/dp/0141353074/ref=zg_bs_g_1318074031_d_sccl_20/000-0000000-0000000?psc=1,34,https://www.amazon.in/gp/bestsellers/books/64619755031,1613125887,9781613125885,http://books.google.com/books/content?id=lSFAAAAAQBAJ&printsec=frontcover&img=1&zoom=1&edge=curl&source=gbs_api
9780141385259,571,Diary of a Wimpy Kid: The Getaway,Jeff Kinney,Children's Books,Comics & Graphic Novels,Paperback,₹227.00,4.6,24524.0,https://www.amazon.in/Diary-Wimpy-Kid-Getaway-book/dp/0241344271/ref=zg_bs_g_1318074031_d_sccl_22/000-0000000-0000000?psc=1,34,https://www.amazon.in/gp/bestsellers/books/64619755031,0141385251,9780141385259,http://books.google.com/books/content?id=_J4-uQEACAAJ&printsec=frontcover&img=1&zoom=1&source=gbs_api
9781613122488,572,Diary of a Wimpy Kid: The Ugly Truth [Paperback] Jeff Kinney,Jeff Kinney,Children's Books,Comics & Graphic Novels,Paperback,₹237.00,4.6,16480.0,https://www.amazon.in/Diary-Wimpy-Kid-Ugly-Truth/dp/0141340827/ref=zg_bs_g_1318074031_d_sccl_23/000-0000000-0000000?psc=1,34,https://www.amazon.in/gp/bestsellers/books/64619755031,1613122489,9781613122488,http://books.google.com/books/content?id=BTM7iwk64VgC&printsec=frontcover&img=1&zoom=1&edge=curl&source=gbs_api
9780143447078,573,How the Mango Got its Magic,Sudha Murty,Children's Books,Comics & Graphic Novels,Hardcover,₹129.00,4.6,428.0,https://www.amazon.in/How-Mango-Got-Its-Magic/dp/0143447076/ref=zg_bs_g_1318074031_d_sccl_24/000-0000000-0000000?psc=1,34,https://www.amazon.in/gp/bestsellers/books/64619755031,0143447076,9780143447078,http://books.google.com/books/content?id=_dtHzwEACAAJ&printsec=frontcover&img=1&zoom=1&source=gbs_api
9780141347684,574,Diary of a Wimpy Kid - 6: Cabin Fever [Paperback] Jeff Kinney,Jeff Kinney,Children's Books,Comics & Graphic Novels,Paperback,₹234.00,4.6,21213.0,https://www.amazon.in/Diary-Wimpy-Kid-Cabin-Fever/dp/0141343001/ref=zg_bs_g_1318074031_d_sccl_25/000-0000000-0000000?psc=1,34,https://www.amazon.in/gp/bestsellers/books/64619755031,0141347686,9780141347684,http://books.google.com/books/content?id=wiZPTTHwUa4C&printsec=frontcover&img=1&zoom=1&source=gbs_api
9780545935456,576,DOG MAN #03: A TALE OF TWO KITTIES,Dav Pilkey,Children's Books,Comics & Graphic Novels,Hardcover,₹420.00,4.6,21342.0,https://www.amazon.in/DOG-MAN-03-TALE-KITTIES/dp/9352752945/ref=zg_bs_g_1318074031_d_sccl_27/000-0000000-0000000?psc=1,34,https://www.amazon.in/gp/bestsellers/books/64619755031,0545935458,9780545935456,http://books.google.com/books/content?id=AKr8DQAAQBAJ&printsec=frontcover&img=1&zoom=1&source=gbs_api
9780143497639,578,"How the Onion Got Its Layers [Hardcover] Murty, Sudha [Hardcover] Murty, Sudha",Sudha Murty,Children's Books,Comics & Graphic Novels,Hardcover,₹129.00,4.5,1317.0,https://www.amazon.in/How-Onion-Got-Its-Layers/dp/014344705X/ref=zg_bs_g_1318074031_d_sccl_29/000-0000000-0000000?psc=1,34,https://www.amazon.in/gp/bestsellers/books/64619755031,0143497634,9780143497639,http://books.google.com/books/content?id=PgXeDwAAQBAJ&printsec=frontcover&img=1&zoom=1&source=gbs_api
9780141347752,579,Diary of a Wimpy Kid (3) : The Last Straw,Jeff Kinney,Children's Books,Comics & Graphic Novels,Paperback,₹227.00,4.6,19245.0,https://www.amazon.in/Diary-Wimpy-Kid-Last-Straw/dp/0141324929/ref=zg_bs_g_1318074031_d_sccl_30/000-0000000-0000000?psc=1,34,https://www.amazon.in/gp/bestsellers/books/64619755031,0141347759,9780141347752,http://books.google.com/books/content?id=x4yE9zUI7aIC&printsec=frontcover&img=1&zoom=1&source=gbs_api
9780141373034,581,Double Down (Diary of a Wimpy Kid Book 11) [Paperback] Jeff Kinney,Jeff Kinney,Children's Books,Comics & Graphic Novels,Paperback,₹227.00,4.5,28808.0,https://www.amazon.in/Double-Down-Diary-Wimpy-Book/dp/0141379022/ref=zg_bs_g_1318074031_d_sccl_2/000-0000000-0000000?psc=1,34,https://www.amazon.in/gp/bestsellers/books/64619755031,0141373032,9780141373034,http://books.google.com/books/content?id=abwxDQAAQBAJ&printsec=frontcover&img=1&zoom=1&source=gbs_api
9789358565164,584,Panchtantra Ki Prasiddh Kahaniyan: Timeless Stories For Children From Ancient India In Hindi,Wonder House Books,Children's Books,Comics & Graphic Novels,Hardcover,₹189.00,4.3,1250.0,https://www.amazon.in/Panchtantra-Ki-Prasiddh-Kahaniyan-Timeless/dp/9389178134/ref=zg_bs_g_1318074031_d_sccl_5/000-0000000-0000000?psc=1,34,https://www.amazon.in/gp/bestsellers/books/64619755031,9358565160,9789358565164,http://books.google.com/books/content?id=i1HVEQAAQBAJ&printsec=frontcover&img=1&zoom=1&edge=curl&source=gbs_api
9789389567380,585,My First Pop Up Fairy Tales - Little Red Riding Hood : Pop up Books for children,Wonder House Books,Children's Books,Comics & Graphic Novels,Hardcover,₹139.00,4.4,760.0,https://www.amazon.in/My-First-Pop-Fairy-Tales/dp/9389567386/ref=zg_bs_g_1318074031_d_sccl_6/000-0000000-0000000?psc=1,34,https://www.amazon.in/gp/bestsellers/books/64619755031,9389567386,9789389567380,http://books.google.com/books/content?id=a5wO0QEACAAJ&printsec=frontcover&img=1&zoom=1&source=gbs_api
9780545331326,586,geronimo stilton # 46 the haunted castle,STILTON GERONIMO,Children's Books,Comics & Graphic Novels,Paperback,₹227.00,4.5,1929.0,https://www.amazon.in/Haunted-Castle-46-Geronimo-Stilton/dp/0545103746/ref=zg_bs_g_1318074031_d_sccl_7/000-0000000-0000000?psc=1,34,https://www.amazon.in/gp/bestsellers/books/64619755031,0545331323,9780545331326,http://books.google.com/books/content?id=WVOayYuYnsMC&printsec=frontcover&img=1&zoom=1&edge=curl&source=gbs_api
9781338801934,587,Dog Man: Twenty Thousand Fleas Under the Sea: A Graphic Novel (Dog Man #11): From the Creator of Cap,Dav Pilkey,Children's Books,Comics & Graphic Novels,Hardcover,₹428.00,4.8,6860.0,https://www.amazon.in/Dog-Man-Thousand-Graphic-Creator/dp/9354716164/ref=zg_bs_g_1318074031_d_sccl_8/000-0000000-0000000?psc=1,34,https://www.amazon.in/gp/bestsellers/books/64619755031,1338801937,9781338801934,http://books.google.com/books/content?id=gyZ_EAAAQBAJ&printsec=frontcover&img=1&zoom=1&edge=curl&source=gbs_api
9789388369022,589,My First Five Minutes Fairy Tales Boxset: Giftset of 20 Books for Kids (Abridged and Retold),Wonder House Books,Children's Books,Comics & Graphic Novels,Paperback,₹999.00,4.4,658.0,https://www.amazon.in/First-Minutes-Fairy-Tales-Boxset/dp/9388369025/ref=zg_bs_g_1318074031_d_sccl_10/000-0000000-0000000?psc=1,34,https://www.amazon.in/gp/bestsellers/books/64619755031,9388369025,9789388369022,http://books.google.com/books/content?id=KO2lzwEACAAJ&printsec=frontcover&img=1&zoom=1&source=gbs_api
9789354400889,592,Illustrated Ramayana For Children (Black and White),Shubha Vilas,Children's Books,Comics & Graphic Novels,Paperback,₹109.00,4.6,1103.0,https://www.amazon.in/Illustrated-Ramayana-Children-Black-White/dp/9354400884/ref=zg_bs_g_1318074031_d_sccl_13/000-0000000-0000000?psc=1,34,https://www.amazon.in/gp/bestsellers/books/64619755031,9354400884,9789354400889,http://books.google.com/books/content?id=Pb8P0AEACAAJ&printsec=frontcover&img=1&zoom=1&source=gbs_api
9781419751660,594,Diary of a Wimpy Kid Box Set - Books 1 -,Jeff Kinney,Children's Books,Comics & Graphic Novels,Paperback,"₹2,659.69",4.5,612.0,https://www.amazon.in/Diary-Wimpy-Kid-Books-book/dp/0241567416/ref=zg_bs_g_1318074031_d_sccl_15/000-0000000-0000000?psc=1,34,https://www.amazon.in/gp/bestsellers/books/64619755031,1419751662,9781419751660,http://books.google.com/books/content?id=lMR1zQEACAAJ&printsec=frontcover&img=1&zoom=1&source=gbs_api
9781647004163,595,Rowley Jefferson's Awesome Friendly Spooky Stories,Jeff Kinney,Children's Books,Comics & Graphic Novels,Paperback,₹227.00,4.6,5087.0,https://www.amazon.in/Jeffersons-Awesome-Friendly-Stories-Journal/dp/0241530407/ref=zg_bs_g_1318074031_d_sccl_16/000-0000000-0000000?psc=1,34,https://www.amazon.in/gp/bestsellers/books/64619755031,1647004160,9781647004163,http://books.google.com/books/content?id=C4wOEAAAQBAJ&printsec=frontcover&img=1&zoom=1&source=gbs_api
9789354403392,596,The Secret Garden : Illustrated Abridged Children Classic English Novel with Review Questions (Hardback): Abridged and Illustrated (Illustrated Classics),Frances Hodgson Burnett,Children's Books,Comics & Graphic Novels,Hardcover,₹155.00,4.4,265.0,https://www.amazon.in/Secret-Garden-Kids-illustrated-Questions/dp/9354403395/ref=zg_bs_g_1318074031_d_sccl_17/000-0000000-0000000?psc=1,34,https://www.amazon.in/gp/bestsellers/books/64619755031,9354403395,9789354403392,http://books.google.com/books/content?id=vXMP0AEACAAJ&printsec=frontcover&img=1&zoom=1&source=gbs_api
9780545393812,597,GERONIMO STILTON: THEA STILTON AND THE MYSTERY IN PARIS,,Children's Books,Comics & Graphic Novels,Paperback,₹225.00,4.6,1806.0,https://www.amazon.in/GERONIMO-STILTON-THEA-MYSTERY-PARIS/dp/0545227739/ref=zg_bs_g_1318074031_d_sccl_18/000-0000000-0000000?psc=1,34,https://www.amazon.in/gp/bestsellers/books/64619755031,0545393817,9780545393812,http://books.google.com/books/content?id=yCCBUox-xkwC&printsec=frontcover&img=1&zoom=1&edge=curl&source=gbs_api
9781473598140,598,"Sapiens A Graphic History, Volume 2",Yuval Noah Harari,Children's Books,Comics & Graphic Novels,Hardcover,₹730.00,4.7,905.0,https://www.amazon.in/Sapiens-Graphic-History-Pillars-Civilization/dp/1787333760/ref=zg_bs_g_1318074031_d_sccl_19/000-0000000-0000000?psc=1,34,https://www.amazon.in/gp/bestsellers/books/64619755031,1473598141,9781473598140,http://books.google.com/books/content?id=P-soEAAAQBAJ&printsec=frontcover&img=1&zoom=1&source=gbs_api
9780008333799,600,The Kid Who Came From Space,Ross Welford,Children's Books,Computers & Technology,Paperback,₹275.00,4.5,3003.0,https://www.amazon.in/Kid-Who-Came-Space/dp/0008333785/ref=zg_bs_g_67803464031_d_sccl_1/000-0000000-0000000?psc=1,34,https://www.amazon.in/gp/bestsellers/books/64619755031,0008333793,9780008333799,http://books.google.com/books/content?id=PoScDwAAQBAJ&printsec=frontcover&img=1&zoom=1&source=gbs_api
9789388369060,602,World's Greatest Scientists & Inventors : Biographies of Inspirational Personalities For Kids,Wonder House Books,Children's Books,Computers & Technology,Paperback,₹99.00,4.5,1968.0,https://www.amazon.in/Worlds-Greatest-Scientists-Inventors-Inspirational/dp/9388369068/ref=zg_bs_g_67803464031_d_sccl_3/000-0000000-0000000?psc=1,34,https://www.amazon.in/gp/bestsellers/books/64619755031,9388369068,9789388369060,http://books.google.com/books/content?id=MojZzwEACAAJ&printsec=frontcover&img=1&zoom=1&source=gbs_api
9789354404191,603,Knowledge Encyclopedia - Inventions and Discoveries (Knowledge Encyclopedia for Children),Wonder House Books,Children's Books,Computers & Technology,Hardcover,₹599.00,4.6,161.0,https://www.amazon.in/Knowledge-Encyclopedia-Wonder-House-Books/dp/9354404197/ref=zg_bs_g_67803464031_d_sccl_4/000-0000000-0000000?psc=1,34,https://www.amazon.in/gp/bestsellers/books/64619755031,9354404197,9789354404191,http://books.google.com/books/content?id=3tYO0AEACAAJ&printsec=frontcover&img=1&zoom=1&source=gbs_api
9789354404436,604,Knowledge Encyclopedia Space,Wonder House Books,Children's Books,Computers & Technology,Hardcover,₹599.00,4.5,139.0,https://www.amazon.in/Knowledge-Encyclopedia-Wonder-House-Books/dp/935440443X/ref=zg_bs_g_67803464031_d_sccl_5/000-0000000-0000000?psc=1,34,https://www.amazon.in/gp/bestsellers/books/64619755031,935440443X,9789354404436,http://books.google.com/books/content?id=fDUP0AEACAAJ&printsec=frontcover&img=1&zoom=1&source=gbs_api
9780986444159,607,Diary of a Minecraft Zombie Book 1: A Scare of a Dare (An Unofficial Minecraft Story),Zack Zombie,Children's Books,Computers & Technology,Kindle Edition,₹248.00,4.6,18243.0,https://www.amazon.in/Minecraft-Books-Diary-Zombie-Unofficial-ebook/dp/B00T505AX8/ref=zg_bs_g_67803464031_d_sccl_8/000-0000000-0000000?psc=1,34,https://www.amazon.in/gp/bestsellers/books/64619755031,0986444154,9780986444159,http://books.google.com/books/content?id=ZQNUrgEACAAJ&printsec=frontcover&img=1&zoom=1&source=gbs_api
9781958388204,609,Kid Youtuber: From the Creator of Diary of a 6th Grade Ninja,Marcus Emerson,Children's Books,Computers & Technology,Kindle Edition,₹449.00,4.6,3978.0,https://www.amazon.in/Kid-Youtuber-Creator-Diary-Grade-ebook/dp/B087CDD73Z/ref=zg_bs_g_67803464031_d_sccl_10/000-0000000-0000000?psc=1,34,https://www.amazon.in/gp/bestsellers/books/64619755031,1958388203,9781958388204,http://books.google.com/books/content?id=oUU60AEACAAJ&printsec=frontcover&img=1&zoom=1&source=gbs_api
9781943330058,610,Diary of a Minecraft Zombie Book 6: Zombie Goes To Camp (An Unofficial Minecraft Book),Zack Zombie,Children's Books,Computers & Technology,Kindle Edition,₹234.00,4.7,3647.0,https://www.amazon.in/Diary-Minecraft-Zombie-Book-Unofficial-ebook/dp/B00ZJPPPFG/ref=zg_bs_g_67803464031_d_sccl_11/000-0000000-0000000?psc=1,34,https://www.amazon.in/gp/bestsellers/books/64619755031,1943330050,9781943330058,http://books.google.com/books/content?id=FZPusgEACAAJ&printsec=frontcover&img=1&zoom=1&source=gbs_api
9781965347935,615,Minecraft Books: Diary of a Minecraft Zombie Book 4: Zombie Swap (An Unofficial Minecraft Book),Zack Zombie,Children's Books,Computers & Technology,Kindle Edition,₹234.00,4.8,4298.0,https://www.amazon.in/Diary-Minecraft-Zombie-Book-Unofficial-ebook/dp/B00VKW7I20/ref=zg_bs_g_67803464031_d_sccl_16/000-0000000-0000000?psc=1,34,https://www.amazon.in/gp/bestsellers/books/64619755031,1965347932,9781965347935,http://books.google.com/books/content?id=7KMO0QEACAAJ&printsec=frontcover&img=1&zoom=1&source=gbs_api
9781960507921,616,Minecraft Books: Diary of a Minecraft Zombie Book 14: Cloudy with a Chance of Apocalypse,Zack Zombie,Children's Books,Computers & Technology,Kindle Edition,₹199.00,4.8,2007.0,https://www.amazon.in/Minecraft-Books-Zombie-Cloudy-Apocalypse-ebook/dp/B07CVFZZ3N/ref=zg_bs_g_67803464031_d_sccl_17/000-0000000-0000000?psc=1,34,https://www.amazon.in/gp/bestsellers/books/64619755031,1960507923,9781960507921,http://books.google.com/books/content?id=clza0AEACAAJ&printsec=frontcover&img=1&zoom=1&source=gbs_api
9780008156312,617,Time Travelling with a Hamster,Ross Welford,Children's Books,Computers & Technology,Paperback,₹289.00,4.6,2601.0,https://www.amazon.in/Time-Travelling-Hamster-Ross-Welford/dp/000815631X/ref=zg_bs_g_67803464031_d_sccl_18/000-0000000-0000000?psc=1,34,https://www.amazon.in/gp/bestsellers/books/64619755031,000815631X,9780008156312,http://books.google.com/books/content?id=6cfGsgEACAAJ&printsec=frontcover&img=1&zoom=1&source=gbs_api
9781958388952,618,Kid Youtuber 5: You're Welcome (a hilarious adventure for children ages 9-12): From the Creator of Diary of a 6th Grade Ninja,Marcus Emerson,Children's Books,Computers & Technology,Kindle Edition,₹449.00,4.7,1970.0,https://www.amazon.in/Kid-Youtuber-hilarious-adventure-children-ebook/dp/B09631H39G/ref=zg_bs_g_67803464031_d_sccl_19/000-0000000-0000000?psc=1,34,https://www.amazon.in/gp/bestsellers/books/64619755031,1958388955,9781958388952,http://books.google.com/books/content?id=I_R40QEACAAJ&printsec=frontcover&img=1&zoom=1&source=gbs_api
9789354402005,619,Knowledge Encyclopedia - Science (Knowledge Encyclopedia for Children),Wonder House Books,Children's Books,Computers & Technology,Hardcover,₹599.00,4.3,40.0,https://www.amazon.in/Knowledge-Encyclopedia-Wonder-House-Books/dp/9354404359/ref=zg_bs_g_67803464031_d_sccl_20/000-0000000-0000000?psc=1,34,https://www.amazon.in/gp/bestsellers/books/64619755031,9354402003,9789354402005,http://books.google.com/books/content?id=fwv00QEACAAJ&printsec=frontcover&img=1&zoom=1&source=gbs_api
9798885780889,620,They Both Die at the End,Adam Silvera,Children's Books,Computers & Technology,Paperback,₹259.00,4.4,38822.0,https://www.amazon.in/They-Both-Die-at-End/dp/1471166201/ref=zg_bs_g_67803464031_d_sccl_21/000-0000000-0000000?psc=1,34,https://www.amazon.in/gp/bestsellers/books/64619755031,,9798885780889,http://books.google.com/books/content?id=hjydzgEACAAJ&printsec=frontcover&img=1&zoom=1&source=gbs_api
9781943330744,622,Diary of a Minecraft Zombie Book 10: One Bad Apple (An Unofficial Minecraft Book),Zack Zombie,Children's Books,Computers & Technology,Kindle Edition,₹235.00,4.8,2592.0,https://www.amazon.in/Diary-Minecraft-Zombie-Book-Unofficial-ebook/dp/B01AM3IGQE/ref=zg_bs_g_67803464031_d_sccl_23/000-0000000-0000000?psc=1,34,https://www.amazon.in/gp/bestsellers/books/64619755031,1943330743,9781943330744,http://books.google.com/books/content?id=OQtwvgAACAAJ&printsec=frontcover&img=1&zoom=1&source=gbs_api
9781960507938,623,Minecraft: Diary of a Minecraft Zombie Book 15: Attack of the Gnomes! (An Unofficial Minecraft Book),Zack Zombie,Children's Books,Computers & Technology,Kindle Edition,₹217.00,4.8,2342.0,https://www.amazon.in/Minecraft-Zombie-Attack-Gnomes-Unofficial-ebook/dp/B07HRL6F39/ref=zg_bs_g_67803464031_d_sccl_24/000-0000000-0000000?psc=1,34,https://www.amazon.in/gp/bestsellers/books/64619755031,1960507931,9781960507938,http://books.google.com/books/content?id=GEjX0AEACAAJ&printsec=frontcover&img=1&zoom=1&source=gbs_api
9781760295646,624,"Kid Youtuber 6: Sorry, Not Sorry (a hilarious adventure for children ages 9-12): From the Creator of Diary of a 6th Grade Ninja",Marcus Emerson,Children's Books,Computers & Technology,Kindle Edition,₹449.00,4.7,1662.0,https://www.amazon.in/Kid-Youtuber-hilarious-adventure-children-ebook/dp/B09F8XJGKX/ref=zg_bs_g_67803464031_d_sccl_25/000-0000000-0000000?psc=1,34,https://www.amazon.in/gp/bestsellers/books/64619755031,1760295647,9781760295646,http://books.google.com/books/content?id=CLwQMQAACAAJ&printsec=frontcover&img=1&zoom=1&source=gbs_api
9781943330614,625,Minecraft Books: Diary of A Minecraft Zombie Book 2: Bullies and Buddies (An Unofficial Minecraft Book),Zack Zombie,Children's Books,Computers & Technology,Kindle Edition,₹247.00,4.8,7497.0,https://www.amazon.in/Minecraft-Zombie-Bullies-Buddies-Unofficial-ebook/dp/B00UPIV37G/ref=zg_bs_g_67803464031_d_sccl_26/000-0000000-0000000?psc=1,34,https://www.amazon.in/gp/bestsellers/books/64619755031,1943330611,9781943330614,http://books.google.com/books/content?id=a2mdjwEACAAJ&printsec=frontcover&img=1&zoom=1&source=gbs_api
9781965347676,628,Diary of a Minecraft Zombie Book 5: School Daze (An Unofficial Minecraft Book),Zack Zombie,Children's Books,Computers & Technology,Kindle Edition,₹234.00,4.8,3712.0,https://www.amazon.in/Diary-Minecraft-Zombie-Book-Unofficial-ebook/dp/B00WAK43JC/ref=zg_bs_g_67803464031_d_sccl_29/000-0000000-0000000?psc=1,34,https://www.amazon.in/gp/bestsellers/books/64619755031,1965347673,9781965347676,http://books.google.com/books/content?id=xjUP0QEACAAJ&printsec=frontcover&img=1&zoom=1&source=gbs_api
9781943330973,629,Diary of a Minecraft Zombie Book 9: Zombie's Birthday Apocalypse (An Unofficial Minecraft Book),Zack Zombie,Children's Books,Computers & Technology,Kindle Edition,₹230.00,4.8,2761.0,https://www.amazon.in/Diary-Minecraft-Zombie-Book-Apocalypse-ebook/dp/B0160MRVJY/ref=zg_bs_g_67803464031_d_sccl_30/000-0000000-0000000?psc=1,34,https://www.amazon.in/gp/bestsellers/books/64619755031,1943330972,9781943330973,http://books.google.com/books/content?id=NrglugEACAAJ&printsec=frontcover&img=1&zoom=1&source=gbs_api
9780545520492,631,Geronimo Stilton # 52 Mouse in Space,GERONIMO STILTON,Children's Books,Computers & Technology,Paperback,₹227.00,4.5,453.0,https://www.amazon.in/Geronimo-Stilton-52-Mouse-Space/dp/0545481910/ref=zg_bs_g_67803464031_d_sccl_2/000-0000000-0000000?psc=1,34,https://www.amazon.in/gp/bestsellers/books/64619755031,0545520495,9780545520492,http://books.google.com/books/content?id=LcxpAwAAQBAJ&printsec=frontcover&img=1&zoom=1&edge=curl&source=gbs_api
9781771672450,632,The Hundred Dresses,Eleanor Estes,Children's Books,Computers & Technology,Paperback,₹340.00,4.7,3268.0,https://www.amazon.in/Hundred-Dresses-Eleanor-Estes/dp/0152052607/ref=zg_bs_g_67803464031_d_sccl_3/000-0000000-0000000?psc=1,34,https://www.amazon.in/gp/bestsellers/books/64619755031,1771672455,9781771672450,http://books.google.com/books/content?id=JQPytwEACAAJ&printsec=frontcover&img=1&zoom=1&source=gbs_api
9781960507617,633,Minecraft: Diary of a Minecraft Zombie Book 16: Down The Drain (An Unofficial Minecraft Book),Zack Zombie,Children's Books,Computers & Technology,Kindle Edition,₹213.00,4.8,2144.0,https://www.amazon.in/Minecraft-Diary-Zombie-Drain-Unofficial-ebook/dp/B07P45TXH9/ref=zg_bs_g_67803464031_d_sccl_4/000-0000000-0000000?psc=1,34,https://www.amazon.in/gp/bestsellers/books/64619755031,1960507613,9781960507617,http://books.google.com/books/content?id=x7vT0AEACAAJ&printsec=frontcover&img=1&zoom=1&source=gbs_api
9781732626508,634,Diary of a Minecraft Zombie Book 12: Pixelmon Gone!,Zack Zombie,Children's Books,Computers & Technology,Kindle Edition,₹228.00,4.8,2499.0,https://www.amazon.in/Diary-Minecraft-Zombie-Book-12-ebook/dp/B06XB5DPTW/ref=zg_bs_g_67803464031_d_sccl_5/000-0000000-0000000?psc=1,34,https://www.amazon.in/gp/bestsellers/books/64619755031,1732626502,9781732626508,http://books.google.com/books/content?id=upVFugEACAAJ&printsec=frontcover&img=1&zoom=1&source=gbs_api
9781442430105,635,George's Secret Key to the Universe,Lucy Hawking,Children's Books,Computers & Technology,Paperback,₹259.00,4.6,1703.0,https://www.amazon.in/Georges-Secret-Universe-Lucy-Hawking/dp/055255958X/ref=zg_bs_g_67803464031_d_sccl_6/000-0000000-0000000?psc=1,34,https://www.amazon.in/gp/bestsellers/books/64619755031,1442430109,9781442430105,http://books.google.com/books/content?id=xWwGL4Fte6IC&printsec=frontcover&img=1&zoom=1&edge=curl&source=gbs_api
9780399242861,636,How To Catch A Star,Oliver Jeffers,Children's Books,Computers & Technology,Board book,₹389.00,4.6,3308.0,https://www.amazon.in/How-Catch-Star-Oliver-Jeffers/dp/0007549229/ref=zg_bs_g_67803464031_d_sccl_7/000-0000000-0000000?psc=1,34,https://www.amazon.in/gp/bestsellers/books/64619755031,0399242864,9780399242861,http://books.google.com/books/content?id=kXCNEAAAQBAJ&printsec=frontcover&img=1&zoom=1&source=gbs_api
9781338064520,638,Diary of a Minecraft Zombie Book 7: Zombie Family Reunion (An Unofficial Minecraft Book),Zack Zombie,Children's Books,Computers & Technology,Kindle Edition,₹234.00,4.8,2182.0,https://www.amazon.in/Diary-Minecraft-Zombie-Book-Unofficial-ebook/dp/B011PVY4NQ/ref=zg_bs_g_67803464031_d_sccl_9/000-0000000-0000000?psc=1,34,https://www.amazon.in/gp/bestsellers/books/64619755031,1338064525,9781338064520,http://books.google.com/books/content?id=ZRT2zgEACAAJ&printsec=frontcover&img=1&zoom=1&source=gbs_api
9781960927026,640,"Camp Chaos (Diary of a Bacon Hair Boy, Book 10) (Diary of a Roblox Bacon Hair Boy)",Arrikin Books,Children's Books,Computers & Technology,Kindle Edition,₹300.00,4.8,46.0,https://www.amazon.in/Camp-Chaos-Diary-Bacon-Roblox-ebook/dp/B0CSGF3L48/ref=zg_bs_g_67803464031_d_sccl_11/000-0000000-0000000?psc=1,34,https://www.amazon.in/gp/bestsellers/books/64619755031,1960927027,9781960927026,http://books.google.com/books/content?id=S_XXzwEACAAJ&printsec=frontcover&img=1&zoom=1&source=gbs_api
9780679812685,641,The Berenstain Bears and Too Much TV,Stan Berenstain,Children's Books,Computers & Technology,Paperback,₹169.00,4.8,2114.0,https://www.amazon.in/Berenstain-Bears-Much-First-Books/dp/0394865707/ref=zg_bs_g_67803464031_d_sccl_12/000-0000000-0000000?psc=1,34,https://www.amazon.in/gp/bestsellers/books/64619755031,0679812687,9780679812685,http://books.google.com/books/content?id=kL5R03F5R7UC&printsec=frontcover&img=1&zoom=1&source=gbs_api
9781426323300,642,National Geographic Little Kids First Big Book Of How (National Geographic Little Kids First Big Books) (National Geographic Kids),Jill Esbaum,Children's Books,Computers & Technology,Hardcover,₹948.00,4.7,2761.0,https://www.amazon.in/National-Geographic-Little-First-Books/dp/1426323298/ref=zg_bs_g_67803464031_d_sccl_13/000-0000000-0000000?psc=1,34,https://www.amazon.in/gp/bestsellers/books/64619755031,1426323301,9781426323300,http://books.google.com/books/content?id=UvpZEQAAQBAJ&printsec=frontcover&img=1&zoom=1&source=gbs_api
9781960927101,645,"New Worlds (Diary of a Bacon Hair Boy, Book 9) (Diary of a Roblox Bacon Hair Boy)",Arrikin Books,Children's Books,Computers & Technology,Kindle Edition,₹330.00,4.7,93.0,https://www.amazon.in/Worlds-Diary-Bacon-Hair-Roblox-ebook/dp/B0CG2PHZB7/ref=zg_bs_g_67803464031_d_sccl_16/000-0000000-0000000?psc=1,34,https://www.amazon.in/gp/bestsellers/books/64619755031,1960927108,9781960927101,http://books.google.com/books/content?id=u5gl0AEACAAJ&printsec=frontcover&img=1&zoom=1&source=gbs_api
9781534451360,646,George and the Unbreakable Code (Book 4) (George's Secret Key to the Universe) [Paperback] Lucy and Stephen Hawking,Lucy Hawking,Children's Books,Computers & Technology,Paperback,₹259.00,4.7,556.0,https://www.amazon.in/George-Unbreakable-Georges-Secret-Universe/dp/0552570052/ref=zg_bs_g_67803464031_d_sccl_17/000-0000000-0000000?psc=1,34,https://www.amazon.in/gp/bestsellers/books/64619755031,1534451366,9781534451360,http://books.google.com/books/content?id=imx2vQEACAAJ&printsec=frontcover&img=1&zoom=1&source=gbs_api
9780007323272,647,The Way Back Home,Oliver Jeffers,Children's Books,Computers & Technology,Board book,₹344.00,4.7,1354.0,https://www.amazon.in/Way-Back-Home-Oliver-Jeffers/dp/0007549245/ref=zg_bs_g_67803464031_d_sccl_18/000-0000000-0000000?psc=1,34,https://www.amazon.in/gp/bestsellers/books/64619755031,0007323271,9780007323272,http://books.google.com/books/content?id=W_QpkgAACAAJ&printsec=frontcover&img=1&zoom=1&source=gbs_api
9788187108948,648,Discovering The Earth's Wonders: 500 Fascinating Facts about Our Extraordinary Planet for Kids,Team Pegasus,Children's Books,Computers & Technology,Hardcover,₹401.00,4.5,138.0,https://www.amazon.in/Discovering-Earths-Wonders-Fascinating-Extraordinary/dp/8131942066/ref=zg_bs_g_67803464031_d_sccl_19/000-0000000-0000000?psc=1,34,https://www.amazon.in/gp/bestsellers/books/64619755031,8187108940,9788187108948,http://books.google.com/books/content?id=8bqJSQAACAAJ&printsec=frontcover&img=1&zoom=1&source=gbs_api
9789387779815,650,Colouring Books Boxset: Pack of 12 Copy Colour Books For Children,Wonder House Books,Children's Books,"Crafts, Hobbies & Practical Interests",Paperback,₹329.00,4.5,4347.0,https://www.amazon.in/Colouring-Books-Kids-Colour-Children/dp/9388369785/ref=zg_bs_g_1318075031_d_sccl_1/000-0000000-0000000?psc=1,34,https://www.amazon.in/gp/bestsellers/books/64619755031,9387779815,9789387779815,http://books.google.com/books/content?id=VMH10QEACAAJ&printsec=frontcover&img=1&zoom=1&source=gbs_api
9789391924294,652,"Jumbo Colouring Book - Activity Colouring Book for 3 to 5 years old kids - Gift to children for painting, drawing and colouring with reference guide [Paperback] Maple Press",Maple Press,Children's Books,"Crafts, Hobbies & Practical Interests",Paperback,₹99.00,4.4,1946.0,https://www.amazon.in/Jumbo-Colouring-Book-Maple-Press/dp/9388304608/ref=zg_bs_g_1318075031_d_sccl_3/000-0000000-0000000?psc=1,34,https://www.amazon.in/gp/bestsellers/books/64619755031,9391924298,9789391924294,http://books.google.com/books/content?id=6agN0AEACAAJ&printsec=frontcover&img=1&zoom=1&source=gbs_api
9789390183005,654,My First 365 Coloring Book Jumbo Coloring Book For Kids With Tear Out Sheets,Wonder House Books,Children's Books,"Crafts, Hobbies & Practical Interests",Paperback,₹199.00,4.5,1061.0,https://www.amazon.in/My-First-365-Colouring-Book/dp/9390183006/ref=zg_bs_g_1318075031_d_sccl_5/000-0000000-0000000?psc=1,34,https://www.amazon.in/gp/bestsellers/books/64619755031,9390183006,9789390183005,http://books.google.com/books/content?id=y0bZzwEACAAJ&printsec=frontcover&img=1&zoom=1&source=gbs_api
9789388369794,655,101 Brain Booster,Wonder House Books,Children's Books,"Crafts, Hobbies & Practical Interests",Paperback,₹159.00,4.4,5985.0,https://www.amazon.in/101-Brain-Booster-Activity-Book/dp/9388369793/ref=zg_bs_g_1318075031_d_sccl_6/000-0000000-0000000?psc=1,34,https://www.amazon.in/gp/bestsellers/books/64619755031,9388369793,9789388369794,http://books.google.com/books/content?id=xJDZzwEACAAJ&printsec=frontcover&img=1&zoom=1&source=gbs_api
9781780552491,657,"BRAIN GAMES FOR CLEVER KIDS [Paperback] Moore, Gareth",Gareth Moore,Children's Books,"Crafts, Hobbies & Practical Interests",Paperback,₹139.00,4.3,10554.0,https://www.amazon.in/BRAIN-GAMES-CLEVER-Paperback-Gareth/dp/1780552491/ref=zg_bs_g_1318075031_d_sccl_8/000-0000000-0000000?psc=1,34,https://www.amazon.in/gp/bestsellers/books/64619755031,1780552491,9781780552491,http://books.google.com/books/content?id=qBAkngEACAAJ&printsec=frontcover&img=1&zoom=1&source=gbs_api
9781442451322,659,Where Is Baby'S Belly Button?,Karen Katz,Children's Books,"Crafts, Hobbies & Practical Interests",Board book,₹259.00,4.5,13382.0,https://www.amazon.in/Where-Babys-Belly-Button-Karen/dp/0689835604/ref=zg_bs_g_1318075031_d_sccl_10/000-0000000-0000000?psc=1,34,https://www.amazon.in/gp/bestsellers/books/64619755031,1442451327,9781442451322,http://books.google.com/books/content?id=mSzPRdidCOIC&printsec=frontcover&img=1&zoom=1&edge=curl&source=gbs_api
9798738395635,661,Motivation- Colouring Book for Adults: Adult Colouring Book for Peace & Relaxation [Paperback] Dreamland Publications,Dreamland Publications,Children's Books,"Crafts, Hobbies & Practical Interests",Paperback,₹140.00,4.5,2791.0,https://www.amazon.in/Motivation-Adult-Colouring-Peace-Relaxation/dp/9387177033/ref=zg_bs_g_1318075031_d_sccl_12/000-0000000-0000000?psc=1,34,https://www.amazon.in/gp/bestsellers/books/64619755031,,9798738395635,http://books.google.com/books/content?id=KqZlzgEACAAJ&printsec=frontcover&img=1&zoom=1&source=gbs_api
9789354404924,662,Origami - Step-by-Step Introduction To The Art of Paper-Folding - Activity Book For Children - Level 1: Beginners,Wonder House Books,Children's Books,"Crafts, Hobbies & Practical Interests",Paperback,₹119.00,4.3,196.0,https://www.amazon.in/Origami-Step-Step-Introduction-Paper-Folding/dp/9354404928/ref=zg_bs_g_1318075031_d_sccl_13/000-0000000-0000000?psc=1,34,https://www.amazon.in/gp/bestsellers/books/64619755031,9354404928,9789354404924,http://books.google.com/books/content?id=wYwQ0AEACAAJ&printsec=frontcover&img=1&zoom=1&source=gbs_api
9798648372467,670,"Set of 4 Sticker Books for Kids - Number, ABC, Things that Move & Shapes and Opposites | Sticker Activity for Children",Team Pegasus,Children's Books,"Crafts, Hobbies & Practical Interests",Product Bundle,₹389.00,4.2,143.0,https://www.amazon.in/Set-Sticker-Books-Number-Opposites/dp/8131923312/ref=zg_bs_g_1318075031_d_sccl_21/000-0000000-0000000?psc=1,34,https://www.amazon.in/gp/bestsellers/books/64619755031,,9798648372467,http://books.google.com/books/content?id=PWrAzQEACAAJ&printsec=frontcover&img=1&zoom=1&source=gbs_api
9780694011100,671,The Secret Garden,Frances Hodgson Burnett,Children's Books,"Crafts, Hobbies & Practical Interests",Paperback,₹139.00,4.4,20158.0,https://www.amazon.in/Secret-Garden-Frances-Hodgson-Burnett/dp/9386538997/ref=zg_bs_g_1318075031_d_sccl_22/000-0000000-0000000?psc=1,34,https://www.amazon.in/gp/bestsellers/books/64619755031,069401110X,9780694011100,http://books.google.com/books/content?id=_Lep-Tz2d88C&printsec=frontcover&img=1&zoom=1&source=gbs_api
9789388369817,672,My First Experiences Sticker Book: My first sticker books,Wonder House Books,Children's Books,"Crafts, Hobbies & Practical Interests",Paperback,₹155.00,4.4,1278.0,https://www.amazon.in/My-First-Experiences-Sticker-Book/dp/9388369815/ref=zg_bs_g_1318075031_d_sccl_23/000-0000000-0000000?psc=1,34,https://www.amazon.in/gp/bestsellers/books/64619755031,9388369815,9789388369817,http://books.google.com/books/content?id=CI5v0AEACAAJ&printsec=frontcover&img=1&zoom=1&source=gbs_api
9789389717006,673,Word Search : First Fun Activity Books For Kids,Wonder House Books,Children's Books,"Crafts, Hobbies & Practical Interests",Paperback,₹99.00,4.4,998.0,https://www.amazon.in/Word-Search-First-Activity-Books/dp/9389717000/ref=zg_bs_g_1318075031_d_sccl_24/000-0000000-0000000?psc=1,34,https://www.amazon.in/gp/bestsellers/books/64619755031,9389717000,9789389717006,http://books.google.com/books/content?id=nKoQ0AEACAAJ&printsec=frontcover&img=1&zoom=1&source=gbs_api
9789388144025,677,Little Artist Series Mandala: Copy Colour Books,Wonder House Books,Children's Books,"Crafts, Hobbies & Practical Interests",Paperback,₹68.00,4.2,549.0,https://www.amazon.in/Little-Artist-Mandala-Colour-Books/dp/9388144023/ref=zg_bs_g_1318075031_d_sccl_28/000-0000000-0000000?psc=1,34,https://www.amazon.in/gp/bestsellers/books/64619755031,9388144023,9789388144025,http://books.google.com/books/content?id=Bb4Q0AEACAAJ&printsec=frontcover&img=1&zoom=1&source=gbs_api
9789389432695,679,Doodle Coloring For Kids - Pink Edition,Wonder House Books,Children's Books,"Crafts, Hobbies & Practical Interests",Paperback,₹89.00,4.5,2614.0,https://www.amazon.in/Doodle-Coloring-Girls-Books/dp/9389432693/ref=zg_bs_g_1318075031_d_sccl_30/000-0000000-0000000?psc=1,34,https://www.amazon.in/gp/bestsellers/books/64619755031,9389432693,9789389432695,http://books.google.com/books/content?id=KBLazwEACAAJ&printsec=frontcover&img=1&zoom=1&source=gbs_api
9789390183548,680,101 Unicorn Colouring Book Fun Activity Colouring Book For Children,Wonder House Books,Children's Books,"Crafts, Hobbies & Practical Interests",Paperback,₹155.00,4.5,1934.0,https://www.amazon.in/Unicorn-Coloring-Book-Artworks-Colouring/dp/9390183545/ref=zg_bs_g_1318075031_d_sccl_1/000-0000000-0000000?psc=1,34,https://www.amazon.in/gp/bestsellers/books/64619755031,9390183545,9789390183548,http://books.google.com/books/content?id=KZLZzwEACAAJ&printsec=frontcover&img=1&zoom=1&source=gbs_api
9789389432688,685,Doodle Coloring For Kids - Blue Edition,Wonder House Books,Children's Books,"Crafts, Hobbies & Practical Interests",Paperback,₹99.00,4.5,1083.0,https://www.amazon.in/Doodle-Coloring-Boys-Books/dp/9389432685/ref=zg_bs_g_1318075031_d_sccl_6/000-0000000-0000000?psc=1,34,https://www.amazon.in/gp/bestsellers/books/64619755031,9389432685,9789389432688,http://books.google.com/books/content?id=tPfYzwEACAAJ&printsec=frontcover&img=1&zoom=1&source=gbs_api
9789354404764,687,Origami - Step-by-Step Introduction To The Art of Paper-Folding - Activity Book For Children - Level 3: Advanced,Wonder House Books,Children's Books,"Crafts, Hobbies & Practical Interests",Paperback,₹99.00,4.3,49.0,https://www.amazon.in/Origami-Step-Step-Introduction-Paper-Folding/dp/9354404766/ref=zg_bs_g_1318075031_d_sccl_8/000-0000000-0000000?psc=1,34,https://www.amazon.in/gp/bestsellers/books/64619755031,9354404766,9789354404764,http://books.google.com/books/content?id=OM8P0AEACAAJ&printsec=frontcover&img=1&zoom=1&source=gbs_api
9789352769261,689,The Ultimate Workbook for Children 5-6 Years Old |Interactive Fun Learning Activity Skills Book,Team Pegasus,Children's Books,"Crafts, Hobbies & Practical Interests",Paperback,₹287.00,4.6,353.0,https://www.amazon.in/Ultimate-Workbook-Children-5-6-Years/dp/8131940985/ref=zg_bs_g_1318075031_d_sccl_10/000-0000000-0000000?psc=1,34,https://www.amazon.in/gp/bestsellers/books/64619755031,9352769260,9789352769261,http://books.google.com/books/content?id=u7ACzwEACAAJ&printsec=frontcover&img=1&zoom=1&source=gbs_api
9789390183586,690,I Am Born To Be A Unicorn Coloring book Giant book Series Jumbo Sized Colouring Book For Children,Wonder House Books,Children's Books,"Crafts, Hobbies & Practical Interests",Paperback,₹129.00,4.4,944.0,https://www.amazon.in/Born-Unicorn-Coloring-book-Colouring/dp/9390183588/ref=zg_bs_g_1318075031_d_sccl_11/000-0000000-0000000?psc=1,34,https://www.amazon.in/gp/bestsellers/books/64619755031,9390183588,9789390183586,http://books.google.com/books/content?id=jxTazwEACAAJ&printsec=frontcover&img=1&zoom=1&source=gbs_api
9789389432886,696,101 Dot To Dot Coloring: Fun Activity Book For Children,Wonder House Books,Children's Books,"Crafts, Hobbies & Practical Interests",Paperback,₹149.00,4.5,1298.0,https://www.amazon.in/101-Dot-Coloring-Activity-Children/dp/938943288X/ref=zg_bs_g_1318075031_d_sccl_17/000-0000000-0000000?psc=1,34,https://www.amazon.in/gp/bestsellers/books/64619755031,938943288X,9789389432886,http://books.google.com/books/content?id=5xfZzwEACAAJ&printsec=frontcover&img=1&zoom=1&source=gbs_api
9789354404849,697,Origami - Step-by-Step Introduction To The Art of Paper-Folding - Activity Book For Children - Level 2: Intermediate,Wonder House Books,Children's Books,"Crafts, Hobbies & Practical Interests",Paperback,₹109.00,4.3,62.0,https://www.amazon.in/Origami-Step-Step-Introduction-Paper-Folding/dp/9354404847/ref=zg_bs_g_1318075031_d_sccl_18/000-0000000-0000000?psc=1,34,https://www.amazon.in/gp/bestsellers/books/64619755031,9354404847,9789354404849,http://books.google.com/books/content?id=xIAP0AEACAAJ&printsec=frontcover&img=1&zoom=1&source=gbs_api
9781780555409,699,MATHS GAMES FOR CLEVER KIDS,Gareth Moore,Children's Books,"Crafts, Hobbies & Practical Interests",Paperback,₹129.00,4.3,3805.0,https://www.amazon.in/MATHS-GAMES-CLEVER-Gareth-Moore/dp/1780555407/ref=zg_bs_g_1318075031_d_sccl_20/000-0000000-0000000?psc=1,34,https://www.amazon.in/gp/bestsellers/books/64619755031,1780555407,9781780555409,http://books.google.com/books/content?id=4oTDswEACAAJ&printsec=frontcover&img=1&zoom=1&source=gbs_api
9781524714758,702,One Of Us Is Lying,Karen McManus,Children's Books,Crime & Thriller,Paperback,₹242.00,4.4,41325.0,https://www.amazon.in/One-Us-Lying-Karen-McManus/dp/0141375639/ref=zg_bs_g_1318086031_d_sccl_3/000-0000000-0000000?psc=1,34,https://www.amazon.in/gp/bestsellers/books/64619755031,1524714755,9781524714758,http://books.google.com/books/content?id=irKPEAAAQBAJ&printsec=frontcover&img=1&zoom=1&source=gbs_api
9781405298612,704,As Good As Dead,Holly Jackson,Children's Books,Crime & Thriller,Paperback,₹310.00,4.5,14775.0,https://www.amazon.in/As-Good-Dead-thriller-everyone/dp/140529860X/ref=zg_bs_g_1318086031_d_sccl_5/000-0000000-0000000?psc=1,34,https://www.amazon.in/gp/bestsellers/books/64619755031,1405298618,9781405298612,http://books.google.com/books/content?id=T-gUEAAAQBAJ&printsec=frontcover&img=1&zoom=1&source=gbs_api
9788027343164,707,The Agatha Christie Collection: PREMIUM,Agatha Christie,Children's Books,Crime & Thriller,Kindle Edition,₹331.00,4.4,571.0,https://www.amazon.in/Agatha-Christie-Collection-PREMIUM-ebook/dp/B0BWSKY5ND/ref=zg_bs_g_1318086031_d_sccl_8/000-0000000-0000000?psc=1,34,https://www.amazon.in/gp/bestsellers/books/64619755031,802734316X,9788027343164,http://books.google.com/books/content?id=rwE5zwEACAAJ&printsec=frontcover&img=1&zoom=1&source=gbs_api
9781444932386,708,FAMOUS FIVE COLLECTION 1 (BOOKS 1-3),Enid Blyton,Children's Books,Crime & Thriller,Paperback,₹308.00,4.7,4997.0,https://www.amazon.in/FAMOUS-FIVE-COLLECTION-BOOKS-1-3/dp/1444910582/ref=zg_bs_g_1318086031_d_sccl_9/000-0000000-0000000?psc=1,34,https://www.amazon.in/gp/bestsellers/books/64619755031,1444932381,9781444932386,http://books.google.com/books/content?id=Q_rZCgAAQBAJ&printsec=frontcover&img=1&zoom=1&source=gbs_api
9780593178751,709,One Of Us Is Next,Karen M. McManus,Children's Books,Crime & Thriller,Paperback,₹301.00,4.5,18553.0,https://www.amazon.in/One-Us-Next-Karen-McManus/dp/0241376920/ref=zg_bs_g_1318086031_d_sccl_10/000-0000000-0000000?psc=1,34,https://www.amazon.in/gp/bestsellers/books/64619755031,0593178750,9780593178751,http://books.google.com/books/content?id=xyGOEAAAQBAJ&printsec=frontcover&img=1&zoom=1&source=gbs_api
9780593485019,710,One of Us is Back (Book 3),Karen M. McManus,Children's Books,Crime & Thriller,Paperback,₹389.00,4.5,2149.0,https://www.amazon.in/One-Us-Back-Lying/dp/0241618096/ref=zg_bs_g_1318086031_d_sccl_11/000-0000000-0000000?psc=1,34,https://www.amazon.in/gp/bestsellers/books/64619755031,0593485017,9780593485019,http://books.google.com/books/content?id=2vCfEAAAQBAJ&printsec=frontcover&img=1&zoom=1&source=gbs_api
9798523085741,711,The Mystery of Darkhill School: a scary mystery book for kids 9-12,CJ Loughty,Children's Books,Crime & Thriller,Kindle Edition,₹149.00,4.3,395.0,https://www.amazon.in/Mystery-Darkhill-School-scary-mystery-ebook/dp/B097JBKYL6/ref=zg_bs_g_1318086031_d_sccl_12/000-0000000-0000000?psc=1,34,https://www.amazon.in/gp/bestsellers/books/64619755031,,9798523085741,http://books.google.com/books/content?id=xr-AzgEACAAJ&printsec=frontcover&img=1&zoom=1&source=gbs_api
9780316480802,712,The Brothers Hawthorne,BARNES JENNIFER LYNN,Children's Books,Crime & Thriller,Paperback,₹389.00,4.4,3592.0,https://www.amazon.in/Brothers-Hawthorne-Inheritance-Games/dp/024163850X/ref=zg_bs_g_1318086031_d_sccl_13/000-0000000-0000000?psc=1,34,https://www.amazon.in/gp/bestsellers/books/64619755031,0316480800,9780316480802,http://books.google.com/books/content?id=MtSW0AEACAAJ&printsec=frontcover&img=1&zoom=1&source=gbs_api
9798855007664,714,The Final Gambit,Jennifer Lynn Barnes,Children's Books,Crime & Thriller,Paperback,₹292.00,4.5,13616.0,https://www.amazon.in/Final-Gambit-Inheritance-Games/dp/0241573637/ref=zg_bs_g_1318086031_d_sccl_15/000-0000000-0000000?psc=1,34,https://www.amazon.in/gp/bestsellers/books/64619755031,,9798855007664,http://books.google.com/books/content?id=RDje0QEACAAJ&printsec=frontcover&img=1&zoom=1&source=gbs_api
9780241765876,715,The Hawthorne Legacy,Jennifer Lynn Barnes,Children's Books,Crime & Thriller,Paperback,₹301.00,4.5,17653.0,https://www.amazon.in/Hawthorne-Legacy-Inheritance-Games/dp/0241480728/ref=zg_bs_g_1318086031_d_sccl_16/000-0000000-0000000?psc=1,34,https://www.amazon.in/gp/bestsellers/books/64619755031,0241765870,9780241765876,http://books.google.com/books/content?id=XM0b0QEACAAJ&printsec=frontcover&img=1&zoom=1&source=gbs_api
9781444935189,716,THE FAMOUS FIVE COLLECTION 4,Enid Blyton,Children's Books,Crime & Thriller,Paperback,₹299.00,4.7,1600.0,https://www.amazon.in/FAMOUS-FIVE-COLLECTION-4/dp/144493516X/ref=zg_bs_g_1318086031_d_sccl_17/000-0000000-0000000?psc=1,34,https://www.amazon.in/gp/bestsellers/books/64619755031,1444935186,9781444935189,http://books.google.com/books/content?id=GDUKDAAAQBAJ&printsec=frontcover&img=1&zoom=1&source=gbs_api
9781444958201,719,THE FAMOUS FIVE COLLECTION 7,Enid Blyton,Children's Books,Crime & Thriller,Paperback,₹373.00,4.8,497.0,https://www.amazon.in/FAMOUS-FIVE-COLLECTION-7/dp/1444958194/ref=zg_bs_g_1318086031_d_sccl_20/000-0000000-0000000?psc=1,34,https://www.amazon.in/gp/bestsellers/books/64619755031,1444958208,9781444958201,http://books.google.com/books/content?id=BlDlDwAAQBAJ&printsec=frontcover&img=1&zoom=1&source=gbs_api
9780486856629,720,NANCY DREW THE SECRET OF THE OLD,Carolyn G. Keene,Children's Books,Crime & Thriller,Paperback,₹275.00,4.5,4829.0,https://www.amazon.in/NANCY-DREW-SECRET-Carolyn-Keene/dp/0448095017/ref=zg_bs_g_1318086031_d_sccl_21/000-0000000-0000000?psc=1,34,https://www.amazon.in/gp/bestsellers/books/64619755031,0486856623,9780486856629,http://books.google.com/books/content?id=9M2cEQAAQBAJ&printsec=frontcover&img=1&zoom=1&edge=curl&source=gbs_api
9780545393461,721,GERONIMO STILTON # 34 GERONIMO STILTON SECRET AGENT,STILTON GERONIMO,Children's Books,Crime & Thriller,Paperback,₹220.00,4.6,829.0,https://www.amazon.in/Geronimo-Stilton-Secret-Agent-34/dp/0545021340/ref=zg_bs_g_1318086031_d_sccl_22/000-0000000-0000000?psc=1,34,https://www.amazon.in/gp/bestsellers/books/64619755031,0545393469,9780545393461,http://books.google.com/books/content?id=qlZ_9hBHHjsC&printsec=frontcover&img=1&zoom=1&edge=curl&source=gbs_api
9781405266512,722,Tintin In The Land Of The Soviets,Herge,Children's Books,Crime & Thriller,Paperback,₹559.00,4.5,831.0,https://www.amazon.in/Land-Soviets-Tintin-Herge/dp/1405266511/ref=zg_bs_g_1318086031_d_sccl_23/000-0000000-0000000?psc=1,34,https://www.amazon.in/gp/bestsellers/books/64619755031,1405266511,9781405266512,http://books.google.com/books/content?id=4mlvMAEACAAJ&printsec=frontcover&img=1&zoom=1&source=gbs_api
9780141375663,724,Two Can Keep a Secret,Karen M McManus,Children's Books,Crime & Thriller,Paperback,₹292.00,4.4,9505.0,https://www.amazon.in/Two-Keep-Secret-Karen-McManus/dp/0141375655/ref=zg_bs_g_1318086031_d_sccl_25/000-0000000-0000000?psc=1,34,https://www.amazon.in/gp/bestsellers/books/64619755031,0141375663,9780141375663,http://books.google.com/books/content?id=JRZkDwAAQBAJ&printsec=frontcover&img=1&zoom=1&source=gbs_api
9780062250933,725,Unravel Me,Tahereh Mafi,Children's Books,Crime & Thriller,Paperback,₹324.00,4.5,14022.0,https://www.amazon.in/Unravel-Me-Shatter-Tahereh-Mafi/dp/1405291761/ref=zg_bs_g_1318086031_d_sccl_26/000-0000000-0000000?psc=1,34,https://www.amazon.in/gp/bestsellers/books/64619755031,0062250930,9780062250933,http://books.google.com/books/content?id=ZI_atAEACAAJ&printsec=frontcover&img=1&zoom=1&source=gbs_api
9781444924848,728,FAMOUS FIVE COLLECTION - BOOKS 4-6,Enid Blyton,Children's Books,Crime & Thriller,Paperback,₹325.00,4.7,2561.0,https://www.amazon.in/FAMOUS-FIVE-COLLECTION-BOOKS-4-6/dp/1444924842/ref=zg_bs_g_1318086031_d_sccl_29/000-0000000-0000000?psc=1,34,https://www.amazon.in/gp/bestsellers/books/64619755031,1444924842,9781444924848,http://books.google.com/books/content?id=vIkDzgEACAAJ&printsec=frontcover&img=1&zoom=1&source=gbs_api
9798880920662,729,Hardy Boys 03 : The Secret Of The Old Mi,Franklin W. Dixon,Children's Books,Crime & Thriller,Hardcover,₹290.07,4.6,852.0,https://www.amazon.in/Hardy-Boys-03-Secret-Mill/dp/0448089033/ref=zg_bs_g_1318086031_d_sccl_30/000-0000000-0000000?psc=1,34,https://www.amazon.in/gp/bestsellers/books/64619755031,,9798880920662,http://books.google.com/books/content?id=PhfK0AEACAAJ&printsec=frontcover&img=1&zoom=1&source=gbs_api
9780439128452,730,Holes,Louis Sachar,Children's Books,Crime & Thriller,Paperback,₹330.00,4.7,29742.0,https://www.amazon.in/Holes-Louis-Sachar/dp/1408886987/ref=zg_bs_g_1318086031_d_sccl_1/000-0000000-0000000?psc=1,34,https://www.amazon.in/gp/bestsellers/books/64619755031,0439128455,9780439128452,http://books.google.com/books/content?id=lSgNLj9xrkEC&printsec=frontcover&img=1&zoom=1&source=gbs_api
9781760295608,731,Secret Agent 6th Grader (a funny book for kids age 9-12): From the Creator of Diary of a 6th Grade Ninja,Marcus Emerson,Children's Books,Crime & Thriller,Kindle Edition,₹377.00,4.6,2064.0,https://www.amazon.in/Secret-Grader-hilarious-mystery-children-ebook/dp/B00BCTVXJK/ref=zg_bs_g_1318086031_d_sccl_2/000-0000000-0000000?psc=1,34,https://www.amazon.in/gp/bestsellers/books/64619755031,1760295604,9781760295608,http://books.google.com/books/content?id=eQWGvgAACAAJ&printsec=frontcover&img=1&zoom=1&source=gbs_api
9781481422192,733,"First Class Murder: A Murder Most Unladylike Mystery Stevens, Robin",Robin Stevens,Children's Books,Crime & Thriller,Paperback,₹276.00,4.7,2457.0,https://www.amazon.in/First-Class-Murder-Unladylike-Mystery/dp/0141369825/ref=zg_bs_g_1318086031_d_sccl_4/000-0000000-0000000?psc=1,34,https://www.amazon.in/gp/bestsellers/books/64619755031,1481422197,9781481422192,http://books.google.com/books/content?id=IISeEAAAQBAJ&printsec=frontcover&img=1&zoom=1&edge=curl&source=gbs_api
9780008211905,735,Murder At The Museum : Agatha Oddly Book 2,Lena Jones,Children's Books,Crime & Thriller,Paperback,₹234.00,4.6,848.0,https://www.amazon.in/Murder-Museum-Agatha-Oddly-Book/dp/0008211892/ref=zg_bs_g_1318086031_d_sccl_6/000-0000000-0000000?psc=1,34,https://www.amazon.in/gp/bestsellers/books/64619755031,0008211906,9780008211905,http://books.google.com/books/content?id=KkttDwAAQBAJ&printsec=frontcover&img=1&zoom=1&source=gbs_api
9781743433744,736,Unite Me: TikTok Made Me Buy It! The most addictive YA fantasy series of the year (Shatter Me),Tahereh Mafi,Children's Books,Crime & Thriller,Paperback,₹295.00,4.6,3015.0,https://www.amazon.in/Unite-Me-Tahereh-Mafi/dp/1405296240/ref=zg_bs_g_1318086031_d_sccl_7/000-0000000-0000000?psc=1,34,https://www.amazon.in/gp/bestsellers/books/64619755031,1743433743,9781743433744,http://books.google.com/books/content?id=J991RCaJkOsC&printsec=frontcover&img=1&zoom=1&edge=curl&source=gbs_api
9781484469064,737,The Blue Lotus,Hergé,Children's Books,Crime & Thriller,Paperback,₹474.00,4.7,458.0,https://www.amazon.in/Blue-Lotus-Tintin-Herge/dp/1405206160/ref=zg_bs_g_1318086031_d_sccl_8/000-0000000-0000000?psc=1,34,https://www.amazon.in/gp/bestsellers/books/64619755031,1484469062,9781484469064,http://books.google.com/books/content?id=MqgstAEACAAJ&printsec=frontcover&img=1&zoom=1&source=gbs_api
9781444958171,738,The Famous Five Collection 6: Books 16-18 (Famous Five: Gift Books and Collections),Enid Blyton,Children's Books,Crime & Thriller,Paperback,₹389.00,4.8,634.0,https://www.amazon.in/Famous-Five-Collection-Books-16/dp/1444958186/ref=zg_bs_g_1318086031_d_sccl_9/000-0000000-0000000?psc=1,34,https://www.amazon.in/gp/bestsellers/books/64619755031,1444958178,9781444958171,http://books.google.com/books/content?id=7njYDwAAQBAJ&printsec=frontcover&img=1&zoom=1&source=gbs_api
9780241621639,740,Nothing More to Tell : The new release from bestselling author Karen McManus,Karen M. McManus,Children's Books,Crime & Thriller,Paperback,₹277.00,4.4,2468.0,https://www.amazon.in/Nothing-More-Tell-Karen-McManus/dp/0241473683/ref=zg_bs_g_1318086031_d_sccl_11/000-0000000-0000000?psc=1,34,https://www.amazon.in/gp/bestsellers/books/64619755031,0241621631,9780241621639,http://books.google.com/books/content?id=snE5zwEACAAJ&printsec=frontcover&img=1&zoom=1&source=gbs_api
9781952535963,741,Diary of a 6th Grade Ninja 6: Buchanan Bandits! (a hilarious adventure for children ages 9-12),Marcus Emerson,Children's Books,Crime & Thriller,Kindle Edition,₹377.00,4.8,1549.0,https://www.amazon.in/Diary-6th-Grade-Ninja-hilarious-ebook/dp/B00FMIBMKM/ref=zg_bs_g_1318086031_d_sccl_12/000-0000000-0000000?psc=1,34,https://www.amazon.in/gp/bestsellers/books/64619755031,1952535964,9781952535963,http://books.google.com/books/content?id=XKBKDQAAQBAJ&printsec=frontcover&img=1&zoom=1&source=gbs_api
9780545393805,742,THEA STILTON AND THE MOUNTAIN OF FIRE,thea stilton,Children's Books,Crime & Thriller,Paperback,₹227.00,4.6,454.0,https://www.amazon.in/THEA-STILTON-MOUNTAIN-FIRE-stilton/dp/0545150604/ref=zg_bs_g_1318086031_d_sccl_13/000-0000000-0000000?psc=1,34,https://www.amazon.in/gp/bestsellers/books/64619755031,0545393809,9780545393805,http://books.google.com/books/content?id=GG02iFTTh1IC&printsec=frontcover&img=1&zoom=1&edge=curl&source=gbs_api
9780099470434,743,The Curious Incident of the Dog in the Night-time : Vintage Children's Classics,Mark Haddon,Children's Books,Crime & Thriller,Paperback,₹259.00,4.2,31988.0,https://www.amazon.in/Curious-Incident-Night-time-Childrens-Classics/dp/0099572834/ref=zg_bs_g_1318086031_d_sccl_14/000-0000000-0000000?psc=1,34,https://www.amazon.in/gp/bestsellers/books/64619755031,0099470438,9780099470434,http://books.google.com/books/content?id=JVtkyM29ezYC&printsec=frontcover&img=1&zoom=1&source=gbs_api
9781405282789,744,The Adventures Of Tintin Volume 4,Hergé,Children's Books,Crime & Thriller,Hardcover,₹699.00,4.8,239.0,https://www.amazon.in/Adventures-Tintin-4-Herge/dp/1405282789/ref=zg_bs_g_1318086031_d_sccl_15/000-0000000-0000000?psc=1,34,https://www.amazon.in/gp/bestsellers/books/64619755031,1405282789,9781405282789,http://books.google.com/books/content?id=lE8EjwEACAAJ&printsec=frontcover&img=1&zoom=1&source=gbs_api
9789352661190,745,Byomkesh Bakshi ki Rahasyamayi Kahaniyan,SARADINDU BANDYOPADHYAY,Children's Books,Crime & Thriller,Paperback,₹130.00,4.5,1116.0,https://www.amazon.in/Byomkesh-Bakshi-ki-Rahasyamayi-Kahaniyan/dp/9352661214/ref=zg_bs_g_1318086031_d_sccl_16/000-0000000-0000000?psc=1,34,https://www.amazon.in/gp/bestsellers/books/64619755031,9352661192,9789352661190,http://books.google.com/books/content?id=ujM_DwAAQBAJ&printsec=frontcover&img=1&zoom=1&edge=curl&source=gbs_api
9780340678039,746,SECRET SEVEN COLLECTION (3 BOOKS IN 1): Books 1-3 (Secret Seven Collections and Gift books),Enid Blyton,Children's Books,Crime & Thriller,Paperback,₹428.00,4.6,1496.0,https://www.amazon.in/Secret-Seven-Collection-Books-Collections/dp/1444910590/ref=zg_bs_g_1318086031_d_sccl_17/000-0000000-0000000?psc=1,34,https://www.amazon.in/gp/bestsellers/books/64619755031,0340678038,9780340678039,http://books.google.com/books/content?id=ZLNmGwAACAAJ&printsec=frontcover&img=1&zoom=1&source=gbs_api
9780545659024,747,The Secret of the Snow (Thea Stilton: Special Edition #3): A Geronimo Stilton Adventure,Thea Stilton,Children's Books,Crime & Thriller,Hardcover,₹390.00,4.6,1268.0,https://www.amazon.in/Thea-Stilton-Special-Secret-Geronimo/dp/0545656052/ref=zg_bs_g_1318086031_d_sccl_18/000-0000000-0000000?psc=1,34,https://www.amazon.in/gp/bestsellers/books/64619755031,0545659027,9780545659024,http://books.google.com/books/content?id=G8o5AwAAQBAJ&printsec=frontcover&img=1&zoom=1&source=gbs_api
9781444929706,748,FAMOUS FIVE COLLECTION 3 - BOOKS 7-9,Enid Blyton,Children's Books,Crime & Thriller,Paperback,₹350.00,4.8,2109.0,https://www.amazon.in/FAMOUS-FIVE-COLLECTION-BOOKS-7-9/dp/1444929704/ref=zg_bs_g_1318086031_d_sccl_19/000-0000000-0000000?psc=1,34,https://www.amazon.in/gp/bestsellers/books/64619755031,1444929704,9781444929706,http://books.google.com/books/content?id=ishOswEACAAJ&printsec=frontcover&img=1&zoom=1&source=gbs_api
9781368002073,749,Camp Half-Blood Confidential (Percy Jackson and the Olympians),Rick Riordan,Children's Books,Crime & Thriller,Hardcover,₹357.00,4.7,4054.0,https://www.amazon.in/Camp-Half-Blood-Confidential-Rick-Riordan/dp/0141377690/ref=zg_bs_g_1318086031_d_sccl_20/000-0000000-0000000?psc=1,34,https://www.amazon.in/gp/bestsellers/books/64619755031,1368002072,9781368002073,http://books.google.com/books/content?id=vCmuEQAAQBAJ&printsec=frontcover&img=1&zoom=1&edge=curl&source=gbs_api
9789387779266,750,My First Library: Boxset of 10 Board Books for Kids,Wonder House Books,Children's Books,Education & Reference,Board book,₹399.00,4.5,75683.0,https://www.amazon.in/My-First-Library-Boxset-Board/dp/9387779262/ref=zg_bs_g_67803454031_d_sccl_1/000-0000000-0000000?psc=1,34,https://www.amazon.in/gp/bestsellers/books/64619755031,9387779262,9789387779266,http://books.google.com/books/content?id=2xT10QEACAAJ&printsec=frontcover&img=1&zoom=1&source=gbs_api
9789354404603,751,"201 Brain Booster Activity Book - Fun Activities and Exercises For Children: Tracing & Pattern, Colors & Shapes, Maze",Wonder House Books,Children's Books,Education & Reference,Paperback,₹99.00,4.4,602.0,https://www.amazon.in/201-Brain-Booster-Activity-Book/dp/935440460X/ref=zg_bs_g_67803454031_d_sccl_2/000-0000000-0000000?psc=1,34,https://www.amazon.in/gp/bestsellers/books/64619755031,935440460X,9789354404603,http://books.google.com/books/content?id=Fo0Q0AEACAAJ&printsec=frontcover&img=1&zoom=1&source=gbs_api
9789354406522,752,"My First 1000 Words: Early Learning Picture Book to learn Alphabet, Numbers, Shapes and Colours, Transport, Birds and Animals, Professions, Opposite Words, Action Words, Parts of the body and Objects Around Us.",Wonder House Books,Children's Books,Education & Reference,Paperback,₹159.00,4.5,8425.0,https://www.amazon.in/First-1000-Words-Transport-Professions/dp/9388144112/ref=zg_bs_g_67803454031_d_sccl_3/000-0000000-0000000?psc=1,34,https://www.amazon.in/gp/bestsellers/books/64619755031,9354406521,9789354406522,http://books.google.com/books/content?id=N6Zi0AEACAAJ&printsec=frontcover&img=1&zoom=1&source=gbs_api
9789354404528,753,"201 Maths Activity Book - Fun Activities and Math Exercises For Children: Knowing Numbers, Addition-Subtraction, Fractions, BODMAS",Wonder House Books,Children's Books,Education & Reference,Paperback,₹99.00,4.4,300.0,https://www.amazon.in/201-Maths-Activity-Book-Addition-Subtraction/dp/9354404529/ref=zg_bs_g_67803454031_d_sccl_4/000-0000000-0000000?psc=1,34,https://www.amazon.in/gp/bestsellers/books/64619755031,9354404529,9789354404528,http://books.google.com/books/content?id=X4QQ0AEACAAJ&printsec=frontcover&img=1&zoom=1&source=gbs_api
9789354405167,754,Shlokas and Mantras For Kids – English/Sanskrit | Illustrated Board Book for Children with Clear Text | Sanskrit Shlokas/Mantras with English Meaning | Book on India’s Rich Culture and Tradition | Round Edges | Age: 3+ | 6in. x 6in.,Wonder House Books,Children's Books,Education & Reference,Board book,₹199.00,4.7,604.0,https://www.amazon.in/Shlokas-Mantras-Kids-Illustrated-Tradition/dp/9354405169/ref=zg_bs_g_67803454031_d_sccl_5/000-0000000-0000000?psc=1,34,https://www.amazon.in/gp/bestsellers/books/64619755031,9354405169,9789354405167,http://books.google.com/books/content?id=LzwQ0AEACAAJ&printsec=frontcover&img=1&zoom=1&source=gbs_api
9789354402388,755,Addition and Subtraction Activity Book For Children - 80+ Activities Inside,Wonder House Books,Children's Books,Education & Reference,Paperback,₹99.00,4.4,337.0,https://www.amazon.in/Addition-Subtraction-Activity-Book-Children/dp/9354402380/ref=zg_bs_g_67803454031_d_sccl_6/000-0000000-0000000?psc=1,34,https://www.amazon.in/gp/bestsellers/books/64619755031,9354402380,9789354402388,http://books.google.com/books/content?id=IEoP0AEACAAJ&printsec=frontcover&img=1&zoom=1&source=gbs_api
9789354406430,756,Spelling Time - Activity Workbook,Wonder House Books,Children's Books,Education & Reference,Paperback,₹99.00,4.4,199.0,https://www.amazon.in/Spelling-Time-Wonder-House-Books/dp/9354406432/ref=zg_bs_g_67803454031_d_sccl_7/000-0000000-0000000?psc=1,34,https://www.amazon.in/gp/bestsellers/books/64619755031,9354406432,9789354406430,http://books.google.com/books/content?id=zx0Q0AEACAAJ&printsec=frontcover&img=1&zoom=1&source=gbs_api
9789391924690,757,"Phonic Reader (Illustrated) (Set of 6 Books) - Story Book for Kids - Bedtime Stories - 2 Years to 6 Years Old - Read Aloud to Infants, Toddlers",Maple Press,Children's Books,Education & Reference,Paperback,₹166.00,4.3,702.0,https://www.amazon.in/Phonic-Reader-Illustrated-Set-Books/dp/9394668772/ref=zg_bs_g_67803454031_d_sccl_8/000-0000000-0000000?psc=1,34,https://www.amazon.in/gp/bestsellers/books/64619755031,9391924697,9789391924690,http://books.google.com/books/content?id=CzTa0QEACAAJ&printsec=frontcover&img=1&zoom=1&source=gbs_api
9789350105702,758,Arihant All In One Class 12th English Core for CBSE Exam 2024,Vaishali Jaiswal Srishti Agarwal ,Children's Books,Education & Reference,Paperback,₹345.00,4.4,387.0,https://www.amazon.in/Arihant-Class-12th-English-Exam-2024/dp/9350105705/ref=zg_bs_g_67803454031_d_sccl_9/000-0000000-0000000?psc=1,34,https://www.amazon.in/gp/bestsellers/books/64619755031,9350105705,9789350105702,http://books.google.com/books/content?id=2N4C0AEACAAJ&printsec=frontcover&img=1&zoom=1&source=gbs_api
9789350334423,759,"Story Books for Kids (Set of 5 Books) (Illustrated) - Indian Scientists - Biographies for Children - 6 Years to 10 Years Old - CV Raman, Homi Bhabha, Ramanujan, Vikram Sarabhai, Abdul Kalam",Maple Press,Children's Books,Education & Reference,Paperback,₹118.00,4.4,435.0,https://www.amazon.in/Story-Books-Kids-Set-Illustrated/dp/8196149921/ref=zg_bs_g_67803454031_d_sccl_10/000-0000000-0000000?psc=1,34,https://www.amazon.in/gp/bestsellers/books/64619755031,9350334429,9789350334423,http://books.google.com/books/content?id=kUPexQEACAAJ&printsec=frontcover&img=1&zoom=1&source=gbs_api
9789354404443,761,"201 Amazing Activity Book - Fun Activities and Puzzles For Children: Spot The Difference, Logical Reasoning, Patterns & Tracing",Wonder House Books,Children's Books,Education & Reference,Paperback,₹99.00,4.4,323.0,https://www.amazon.in/201-Amazing-Activity-Book-Activities/dp/9354404448/ref=zg_bs_g_67803454031_d_sccl_12/000-0000000-0000000?psc=1,34,https://www.amazon.in/gp/bestsellers/books/64619755031,9354404448,9789354404443,http://books.google.com/books/content?id=R_IO0AEACAAJ&printsec=frontcover&img=1&zoom=1&source=gbs_api
9789350106013,766,All In One Class 10th English Language and Literature for CBSE Exam 2024,Vaishali Jaiwal Srishti Agarwal ,Children's Books,Education & Reference,Paperback,₹375.00,4.3,702.0,https://www.amazon.in/Arihant-English-Language-Literature-Exam-2024/dp/9350106019/ref=zg_bs_g_67803454031_d_sccl_17/000-0000000-0000000?psc=1,34,https://www.amazon.in/gp/bestsellers/books/64619755031,9350106019,9789350106013,http://books.google.com/books/content?id=zWsD0AEACAAJ&printsec=frontcover&img=1&zoom=1&source=gbs_api
9789389717303,767,My First 3 Letter Words : Tracing And Activity Book,Wonder House Books,Children's Books,Education & Reference,Paperback,₹89.00,4.5,1635.0,https://www.amazon.in/My-First-Letter-Words-Activity/dp/9389717302/ref=zg_bs_g_67803454031_d_sccl_18/000-0000000-0000000?psc=1,34,https://www.amazon.in/gp/bestsellers/books/64619755031,9389717302,9789389717303,http://books.google.com/books/content?id=dIzZzwEACAAJ&printsec=frontcover&img=1&zoom=1&source=gbs_api
9789354404689,768,"201 English Activity Book - Fun Activities and Grammar Exercises For Children: Alphabet & Words, Rhyming & Opposites",Wonder House Books,Children's Books,Education & Reference,Paperback,₹95.00,4.4,130.0,https://www.amazon.in/201-English-Activity-Book-Activities/dp/9354404685/ref=zg_bs_g_67803454031_d_sccl_19/000-0000000-0000000?psc=1,34,https://www.amazon.in/gp/bestsellers/books/64619755031,9354404685,9789354404689,http://books.google.com/books/content?id=v_QP0AEACAAJ&printsec=frontcover&img=1&zoom=1&source=gbs_api
9789354403033,769,365 Maths Activity Book For Kids: Age 5+,Wonder House Books,Children's Books,Education & Reference,Paperback,₹149.00,4.5,441.0,https://www.amazon.in/365-Maths-Activity-Book-Kids/dp/9354403034/ref=zg_bs_g_67803454031_d_sccl_20/000-0000000-0000000?psc=1,34,https://www.amazon.in/gp/bestsellers/books/64619755031,9354403034,9789354403033,http://books.google.com/books/content?id=LT0R0AEACAAJ&printsec=frontcover&img=1&zoom=1&source=gbs_api
9789327197402,774,NCERT Exemplar Problems Solutions Mathematics class 10th,Amit Rastogi Neha Tyagi ,Children's Books,Education & Reference,Paperback,₹165.00,4.3,408.0,https://www.amazon.in/Arihant-Exemplar-Problems-Solutions-Mathematics/dp/9327197402/ref=zg_bs_g_67803454031_d_sccl_25/000-0000000-0000000?psc=1,34,https://www.amazon.in/gp/bestsellers/books/64619755031,9327197402,9789327197402,http://books.google.com/books/content?id=ZVqtzwEACAAJ&printsec=frontcover&img=1&zoom=1&source=gbs_api
9788183896771,778,S. Chand's Mental Mathematics For Class 2 - Examination 2023-2024,R.S Aggarwal,Children's Books,Education & Reference,Paperback,₹210.00,4.5,1910.0,https://www.amazon.in/S-Chands-Mental-Mathematics-Class/dp/9352831543/ref=zg_bs_g_67803454031_d_sccl_29/000-0000000-0000000?psc=1,34,https://www.amazon.in/gp/bestsellers/books/64619755031,8183896774,9788183896771,http://books.google.com/books/content?id=ZTs7EAAAQBAJ&printsec=frontcover&img=1&zoom=1&edge=curl&source=gbs_api
9781401940652,779,The Top Five Regrets Of The Dying:A Life,WARE BRONNIE,Children's Books,Education & Reference,Paperback,₹316.00,4.5,4247.0,https://www.amazon.in/Top-Five-Regrets-Dying-Transformed/dp/9385827626/ref=zg_bs_g_67803454031_d_sccl_30/000-0000000-0000000?psc=1,34,https://www.amazon.in/gp/bestsellers/books/64619755031,140194065X,9781401940652,http://books.google.com/books/content?id=4176DwAAQBAJ&printsec=frontcover&img=1&zoom=1&edge=curl&source=gbs_api
9789390183784,782,Cursive Handwriting Small Letters Practice Workbook For Children,Wonder House Books,Children's Books,Education & Reference,Paperback,₹109.00,4.3,673.0,https://www.amazon.in/Cursive-Handwriting-Practice-Workbook-Children/dp/9390183758/ref=zg_bs_g_67803454031_d_sccl_3/000-0000000-0000000?psc=1,34,https://www.amazon.in/gp/bestsellers/books/64619755031,9390183782,9789390183784,http://books.google.com/books/content?id=v8kQ0AEACAAJ&printsec=frontcover&img=1&zoom=1&source=gbs_api
9789313196488,786,Handbook of Chemistry,Arihant Experts,Children's Books,Education & Reference,Paperback,₹189.00,4.4,3041.0,https://www.amazon.in/Handbook-Chemistry-Arihant-Experts/dp/9313196492/ref=zg_bs_g_67803454031_d_sccl_7/000-0000000-0000000?psc=1,34,https://www.amazon.in/gp/bestsellers/books/64619755031,9313196484,9789313196488,http://books.google.com/books/content?id=_LlfzgEACAAJ&printsec=frontcover&img=1&zoom=1&source=gbs_api
9789354402463,787,Multiplication and Division Activity Book For Children - 80+ Activities Inside,Wonder House Books,Children's Books,Education & Reference,Paperback,₹99.00,4.2,122.0,https://www.amazon.in/Multiplication-Division-Activity-Book-Children/dp/9354402461/ref=zg_bs_g_67803454031_d_sccl_8/000-0000000-0000000?psc=1,34,https://www.amazon.in/gp/bestsellers/books/64619755031,9354402461,9789354402463,http://books.google.com/books/content?id=1Y4P0AEACAAJ&printsec=frontcover&img=1&zoom=1&source=gbs_api
9789326191074,788,"NCERT Notes Indian Economy Class 9-12 (Old+New) for UPSC , State PSC and Other Competitive Exams",Nihit Kishore Rakesh Kumar Roshan ,Children's Books,Education & Reference,Paperback,₹58.00,4.3,391.0,https://www.amazon.in/NCERT-Notes-Indian-Economy-Competitive/dp/9326191117/ref=zg_bs_g_67803454031_d_sccl_9/000-0000000-0000000?psc=1,34,https://www.amazon.in/gp/bestsellers/books/64619755031,9326191079,9789326191074,http://books.google.com/books/content?id=tUJJzwEACAAJ&printsec=frontcover&img=1&zoom=1&source=gbs_api
9789385273896,790,A Phonic Reader- 3 Years to 6 years - Read aloud to children- Level 1- Bedtime Stories ( Set of 6 story books packed in a gift box),Om Books Editorial Team,Children's Books,Education & Reference,Hardcover,₹533.00,4.5,2580.0,https://www.amazon.in/Phonic-Reader-Years-years-children/dp/9384625760/ref=zg_bs_g_67803454031_d_sccl_11/000-0000000-0000000?psc=1,34,https://www.amazon.in/gp/bestsellers/books/64619755031,9385273892,9789385273896,http://books.google.com/books/content?id=EpXwzgEACAAJ&printsec=frontcover&img=1&zoom=1&source=gbs_api
9789354407062,791,INDIA: Fun Activity Book for Children - 80+ Stickers Included | Page Count: 40 | Age Group: 7+ | Engaging Activities/Puzzles to Boost Knowledge | Recognize Indian Food | Monuments | Indian Wildlife | Diverse Indian Culture | National Parks in India | Explore India’s Rich Cultural Heritage | Perfect Gift for Kids,Wonder House Books,Children's Books,Education & Reference,Paperback,₹139.00,4.3,137.0,https://www.amazon.in/INDIA-Fun-Activity-Book-Children/dp/9354407064/ref=zg_bs_g_67803454031_d_sccl_12/000-0000000-0000000?psc=1,34,https://www.amazon.in/gp/bestsellers/books/64619755031,9354407064,9789354407062,http://books.google.com/books/content?id=jaMP0AEACAAJ&printsec=frontcover&img=1&zoom=1&source=gbs_api
9789387779778,794,All in one Learn to write Capital letters Small letters Numbers 1 100 Hindi Varnmala,Wonder House Books,Children's Books,Education & Reference,Paperback,₹129.00,4.4,375.0,https://www.amazon.in/All-one-Capital-letters-Varnmala/dp/939039161X/ref=zg_bs_g_67803454031_d_sccl_15/000-0000000-0000000?psc=1,34,https://www.amazon.in/gp/bestsellers/books/64619755031,9387779777,9789387779778,http://books.google.com/books/content?id=ls3z0QEACAAJ&printsec=frontcover&img=1&zoom=1&source=gbs_api
9789358562033,795,"Story Books for Kids (Set of 10 Books) (Illustrated) - World and Indian Scientists - Biographies for Children - 6 Years to 10 Years Old - Einstein, Newton, Galileo Galilei, Marie Curie, Charles Darwin, CV Raman, Homi Bhabha, Ramanujan, Vikram Sarabhai, Abdul Kalam",Maple Press,Children's Books,Education & Reference,Paperback,₹231.00,4.7,4.0,https://www.amazon.in/Story-Books-Kids-Set-Illustrated/dp/8119898702/ref=zg_bs_g_67803454031_d_sccl_16/000-0000000-0000000?psc=1,34,https://www.amazon.in/gp/bestsellers/books/64619755031,935856203X,9789358562033,http://books.google.com/books/content?id=6awm0AEACAAJ&printsec=frontcover&img=1&zoom=1&source=gbs_api
9788183896788,796,S. Chand's Mental Mathematics For Class 3 - Examination 2023-2024,R.S Aggarwal,Children's Books,Education & Reference,Paperback,₹180.00,4.5,1909.0,https://www.amazon.in/S-Chands-Mental-Mathematics-Class-3/dp/9352831551/ref=zg_bs_g_67803454031_d_sccl_17/000-0000000-0000000?psc=1,34,https://www.amazon.in/gp/bestsellers/books/64619755031,8183896782,9788183896788,http://books.google.com/books/content?id=Fk87EAAAQBAJ&printsec=frontcover&img=1&zoom=1&edge=curl&source=gbs_api
9789327197396,799,NCERT Exemplar Problems Solutions Science class 10th,"Sikha Sharma Rajesh Singh , Indu Gupta ",Children's Books,Education & Reference,Paperback,₹125.00,4.3,348.0,https://www.amazon.in/Arihant-Exemplar-Problems-Solutions-Science/dp/9327197399/ref=zg_bs_g_67803454031_d_sccl_20/000-0000000-0000000?psc=1,34,https://www.amazon.in/gp/bestsellers/books/64619755031,9327197399,9789327197396,http://books.google.com/books/content?id=gB-szwEACAAJ&printsec=frontcover&img=1&zoom=1&source=gbs_api
9780143432845,801,"Magic Drum and Other Favourite Stories, The [Paperback] Sudha Murty",Murty Sudha,Children's Books,"Fairy Tales, Folk Tales & Myths",Paperback,₹167.00,4.7,3943.0,https://www.amazon.in/Magic-Drum-Other-Favourite-Stories/dp/0143333631/ref=zg_bs_g_67803462031_d_sccl_2/000-0000000-0000000?psc=1,34,https://www.amazon.in/gp/bestsellers/books/64619755031,0143432842,9780143432845,http://books.google.com/books/content?id=qqZVswEACAAJ&printsec=frontcover&img=1&zoom=1&source=gbs_api
9780143458005,802,Unusual Tales from Indian Mythology : Sudha Murty’s bestselling series of Unusual Tales from Indian Mythology| 5 books in 1 boxset,Sudha Murty,Children's Books,"Fairy Tales, Folk Tales & Myths",Spiral-bound,₹720.00,4.7,265.0,https://www.amazon.in/Unusual-Tales-Indian-Mythology-bestselling/dp/0143458000/ref=zg_bs_g_67803462031_d_sccl_3/000-0000000-0000000?psc=1,34,https://www.amazon.in/gp/bestsellers/books/64619755031,0143458000,9780143458005,http://books.google.com/books/content?id=OXg1zwEACAAJ&printsec=frontcover&img=1&zoom=1&source=gbs_api
9781537911137,804,Girl Who Drank The Moon,Kelly Barnhill,Children's Books,"Fairy Tales, Folk Tales & Myths",Paperback,₹241.00,4.5,25969.0,https://www.amazon.in/Girl-Who-Drank-Moon/dp/1848126476/ref=zg_bs_g_67803462031_d_sccl_5/000-0000000-0000000?psc=1,34,https://www.amazon.in/gp/bestsellers/books/64619755031,1537911139,9781537911137,http://books.google.com/books/content?id=abzeuQEACAAJ&printsec=frontcover&img=1&zoom=1&source=gbs_api
9781965322543,805,Percy Jackson and the Olympians: The Cha,Rick Riordan,Children's Books,"Fairy Tales, Folk Tales & Myths",Paperback,₹399.00,4.7,6641.0,https://www.amazon.in/Percy-Jackson-Olympians-Chalice-ADVENTURE/dp/0241647568/ref=zg_bs_g_67803462031_d_sccl_6/000-0000000-0000000?psc=1,34,https://www.amazon.in/gp/bestsellers/books/64619755031,1965322549,9781965322543,http://books.google.com/books/content?id=DyM10QEACAAJ&printsec=frontcover&img=1&zoom=1&source=gbs_api
9789354407086,806,Vikram & Betal - Life Lessons for Our Times by Neelam Kumar – English | Classics Tales for Children | Beautiful Illustrations with Clear Text | Personal Development Activities | Ancient Wisdom for our Contemporary Lives | Gold Foiling on Hardcover | 8.5in. x 11in.,Neelam Kumar,Children's Books,"Fairy Tales, Folk Tales & Myths",Hardcover,₹199.00,4.6,63.0,https://www.amazon.in/Vikram-Betal-Life-lessons-Times/dp/9354407080/ref=zg_bs_g_67803462031_d_sccl_7/000-0000000-0000000?psc=1,34,https://www.amazon.in/gp/bestsellers/books/64619755031,9354407080,9789354407086,http://books.google.com/books/content?id=wBAQ0AEACAAJ&printsec=frontcover&img=1&zoom=1&source=gbs_api
9789358566000,807,Greatest Short Stories For Children,Various,Children's Books,"Fairy Tales, Folk Tales & Myths",Paperback,₹149.00,4.2,230.0,https://www.amazon.in/Greatest-Short-Stories-Children-Various/dp/9354403697/ref=zg_bs_g_67803462031_d_sccl_8/000-0000000-0000000?psc=1,34,https://www.amazon.in/gp/bestsellers/books/64619755031,9358566000,9789358566000,http://books.google.com/books/content?id=OUzVEQAAQBAJ&printsec=frontcover&img=1&zoom=1&edge=curl&source=gbs_api
9781368098281,808,Percy Jackson and the Lightning Thief (Book 1),Rick Riordan,Children's Books,"Fairy Tales, Folk Tales & Myths",Paperback,₹288.00,4.7,51278.0,https://www.amazon.in/Percy-Jackson-Lightning-Thief-Book/dp/0141346809/ref=zg_bs_g_67803462031_d_sccl_9/000-0000000-0000000?psc=1,34,https://www.amazon.in/gp/bestsellers/books/64619755031,1368098282,9781368098281,http://books.google.com/books/content?id=ZimuEQAAQBAJ&printsec=frontcover&img=1&zoom=1&edge=curl&source=gbs_api
9789357085885,811,"Grandma's Bag of Stories: Special Edition: An Illustrated, Gift Edition of India’s Bestselling Children’s Book",Sudha Murty,Children's Books,"Fairy Tales, Folk Tales & Myths",Hardcover,₹469.00,4.6,20741.0,https://www.amazon.in/Grandmas-Bag-Stories-Illustrated-Bestselling/dp/0143464841/ref=zg_bs_g_67803462031_d_sccl_12/000-0000000-0000000?psc=1,34,https://www.amazon.in/gp/bestsellers/books/64619755031,9357085882,9789357085885,http://books.google.com/books/content?id=jfb4EAAAQBAJ&printsec=frontcover&img=1&zoom=1&edge=curl&source=gbs_api
9788194525905,812,Grandparents' Bag of Stories [Paperback] Sudha Murty,Sudha Murty,Children's Books,"Fairy Tales, Folk Tales & Myths",Paperback,₹179.00,4.7,5220.0,https://www.amazon.in/Grandparents-Bag-Stories-Sudha-Murty/dp/0143451847/ref=zg_bs_g_67803462031_d_sccl_13/000-0000000-0000000?psc=1,34,https://www.amazon.in/gp/bestsellers/books/64619755031,819452590X,9788194525905,http://books.google.com/books/content?id=Gz0HEAAAQBAJ&printsec=frontcover&img=1&zoom=1&source=gbs_api
9789354401596,813,My First Shaped Board Book: Illustrated Ram Hindu Mythology Book for Kids Age 2+ (Indian Gods and Goddesses): Indian Gods & Goddesses (My First Shaped Board Books),Wonder House,Children's Books,"Fairy Tales, Folk Tales & Myths",Board book,₹89.00,4.6,112.0,https://www.amazon.in/First-Shaped-Board-Book-Illustrated/dp/9354405215/ref=zg_bs_g_67803462031_d_sccl_14/000-0000000-0000000?psc=1,34,https://www.amazon.in/gp/bestsellers/books/64619755031,9354401597,9789354401596,http://books.google.com/books/content?id=p_gP0AEACAAJ&printsec=frontcover&img=1&zoom=1&source=gbs_api
9788184754179,814,"The Upside-Down King: Unusual Tales about Rama and Krishna [Paperback] Murty, Sudha",Sudha Murty,Children's Books,"Fairy Tales, Folk Tales & Myths",Paperback,₹162.00,4.7,2248.0,https://www.amazon.in/Upside-Down-King-Unusual-Tales-Krishna/dp/0143442333/ref=zg_bs_g_67803462031_d_sccl_15/000-0000000-0000000?psc=1,34,https://www.amazon.in/gp/bestsellers/books/64619755031,8184754175,9788184754179,http://books.google.com/books/content?id=e2puDwAAQBAJ&printsec=frontcover&img=1&zoom=1&source=gbs_api
9789358568264,815,Panchatantra Ki 101 Kahaniyan: Collection of Witty Moral Stories For Kids For Personality Development In Hindi,Wonder House Books,Children's Books,"Fairy Tales, Folk Tales & Myths",Hardcover,₹399.00,4.5,1458.0,https://www.amazon.in/Panchatantra-101-Kahaniyan-Personality-Development/dp/9390183642/ref=zg_bs_g_67803462031_d_sccl_16/000-0000000-0000000?psc=1,34,https://www.amazon.in/gp/bestsellers/books/64619755031,9358568267,9789358568264,http://books.google.com/books/content?id=OFTVEQAAQBAJ&printsec=frontcover&img=1&zoom=1&edge=curl&source=gbs_api
9789354927713,817,The Magic of the Lost Story,Sudha Murty,Children's Books,"Fairy Tales, Folk Tales & Myths",Paperback,₹197.59,4.7,650.0,https://www.amazon.in/Magic-Lost-Story-Sudha-Murty/dp/0143458183/ref=zg_bs_g_67803462031_d_sccl_18/000-0000000-0000000?psc=1,34,https://www.amazon.in/gp/bestsellers/books/64619755031,9354927718,9789354927713,http://books.google.com/books/content?id=eCyWEAAAQBAJ&printsec=frontcover&img=1&zoom=1&edge=curl&source=gbs_api
9789385990175,822,The Serpent's Revenge: Unusual Tales from the Mahabharata [Paperback] Sudha Murty,Sudha Murty,Children's Books,"Fairy Tales, Folk Tales & Myths",Paperback,₹162.00,4.7,2184.0,https://www.amazon.in/Serpents-Revenge-Unusual-Tales-Mahabharata/dp/0143427857/ref=zg_bs_g_67803462031_d_sccl_23/000-0000000-0000000?psc=1,34,https://www.amazon.in/gp/bestsellers/books/64619755031,9385990179,9789385990175,http://books.google.com/books/content?id=cl5CDQAAQBAJ&printsec=frontcover&img=1&zoom=1&source=gbs_api
9789388369138,823,Lokpriya Baalgeet : Illustrated Hindi Rhymes Padded Book for Children,Wonder House Books,Children's Books,"Fairy Tales, Folk Tales & Myths",Board book,₹179.00,4.5,852.0,https://www.amazon.in/Lokpriya-Baalgeet-Illustrated-Rhymes-Children/dp/9388369130/ref=zg_bs_g_67803462031_d_sccl_24/000-0000000-0000000?psc=1,34,https://www.amazon.in/gp/bestsellers/books/64619755031,9388369130,9789388369138,http://books.google.com/books/content?id=ovdCzwEACAAJ&printsec=frontcover&img=1&zoom=1&source=gbs_api
9789353056933,826,"The Daughter from a Wishing Tree: Unusual Tales about Women in Mythology [Paperback] Murty, Sudha",Murty Sudha,Children's Books,"Fairy Tales, Folk Tales & Myths",Paperback,₹167.00,4.7,2619.0,https://www.amazon.in/Daughter-Wishing-Tree-Unusual-Mythology/dp/0143442341/ref=zg_bs_g_67803462031_d_sccl_27/000-0000000-0000000?psc=1,34,https://www.amazon.in/gp/bestsellers/books/64619755031,9353056934,9789353056933,http://books.google.com/books/content?id=KpW2DwAAQBAJ&printsec=frontcover&img=1&zoom=1&source=gbs_api
9780141381497,827,Percy Jackson and the Sea of Monsters [Paperback] Rick Riordan,Rick Riordan,Children's Books,"Fairy Tales, Folk Tales & Myths",Paperback,₹295.00,4.7,33182.0,https://www.amazon.in/Percy-Jackson-Monsters-Rick-Riordan/dp/0141346841/ref=zg_bs_g_67803462031_d_sccl_28/000-0000000-0000000?psc=1,34,https://www.amazon.in/gp/bestsellers/books/64619755031,0141381493,9780141381497,http://books.google.com/books/content?id=93IWAAAACAAJ&printsec=frontcover&img=1&zoom=1&source=gbs_api
9780141342566,828,Magnus Chase and The Hammer of Thor (Boo,Rick Riordan,Children's Books,"Fairy Tales, Folk Tales & Myths",Paperback,₹259.00,4.7,14264.0,https://www.amazon.in/Magnus-Chase-Hammer-Thor-Book/dp/0141342560/ref=zg_bs_g_67803462031_d_sccl_29/000-0000000-0000000?psc=1,34,https://www.amazon.in/gp/bestsellers/books/64619755031,0141342560,9780141342566,http://books.google.com/books/content?id=A-ZVAQAACAAJ&printsec=frontcover&img=1&zoom=1&source=gbs_api
9789358565065,831,The Ant and the Grasshopper - Illustrated Moral Story for Children (Classic Tales from India),Wonder House Books,Children's Books,"Fairy Tales, Folk Tales & Myths",Paperback,₹66.00,4.6,6.0,https://www.amazon.in/Ant-Grasshopper-Illustrated-Moral-Children/dp/9354406815/ref=zg_bs_g_67803462031_d_sccl_2/000-0000000-0000000?psc=1,34,https://www.amazon.in/gp/bestsellers/books/64619755031,9358565063,9789358565065,http://books.google.com/books/content?id=iU7VEQAAQBAJ&printsec=frontcover&img=1&zoom=1&edge=curl&source=gbs_api
9789389567397,832,My First Pop Up Fairy Tales - Pinocchio : Pop up Books for children,Wonder House Books,Children's Books,"Fairy Tales, Folk Tales & Myths",Hardcover,₹139.00,4.3,585.0,https://www.amazon.in/First-Pop-Fairy-Tales-Pinocchio/dp/9389567394/ref=zg_bs_g_67803462031_d_sccl_3/000-0000000-0000000?psc=1,34,https://www.amazon.in/gp/bestsellers/books/64619755031,9389567394,9789389567397,http://books.google.com/books/content?id=HRXZzwEACAAJ&printsec=frontcover&img=1&zoom=1&source=gbs_api
9780739350331,833,Percy Jackson and the Titan's Curse [Paperback] Rick Riordan,Rick Riordan,Children's Books,"Fairy Tales, Folk Tales & Myths",Paperback,₹309.00,4.7,30739.0,https://www.amazon.in/Percy-Jackson-Titans-Curse-Riordan/dp/0141346817/ref=zg_bs_g_67803462031_d_sccl_4/000-0000000-0000000?psc=1,34,https://www.amazon.in/gp/bestsellers/books/64619755031,0739350331,9780739350331,http://books.google.com/books/content?id=OcyOEAAAQBAJ&printsec=frontcover&img=1&zoom=1&source=gbs_api
9780141321288,834,Percy Jackson and the Last Olympian (Book 5) [Paperback] Rick Riordan,Rick Riordan,Children's Books,"Fairy Tales, Folk Tales & Myths",Paperback,₹259.00,4.8,30983.0,https://www.amazon.in/Percy-Jackson-Last-Olympian-Book/dp/0141346884/ref=zg_bs_g_67803462031_d_sccl_5/000-0000000-0000000?psc=1,34,https://www.amazon.in/gp/bestsellers/books/64619755031,0141321288,9780141321288,http://books.google.com/books/content?id=YmphVhXWY4sC&printsec=frontcover&img=1&zoom=1&source=gbs_api
9781101916988,835,Magnus Chase and The Sword of Summer (Bo,Rick Riordan,Children's Books,"Fairy Tales, Folk Tales & Myths",Paperback,₹259.00,4.7,23097.0,https://www.amazon.in/Magnus-Chase-Sword-Summer-Book/dp/0141342447/ref=zg_bs_g_67803462031_d_sccl_6/000-0000000-0000000?psc=1,34,https://www.amazon.in/gp/bestsellers/books/64619755031,1101916982,9781101916988,http://books.google.com/books/content?id=lmCPEAAAQBAJ&printsec=frontcover&img=1&zoom=1&source=gbs_api
9781484758601,836,Magnus Chase and the Ship of the Dead (B,Rick Riordan,Children's Books,"Fairy Tales, Folk Tales & Myths",Paperback,₹259.00,4.7,15095.0,https://www.amazon.in/Magnus-Chase-Ship-Dead-Book/dp/0141342609/ref=zg_bs_g_67803462031_d_sccl_7/000-0000000-0000000?psc=1,34,https://www.amazon.in/gp/bestsellers/books/64619755031,1484758609,9781484758601,http://books.google.com/books/content?id=qCauEQAAQBAJ&printsec=frontcover&img=1&zoom=1&edge=curl&source=gbs_api
9780141382913,838,Percy Jackson and The Battle of the Labyrinth (Book 4) [Paperback] Rick Riordan,Rick Riordan,Children's Books,"Fairy Tales, Folk Tales & Myths",Paperback,₹279.00,4.7,30292.0,https://www.amazon.in/Percy-Jackson-Battle-Labyrinth-Book/dp/0141346833/ref=zg_bs_g_67803462031_d_sccl_9/000-0000000-0000000?psc=1,34,https://www.amazon.in/gp/bestsellers/books/64619755031,0141382910,9780141382913,http://books.google.com/books/content?id=uhyoJAAACAAJ&printsec=frontcover&img=1&zoom=1&source=gbs_api
9789354405419,839,Mahabharata - Illustrated Book For Children (Paperback Edition) (Classic Tales from India),Anupa Lal,Children's Books,"Fairy Tales, Folk Tales & Myths",Paperback,₹137.00,4.5,123.0,https://www.amazon.in/Mahabharata-Illustrated-Book-Children-Paperback/dp/935440541X/ref=zg_bs_g_67803462031_d_sccl_10/000-0000000-0000000?psc=1,34,https://www.amazon.in/gp/bestsellers/books/64619755031,935440541X,9789354405419,http://books.google.com/books/content?id=WnoQ0AEACAAJ&printsec=frontcover&img=1&zoom=1&source=gbs_api
9789354405174,841,The Always Happy Series: Winky The Careless Little Wizard - A fun Story About Being Responsible - Beautifully Illustrated Picture Book For Children,Wonder House Books,Children's Books,"Fairy Tales, Folk Tales & Myths",Paperback,₹137.00,4.5,48.0,https://www.amazon.in/Always-Happy-Responsible-Beautifully-Illustrated/dp/9354405177/ref=zg_bs_g_67803462031_d_sccl_12/000-0000000-0000000?psc=1,34,https://www.amazon.in/gp/bestsellers/books/64619755031,9354405177,9789354405174,http://books.google.com/books/content?id=hogP0AEACAAJ&printsec=frontcover&img=1&zoom=1&source=gbs_api
9788187107460,842,Story books : 365 Tales from Indian Mythology (Indian Mythology for Children) (365 Series),Om Books Editorial Team,Children's Books,"Fairy Tales, Folk Tales & Myths",Hardcover,₹472.00,4.5,2118.0,https://www.amazon.in/365-Tales-Indian-Mythology-Books/dp/8187107464/ref=zg_bs_g_67803462031_d_sccl_13/000-0000000-0000000?psc=1,34,https://www.amazon.in/gp/bestsellers/books/64619755031,8187107464,9788187107460,http://books.google.com/books/content?id=MBMTJwAACAAJ&printsec=frontcover&img=1&zoom=1&source=gbs_api
9781423162797,845,Heroes of Olympus : The Lost Hero,Rick Riordan,Children's Books,"Fairy Tales, Folk Tales & Myths",Paperback,₹259.00,4.7,25085.0,https://www.amazon.in/Heroes-Olympus-Lost-Rick-Riordan/dp/0141325496/ref=zg_bs_g_67803462031_d_sccl_16/000-0000000-0000000?psc=1,34,https://www.amazon.in/gp/bestsellers/books/64619755031,142316279X,9781423162797,http://books.google.com/books/content?id=JGAcmwEACAAJ&printsec=frontcover&img=1&zoom=1&source=gbs_api
9781035034581,846,"The Gruffalo: A Push, Pull and Slide Book",Julia Donaldson,Children's Books,"Fairy Tales, Folk Tales & Myths",Board book,₹279.00,4.5,1146.0,https://www.amazon.in/Gruffalo-Push-Pull-Slide-Book/dp/152904071X/ref=zg_bs_g_67803462031_d_sccl_17/000-0000000-0000000?psc=1,34,https://www.amazon.in/gp/bestsellers/books/64619755031,1035034581,9781035034581,http://books.google.com/books/content?id=JtQ80AEACAAJ&printsec=frontcover&img=1&zoom=1&source=gbs_api
9789354403385,847,The Memoirs of Sherlock Holmes : Illustrated Abridged Children Classic English Novel with Review Questions (Hardback): Abridged and Illustrated (Illustrated Classics),Arthur Conan Doyle,Children's Books,"Fairy Tales, Folk Tales & Myths",Hardcover,₹139.00,4.3,65.0,https://www.amazon.in/Memoirs-Sherlock-Holmes-Kids-illustrated/dp/9354403387/ref=zg_bs_g_67803462031_d_sccl_18/000-0000000-0000000?psc=1,34,https://www.amazon.in/gp/bestsellers/books/64619755031,9354403387,9789354403385,http://books.google.com/books/content?id=JpsP0AEACAAJ&printsec=frontcover&img=1&zoom=1&source=gbs_api
9781796684834,848,"Harry Potter Spells: The Complete Harry Potter Spell Book of Spells, Charms enchantment, Curses and Jinxes",Prince Vincent,Children's Books,"Fairy Tales, Folk Tales & Myths",Kindle Edition,₹213.00,3.9,1089.0,https://www.amazon.in/Harry-Potter-Spells-Complete-enchantment-ebook/dp/B07NNQ5PG5/ref=zg_bs_g_67803462031_d_sccl_19/000-0000000-0000000?psc=1,34,https://www.amazon.in/gp/bestsellers/books/64619755031,179668483X,9781796684834,http://books.google.com/books/content?id=DQV9wgEACAAJ&printsec=frontcover&img=1&zoom=1&source=gbs_api
9789389432428,851,Baby Record Book : Newborn Journal For Boys And Girls To Cherish Memories And Milestones (Ideal Gift For Expecting Parents and Baby Shower),Wonder House Books,Children's Books,"Family, Personal & Social Issues",Hardcover,₹159.00,4.5,1070.0,https://www.amazon.in/Baby-Record-Book-Milestones-Expecting/dp/9389432421/ref=zg_bs_g_1318077031_d_sccl_2/000-0000000-0000000?psc=1,34,https://www.amazon.in/gp/bestsellers/books/64619755031,9389432421,9789389432428,http://books.google.com/books/content?id=muTYzwEACAAJ&printsec=frontcover&img=1&zoom=1&source=gbs_api
9781742624068,852,The Book Thief,Markus Zusak,Children's Books,"Family, Personal & Social Issues",Paperback,₹275.00,4.6,30372.0,https://www.amazon.in/Book-Thief-Definitions-Young-Adult/dp/1909531618/ref=zg_bs_g_1318077031_d_sccl_3/000-0000000-0000000?psc=1,34,https://www.amazon.in/gp/bestsellers/books/64619755031,1742624065,9781742624068,http://books.google.com/books/content?id=uvFVRiAIVpYC&printsec=frontcover&img=1&zoom=1&source=gbs_api
9798217124541,854,The Wonderful Things You Will Be,Emily Winfield Martin,Children's Books,"Family, Personal & Social Issues",Hardcover,₹324.00,4.4,28636.0,https://www.amazon.in/Wonderful-Things-You-Will-Be/dp/0241446953/ref=zg_bs_g_1318077031_d_sccl_5/000-0000000-0000000?psc=1,34,https://www.amazon.in/gp/bestsellers/books/64619755031,,9798217124541,http://books.google.com/books/content?id=7hlZEQAAQBAJ&printsec=frontcover&img=1&zoom=1&edge=curl&source=gbs_api
9781338670837,856,Ikigai For Teens: Finding Your Reason For Being,Héctor García & Francesc Miralles,Children's Books,"Family, Personal & Social Issues",Hardcover,₹254.00,4.6,292.0,https://www.amazon.in/Ikigai-Teens-Finding-Reason-Being/dp/9354712096/ref=zg_bs_g_1318077031_d_sccl_7/000-0000000-0000000?psc=1,34,https://www.amazon.in/gp/bestsellers/books/64619755031,1338670832,9781338670837,http://books.google.com/books/content?id=-hVuzQEACAAJ&printsec=frontcover&img=1&zoom=1&source=gbs_api
9780008472320,859,The Last Bear: Winner of the Blue Peter Award – ‘A dazzling debut’ THE TIMES,Hannah Gold,Children's Books,"Family, Personal & Social Issues",Paperback,₹275.00,4.7,1900.0,https://www.amazon.in/Last-Bear-stunning-childrens-battle/dp/000841131X/ref=zg_bs_g_1318077031_d_sccl_10/000-0000000-0000000?psc=1,34,https://www.amazon.in/gp/bestsellers/books/64619755031,0008472327,9780008472320,http://books.google.com/books/content?id=Ma5azgEACAAJ&printsec=frontcover&img=1&zoom=1&source=gbs_api
9781526612960,863,Meesha Makes Friends,Tom Percival,Children's Books,"Family, Personal & Social Issues",Paperback,₹205.00,4.8,816.0,https://www.amazon.in/Meesha-Makes-Friends-Bright-Feelings/dp/152661295X/ref=zg_bs_g_1318077031_d_sccl_14/000-0000000-0000000?psc=1,34,https://www.amazon.in/gp/bestsellers/books/64619755031,1526612968,9781526612960,http://books.google.com/books/content?id=fRBbEAAAQBAJ&printsec=frontcover&img=1&zoom=1&source=gbs_api
9780143453260,864,"My Little Book of Gods and Goddesses Board Book Set of 6 (Illustrated board books on Hindu mythology: Krishna, Lakshmi, Ganesha, Shiva, Durga, Hanuman; for ages 3+)",Ashwitha Jayakumar,Children's Books,"Family, Personal & Social Issues",Board book,₹318.00,4.7,128.0,https://www.amazon.in/Puffin-EL-Little-Book-Gods/dp/0143453300/ref=zg_bs_g_1318077031_d_sccl_15/000-0000000-0000000?psc=1,34,https://www.amazon.in/gp/bestsellers/books/64619755031,0143453262,9780143453260,http://books.google.com/books/content?id=FTeNzgEACAAJ&printsec=frontcover&img=1&zoom=1&source=gbs_api
9781250898456,865,Be Kind,Pat Zietlow Miller,Children's Books,"Family, Personal & Social Issues",Paperback,₹326.00,4.7,3842.0,https://www.amazon.in/Be-Kind-Pat-Zietlow-Miller/dp/1529041902/ref=zg_bs_g_1318077031_d_sccl_16/000-0000000-0000000?psc=1,34,https://www.amazon.in/gp/bestsellers/books/64619755031,1250898455,9781250898456,http://books.google.com/books/content?id=AqenEAAAQBAJ&printsec=frontcover&img=1&zoom=1&source=gbs_api
9781771672504,867,"The Boy in the Striped Pyjamas: Read John Boyne�s powerful classic ahead of the sequel ALL THE BROKEN PLACES [Paperback] Boyne, John",John Boyne,Children's Books,"Family, Personal & Social Issues",Paperback,₹259.00,4.6,28155.0,https://www.amazon.in/Striped-Pyjamas-Vintage-Childrens-Classics/dp/0099572869/ref=zg_bs_g_1318077031_d_sccl_18/000-0000000-0000000?psc=1,34,https://www.amazon.in/gp/bestsellers/books/64619755031,1771672501,9781771672504,http://books.google.com/books/content?id=5eXMtwEACAAJ&printsec=frontcover&img=1&zoom=1&source=gbs_api
9781742768670,869,Minecraft Books: Diary of a Minecraft Zombie Book 3: When Nature Calls (An Unofficial Minecraft Book),Zack Zombie,Children's Books,"Family, Personal & Social Issues",Kindle Edition,₹234.00,4.7,5867.0,https://www.amazon.in/Diary-Minecraft-Zombie-Book-Unofficial-ebook/dp/B00V2SZBXA/ref=zg_bs_g_1318077031_d_sccl_20/000-0000000-0000000?psc=1,34,https://www.amazon.in/gp/bestsellers/books/64619755031,1742768679,9781742768670,http://books.google.com/books/content?id=atmYtQEACAAJ&printsec=frontcover&img=1&zoom=1&source=gbs_api
9781443124911,871,Tom Gates 3: Everything's Amazing (sort of) (Tom Gates series),Liz Pichon,Children's Books,"Family, Personal & Social Issues",Kindle Edition,₹260.30,4.7,5751.0,https://www.amazon.in/Tom-Gates-Everythings-Amazing-sort-ebook/dp/B00HEEBKAY/ref=zg_bs_g_1318077031_d_sccl_22/000-0000000-0000000?psc=1,34,https://www.amazon.in/gp/bestsellers/books/64619755031,1443124915,9781443124911,http://books.google.com/books/content?id=RRmpBAAAQBAJ&printsec=frontcover&img=1&zoom=1&source=gbs_api
9781526626691,872,Ruby’s Worry: A Big Bright Feelings Book,Tom Percival,Children's Books,"Family, Personal & Social Issues",Paperback,₹184.00,4.7,3289.0,https://www.amazon.in/Rubys-Worry-Tom-Percival/dp/1408892154/ref=zg_bs_g_1318077031_d_sccl_23/000-0000000-0000000?psc=1,34,https://www.amazon.in/gp/bestsellers/books/64619755031,1526626691,9781526626691,http://books.google.com/books/content?id=_m69EAAAQBAJ&printsec=frontcover&img=1&zoom=1&source=gbs_api
9781445158938,873,POSITIVELY TEENAGE,Nicola Morgan,Children's Books,"Family, Personal & Social Issues",Paperback,₹308.00,4.5,758.0,https://www.amazon.in/Positively-Teenage-Nicola-Morgan/dp/1445158140/ref=zg_bs_g_1318077031_d_sccl_24/000-0000000-0000000?psc=1,34,https://www.amazon.in/gp/bestsellers/books/64619755031,1445158930,9781445158938,http://books.google.com/books/content?id=MDk9DwAAQBAJ&printsec=frontcover&img=1&zoom=1&source=gbs_api
9789356996328,874,11 Rules For Life: Secrets to Level Up,Chetan Bhagat,Children's Books,"Family, Personal & Social Issues",Kindle Edition,₹179.55,0.0,0.0,https://www.amazon.in/11-Rules-Life-Secrets-Level-ebook/dp/B0CT6YSFKS/ref=zg_bs_g_1318077031_d_sccl_25/000-0000000-0000000?psc=1,34,https://www.amazon.in/gp/bestsellers/books/64619755031,9356996326,9789356996328,http://books.google.com/books/content?id=ZETwEAAAQBAJ&printsec=frontcover&img=1&zoom=1&source=gbs_api
9780008588816,875,Spaceboy: The epic and funny new children’s book from multi-million bestselling author David Walliams,David Walliams,Children's Books,"Family, Personal & Social Issues",Paperback,₹334.00,4.7,2486.0,https://www.amazon.in/SPACEBOY-childrens-multi-million-bestselling-Walliams/dp/0008579954/ref=zg_bs_g_1318077031_d_sccl_26/000-0000000-0000000?psc=1,34,https://www.amazon.in/gp/bestsellers/books/64619755031,0008588813,9780008588816,http://books.google.com/books/content?id=sPaizwEACAAJ&printsec=frontcover&img=1&zoom=1&source=gbs_api
9781631980138,877,Voices Are Not for Yelling (Best Behavior),Marieka Heinlen Elizabeth Verdick,Children's Books,"Family, Personal & Social Issues",Board book,₹712.50,4.8,1709.0,https://www.amazon.in/Voices-Yelling-Board-Book-Behavior/dp/1575425009/ref=zg_bs_g_1318077031_d_sccl_28/000-0000000-0000000?psc=1,34,https://www.amazon.in/gp/bestsellers/books/64619755031,1631980130,9781631980138,http://books.google.com/books/content?id=1GUWogEACAAJ&printsec=frontcover&img=1&zoom=1&source=gbs_api
9781443124393,878,Tom Gates 2: Excellent Excuses (And Other Good Stuff) (Tom Gates series),Liz Pichon,Children's Books,"Family, Personal & Social Issues",Kindle Edition,₹277.40,4.6,7707.0,https://www.amazon.in/Tom-Gates-Excellent-Excuses-Other-ebook/dp/B00DY5XIW0/ref=zg_bs_g_1318077031_d_sccl_29/000-0000000-0000000?psc=1,34,https://www.amazon.in/gp/bestsellers/books/64619755031,1443124397,9781443124393,http://books.google.com/books/content?id=CWyQpEvfyawC&printsec=frontcover&img=1&zoom=1&source=gbs_api
9789353057640,882,6 Secrets Smart Students DonÃ†t Tell You,Chandan Deshmukh,Children's Books,"Family, Personal & Social Issues",Paperback,₹137.00,4.3,972.0,https://www.amazon.in/Secrets-Smart-Students-Dont-tell/dp/0143449192/ref=zg_bs_g_1318077031_d_sccl_3/000-0000000-0000000?psc=1,34,https://www.amazon.in/gp/bestsellers/books/64619755031,9353057647,9789353057640,http://books.google.com/books/content?id=QmrLDwAAQBAJ&printsec=frontcover&img=1&zoom=1&source=gbs_api
9781943330201,883,Diary of a Minecraft Zombie Book 19: Zombies Vs. Aliens,Zack Zombie,Children's Books,"Family, Personal & Social Issues",Kindle Edition,₹233.00,4.7,512.0,https://www.amazon.in/Diary-Minecraft-Zombie-Book-19-ebook/dp/B0B4NTYH8X/ref=zg_bs_g_1318077031_d_sccl_4/000-0000000-0000000?psc=1,34,https://www.amazon.in/gp/bestsellers/books/64619755031,1943330204,9781943330201,http://books.google.com/books/content?id=VS45zwEACAAJ&printsec=frontcover&img=1&zoom=1&source=gbs_api
9780241427347,886,Baby Touch: Feelings [Board book] Ladybird,Ladybird,Children's Books,"Family, Personal & Social Issues",Board book,₹234.00,4.4,186.0,https://www.amazon.in/Baby-Touch-Feelings-Ladybird/dp/0241427347/ref=zg_bs_g_1318077031_d_sccl_7/000-0000000-0000000?psc=1,34,https://www.amazon.in/gp/bestsellers/books/64619755031,0241427347,9780241427347,http://books.google.com/books/content?id=Mx2ByQEACAAJ&printsec=frontcover&img=1&zoom=1&source=gbs_api
9780702348839,887,The Brilliant World of Tom Gates (Tom Gates series Book 1),Liz Pichon,Children's Books,"Family, Personal & Social Issues",Kindle Edition,₹304.07,4.6,8275.0,https://www.amazon.in/Brilliant-World-Tom-Gates-Book-ebook/dp/B00DY5XIT8/ref=zg_bs_g_1318077031_d_sccl_8/000-0000000-0000000?psc=1,34,https://www.amazon.in/gp/bestsellers/books/64619755031,070234883X,9780702348839,http://books.google.com/books/content?id=-tyZ0QEACAAJ&printsec=frontcover&img=1&zoom=1&source=gbs_api
9781665904964,888,Five Feet Apart,Rachael Lippincott,Children's Books,"Family, Personal & Social Issues",Paperback,₹275.00,4.6,15165.0,https://www.amazon.in/Five-Feet-Apart-Rachael-Lippincott/dp/1471185095/ref=zg_bs_g_1318077031_d_sccl_9/000-0000000-0000000?psc=1,34,https://www.amazon.in/gp/bestsellers/books/64619755031,1665904968,9781665904964,http://books.google.com/books/content?id=FTNcEAAAQBAJ&printsec=frontcover&img=1&zoom=1&edge=curl&source=gbs_api
9781101653876,891,"Stand Tall, Molly Lou Melon",Patty Lovell,Children's Books,"Family, Personal & Social Issues",Hardcover,₹324.00,4.8,1626.0,https://www.amazon.in/Stand-Tall-Molly-Lou-Melon/dp/0399234160/ref=zg_bs_g_1318077031_d_sccl_12/000-0000000-0000000?psc=1,34,https://www.amazon.in/gp/bestsellers/books/64619755031,1101653876,9781101653876,http://books.google.com/books/content?id=8gal4IYy_xMC&printsec=frontcover&img=1&zoom=1&source=gbs_api
9781743832318,892,ELLA DIARIES #19: PASSION FOR FASHION,Meredith Costain,Children's Books,"Family, Personal & Social Issues",Paperback,₹227.00,4.7,5.0,https://www.amazon.in/ELLA-DIARIES-19-PASSION-FASHION/dp/8194316790/ref=zg_bs_g_1318077031_d_sccl_13/000-0000000-0000000?psc=1,34,https://www.amazon.in/gp/bestsellers/books/64619755031,1743832311,9781743832318,http://books.google.com/books/content?id=lJhAzAEACAAJ&printsec=frontcover&img=1&zoom=1&source=gbs_api
9781536462142,894,PETE THE CAT ICR18 FAMILY ROAD TRIP (I Can Read Level 1),James Dean,Children's Books,"Family, Personal & Social Issues",Paperback,₹154.25,4.8,1918.0,https://www.amazon.in/Pete-Cats-Family-Road-Level/dp/0062868381/ref=zg_bs_g_1318077031_d_sccl_15/000-0000000-0000000?psc=1,34,https://www.amazon.in/gp/bestsellers/books/64619755031,1536462144,9781536462142,http://books.google.com/books/content?id=v4xszQEACAAJ&printsec=frontcover&img=1&zoom=1&source=gbs_api
9781536208689,895,TOM GATES: ABSOLUTELY FANTASTIC,Pichon L,Children's Books,"Family, Personal & Social Issues",Paperback,₹200.00,4.7,4619.0,https://www.amazon.in/TOM-GATES-ABSOLUTELY-FANTASTIC-Pichon/dp/9351033031/ref=zg_bs_g_1318077031_d_sccl_16/000-0000000-0000000?psc=1,34,https://www.amazon.in/gp/bestsellers/books/64619755031,153620868X,9781536208689,http://books.google.com/books/content?id=RPKPEAAAQBAJ&printsec=frontcover&img=1&zoom=1&source=gbs_api
9789391234263,896,"MY WISDOM BOOK: Everyday Shlokas, Mantras, Bhajans and More",Swami Mukundananda,Children's Books,"Family, Personal & Social Issues",Paperback,₹159.00,4.7,137.0,https://www.amazon.in/MY-WISDOM-BOOK-Everyday-Shlokas/dp/9355204507/ref=zg_bs_g_1318077031_d_sccl_17/000-0000000-0000000?psc=1,34,https://www.amazon.in/gp/bestsellers/books/64619755031,9391234267,9789391234263,http://books.google.com/books/content?id=0k9i0AEACAAJ&printsec=frontcover&img=1&zoom=1&source=gbs_api
9781547614486,897,Tilda Tries Again: A Big Bright Feelings Book,Tom Percival,Children's Books,"Family, Personal & Social Issues",Paperback,₹194.00,4.7,438.0,https://www.amazon.in/Tilda-Tries-Again-Bright-Feelings/dp/1526612992/ref=zg_bs_g_1318077031_d_sccl_18/000-0000000-0000000?psc=1,34,https://www.amazon.in/gp/bestsellers/books/64619755031,154761448X,9781547614486,http://books.google.com/books/content?id=mKfyEAAAQBAJ&printsec=frontcover&img=1&zoom=1&source=gbs_api
9781943330737,898,Diary of a Minecraft Zombie Book 11: Insides Out,Zack Zombie,Children's Books,"Family, Personal & Social Issues",Kindle Edition,₹105.00,4.7,2322.0,https://www.amazon.in/Diary-Minecraft-Zombie-Book-11-ebook/dp/B01LX8QZZI/ref=zg_bs_g_1318077031_d_sccl_19/000-0000000-0000000?psc=1,34,https://www.amazon.in/gp/bestsellers/books/64619755031,1943330735,9781943330737,http://books.google.com/books/content?id=y0oYvgAACAAJ&printsec=frontcover&img=1&zoom=1&source=gbs_api
9781524741730,899,The Day You Begin,Jacqueline Woodson,Children's Books,"Family, Personal & Social Issues",Hardcover,₹348.16,4.8,7245.0,https://www.amazon.in/Day-You-Begin-Jacqueline-Woodson/dp/0399246533/ref=zg_bs_g_1318077031_d_sccl_20/000-0000000-0000000?psc=1,34,https://www.amazon.in/gp/bestsellers/books/64619755031,1524741736,9781524741730,http://books.google.com/books/content?id=n2lBDwAAQBAJ&printsec=frontcover&img=1&zoom=1&source=gbs_api
9780747574477,902,Harry Potter and the Philosopher's Stone,J.K. Rowling,Children's Books,Fantasy,Paperback,₹353.00,4.7,107802.0,https://www.amazon.in/Harry-Potter-Philosophers-Stone-Rowling/dp/1408855658/ref=zg_bs_g_67803457031_d_sccl_3/000-0000000-0000000?psc=1,34,https://www.amazon.in/gp/bestsellers/books/64619755031,0747574472,9780747574477,http://books.google.com/books/content?id=0Yo7PgAACAAJ&printsec=frontcover&img=1&zoom=1&source=gbs_api
9780747573616,905,Harry Potter and the Chamber of Secrets,J.K. Rowling,Children's Books,Fantasy,Paperback,₹390.00,4.7,86490.0,https://www.amazon.in/Harry-Potter-Chamber-Secrets/dp/1408855666/ref=zg_bs_g_67803457031_d_sccl_6/000-0000000-0000000?psc=1,34,https://www.amazon.in/gp/bestsellers/books/64619755031,0747573611,9780747573616,http://books.google.com/books/content?id=zoV4PAAACAAJ&printsec=frontcover&img=1&zoom=1&source=gbs_api
9781408855911,907,Harry Potter and the Prisoner of Azkaban,J.K. Rowling,Children's Books,Fantasy,Paperback,₹381.45,4.8,74639.0,https://www.amazon.in/Harry-Potter-Prisoner-Azkaban/dp/1408855674/ref=zg_bs_g_67803457031_d_sccl_8/000-0000000-0000000?psc=1,34,https://www.amazon.in/gp/bestsellers/books/64619755031,1408855917,9781408855911,http://books.google.com/books/content?id=lZrHBAAAQBAJ&printsec=frontcover&img=1&zoom=1&source=gbs_api
9780241558300,909,Matilda: Special Edition,Roald Dahl,Children's Books,Fantasy,Paperback,₹259.00,4.6,19810.0,https://www.amazon.in/Matilda-Special-Roald-Dahl/dp/024155831X/ref=zg_bs_g_67803457031_d_sccl_10/000-0000000-0000000?psc=1,34,https://www.amazon.in/gp/bestsellers/books/64619755031,0241558301,9780241558300,http://books.google.com/books/content?id=pMeMEAAAQBAJ&printsec=frontcover&img=1&zoom=1&source=gbs_api
9781408869161,911,Harry Potter and the Half-Blood Prince,J.K. Rowling,Children's Books,Fantasy,Paperback,₹510.00,4.8,71049.0,https://www.amazon.in/Harry-Potter-Half-Blood-Prince/dp/1408855704/ref=zg_bs_g_67803457031_d_sccl_12/000-0000000-0000000?psc=1,34,https://www.amazon.in/gp/bestsellers/books/64619755031,1408869160,9781408869161,http://books.google.com/books/content?id=fUVXvgAACAAJ&printsec=frontcover&img=1&zoom=1&source=gbs_api
9781471418297,912,The Wicked King (The Folk of the Air #2),Holly Black,Children's Books,Fantasy,Paperback,₹311.00,4.6,32823.0,https://www.amazon.in/Wicked-King-Folk-Air/dp/1471408655/ref=zg_bs_g_67803457031_d_sccl_13/000-0000000-0000000?psc=1,34,https://www.amazon.in/gp/bestsellers/books/64619755031,1471418294,9781471418297,http://books.google.com/books/content?id=iitt0QEACAAJ&printsec=frontcover&img=1&zoom=1&source=gbs_api
9780553151749,913,Charlie and the Great Glass Elevator,Roald Dahl,Children's Books,Fantasy,Paperback,₹267.00,4.6,6216.0,https://www.amazon.in/Charlie-Great-Glass-Elevator-Roald/dp/0241568706/ref=zg_bs_g_67803457031_d_sccl_14/000-0000000-0000000?psc=1,34,https://www.amazon.in/gp/bestsellers/books/64619755031,0553151746,9780553151749,http://books.google.com/books/content?id=Y71A-3_o57YC&printsec=frontcover&img=1&zoom=1&source=gbs_api
9781526620293,914,Harry Potter 1–3 Box Set: A Magical Adventure Begins (Set of 3 Books),J.K. Rowling,Children's Books,Fantasy,Paperback,"₹1,099.00",4.6,3796.0,https://www.amazon.in/Harry-Potter-1-3-Box-Set/dp/1526620294/ref=zg_bs_g_67803457031_d_sccl_15/000-0000000-0000000?psc=1,34,https://www.amazon.in/gp/bestsellers/books/64619755031,1526620294,9781526620293,http://books.google.com/books/content?id=LcT-yQEACAAJ&printsec=frontcover&img=1&zoom=1&source=gbs_api
9780141335742,917,The Mark of Athena (Heroes of Olympus Book 3),Rick Riordan,Children's Books,Fantasy,Paperback,₹259.00,4.8,31873.0,https://www.amazon.in/Mark-Athena-Heroes-Olympus-Book/dp/0141335769/ref=zg_bs_g_67803457031_d_sccl_18/000-0000000-0000000?psc=1,34,https://www.amazon.in/gp/bestsellers/books/64619755031,0141335742,9780141335742,http://books.google.com/books/content?id=zNhDLqQWzBIC&printsec=frontcover&img=1&zoom=1&source=gbs_api
9798885795111,920,The Sun and the Star (From the World of,Rick Riordan,Children's Books,Fantasy,Paperback,₹395.00,4.6,4518.0,https://www.amazon.in/Sun-Star-World-Percy-Jackson/dp/0241627680/ref=zg_bs_g_67803457031_d_sccl_21/000-0000000-0000000?psc=1,34,https://www.amazon.in/gp/bestsellers/books/64619755031,,9798885795111,http://books.google.com/books/content?id=520Z0AEACAAJ&printsec=frontcover&img=1&zoom=1&source=gbs_api
9780345453747,923,"The Hitchhiker's Guide to the Galaxy: 42nd Anniversary Edition (The Hitchhiker's Guide to the Galaxy, 1)",Douglas Adams,Children's Books,Fantasy,Paperback,₹330.00,4.4,22039.0,https://www.amazon.in/Hitchhikers-Guide-Galaxy-42nd-Anniversary/dp/1529034523/ref=zg_bs_g_67803457031_d_sccl_24/000-0000000-0000000?psc=1,34,https://www.amazon.in/gp/bestsellers/books/64619755031,0345453743,9780345453747,http://books.google.com/books/content?id=XgqNEAAAQBAJ&printsec=frontcover&img=1&zoom=1&source=gbs_api
9780141342603,927,Magnus Chase and the Ship of the Dead (B,Rick Riordan,Children's Books,Fantasy,Paperback,₹259.00,4.7,15095.0,https://www.amazon.in/Magnus-Chase-Ship-Dead-Book/dp/0141342609/ref=zg_bs_g_67803457031_d_sccl_28/000-0000000-0000000?psc=1,34,https://www.amazon.in/gp/bestsellers/books/64619755031,0141342609,9780141342603,http://books.google.com/books/content?id=1BeXtAEACAAJ&printsec=frontcover&img=1&zoom=1&source=gbs_api
9780141339184,930,"The House of Hades (Heroes of Olympus Book 4) (Heroes of Olympus, 4) [Paperback] Riordan, Rick",Rick Riordan,Children's Books,Fantasy,Paperback,₹347.00,4.8,34377.0,https://www.amazon.in/Heroes-Olympus-House-Rick-Riordan/dp/0141339209/ref=zg_bs_g_67803457031_d_sccl_1/000-0000000-0000000?psc=1,34,https://www.amazon.in/gp/bestsellers/books/64619755031,0141339187,9780141339184,http://books.google.com/books/content?id=ITdsmwEACAAJ&printsec=frontcover&img=1&zoom=1&source=gbs_api
9781526666321,932,Harry Potter and the Prisoner of Azkaban: MinaLima Edition,J.K. Rowling,Children's Books,Fantasy,Hardcover,"₹2,561.74",4.9,2449.0,https://www.amazon.in/Harry-Potter-Prisoner-Azkaban-MinaLima/dp/1526666324/ref=zg_bs_g_67803457031_d_sccl_3/000-0000000-0000000?psc=1,34,https://www.amazon.in/gp/bestsellers/books/64619755031,1526666324,9781526666321,http://books.google.com/books/content?id=ZH6pzwEACAAJ&printsec=frontcover&img=1&zoom=1&source=gbs_api
9781509851553,933,Room on the Broom,Julia Donaldson,Children's Books,Fantasy,Paperback,₹291.00,4.7,33944.0,https://www.amazon.in/Room-Broom-Julia-Donaldson/dp/1509804773/ref=zg_bs_g_67803457031_d_sccl_4/000-0000000-0000000?psc=1,34,https://www.amazon.in/gp/bestsellers/books/64619755031,1509851550,9781509851553,http://books.google.com/books/content?id=zCguzwEACAAJ&printsec=frontcover&img=1&zoom=1&source=gbs_api
9781774882986,934,Murtagh: The World of Eragon,Christopher Paolini,Children's Books,Fantasy,Paperback,₹464.34,4.6,3986.0,https://www.amazon.in/Murtagh-World-Eragon-Inheritance-Cycle/dp/0241651344/ref=zg_bs_g_67803457031_d_sccl_5/000-0000000-0000000?psc=1,34,https://www.amazon.in/gp/bestsellers/books/64619755031,1774882981,9781774882986,http://books.google.com/books/content?id=mM5AEQAAQBAJ&printsec=frontcover&img=1&zoom=1&edge=curl&source=gbs_api
9780241535141,935,"Peppa Pig: Mermaids, Unicorns and Dragons Sticker Activity Book",Ladybird,Children's Books,Fantasy,Paperback,₹137.00,4.4,3041.0,https://www.amazon.in/Peppa-Pig-Mermaids-Unicorns-Activity/dp/0241371678/ref=zg_bs_g_67803457031_d_sccl_6/000-0000000-0000000?psc=1,34,https://www.amazon.in/gp/bestsellers/books/64619755031,024153514X,9780241535141,http://books.google.com/books/content?id=fWm6zwEACAAJ&printsec=frontcover&img=1&zoom=1&source=gbs_api
9798217042760,936,Wonka,Roald Dahl,Children's Books,Fantasy,Paperback,₹270.00,4.7,141.0,https://www.amazon.in/Wonka-Roald-Dahl/dp/0241618134/ref=zg_bs_g_67803457031_d_sccl_7/000-0000000-0000000?psc=1,34,https://www.amazon.in/gp/bestsellers/books/64619755031,,9798217042760,http://books.google.com/books/content?id=1GjKEQAAQBAJ&printsec=frontcover&img=1&zoom=1&edge=curl&source=gbs_api
9798295206443,937,The Blood of Olympus (Heroes of Olympus Book 5),Rick Riordan,Children's Books,Fantasy,Paperback,₹280.00,4.7,42350.0,https://www.amazon.in/Blood-Olympus-Heroes-Book/dp/0141339241/ref=zg_bs_g_67803457031_d_sccl_8/000-0000000-0000000?psc=1,34,https://www.amazon.in/gp/bestsellers/books/64619755031,,9798295206443,http://books.google.com/books/content?id=G_P50QEACAAJ&printsec=frontcover&img=1&zoom=1&source=gbs_api
9780008724764,938,Howl’s Moving Castle,Diana Wynne Jones,Children's Books,Fantasy,Paperback,₹283.00,4.7,17428.0,https://www.amazon.in/Howls-Moving-Castle-Diana-Wynne/dp/0007299265/ref=zg_bs_g_67803457031_d_sccl_9/000-0000000-0000000?psc=1,34,https://www.amazon.in/gp/bestsellers/books/64619755031,0008724768,9780008724764,http://books.google.com/books/content?id=xjnx0AEACAAJ&printsec=frontcover&img=1&zoom=1&source=gbs_api
9781368024136,940,Box Set Trials Of Apollo Complete,Rick Riordan,Children's Books,Fantasy,Paperback,"₹1,480.00",4.7,3257.0,https://www.amazon.in/Trials-Apollo-Complete-Collectio/dp/0241641543/ref=zg_bs_g_67803457031_d_sccl_11/000-0000000-0000000?psc=1,34,https://www.amazon.in/gp/bestsellers/books/64619755031,1368024130,9781368024136,http://books.google.com/books/content?id=dxl0zgEACAAJ&printsec=frontcover&img=1&zoom=1&source=gbs_api
9798855068740,941,Rowley Jefferson's Awesome Friendly Adve,Jeff Kinney,Children's Books,Fantasy,Paperback,₹227.00,4.6,7460.0,https://www.amazon.in/Rowley-Jeffersons-Awesome-Friendly-Adventure/dp/0241501407/ref=zg_bs_g_67803457031_d_sccl_12/000-0000000-0000000?psc=1,34,https://www.amazon.in/gp/bestsellers/books/64619755031,,9798855068740,http://books.google.com/books/content?id=_i3S0AEACAAJ&printsec=frontcover&img=1&zoom=1&source=gbs_api
9780141355412,942,Percy Jackson and the Greek Gods,Rick Riordan,Children's Books,Fantasy,Paperback,₹259.00,4.7,10920.0,https://www.amazon.in/Percy-Jackson-Greek-Jacksons-Myths/dp/0141358688/ref=zg_bs_g_67803457031_d_sccl_13/000-0000000-0000000?psc=1,34,https://www.amazon.in/gp/bestsellers/books/64619755031,0141355417,9780141355412,http://books.google.com/books/content?id=e_KzoAEACAAJ&printsec=frontcover&img=1&zoom=1&source=gbs_api
9781338554274,943,Dog Man: A Graphic Novel (Dog Man #1): From the Creator of Captain Underpants: Volume 1,Dav Pilkey,Children's Books,Fantasy,Hardcover,₹410.00,4.6,24082.0,https://www.amazon.in/Dog-Man-Creator-Captain-Underpants/dp/1338741039/ref=zg_bs_g_67803457031_d_sccl_14/000-0000000-0000000?psc=1,34,https://www.amazon.in/gp/bestsellers/books/64619755031,1338554271,9781338554274,http://books.google.com/books/content?id=tlnBDwAAQBAJ&printsec=frontcover&img=1&zoom=1&source=gbs_api
9781250076977,944,Six of Crows: Crooked Kingdom,Leigh Bardugo,Children's Books,Fantasy,Paperback,₹388.00,4.7,36600.0,https://www.amazon.in/Six-Crows-Crooked-Kingdom-Book/dp/1780622317/ref=zg_bs_g_67803457031_d_sccl_15/000-0000000-0000000?psc=1,34,https://www.amazon.in/gp/bestsellers/books/64619755031,1250076978,9781250076977,http://books.google.com/books/content?id=YCGNAQAACAAJ&printsec=frontcover&img=1&zoom=1&source=gbs_api
9798855015096,945,The Last Kids On Earth,Max Brallier,Children's Books,Fantasy,Paperback,₹175.00,4.7,7072.0,https://www.amazon.in/Last-Kids-Earth-Max-Brallier/dp/1405295090/ref=zg_bs_g_67803457031_d_sccl_16/000-0000000-0000000?psc=1,34,https://www.amazon.in/gp/bestsellers/books/64619755031,,9798855015096,http://books.google.com/books/content?id=3TzS0AEACAAJ&printsec=frontcover&img=1&zoom=1&source=gbs_api
9781368051446,946,The Son of Neptune (Heroes of Olympus Book 2),Rick Riordan,Children's Books,Fantasy,Paperback,₹324.00,4.7,26285.0,https://www.amazon.in/Heroes-Olympus-Neptune-Rick-Riordan/dp/0141335734/ref=zg_bs_g_67803457031_d_sccl_17/000-0000000-0000000?psc=1,34,https://www.amazon.in/gp/bestsellers/books/64619755031,1368051448,9781368051446,http://books.google.com/books/content?id=M-vOwAEACAAJ&printsec=frontcover&img=1&zoom=1&source=gbs_api
9788119670642,948,The Mystery of the Magic Mirror,Shubira Prasad,Children's Books,Fantasy,Paperback,₹165.00,0.0,0.0,https://www.amazon.in/Mystery-Magic-Mirror-Shubira-Prasad/dp/8119670647/ref=zg_bs_g_67803457031_d_sccl_19/000-0000000-0000000?psc=1,34,https://www.amazon.in/gp/bestsellers/books/64619755031,8119670647,9788119670642,http://books.google.com/books/content?id=mL-W0AEACAAJ&printsec=frontcover&img=1&zoom=1&source=gbs_api
9780573700323,949,George's Marvellous Medicine,Roald Dahl,Children's Books,Fantasy,Paperback,₹234.00,4.6,8739.0,https://www.amazon.in/Georges-Marvellous-Medicine-Roald-Dahl/dp/0241558484/ref=zg_bs_g_67803457031_d_sccl_20/000-0000000-0000000?psc=1,34,https://www.amazon.in/gp/bestsellers/books/64619755031,057370032X,9780573700323,http://books.google.com/books/content?id=jCaRNAEACAAJ&printsec=frontcover&img=1&zoom=1&source=gbs_api
9788129141996,956,THE BLUE UMBRELLA,Ruskin Bond,Children's Books,"Fantasy, Science Fiction & Horror",Paperback,₹74.00,4.5,15544.0,https://www.amazon.in/Blue-Umbrella-Ruskin-Bond/dp/8171673406/ref=zg_bs_g_1402037031_d_sccl_7/000-0000000-0000000?psc=1,34,https://www.amazon.in/gp/bestsellers/books/64619755031,812914199X,9788129141996,http://books.google.com/books/content?id=_TJbygEACAAJ&printsec=frontcover&img=1&zoom=1&source=gbs_api
9781408834985,958,Harry Potter and the Prisoner of Azkaban,J.K. Rowling,Children's Books,"Fantasy, Science Fiction & Horror",Kindle Edition,₹212.80,4.8,74639.0,https://www.amazon.in/Harry-Potter-Prisoner-Azkaban-Rowling-ebook/dp/B019PIOJZ4/ref=zg_bs_g_1402037031_d_sccl_9/000-0000000-0000000?psc=1,34,https://www.amazon.in/gp/bestsellers/books/64619755031,1408834987,9781408834985,http://books.google.com/books/content?id=i1s9AwAAQBAJ&printsec=frontcover&img=1&zoom=1&source=gbs_api
9788187108207,962,"Set of 10 Classics Tales Story Books for Kids|English Short Stories for 3+ | Aladdin, Alibaba, Jungle Book & Others",Team Pegasus,Children's Books,"Fantasy, Science Fiction & Horror",Product Bundle,₹220.00,3.8,13.0,https://www.amazon.in/Classics-English-Stories-Aladdin-Alibaba/dp/8131944700/ref=zg_bs_g_1402037031_d_sccl_13/000-0000000-0000000?psc=1,34,https://www.amazon.in/gp/bestsellers/books/64619755031,8187108207,9788187108207,http://books.google.com/books/content?id=AVfVDAAAQBAJ&printsec=frontcover&img=1&zoom=1&edge=curl&source=gbs_api
9780747570738,966,Harry Potter and the Order of the Phoenix,J.K. Rowling,Children's Books,"Fantasy, Science Fiction & Horror",Kindle Edition,₹313.95,4.7,66771.0,https://www.amazon.in/Harry-Potter-Order-Phoenix-Rowling-ebook/dp/B019PIOJV8/ref=zg_bs_g_1402037031_d_sccl_17/000-0000000-0000000?psc=1,34,https://www.amazon.in/gp/bestsellers/books/64619755031,0747570736,9780747570738,http://books.google.com/books/content?id=AnjKOAAACAAJ&printsec=frontcover&img=1&zoom=1&source=gbs_api
9780747591085,967,Harry Potter and the Deathly Hallows,J.K. Rowling,Children's Books,"Fantasy, Science Fiction & Horror",Kindle Edition,₹313.95,4.8,87027.0,https://www.amazon.in/Harry-Potter-Deathly-Hallows-Rowling-ebook/dp/B019PIOJVI/ref=zg_bs_g_1402037031_d_sccl_18/000-0000000-0000000?psc=1,34,https://www.amazon.in/gp/bestsellers/books/64619755031,0747591083,9780747591085,http://books.google.com/books/content?id=HlGJBAAACAAJ&printsec=frontcover&img=1&zoom=1&source=gbs_api
9780008256944,972,"The 1,000-Year-Old Boy",Ross Welford,Children's Books,"Fantasy, Science Fiction & Horror",Paperback,₹275.00,4.5,4251.0,https://www.amazon.in/1-000-Year-Old-Boy-Ross-Welford/dp/0008256942/ref=zg_bs_g_1402037031_d_sccl_23/000-0000000-0000000?psc=1,34,https://www.amazon.in/gp/bestsellers/books/64619755031,0008256942,9780008256944,http://books.google.com/books/content?id=TCDEAQAACAAJ&printsec=frontcover&img=1&zoom=1&source=gbs_api
9781726216777,977,The Canterville Ghost,Oscar Wilde,Children's Books,"Fantasy, Science Fiction & Horror",Paperback,₹99.00,4.3,1549.0,https://www.amazon.in/Canterville-Ghost-Oscar-Wilde/dp/9354401538/ref=zg_bs_g_1402037031_d_sccl_28/000-0000000-0000000?psc=1,34,https://www.amazon.in/gp/bestsellers/books/64619755031,1726216772,9781726216777,http://books.google.com/books/content?id=qp9auwEACAAJ&printsec=frontcover&img=1&zoom=1&source=gbs_api
9780747589945,985,"Harry Potter and the Philosopher's Stone, Book 1",J.K. Rowling,Children's Books,"Fantasy, Science Fiction & Horror",Audible Audiobook,₹999.00,4.7,107802.0,https://www.amazon.in/Harry-Potter-Philosophers-Stone-Book/dp/B072W9Y8T7/ref=zg_bs_g_1402037031_d_sccl_6/000-0000000-0000000?psc=1,34,https://www.amazon.in/gp/bestsellers/books/64619755031,0747589941,9780747589945,http://books.google.com/books/content?id=GDdCPgAACAAJ&printsec=frontcover&img=1&zoom=1&source=gbs_api
9780141352015,996,"Percy jackson: Complete Series [Paperback] Riordan, Rick",Rick Riordan,Children's Books,"Fantasy, Science Fiction & Horror",Paperback,"₹1,544.40",4.7,7800.0,https://www.amazon.in/Percy-jackson-Complete-Rick-Riordan/dp/0141352027/ref=zg_bs_g_1402037031_d_sccl_17/000-0000000-0000000?psc=1,34,https://www.amazon.in/gp/bestsellers/books/64619755031,0141352019,9780141352015,http://books.google.com/books/content?id=X58EqptgJV8C&printsec=frontcover&img=1&zoom=1&source=gbs_api
9789389053135,1007,101 Copy Coloring: Fun Activity Book For Children,Wonder House Books,Children's Books,"Games, Toys & Activities",Paperback,₹149.00,4.5,1928.0,https://www.amazon.in/101-Copy-Coloring-Activity-Children/dp/9389053137/ref=zg_bs_g_1318078031_d_sccl_8/000-0000000-0000000?psc=1,34,https://www.amazon.in/gp/bestsellers/books/64619755031,9389053137,9789389053135,http://books.google.com/books/content?id=jcDZzwEACAAJ&printsec=frontcover&img=1&zoom=1&source=gbs_api
9789390391608,1008,"Flags of the World - Sticker Coloring Activity Book For Children : Continent, Country, Capital, Language and Currency",Wonder House Books,Children's Books,"Games, Toys & Activities",Paperback,₹189.00,4.5,886.0,https://www.amazon.in/Flags-World-Coloring-Activity-Continent/dp/9390391601/ref=zg_bs_g_1318078031_d_sccl_9/000-0000000-0000000?psc=1,34,https://www.amazon.in/gp/bestsellers/books/64619755031,9390391601,9789390391608,http://books.google.com/books/content?id=zST50AEACAAJ&printsec=frontcover&img=1&zoom=1&source=gbs_api
9780241427361,1013,Baby Touch: Playbook [Board book] Ladybird,LADYBIRD,Children's Books,"Games, Toys & Activities",Board book,₹292.00,4.6,4342.0,https://www.amazon.in/Baby-Touch-Lemon-Ribbon-Studio/dp/024137913X/ref=zg_bs_g_1318078031_d_sccl_14/000-0000000-0000000?psc=1,34,https://www.amazon.in/gp/bestsellers/books/64619755031,0241427363,9780241427361,http://books.google.com/books/content?id=RI9DzQEACAAJ&printsec=frontcover&img=1&zoom=1&source=gbs_api
9780723281221,1015,Baby Touch: Tummy Time [Board book] Ladybird,,Children's Books,"Games, Toys & Activities",Board book,₹242.00,4.6,2131.0,https://www.amazon.in/Baby-Touch-Tummy-Time/dp/0241422345/ref=zg_bs_g_1318078031_d_sccl_16/000-0000000-0000000?psc=1,34,https://www.amazon.in/gp/bestsellers/books/64619755031,072328122X,9780723281221,http://books.google.com/books/content?id=4NvgngEACAAJ&printsec=frontcover&img=1&zoom=1&source=gbs_api
9789388144988,1023,My First Transport Sticker Book: Exciting Sticker Book With 100 Stickers,Wonder House Books,Children's Books,"Games, Toys & Activities",Paperback,₹155.00,4.5,1275.0,https://www.amazon.in/My-First-Transport-Sticker-Book/dp/9388144988/ref=zg_bs_g_1318078031_d_sccl_24/000-0000000-0000000?psc=1,34,https://www.amazon.in/gp/bestsellers/books/64619755031,9388144988,9789388144988,http://books.google.com/books/content?id=fr9p0AEACAAJ&printsec=frontcover&img=1&zoom=1&source=gbs_api
9789354402715,1024,My First Times Tables Activity Book : Multiplication Tables From 1 - 20 with Fun and Easy Math Activities for Children,Wonder House Books,Children's Books,"Games, Toys & Activities",Paperback,₹99.00,4.3,302.0,https://www.amazon.in/First-Times-Tables-Activity-Book/dp/9354402712/ref=zg_bs_g_1318078031_d_sccl_25/000-0000000-0000000?psc=1,34,https://www.amazon.in/gp/bestsellers/books/64619755031,9354402712,9789354402715,http://books.google.com/books/content?id=w9YO0AEACAAJ&printsec=frontcover&img=1&zoom=1&source=gbs_api
9789354403279,1026,"Sudoku - Brain Games For Smart Minds Level 1 Simple : Brain Booster Puzzles for Kids, 120+ Fun Games",Wonder House Books,Children's Books,"Games, Toys & Activities",Paperback,₹89.00,4.4,235.0,https://www.amazon.in/Sudoku-Brain-Simple-Booster-Puzzles/dp/9354403271/ref=zg_bs_g_1318078031_d_sccl_27/000-0000000-0000000?psc=1,34,https://www.amazon.in/gp/bestsellers/books/64619755031,9354403271,9789354403279,http://books.google.com/books/content?id=evEP0AEACAAJ&printsec=frontcover&img=1&zoom=1&source=gbs_api
9780241379127,1030,Baby Touch: Peekaboo [Board book] Ladybird,LADYBIRD,Children's Books,"Games, Toys & Activities",Board book,₹301.00,4.5,3229.0,https://www.amazon.in/Baby-Touch-Lemon-Ribbon-Studio/dp/0241379121/ref=zg_bs_g_1318078031_d_sccl_1/000-0000000-0000000?psc=1,34,https://www.amazon.in/gp/bestsellers/books/64619755031,0241379121,9780241379127,http://books.google.com/books/content?id=xBHuuwEACAAJ&printsec=frontcover&img=1&zoom=1&source=gbs_api
9789354403514,1033,"Sudoku - Brain Games For Smart Minds Box Set Of 4 Books : Brain Booster Puzzles for Kids, 480 + Fun Games. Combo of Easy, Hard, Killer, Complex Levels.: Box Set of Books Levels 1-4",Wonder House Books,Children's Books,"Games, Toys & Activities",Paperback,₹389.00,4.5,210.0,https://www.amazon.in/Sudoku-Booster-Puzzles-Complex-Levels/dp/9354403921/ref=zg_bs_g_1318078031_d_sccl_4/000-0000000-0000000?psc=1,34,https://www.amazon.in/gp/bestsellers/books/64619755031,9354403514,9789354403514,http://books.google.com/books/content?id=XfMO0AEACAAJ&printsec=frontcover&img=1&zoom=1&source=gbs_api
9789389717259,1035,Word Search - Brain Games: Classic Word Puzzles For Everyone,Wonder House Books,Children's Books,"Games, Toys & Activities",Paperback,₹99.00,4.5,396.0,https://www.amazon.in/Word-Search-Classic-Puzzles-Everyone/dp/9389717256/ref=zg_bs_g_1318078031_d_sccl_6/000-0000000-0000000?psc=1,34,https://www.amazon.in/gp/bestsellers/books/64619755031,9389717256,9789389717259,http://books.google.com/books/content?id=NcAQ0AEACAAJ&printsec=frontcover&img=1&zoom=1&source=gbs_api
9780241379103,1043,Baby Touch: Colours [Board book] Ladybird,Ladybird,Children's Books,"Games, Toys & Activities",Board book,₹227.00,4.5,1201.0,https://www.amazon.in/Baby-Touch-Colours/dp/0241379105/ref=zg_bs_g_1318078031_d_sccl_14/000-0000000-0000000?psc=1,34,https://www.amazon.in/gp/bestsellers/books/64619755031,0241379105,9780241379103,http://books.google.com/books/content?id=i8c5vgEACAAJ&printsec=frontcover&img=1&zoom=1&source=gbs_api
9789390183555,1045,I Believe In Unicorn Copy Coloring Book: Fun Activity Books For Children,Wonder House Books,Children's Books,"Games, Toys & Activities",Paperback,₹85.00,4.2,223.0,https://www.amazon.in/Believe-Unicorn-Copy-Coloring-Book/dp/9390183553/ref=zg_bs_g_1318078031_d_sccl_16/000-0000000-0000000?psc=1,34,https://www.amazon.in/gp/bestsellers/books/64619755031,9390183553,9789390183555,http://books.google.com/books/content?id=9MoQ0AEACAAJ&printsec=frontcover&img=1&zoom=1&source=gbs_api
9789354402784,1047,Preschool Activity Book: Brain Booster - Logical Reasoning Activity Book For Kids (Preschool Activity Books),Wonder House Books,Children's Books,"Games, Toys & Activities",Paperback,₹78.00,4.0,112.0,https://www.amazon.in/Preschool-Activity-Book-Booster-Reasoning/dp/935440278X/ref=zg_bs_g_1318078031_d_sccl_18/000-0000000-0000000?psc=1,34,https://www.amazon.in/gp/bestsellers/books/64619755031,935440278X,9789354402784,http://books.google.com/books/content?id=QkAQ0AEACAAJ&printsec=frontcover&img=1&zoom=1&source=gbs_api
9780143333388,1056,"The Room on the Roof: An award-winning novel by Ruskin Bond, first book in the famous Rusty series, a must-read illustrated classic [Paperback] Ruskin Bond",Ruskin Bond,Children's Books,Geography & Cultures,Paperback,₹162.00,4.6,3267.0,https://www.amazon.in/Room-Roof-Ruskin-Bond/dp/0143333380/ref=zg_bs_g_67803459031_d_sccl_7/000-0000000-0000000?psc=1,34,https://www.amazon.in/gp/bestsellers/books/64619755031,0143333380,9780143333388,http://books.google.com/books/content?id=osrtrQEACAAJ&printsec=frontcover&img=1&zoom=1&source=gbs_api
9780241801574,1069,"Our World in Pictures: Countries, Cultures, People & Places: A Visual Encyclopedia of the World [Hardcover] DK",DK,Children's Books,Geography & Cultures,Hardcover,₹554.00,4.7,1431.0,https://www.amazon.in/Countries-Cultures-People-Places-Encyclopedia/dp/0241343372/ref=zg_bs_g_67803459031_d_sccl_20/000-0000000-0000000?psc=1,34,https://www.amazon.in/gp/bestsellers/books/64619755031,0241801575,9780241801574,http://books.google.com/books/content?id=hhaj0QEACAAJ&printsec=frontcover&img=1&zoom=1&source=gbs_api
9781471196867,1070,DORK DIARIES : I LOVE PARIS!,RACHEL RENEE RUSSELL,Children's Books,Geography & Cultures,Paperback,₹227.00,4.7,254.0,https://www.amazon.in/Dork-Diaries-I-Love-Paris/dp/1471196860/ref=zg_bs_g_67803459031_d_sccl_21/000-0000000-0000000?psc=1,34,https://www.amazon.in/gp/bestsellers/books/64619755031,1471196860,9781471196867,http://books.google.com/books/content?id=LjyJzQEACAAJ&printsec=frontcover&img=1&zoom=1&source=gbs_api
9789388810630,1072,Wipe and Clean - Writing Fun Numbers 1 - 10,Wonder House Books,Children's Books,Geography & Cultures,Paperback,₹129.00,4.1,1051.0,https://www.amazon.in/Reusable-Wipe-Clean-Book-Tracing/dp/9388810643/ref=zg_bs_g_67803459031_d_sccl_23/000-0000000-0000000?psc=1,34,https://www.amazon.in/gp/bestsellers/books/64619755031,9388810635,9789388810630,http://books.google.com/books/content?id=Z6sF0QEACAAJ&printsec=frontcover&img=1&zoom=1&source=gbs_api
9781509806102,1074,Baby's Very First Cloth Book: Farm (The Seven Sisters),Jo Lodge,Children's Books,Geography & Cultures,Rag Book,₹327.00,4.5,928.0,https://www.amazon.in/Babys-Very-First-Cloth-Book/dp/1529023343/ref=zg_bs_g_67803459031_d_sccl_25/000-0000000-0000000?psc=1,34,https://www.amazon.in/gp/bestsellers/books/64619755031,1509806105,9781509806102,http://books.google.com/books/content?id=3ypQrgEACAAJ&printsec=frontcover&img=1&zoom=1&source=gbs_api
9789393267030,1076,Dar / डर (उद्धार मौन के) By Acharya Prashant,Acharya Prashant,Children's Books,Geography & Cultures,Paperback,₹171.00,4.7,395.0,https://www.amazon.in/Dar-%E0%A4%89%E0%A4%A6%E0%A5%8D%E0%A4%A7%E0%A4%BE%E0%A4%B0-%E0%A4%AE%E0%A5%8C%E0%A4%A8-Acharya-Prashant/dp/9392657404/ref=zg_bs_g_67803459031_d_sccl_27/000-0000000-0000000?psc=1,34,https://www.amazon.in/gp/bestsellers/books/64619755031,9393267030,9789393267030,http://books.google.com/books/content?id=8nIqzwEACAAJ&printsec=frontcover&img=1&zoom=1&source=gbs_api
9780143331513,1081,"We, the Children of India (R/J)",Leila Seth,Children's Books,Geography & Cultures,Print on Demand (Hardcover),₹146.00,4.5,268.0,https://www.amazon.in/We-Children-India-Leila-Seth/dp/0143331515/ref=zg_bs_g_67803459031_d_sccl_2/000-0000000-0000000?psc=1,34,https://www.amazon.in/gp/bestsellers/books/64619755031,0143331515,9780143331513,http://books.google.com/books/content?id=X3Mug84TESoC&printsec=frontcover&img=1&zoom=1&edge=curl&source=gbs_api
9780143459118,1087,"Feathers, Fools and Farts: Manipuri Folktales Retold",L. Somi Roy,Children's Books,Geography & Cultures,Paperback,₹227.00,4.6,3.0,https://www.amazon.in/Feathers-Fools-Farts-Manipuri-Folktales/dp/0143459112/ref=zg_bs_g_67803459031_d_sccl_8/000-0000000-0000000?psc=1,34,https://www.amazon.in/gp/bestsellers/books/64619755031,0143459112,9780143459118,http://books.google.com/books/content?id=2Bts0AEACAAJ&printsec=frontcover&img=1&zoom=1&source=gbs_api
9780143455370,1091,Discover India: Mountains and Rivers of: Mountains and Rivers of India,Sonia Mehta,Children's Books,Geography & Cultures,Paperback,₹167.00,4.1,65.0,https://www.amazon.in/Discover-India-Mountains-Rivers/dp/0143455370/ref=zg_bs_g_67803459031_d_sccl_12/000-0000000-0000000?psc=1,34,https://www.amazon.in/gp/bestsellers/books/64619755031,0143455370,9780143455370,http://books.google.com/books/content?id=9trtzgEACAAJ&printsec=frontcover&img=1&zoom=1&source=gbs_api
9781780556178,1096,QUIZ GAMES FOR BRIGHT SPARKS,Gareth Jess Moore Bradley,Children's Books,Geography & Cultures,Paperback,₹162.00,4.3,570.0,https://www.amazon.in/GAMES-BRIGHT-SPARKS-Gareth-Bradley/dp/1780556179/ref=zg_bs_g_67803459031_d_sccl_17/000-0000000-0000000?psc=1,34,https://www.amazon.in/gp/bestsellers/books/64619755031,1780556179,9781780556178,http://books.google.com/books/content?id=JcSJvQEACAAJ&printsec=frontcover&img=1&zoom=1&source=gbs_api
9798894410067,2510,Drawing Dimension - Shading Techniques: A Shading Guide for Teachers and Students (How to Draw Cool Stuff),Catherine V Holmes,"Crafts, Home & Lifestyle","Handicrafts, Decorative Arts & Crafts",Kindle Edition,₹384.00,4.5,1684.0,https://www.amazon.in/Drawing-Dimension-Techniques-Teachers-Students-ebook/dp/B0758JMNKN/ref=zg_bs_g_1318123031_d_sccl_11/000-0000000-0000000?psc=1,9,https://www.amazon.in/gp/bestsellers/books/1318118031,,9798894410067,http://books.google.com/books/content?id=QdO70AEACAAJ&printsec=frontcover&img=1&zoom=1&source=gbs_api
9781471729034,2512,30 Days Challenge of Lettering and Modern Calligraphy : Learn hand lettering and brush lettering in 30 days - Caligraphy books for beginners,Penciol Press,"Crafts, Home & Lifestyle","Handicrafts, Decorative Arts & Crafts",Paperback,₹280.00,4.0,153.0,https://www.amazon.in/Days-Challenge-Lettering-Modern-Calligraphy/dp/B09M79GHRF/ref=zg_bs_g_1318123031_d_sccl_13/000-0000000-0000000?psc=1,9,https://www.amazon.in/gp/bestsellers/books/1318118031,1471729036,9781471729034,http://books.google.com/books/content?id=g6MczwEACAAJ&printsec=frontcover&img=1&zoom=1&source=gbs_api
9780752265629,2515,The Mindfulness Colouring Book: Anti-stress Art Therapy for Busy People,Emma Farrarons,"Crafts, Home & Lifestyle","Handicrafts, Decorative Arts & Crafts",Paperback,₹396.00,4.4,2173.0,https://www.amazon.in/Mindfulness-Colouring-Book-Anti-stress-therapy/dp/0752265628/ref=zg_bs_g_1318123031_d_sccl_16/000-0000000-0000000?psc=1,9,https://www.amazon.in/gp/bestsellers/books/1318118031,0752265628,9780752265629,http://books.google.com/books/content?id=0g7AoQEACAAJ&printsec=frontcover&img=1&zoom=1&source=gbs_api
9781786898562,2517,Bird by Bird,Anne Lamott,"Crafts, Home & Lifestyle","Handicrafts, Decorative Arts & Crafts",Paperback,₹406.25,4.5,7550.0,https://www.amazon.in/Bird-Some-Instructions-Writing-Life/dp/0385480016/ref=zg_bs_g_1318123031_d_sccl_18/000-0000000-0000000?psc=1,9,https://www.amazon.in/gp/bestsellers/books/1318118031,178689856X,9781786898562,http://books.google.com/books/content?id=W3egDwAAQBAJ&printsec=frontcover&img=1&zoom=1&source=gbs_api
9798886500479,2520,30-Minute Portrait Drawing for Beginners: Easy Step-by-Step Lessons and Techniques for Drawing Faces (30-Minute Drawing for Beginners),Rockridge Press,"Crafts, Home & Lifestyle","Handicrafts, Decorative Arts & Crafts",Kindle Edition,₹199.00,4.5,128.0,https://www.amazon.in/30-Minute-Portrait-Drawing-Beginners-Step-ebook/dp/B0BSM9FHWL/ref=zg_bs_g_1318123031_d_sccl_21/000-0000000-0000000?psc=1,9,https://www.amazon.in/gp/bestsellers/books/1318118031,,9798886500479,http://books.google.com/books/content?id=xJ6FzwEACAAJ&printsec=frontcover&img=1&zoom=1&source=gbs_api
9781949651638,2522,Cursive Handwriting Workbook for Adults: Comprehensive Learning and Practice Workbook with Inspiring and Motivating Quotes,Dylanna Press,"Crafts, Home & Lifestyle","Handicrafts, Decorative Arts & Crafts",Paperback,₹617.00,4.4,185.0,https://www.amazon.in/Cursive-Handwriting-Workbook-Adults-Comprehensive/dp/1949651630/ref=zg_bs_g_1318123031_d_sccl_23/000-0000000-0000000?psc=1,9,https://www.amazon.in/gp/bestsellers/books/1318118031,1949651630,9781949651638,http://books.google.com/books/content?id=awE1yQEACAAJ&printsec=frontcover&img=1&zoom=1&source=gbs_api
9781476744872,2525,Elements Of Style,Erin Gates,"Crafts, Home & Lifestyle","Handicrafts, Decorative Arts & Crafts",Hardcover,"₹1,385.00",4.8,9597.0,https://www.amazon.in/Elements-Style-Designing-Home-Life/dp/1476744874/ref=zg_bs_g_1318123031_d_sccl_26/000-0000000-0000000?psc=1,9,https://www.amazon.in/gp/bestsellers/books/1318118031,1476744874,9781476744872,http://books.google.com/books/content?id=JFipBAAAQBAJ&printsec=frontcover&img=1&zoom=1&edge=curl&source=gbs_api
9781805222088,2527,Murdle: Solve 100 Devilishly Devious Murder Mystery Logic Puzzles (Murdle Puzzle Series),G.T Karber,"Crafts, Home & Lifestyle","Handicrafts, Decorative Arts & Crafts",Paperback,₹627.00,4.6,1477.0,https://www.amazon.in/Murdle-Devilishly-Devious-Mystery-Puzzles/dp/1800818025/ref=zg_bs_g_1318123031_d_sccl_28/000-0000000-0000000?psc=1,9,https://www.amazon.in/gp/bestsellers/books/1318118031,1805222082,9781805222088,http://books.google.com/books/content?id=6--M0AEACAAJ&printsec=frontcover&img=1&zoom=1&source=gbs_api
9781802804966,2528,The Personal Shopper: A laugh-out-loud romantic comedy from bestseller Carmen Reid (The Annie Valentine Series Book 1),Carmen Reid,"Crafts, Home & Lifestyle","Handicrafts, Decorative Arts & Crafts",Kindle Edition,₹37.54,4.3,2422.0,https://www.amazon.in/Personal-Shopper-Carmen-Reid-ebook/dp/B098NCJ232/ref=zg_bs_g_1318123031_d_sccl_29/000-0000000-0000000?psc=1,9,https://www.amazon.in/gp/bestsellers/books/1318118031,180280496X,9781802804966,http://books.google.com/books/content?id=Mq1QEAAAQBAJ&printsec=frontcover&img=1&zoom=1&source=gbs_api
9780486272986,2529,Easy Origami (Dover Origami Papercraft),John Montroll,"Crafts, Home & Lifestyle","Handicrafts, Decorative Arts & Crafts",Paperback,₹238.00,4.5,7618.0,https://www.amazon.in/Easy-Origami-Dover-Papercraft/dp/0486272982/ref=zg_bs_g_1318123031_d_sccl_30/000-0000000-0000000?psc=1,9,https://www.amazon.in/gp/bestsellers/books/1318118031,0486272982,9780486272986,http://books.google.com/books/content?id=pZQ6DwAAQBAJ&printsec=frontcover&img=1&zoom=1&edge=curl&source=gbs_api
9781956769005,2531,How to Draw Cool Stuff: The 5 Minute Workbook,Catherine Holmes,"Crafts, Home & Lifestyle","Handicrafts, Decorative Arts & Crafts",Kindle Edition,₹373.00,4.5,1927.0,https://www.amazon.in/How-Draw-Cool-Stuff-Workbook-ebook/dp/B08DL24TFM/ref=zg_bs_g_1318123031_d_sccl_2/000-0000000-0000000?psc=1,9,https://www.amazon.in/gp/bestsellers/books/1318118031,1956769005,9781956769005,http://books.google.com/books/content?id=svT3zgEACAAJ&printsec=frontcover&img=1&zoom=1&source=gbs_api
9780399579745,2532,Save the Cat! Writes a Novel: The Last Book On Novel Writing You'll Ever Need,Jessica Brody,"Crafts, Home & Lifestyle","Handicrafts, Decorative Arts & Crafts",Paperback,₹460.00,4.7,5144.0,https://www.amazon.in/Save-Cat-Writes-Novel-Writing/dp/0399579745/ref=zg_bs_g_1318123031_d_sccl_3/000-0000000-0000000?psc=1,9,https://www.amazon.in/gp/bestsellers/books/1318118031,0399579745,9780399579745,http://books.google.com/books/content?id=ivhtDwAAQBAJ&printsec=frontcover&img=1&zoom=1&source=gbs_api
9780593582268,2533,Q&A a Day,Potter Gift,"Crafts, Home & Lifestyle","Handicrafts, Decorative Arts & Crafts",Diary,₹547.00,4.6,9204.0,https://www.amazon.in/Day-5-Year-Journal-Potter-Style/dp/0307719774/ref=zg_bs_g_1318123031_d_sccl_4/000-0000000-0000000?psc=1,9,https://www.amazon.in/gp/bestsellers/books/1318118031,0593582268,9780593582268,http://books.google.com/books/content?id=ijTZEAAAQBAJ&printsec=frontcover&img=1&zoom=1&source=gbs_api
9781761561023,2535,"How to Raise a Healthy Gamer: Break Bad Screen Habits, End Power Struggles, and Transform Your Relationship with Your Kids",Dr Alok Kanojia,"Crafts, Home & Lifestyle","Handicrafts, Decorative Arts & Crafts",Paperback,₹653.00,0.0,0.0,https://www.amazon.in/How-Raise-Healthy-Gamer-Relationship/dp/1035025892/ref=zg_bs_g_1318123031_d_sccl_6/000-0000000-0000000?psc=1,9,https://www.amazon.in/gp/bestsellers/books/1318118031,1761561022,9781761561023,http://books.google.com/books/content?id=4xDhEAAAQBAJ&printsec=frontcover&img=1&zoom=1&source=gbs_api
9781612438634,2537,"Copperplate Calligraphy from A to Z: A Step-by-Step Workbook for Mastering Elegant, Pointed-Pen Lettering",Sarah Richardson,"Crafts, Home & Lifestyle","Handicrafts, Decorative Arts & Crafts",Paperback,₹647.93,4.5,885.0,https://www.amazon.in/Copperplate-Calligraphy-Step-Step-Pointed-Pen/dp/1612438636/ref=zg_bs_g_1318123031_d_sccl_8/000-0000000-0000000?psc=1,9,https://www.amazon.in/gp/bestsellers/books/1318118031,1612438636,9781612438634,http://books.google.com/books/content?id=k8gutwEACAAJ&printsec=frontcover&img=1&zoom=1&source=gbs_api
9780399579721,2538,Everyday Watercolor: Learn to Paint Watercolor in 30 Days,Jenna Rainey,"Crafts, Home & Lifestyle","Handicrafts, Decorative Arts & Crafts",Paperback,₹762.01,4.5,3815.0,https://www.amazon.in/Everyday-Watercolor-Jenna-Rainey/dp/0399579729/ref=zg_bs_g_1318123031_d_sccl_9/000-0000000-0000000?psc=1,9,https://www.amazon.in/gp/bestsellers/books/1318118031,0399579729,9780399579721,http://books.google.com/books/content?id=8nmNEAAAQBAJ&printsec=frontcover&img=1&zoom=1&source=gbs_api
9781585429196,2540,Drawing on the Right Side of the Brain :,Betty Edwards,"Crafts, Home & Lifestyle","Handicrafts, Decorative Arts & Crafts",Paperback,₹713.00,4.7,4256.0,https://www.amazon.in/Drawing-Right-Brain-Betty-Edwards/dp/1585429201/ref=zg_bs_g_1318123031_d_sccl_11/000-0000000-0000000?psc=1,9,https://www.amazon.in/gp/bestsellers/books/1318118031,1585429198,9781585429196,http://books.google.com/books/content?id=aUOIZwEACAAJ&printsec=frontcover&img=1&zoom=1&source=gbs_api
9789355208842,2541,COACHING BEYOND: My Days with the Indian Cricket Team,R. Sridhar,"Crafts, Home & Lifestyle","Handicrafts, Decorative Arts & Crafts",Paperback,₹257.00,4.3,210.0,https://www.amazon.in/COACHING-BEYOND-Days-Indian-Cricket/dp/9355208847/ref=zg_bs_g_1318123031_d_sccl_12/000-0000000-0000000?psc=1,9,https://www.amazon.in/gp/bestsellers/books/1318118031,9355208847,9789355208842,http://books.google.com/books/content?id=eriwzwEACAAJ&printsec=frontcover&img=1&zoom=1&source=gbs_api
9781944515683,2545,Beautifully Organized: A Guide to Function and Style in Your Home,Nikki Boyd,"Crafts, Home & Lifestyle","Handicrafts, Decorative Arts & Crafts",Hardcover,"₹1,067.69",4.7,6360.0,https://www.amazon.in/Beautifully-Organized-Guide-Function-Style/dp/1944515682/ref=zg_bs_g_1318123031_d_sccl_16/000-0000000-0000000?psc=1,9,https://www.amazon.in/gp/bestsellers/books/1318118031,1944515682,9781944515683,http://books.google.com/books/content?id=-K1KEAAAQBAJ&printsec=frontcover&img=1&zoom=1&source=gbs_api
9781989120989,2546,101 Iconic Classic Vintage Cars And Trucks Coloring Book - The Ultimate Automobile Collection For Adults and Teens: Standard Edition (The Ultimate Car Coloring Book Collection!),Driven Hard,"Crafts, Home & Lifestyle","Handicrafts, Decorative Arts & Crafts",Paperback,"₹1,049.00",4.0,1.0,https://www.amazon.in/Iconic-Classic-Vintage-Trucks-Coloring/dp/1989120989/ref=zg_bs_g_1318123031_d_sccl_17/000-0000000-0000000?psc=1,9,https://www.amazon.in/gp/bestsellers/books/1318118031,1989120989,9781989120989,http://books.google.com/books/content?id=ZyPxzwEACAAJ&printsec=frontcover&img=1&zoom=1&source=gbs_api
9789063695330,2547,Sketching Product Design Presentation,Koos Eissen,"Crafts, Home & Lifestyle","Handicrafts, Decorative Arts & Crafts",Hardcover,"₹2,626.00",4.5,61.0,https://www.amazon.in/Sketching-Product-Presentation-Koos-Eissen/dp/906369329X/ref=zg_bs_g_1318123031_d_sccl_18/000-0000000-0000000?psc=1,9,https://www.amazon.in/gp/bestsellers/books/1318118031,9063695330,9789063695330,http://books.google.com/books/content?id=G3UCwwEACAAJ&printsec=frontcover&img=1&zoom=1&source=gbs_api
9789063697174,2548,Sketching,Koos Eissen,"Crafts, Home & Lifestyle","Handicrafts, Decorative Arts & Crafts",Paperback,"₹2,099.00",4.6,343.0,https://www.amazon.in/Sketching-Drawing-Techniques-Product-Designers/dp/9063695330/ref=zg_bs_g_1318123031_d_sccl_19/000-0000000-0000000?psc=1,9,https://www.amazon.in/gp/bestsellers/books/1318118031,9063697171,9789063697174,http://books.google.com/books/content?id=h1AEYAAACAAJ&printsec=frontcover&img=1&zoom=1&source=gbs_api
9788179251287,2549,Opaque Colour,Milind Mulick,"Crafts, Home & Lifestyle","Handicrafts, Decorative Arts & Crafts",Paperback,₹180.00,4.2,21.0,https://www.amazon.in/Opaque-Colour-Milind-Mulick/dp/8179252949/ref=zg_bs_g_1318123031_d_sccl_20/000-0000000-0000000?psc=1,9,https://www.amazon.in/gp/bestsellers/books/1318118031,8179251284,9788179251287,http://books.google.com/books/content?id=BRKHAAAACAAJ&printsec=frontcover&img=1&zoom=1&source=gbs_api
9780141986395,2551,"Goodbye, Things: On Minimalist Living",Fumio Sasaki,"Crafts, Home & Lifestyle",Home & House Maintenance,Paperback,₹361.00,4.5,5090.0,https://www.amazon.in/Goodbye-Things-Fumio-Sasaki/dp/0141986387/ref=zg_bs_g_1318124031_d_sccl_2/000-0000000-0000000?psc=1,9,https://www.amazon.in/gp/bestsellers/books/1318118031,0141986395,9780141986395,http://books.google.com/books/content?id=_psIDgAAQBAJ&printsec=frontcover&img=1&zoom=1&source=gbs_api
9789390260041,2553,VASTU (PB),Robert E. Svoboda,"Crafts, Home & Lifestyle",Home & House Maintenance,Paperback,₹269.00,4.4,212.0,https://www.amazon.in/VASTU-PB-Robert-Svoboda/dp/9390260043/ref=zg_bs_g_1318124031_d_sccl_4/000-0000000-0000000?psc=1,9,https://www.amazon.in/gp/bestsellers/books/1318118031,9390260043,9789390260041,http://books.google.com/books/content?id=v8AvzgEACAAJ&printsec=frontcover&img=1&zoom=1&source=gbs_api
9789354925931,2555,Garden Up: Your One Stop Guide To Growin: Your One Stop Guide to Growing Plants at Home,Ekta Chaudhary,"Crafts, Home & Lifestyle",Home & House Maintenance,Paperback,₹204.00,4.5,158.0,https://www.amazon.in/Garden-Up-Guide-Growing-Plants/dp/0143452444/ref=zg_bs_g_1318124031_d_sccl_6/000-0000000-0000000?psc=1,9,https://www.amazon.in/gp/bestsellers/books/1318118031,9354925936,9789354925931,http://books.google.com/books/content?id=lSZ_EAAAQBAJ&printsec=frontcover&img=1&zoom=1&edge=curl&source=gbs_api
9780465072996,2556,THE DESIGN OF EVERYDAY THINGS,Don Norman,"Crafts, Home & Lifestyle",Home & House Maintenance,Paperback,₹627.00,4.4,7255.0,https://www.amazon.in/Design-Everyday-Things-Don-Norman/dp/0465050654/ref=zg_bs_g_1318124031_d_sccl_7/000-0000000-0000000?psc=1,9,https://www.amazon.in/gp/bestsellers/books/1318118031,0465072992,9780465072996,http://books.google.com/books/content?id=nVQPAAAAQBAJ&printsec=frontcover&img=1&zoom=1&source=gbs_api
9781668045572,2557,"The PARA Method: Simplify, Organise and Master Your Digital Life: The Simple System for Organising Your Digital Life in Seconds",Tiago Forte,"Crafts, Home & Lifestyle",Home & House Maintenance,Paperback,₹279.00,4.5,1089.0,https://www.amazon.in/PARA-Method-Simplify-Organise-Organising/dp/1800819544/ref=zg_bs_g_1318124031_d_sccl_8/000-0000000-0000000?psc=1,9,https://www.amazon.in/gp/bestsellers/books/1318118031,1668045575,9781668045572,http://books.google.com/books/content?id=Him6EAAAQBAJ&printsec=frontcover&img=1&zoom=1&edge=curl&source=gbs_api
9789356295384,2559,"Change Your Habits, Change Your Life: Your Guide to an Awesome Life",Ashdin Doctor,"Crafts, Home & Lifestyle",Home & House Maintenance,Paperback,₹170.00,4.5,95.0,https://www.amazon.in/Change-Your-Habits-Life-Awesome/dp/9356295387/ref=zg_bs_g_1318124031_d_sccl_10/000-0000000-0000000?psc=1,9,https://www.amazon.in/gp/bestsellers/books/1318118031,9356295387,9789356295384,http://books.google.com/books/content?id=94mizwEACAAJ&printsec=frontcover&img=1&zoom=1&source=gbs_api
9781419764394,2562,The Chutney Life: 100 Easy-to-Make Indian-Inspired Recipes,Palak Patel,"Crafts, Home & Lifestyle",Home & House Maintenance,Hardcover,"₹2,634.00",4.7,92.0,https://www.amazon.in/Chutney-Life-Easy-make-Indian-inspired/dp/141976439X/ref=zg_bs_g_1318124031_d_sccl_13/000-0000000-0000000?psc=1,9,https://www.amazon.in/gp/bestsellers/books/1318118031,141976439X,9781419764394,http://books.google.com/books/content?id=Ov-hzwEACAAJ&printsec=frontcover&img=1&zoom=1&source=gbs_api
9781419766374,2563,My Hygge Home: How to Make Home Your Happy Place,Meik Wiking,"Crafts, Home & Lifestyle",Home & House Maintenance,Hardcover,₹664.00,4.6,363.0,https://www.amazon.in/My-Hygge-Home-Happy-Place/dp/0241517974/ref=zg_bs_g_1318124031_d_sccl_14/000-0000000-0000000?psc=1,9,https://www.amazon.in/gp/bestsellers/books/1318118031,1419766376,9781419766374,http://books.google.com/books/content?id=cPj4zgEACAAJ&printsec=frontcover&img=1&zoom=1&source=gbs_api
9781787830783,2564,ALL YOU NEED IS LESS - MINIMALIST LIVING FOR MAXIMUM HAPPINESS,Vicki Vrint,"Crafts, Home & Lifestyle",Home & House Maintenance,Hardcover,₹560.00,4.3,267.0,https://www.amazon.in/ALL-YOU-NEED-LESS-MINIMALIST/dp/1786857669/ref=zg_bs_g_1318124031_d_sccl_15/000-0000000-0000000?psc=1,9,https://www.amazon.in/gp/bestsellers/books/1318118031,1787830780,9781787830783,http://books.google.com/books/content?id=FrGuEAAAQBAJ&printsec=frontcover&img=1&zoom=1&source=gbs_api
9798878508711,2565,"The Complete HVAC for Beginners 2024: [4 in 1] The Updated DIY Guide to Heating, Ventilation, and Air Conditioning Systems | Residential & Commercial Solutions, Practical HVAC Tips & Tricks.",Matthew Gearhart,"Crafts, Home & Lifestyle",Home & House Maintenance,Kindle Edition,₹449.00,0.0,0.0,https://www.amazon.in/Complete-HVAC-Beginners-2024-Conditioning-ebook/dp/B0CV19KFTX/ref=zg_bs_g_1318124031_d_sccl_16/000-0000000-0000000?psc=1,9,https://www.amazon.in/gp/bestsellers/books/1318118031,,9798878508711,http://books.google.com/books/content?id=8qqQ0AEACAAJ&printsec=frontcover&img=1&zoom=1&source=gbs_api
9789382573036,2566,Vastu for Home and Office,Sudhir Sharma,"Crafts, Home & Lifestyle",Home & House Maintenance,Paperback,₹712.00,3.0,7.0,https://www.amazon.in/Vastu-Home-Office-Sudhir-Sharma/dp/9381411174/ref=zg_bs_g_1318124031_d_sccl_17/000-0000000-0000000?psc=1,9,https://www.amazon.in/gp/bestsellers/books/1318118031,9382573038,9789382573036,http://books.google.com/books/content?id=IPupCQAAQBAJ&printsec=frontcover&img=1&zoom=1&edge=curl&source=gbs_api
9788120792128,2567,Remedial Vaastu For Homes (English),N. H. Sahasrabudhe; Janhavi N. Sahasrabuddhe; O. P. Ghai,"Crafts, Home & Lifestyle",Home & House Maintenance,Paperback,₹250.00,0.0,0.0,https://www.amazon.in/Remedial-English-Sahasrabudhe-Janhavi-Sahasrabuddhe/dp/B07T895ZS8/ref=zg_bs_g_1318124031_d_sccl_18/000-0000000-0000000?psc=1,9,https://www.amazon.in/gp/bestsellers/books/1318118031,8120792122,9788120792128,http://books.google.com/books/content?id=-1VQCgAAQBAJ&printsec=frontcover&img=1&zoom=1&edge=curl&source=gbs_api
9781981390816,2569,"Shipping Container Homes: The Beginners Guide (Shipping Container House, Tiny House Living, Off Grid Living, Sustainable Living, Freight Container Home, DIY)",Robert McKinley,"Crafts, Home & Lifestyle",Home & House Maintenance,Kindle Edition,₹234.82,3.3,4.0,https://www.amazon.in/Shipping-Container-Homes-Beginners-Sustainable-ebook/dp/B0187BPWYW/ref=zg_bs_g_1318124031_d_sccl_20/000-0000000-0000000?psc=1,9,https://www.amazon.in/gp/bestsellers/books/1318118031,1981390812,9781981390816,http://books.google.com/books/content?id=amrVtAEACAAJ&printsec=frontcover&img=1&zoom=1&source=gbs_api
9781550924794,2570,"How to Build Solar Hydrogen Generator (How to Kill your Debt with Free Renewable Energy, Fuels & Self-Sustainability Book 9)",Dan Martin,"Crafts, Home & Lifestyle",Home & House Maintenance,Kindle Edition,₹258.42,3.1,23.0,https://www.amazon.in/Hydrogen-Generator-Renewable-Energy-Self-Sustainability-ebook/dp/B00522SEUY/ref=zg_bs_g_1318124031_d_sccl_21/000-0000000-0000000?psc=1,9,https://www.amazon.in/gp/bestsellers/books/1318118031,1550924796,9781550924794,http://books.google.com/books/content?id=BdAOEAAAQBAJ&printsec=frontcover&img=1&zoom=1&source=gbs_api
9781426215889,2571,"National Geographic Complete Guide to Herbs and Spices: Remedies, Seasonings, and Ingredients to Improve Your Health and Enhance Your Life",Nancy J. Hajeski,"Crafts, Home & Lifestyle",Home & House Maintenance,Paperback,₹849.00,4.8,74.0,https://www.amazon.in/National-Geographic-Complete-Guide-Spices/dp/1426215886/ref=zg_bs_g_1318124031_d_sccl_22/000-0000000-0000000?psc=1,9,https://www.amazon.in/gp/bestsellers/books/1318118031,1426215886,9781426215889,http://books.google.com/books/content?id=DmscDQAAQBAJ&printsec=frontcover&img=1&zoom=1&source=gbs_api
9788196011802,2572,Dakshin: Vegetarian Cuisine from South India,Chandra Padmanabhan,"Crafts, Home & Lifestyle",Home & House Maintenance,Paperback,₹419.00,4.6,168.0,https://www.amazon.in/Dakshin-Vegetarian-Cuisine-South-India/dp/8196011806/ref=zg_bs_g_1318124031_d_sccl_23/000-0000000-0000000?psc=1,9,https://www.amazon.in/gp/bestsellers/books/1318118031,8196011806,9788196011802,http://books.google.com/books/content?id=ZW4jEQAAQBAJ&printsec=frontcover&img=1&zoom=1&edge=curl&source=gbs_api
9781508672197,2574,How to Organize Your Life to Maximize Your Day: Effective Time Management Tips and Ideas to Simplify Your Life,Judith Turnbridge,"Crafts, Home & Lifestyle",Home & House Maintenance,Kindle Edition,₹225.00,3.8,215.0,https://www.amazon.in/How-Organize-Your-Life-Maximize-ebook/dp/B00FIFTWUG/ref=zg_bs_g_1318124031_d_sccl_25/000-0000000-0000000?psc=1,9,https://www.amazon.in/gp/bestsellers/books/1318118031,1508672199,9781508672197,http://books.google.com/books/content?id=1hAMrgEACAAJ&printsec=frontcover&img=1&zoom=1&source=gbs_api
9780525505105,2576,A Monk's Guide to a Clean House and Mind,Shoukei Matsumoto,"Crafts, Home & Lifestyle",Home & House Maintenance,Paperback,₹259.00,4.3,1562.0,https://www.amazon.in/Monks-Guide-Clean-House-Mind/dp/184614969X/ref=zg_bs_g_1318124031_d_sccl_27/000-0000000-0000000?psc=1,9,https://www.amazon.in/gp/bestsellers/books/1318118031,0525505105,9780525505105,http://books.google.com/books/content?id=F7xVDwAAQBAJ&printsec=frontcover&img=1&zoom=1&source=gbs_api
9780062748805,2577,Lagom,Niki Brantmark,"Crafts, Home & Lifestyle",Home & House Maintenance,Hardcover,₹361.00,4.5,1032.0,https://www.amazon.in/Lagom-Swedish-Living-Balanced-Happy/dp/0008260109/ref=zg_bs_g_1318124031_d_sccl_28/000-0000000-0000000?psc=1,9,https://www.amazon.in/gp/bestsellers/books/1318118031,0062748807,9780062748805,http://books.google.com/books/content?id=mNwwDwAAQBAJ&printsec=frontcover&img=1&zoom=1&source=gbs_api
9781524744311,2582,The Conscious Closet,Elizabeth L. Cline,"Crafts, Home & Lifestyle",Home & House Maintenance,Paperback,₹648.93,4.5,287.0,https://www.amazon.in/Conscious-Closet-Revolutionary-Guide-Looking/dp/1524744301/ref=zg_bs_g_1318124031_d_sccl_3/000-0000000-0000000?psc=1,9,https://www.amazon.in/gp/bestsellers/books/1318118031,152474431X,9781524744311,http://books.google.com/books/content?id=lZuCDwAAQBAJ&printsec=frontcover&img=1&zoom=1&source=gbs_api
9798848621181,2583,Sustainable Style Eco Conscious Interior Design (Sustainable Interior Design Series Book 1),Sandra Knecht,"Crafts, Home & Lifestyle",Home & House Maintenance,Kindle Edition,₹246.00,5.0,3.0,https://www.amazon.in/Sustainable-Style-Conscious-Interior-Design-ebook/dp/B0BC4159S9/ref=zg_bs_g_1318124031_d_sccl_4/000-0000000-0000000?psc=1,9,https://www.amazon.in/gp/bestsellers/books/1318118031,,9798848621181,http://books.google.com/books/content?id=XCxwzwEACAAJ&printsec=frontcover&img=1&zoom=1&source=gbs_api
9780143444626,2585,Prashad Cooking with Indian Masters,Gupta Singh,"Crafts, Home & Lifestyle",Home & House Maintenance,Hardcover,₹445.00,4.4,243.0,https://www.amazon.in/Prashad-Cooking-Indian-Masters-Kalra/dp/8170230063/ref=zg_bs_g_1318124031_d_sccl_6/000-0000000-0000000?psc=1,9,https://www.amazon.in/gp/bestsellers/books/1318118031,014344462X,9780143444626,http://books.google.com/books/content?id=XAYmwQEACAAJ&printsec=frontcover&img=1&zoom=1&source=gbs_api
9798329423839,2587,Mastering inductance:: From fundamentals to practical circuit design (Electronics - easy and simple. Book 26),Klemens Nguyen,"Crafts, Home & Lifestyle",Home & House Maintenance,Kindle Edition,₹84.00,0.0,0.0,https://www.amazon.in/Mastering-inductance-fundamentals-practical-Electronics-ebook/dp/B0CLYLHGPS/ref=zg_bs_g_1318124031_d_sccl_8/000-0000000-0000000?psc=1,9,https://www.amazon.in/gp/bestsellers/books/1318118031,,9798329423839,http://books.google.com/books/content?id=Ao7O0AEACAAJ&printsec=frontcover&img=1&zoom=1&source=gbs_api
9781780286136,2588,Your Soul Contract Decoded: Discovering the Spiritual Map Of Your Life With Numerology,Nicolas David Ngan,"Crafts, Home & Lifestyle",Home & House Maintenance,Kindle Edition,₹529.15,4.5,514.0,https://www.amazon.in/Your-Soul-Contract-Decoded-Discovering-ebook/dp/B00FIMWHN8/ref=zg_bs_g_1318124031_d_sccl_9/000-0000000-0000000?psc=1,9,https://www.amazon.in/gp/bestsellers/books/1318118031,1780286139,9781780286136,http://books.google.com/books/content?id=_5SYewCy-20C&printsec=frontcover&img=1&zoom=1&edge=curl&source=gbs_api
9781668002841,2589,How to Keep House While Drowning,KC Davis,"Crafts, Home & Lifestyle",Home & House Maintenance,Hardcover,₹487.69,4.7,6234.0,https://www.amazon.in/How-Keep-House-While-Drowning/dp/1529900034/ref=zg_bs_g_1318124031_d_sccl_10/000-0000000-0000000?psc=1,9,https://www.amazon.in/gp/bestsellers/books/1318118031,1668002841,9781668002841,http://books.google.com/books/content?id=pb1mEAAAQBAJ&printsec=frontcover&img=1&zoom=1&edge=curl&source=gbs_api
9780062820341,2590,The Little Book of Lykke: The Danish Search for the World's Happiest People,Meik Wiking,"Crafts, Home & Lifestyle",Home & House Maintenance,Hardcover,₹462.00,4.6,2017.0,https://www.amazon.in/Little-Book-Lykke-Meik-Wiking/dp/0241302013/ref=zg_bs_g_1318124031_d_sccl_11/000-0000000-0000000?psc=1,9,https://www.amazon.in/gp/bestsellers/books/1318118031,0062820346,9780062820341,http://books.google.com/books/content?id=jn4mDwAAQBAJ&printsec=frontcover&img=1&zoom=1&source=gbs_api
9789356994744,2591,The No-Waste Kitchen Cookbook: 75 Recipes to Begin Your Zero-Waste Journey,Arina Suchde,"Crafts, Home & Lifestyle",Home & House Maintenance,Paperback,₹194.00,4.4,4.0,https://www.amazon.in/No-Waste-Kitchen-Cookbook-Recipes-Zero-Waste/dp/9356994749/ref=zg_bs_g_1318124031_d_sccl_12/000-0000000-0000000?psc=1,9,https://www.amazon.in/gp/bestsellers/books/1318118031,9356994749,9789356994744,http://books.google.com/books/content?id=9ow70AEACAAJ&printsec=frontcover&img=1&zoom=1&source=gbs_api
9781898130017,2592,Green Building Bible: Fundamentals (Book 1),Keith Hall,"Crafts, Home & Lifestyle",Home & House Maintenance,Kindle Edition,₹283.00,4.4,13.0,https://www.amazon.in/Green-Building-Bible-Fundamentals-Book-ebook/dp/B077Q3F7QK/ref=zg_bs_g_1318124031_d_sccl_13/000-0000000-0000000?psc=1,9,https://www.amazon.in/gp/bestsellers/books/1318118031,1898130019,9781898130017,http://books.google.com/books/content?id=BsCFAAAACAAJ&printsec=frontcover&img=1&zoom=1&source=gbs_api
9781648287510,2593,Wondrous East Facing 2BHK House Plans As Per Vastu Shastra,A S SETHUPATHI,"Crafts, Home & Lifestyle",Home & House Maintenance,Paperback,₹55.87,3.0,6.0,https://www.amazon.in/Wondrous-Facing-House-Plans-Shastra/dp/1647834589/ref=zg_bs_g_1318124031_d_sccl_14/000-0000000-0000000?psc=1,9,https://www.amazon.in/gp/bestsellers/books/1318118031,1648287514,9781648287510,http://books.google.com/books/content?id=iB_TDwAAQBAJ&printsec=frontcover&img=1&zoom=1&edge=curl&source=gbs_api
9781784745011,2595,The Not the End of the World: How We Can Be the First Generation to Build a Sustainable Planet (THE SUNDAY TIMES BESTSELLER),Hannah Ritchie,"Crafts, Home & Lifestyle",Home & House Maintenance,Hardcover,"₹1,940.00",4.6,186.0,https://www.amazon.in/Not-End-World-Generation-Sustainable/dp/1784745006/ref=zg_bs_g_1318124031_d_sccl_16/000-0000000-0000000?psc=1,9,https://www.amazon.in/gp/bestsellers/books/1318118031,1784745014,9781784745011,http://books.google.com/books/content?id=C4zWzwEACAAJ&printsec=frontcover&img=1&zoom=1&source=gbs_api
9781530728855,2597,Step by Step Soap Making: Material - Techniques - Recipes (DIY Beauty Products),Josephine Simon,"Crafts, Home & Lifestyle",Home & House Maintenance,Kindle Edition,₹291.00,4.3,276.0,https://www.amazon.in/Step-Soap-Making-Material-Techniques-ebook/dp/B01AB9RD2M/ref=zg_bs_g_1318124031_d_sccl_18/000-0000000-0000000?psc=1,9,https://www.amazon.in/gp/bestsellers/books/1318118031,1530728851,9781530728855,http://books.google.com/books/content?id=C-2UDAEACAAJ&printsec=frontcover&img=1&zoom=1&source=gbs_api
9781785040443,2598,"The Life-Changing Magic of Tidying: A simple, effective way to banish clutter forever",Marie Kondo,"Crafts, Home & Lifestyle",Home & House Maintenance,Kindle Edition,₹265.06,4.3,56570.0,https://www.amazon.in/Life-Changing-Magic-Tidying-effective-clutter-ebook/dp/B00I0C46BO/ref=zg_bs_g_1318124031_d_sccl_19/000-0000000-0000000?psc=1,9,https://www.amazon.in/gp/bestsellers/books/1318118031,1785040448,9781785040443,http://books.google.com/books/content?id=EcyiCgAAQBAJ&printsec=frontcover&img=1&zoom=1&source=gbs_api
9781526645951,2599,Feng Shui Modern,Cliff Tan,"Crafts, Home & Lifestyle",Home & House Maintenance,Hardcover,"₹1,207.50",4.7,496.0,https://www.amazon.in/Feng-Shui-Modern-Cliff-Tan/dp/1526639998/ref=zg_bs_g_1318124031_d_sccl_20/000-0000000-0000000?psc=1,9,https://www.amazon.in/gp/bestsellers/books/1318118031,1526645955,9781526645951,http://books.google.com/books/content?id=9O9YEAAAQBAJ&printsec=frontcover&img=1&zoom=1&source=gbs_api
9781847651402,2602,The Art of Seduction: An Indispensible Primer on the Ultimate Form of Power,Robert Greene,"Crafts, Home & Lifestyle",Lifestyle & Personal Style Guides,Audible Audiobook,₹135.00,4.5,9994.0,https://www.amazon.in/Art-Seduction-Indispensible-Primer-Ultimate/dp/B079TN3N8N/ref=zg_bs_g_1318125031_d_sccl_3/000-0000000-0000000?psc=1,9,https://www.amazon.in/gp/bestsellers/books/1318118031,1847651402,9781847651402,http://books.google.com/books/content?id=3pcQosflgoQC&printsec=frontcover&img=1&zoom=1&edge=curl&source=gbs_api
9789360876357,2603,"Everyday Ayurveda : Daily Habits That Can Change Your Life. A book on Mental & Spiritual Healing. A guide to maximize health, longevity, & happiness naturally (Non-fiction, Penguin Books)",Dr Bhaswati Bhattacharya,"Crafts, Home & Lifestyle",Lifestyle & Personal Style Guides,Paperback,₹200.00,4.3,1870.0,https://www.amazon.in/Everyday-Ayurveda-Daily-Habits-Change/dp/8184004575/ref=zg_bs_g_1318125031_d_sccl_4/000-0000000-0000000?psc=1,9,https://www.amazon.in/gp/bestsellers/books/1318118031,9360876356,9789360876357,http://books.google.com/books/content?id=x5JfEQAAQBAJ&printsec=frontcover&img=1&zoom=1&edge=curl&source=gbs_api
9780141908762,2604,"New Earth, A : Create a Better Life",Eckhart Tolle,"Crafts, Home & Lifestyle",Lifestyle & Personal Style Guides,Paperback,₹357.00,4.6,16538.0,https://www.amazon.in/New-Earth-LIFE-CHANGING-otherworldly-Breakfast/dp/0141039418/ref=zg_bs_g_1318125031_d_sccl_5/000-0000000-0000000?psc=1,9,https://www.amazon.in/gp/bestsellers/books/1318118031,0141908769,9780141908762,http://books.google.com/books/content?id=fQ6a2k9utagC&printsec=frontcover&img=1&zoom=1&source=gbs_api
9780241371862,2605,Zen: The Art of Simple Living,Shunmyo Masuno,"Crafts, Home & Lifestyle",Lifestyle & Personal Style Guides,Hardcover,₹464.34,4.6,3035.0,https://www.amazon.in/Zen-Simple-Living-Shunmyo-Masuno/dp/024137183X/ref=zg_bs_g_1318125031_d_sccl_6/000-0000000-0000000?psc=1,9,https://www.amazon.in/gp/bestsellers/books/1318118031,0241371864,9780241371862,http://books.google.com/books/content?id=eHxqDwAAQBAJ&printsec=frontcover&img=1&zoom=1&source=gbs_api
9780525506287,2607,THE BOOK OF ICHIGO ICHIE,Francesc Miralles,"Crafts, Home & Lifestyle",Lifestyle & Personal Style Guides,Hardcover,₹340.00,4.6,1865.0,https://www.amazon.in/BOOK-ICHIGO-ICHIE-Francesc-Miralles/dp/1529401291/ref=zg_bs_g_1318125031_d_sccl_8/000-0000000-0000000?psc=1,9,https://www.amazon.in/gp/bestsellers/books/1318118031,0525506284,9780525506287,http://books.google.com/books/content?id=-RaZDwAAQBAJ&printsec=frontcover&img=1&zoom=1&source=gbs_api
9789357087223,2608,Ayurveda Advantage,Vicram Sharma,"Crafts, Home & Lifestyle",Lifestyle & Personal Style Guides,Paperback,₹162.00,4.5,2.0,https://www.amazon.in/Ayurveda-Advantage-Vicram-Sharma/dp/0143455303/ref=zg_bs_g_1318125031_d_sccl_9/000-0000000-0000000?psc=1,9,https://www.amazon.in/gp/bestsellers/books/1318118031,9357087222,9789357087223,http://books.google.com/books/content?id=T4DyEAAAQBAJ&printsec=frontcover&img=1&zoom=1&edge=curl&source=gbs_api
9780241552063,2609,Don't Worry: From the million-copy bestselling author of Zen,Shunmyo Masuno,"Crafts, Home & Lifestyle",Lifestyle & Personal Style Guides,Hardcover,₹389.00,4.5,160.0,https://www.amazon.in/Dont-Worry-Lessons-Achieving-Calm/dp/024155182X/ref=zg_bs_g_1318125031_d_sccl_10/000-0000000-0000000?psc=1,9,https://www.amazon.in/gp/bestsellers/books/1318118031,0241552060,9780241552063,http://books.google.com/books/content?id=8YY3EAAAQBAJ&printsec=frontcover&img=1&zoom=1&source=gbs_api
9789354923500,2610,Beauty Unbottled: Timeless Ayurvedic Rituals & Recipes,Kavita Khosa,"Crafts, Home & Lifestyle",Lifestyle & Personal Style Guides,Paperback,₹259.00,4.4,143.0,https://www.amazon.in/Beauty-Unbottled-Timeless-Ayurvedic-Rituals/dp/0143455109/ref=zg_bs_g_1318125031_d_sccl_11/000-0000000-0000000?psc=1,9,https://www.amazon.in/gp/bestsellers/books/1318118031,935492350X,9789354923500,http://books.google.com/books/content?id=16V0EAAAQBAJ&printsec=frontcover&img=1&zoom=1&edge=curl&source=gbs_api
9789354927911,2613,"Ritual: Daily Practices For Wellness, Be: Daily Practices for Wellness, Beauty & Bliss",Vasudha Rai,"Crafts, Home & Lifestyle",Lifestyle & Personal Style Guides,Paperback,₹200.00,4.5,101.0,https://www.amazon.in/Ritual-Daily-Practices-Wellness-Beauty/dp/0143452932/ref=zg_bs_g_1318125031_d_sccl_14/000-0000000-0000000?psc=1,9,https://www.amazon.in/gp/bestsellers/books/1318118031,9354927912,9789354927911,http://books.google.com/books/content?id=1uKUEAAAQBAJ&printsec=frontcover&img=1&zoom=1&edge=curl&source=gbs_api
9789354923968,2614,Yuktahaar: The Belly And Brain Diet,Munmun Ganeriwal,"Crafts, Home & Lifestyle",Lifestyle & Personal Style Guides,Paperback,₹194.00,4.4,384.0,https://www.amazon.in/Yuktahaar-Belly-Brain-Munmun-Ganeriwal/dp/0143454382/ref=zg_bs_g_1318125031_d_sccl_15/000-0000000-0000000?psc=1,9,https://www.amazon.in/gp/bestsellers/books/1318118031,9354923968,9789354923968,http://books.google.com/books/content?id=T_5REAAAQBAJ&printsec=frontcover&img=1&zoom=1&source=gbs_api
9781529401325,2615,"The Book of Ichigo Ichie: The Art of Making the Most of Every Moment, the Japanese Way",Francesc Miralles,"Crafts, Home & Lifestyle",Lifestyle & Personal Style Guides,Audible Audiobook,₹873.00,4.6,1865.0,https://www.amazon.in/Book-Ichigo-Ichie-Making-Japanese/dp/B07XTJ55TT/ref=zg_bs_g_1318125031_d_sccl_16/000-0000000-0000000?psc=1,9,https://www.amazon.in/gp/bestsellers/books/1318118031,1529401321,9781529401325,http://books.google.com/books/content?id=lHmeDwAAQBAJ&printsec=frontcover&img=1&zoom=1&source=gbs_api
9780525506263,2616,The Power of Nunchi: The Korean Secret to Happiness and Success,Euny Hong,"Crafts, Home & Lifestyle",Lifestyle & Personal Style Guides,Audible Audiobook,₹615.00,4.4,461.0,https://www.amazon.in/Power-Nunchi-Korean-Happiness-Success/dp/B07TZHLXRP/ref=zg_bs_g_1318125031_d_sccl_17/000-0000000-0000000?psc=1,9,https://www.amazon.in/gp/bestsellers/books/1318118031,0525506268,9780525506263,http://books.google.com/books/content?id=X0mHDwAAQBAJ&printsec=frontcover&img=1&zoom=1&source=gbs_api
9789354895579,2617,Essentially Mira: The Extraordinary Journey Behind Forest Essentials,Mira Kulkarni,"Crafts, Home & Lifestyle",Lifestyle & Personal Style Guides,Hardcover,₹526.94,4.4,126.0,https://www.amazon.in/Essentially-Mira-Extraordinary-Journey-Essentials/dp/9354895271/ref=zg_bs_g_1318125031_d_sccl_18/000-0000000-0000000?psc=1,9,https://www.amazon.in/gp/bestsellers/books/1318118031,9354895573,9789354895579,http://books.google.com/books/content?id=LIBkEAAAQBAJ&printsec=frontcover&img=1&zoom=1&source=gbs_api
9780143452485,2618,How to Get Glass Skin: The Industry Secr,Anupriya Goel,"Crafts, Home & Lifestyle",Lifestyle & Personal Style Guides,Paperback,₹210.00,4.1,131.0,https://www.amazon.in/How-Get-Glass-Skin-industry/dp/0143452487/ref=zg_bs_g_1318125031_d_sccl_19/000-0000000-0000000?psc=1,9,https://www.amazon.in/gp/bestsellers/books/1318118031,0143452487,9780143452485,http://books.google.com/books/content?id=_NOBzgEACAAJ&printsec=frontcover&img=1&zoom=1&source=gbs_api
9789353052058,2620,"Glow: Indian Foods, Recipes and Rituals for Beauty, Inside and Out**",Vasudha Rai,"Crafts, Home & Lifestyle",Lifestyle & Personal Style Guides,Paperback,₹194.00,4.4,484.0,https://www.amazon.in/Glow-Indian-Recipes-Rituals-Beauty/dp/0143441590/ref=zg_bs_g_1318125031_d_sccl_21/000-0000000-0000000?psc=1,9,https://www.amazon.in/gp/bestsellers/books/1318118031,935305205X,9789353052058,http://books.google.com/books/content?id=kDpnDwAAQBAJ&printsec=frontcover&img=1&zoom=1&source=gbs_api
9789354929762,2621,The Skincare Answer Book: Answers to the: Answers to the Most Frequently Asked Skincare Questions,Jaishree Sharad,"Crafts, Home & Lifestyle",Lifestyle & Personal Style Guides,Paperback,₹194.00,4.2,83.0,https://www.amazon.in/Skincare-Answer-Book-Frequently-Questions/dp/014346194X/ref=zg_bs_g_1318125031_d_sccl_22/000-0000000-0000000?psc=1,9,https://www.amazon.in/gp/bestsellers/books/1318118031,9354929761,9789354929762,http://books.google.com/books/content?id=1CbREAAAQBAJ&printsec=frontcover&img=1&zoom=1&edge=curl&source=gbs_api
9781520975672,2622,"How To Become A High Quality Woman: Know What Guys Think About Women and Relationships, Then Turn Them Around And Use Them To Your Advantage (How To Attract ... Love You, Cherish You And Make Him Stay)",Bryan Bruce,"Crafts, Home & Lifestyle",Lifestyle & Personal Style Guides,Kindle Edition,₹349.00,4.1,210.0,https://www.amazon.in/Become-High-Quality-Woman-Relationships-ebook/dp/B01HEBU9NU/ref=zg_bs_g_1318125031_d_sccl_23/000-0000000-0000000?psc=1,9,https://www.amazon.in/gp/bestsellers/books/1318118031,1520975678,9781520975672,http://books.google.com/books/content?id=wVkKzgEACAAJ&printsec=frontcover&img=1&zoom=1&source=gbs_api
9780008564834,2624,Forget Me Not: The hottest rom-com of 2023,Julie Soto,"Crafts, Home & Lifestyle",Lifestyle & Personal Style Guides,Paperback,₹324.00,4.4,3214.0,https://www.amazon.in/Forget-Me-Not-hottest-rom-com/dp/0008564833/ref=zg_bs_g_1318125031_d_sccl_25/000-0000000-0000000?psc=1,9,https://www.amazon.in/gp/bestsellers/books/1318118031,0008564833,9780008564834,http://books.google.com/books/content?id=adhJzwEACAAJ&printsec=frontcover&img=1&zoom=1&source=gbs_api
9781405932677,2626,"The Pioppi Diet: The 21-Day Anti-Diabetes Lifestyle Plan as followed by Tom Watson, author of Downsizing",Aseem Malhotra,"Crafts, Home & Lifestyle",Lifestyle & Personal Style Guides,Kindle Edition,₹247.18,4.2,1309.0,https://www.amazon.in/Pioppi-Diet-21-Day-Lifestyle-followed-ebook/dp/B06XSZJG4K/ref=zg_bs_g_1318125031_d_sccl_27/000-0000000-0000000?psc=1,9,https://www.amazon.in/gp/bestsellers/books/1318118031,1405932678,9781405932677,http://books.google.com/books/content?id=Z012DgAAQBAJ&printsec=frontcover&img=1&zoom=1&source=gbs_api
9781913682118,2629,So It Began,Owen Mullen,"Crafts, Home & Lifestyle",Lifestyle & Personal Style Guides,Kindle Edition,₹349.11,4.3,369.0,https://www.amazon.in/So-Began-Owen-Mullen-ebook/dp/B08S7FH1B9/ref=zg_bs_g_1318125031_d_sccl_30/000-0000000-0000000?psc=1,9,https://www.amazon.in/gp/bestsellers/books/1318118031,1913682110,9781913682118,http://books.google.com/books/content?id=oePcDwAAQBAJ&printsec=frontcover&img=1&zoom=1&source=gbs_api
9789354891670,2630,NAZARIYA JEET KA: Jeevan Mein Adbhut Safalta Kaise Praapt Karein (The Winning Attitude),Jeff Keller,"Crafts, Home & Lifestyle",Lifestyle & Personal Style Guides,Paperback,₹193.94,4.5,5.0,https://www.amazon.in/Nazariya-Jeet-Ka-Safalta-Attitude/dp/9354891608/ref=zg_bs_g_1318125031_d_sccl_1/000-0000000-0000000?psc=1,9,https://www.amazon.in/gp/bestsellers/books/1318118031,9354891675,9789354891670,http://books.google.com/books/content?id=ROFNEAAAQBAJ&printsec=frontcover&img=1&zoom=1&source=gbs_api
9780241283912,2631,The Little Book of Hygge: The Danish Way to Live Well: The Million Copy Bestseller (Penguin Life),Meik Wiking,"Crafts, Home & Lifestyle",Lifestyle & Personal Style Guides,Kindle Edition,₹265.06,4.5,6970.0,https://www.amazon.in/Little-Book-Hygge-Danish-Penguin-ebook/dp/B01EXVIW06/ref=zg_bs_g_1318125031_d_sccl_2/000-0000000-0000000?psc=1,9,https://www.amazon.in/gp/bestsellers/books/1318118031,0241283914,9780241283912,http://books.google.com/books/content?id=iryMEAAAQBAJ&printsec=frontcover&img=1&zoom=1&source=gbs_api
9781593306458,2632,The Essential Writings of Dr Edward Bach,Dr Edward Bach,"Crafts, Home & Lifestyle",Lifestyle & Personal Style Guides,Paperback,₹261.61,4.5,150.0,https://www.amazon.in/Essential-Writings-Dr-Edward-Bach/dp/0091906725/ref=zg_bs_g_1318125031_d_sccl_3/000-0000000-0000000?psc=1,9,https://www.amazon.in/gp/bestsellers/books/1318118031,1593306458,9781593306458,http://books.google.com/books/content?id=kF0BRQAACAAJ&printsec=frontcover&img=1&zoom=1&source=gbs_api
9781743791714,2634,New York: Through a Fashion Eye,Megan Hess,"Crafts, Home & Lifestyle",Lifestyle & Personal Style Guides,Hardcover,"₹1,503.00",4.8,584.0,https://www.amazon.in/New-York-Through-Fashion-Eye/dp/1743791712/ref=zg_bs_g_1318125031_d_sccl_5/000-0000000-0000000?psc=1,9,https://www.amazon.in/gp/bestsellers/books/1318118031,1743791712,9781743791714,http://books.google.com/books/content?id=wPCejwEACAAJ&printsec=frontcover&img=1&zoom=1&source=gbs_api
9780008305550,2635,The New Fashion Rules: Inthefrow,Victoria Magrath,"Crafts, Home & Lifestyle",Lifestyle & Personal Style Guides,Hardcover,₹779.00,4.6,279.0,https://www.amazon.in/New-Fashion-Rules-Victoria-Magrath/dp/0008305552/ref=zg_bs_g_1318125031_d_sccl_6/000-0000000-0000000?psc=1,9,https://www.amazon.in/gp/bestsellers/books/1318118031,0008305552,9780008305550,http://books.google.com/books/content?id=AItQuAEACAAJ&printsec=frontcover&img=1&zoom=1&source=gbs_api
9781398717206,2636,Magnolia Parks: Book 1 (Original Cover Collection) (Magnolia Parks Universe),Jessa Hastings,"Crafts, Home & Lifestyle",Lifestyle & Personal Style Guides,Paperback,₹972.84,4.1,8154.0,https://www.amazon.in/Magnolia-Parks-Original-Collection-Universe/dp/1398717207/ref=zg_bs_g_1318125031_d_sccl_7/000-0000000-0000000?psc=1,9,https://www.amazon.in/gp/bestsellers/books/1318118031,1398717207,9781398717206,http://books.google.com/books/content?id=KFuBzwEACAAJ&printsec=frontcover&img=1&zoom=1&source=gbs_api
9798552053032,2637,How To Feminize Your Face: Makeup and Hair styling (The Art of Feminization),Martine Song,"Crafts, Home & Lifestyle",Lifestyle & Personal Style Guides,Kindle Edition,₹271.00,4.4,44.0,https://www.amazon.in/How-Feminize-Your-Face-Feminization-ebook/dp/B08LQGCL87/ref=zg_bs_g_1318125031_d_sccl_8/000-0000000-0000000?psc=1,9,https://www.amazon.in/gp/bestsellers/books/1318118031,,9798552053032,http://books.google.com/books/content?id=z-gJzgEACAAJ&printsec=frontcover&img=1&zoom=1&source=gbs_api
9780718156848,2638,Anticancer: A New Way of Life,David Servan-Schreiber,"Crafts, Home & Lifestyle",Lifestyle & Personal Style Guides,Paperback,₹464.34,4.6,937.0,https://www.amazon.in/Anticancer-New-Life-David-Servan-Schreiber/dp/0718156846/ref=zg_bs_g_1318125031_d_sccl_9/000-0000000-0000000?psc=1,9,https://www.amazon.in/gp/bestsellers/books/1318118031,0718156846,9780718156848,http://books.google.com/books/content?id=EfefPQbyArUC&printsec=frontcover&img=1&zoom=1&source=gbs_api
9780857199539,2639,How to Get Lucky: 13 techniques for discovering and taking advantage of life’s good breaks,Max Gunther,"Crafts, Home & Lifestyle",Lifestyle & Personal Style Guides,Paperback,"₹1,259.00",4.2,322.0,https://www.amazon.in/How-Get-Lucky-techniques-discovering/dp/0857199536/ref=zg_bs_g_1318125031_d_sccl_10/000-0000000-0000000?psc=1,9,https://www.amazon.in/gp/bestsellers/books/1318118031,0857199536,9780857199539,http://books.google.com/books/content?id=-oxDEAAAQBAJ&printsec=frontcover&img=1&zoom=1&source=gbs_api
9798581186916,2640,Skin-Boosting Facial Serums: Natural Oil Blends for Quick and Glowing Skin,Samuel B. McIntyre,"Crafts, Home & Lifestyle",Lifestyle & Personal Style Guides,Kindle Edition,₹291.00,4.1,21.0,https://www.amazon.in/Skin-Boosting-Facial-Serums-Natural-Glowing-ebook/dp/B08QJ54XL8/ref=zg_bs_g_1318125031_d_sccl_11/000-0000000-0000000?psc=1,9,https://www.amazon.in/gp/bestsellers/books/1318118031,,9798581186916,http://books.google.com/books/content?id=_-EezgEACAAJ&printsec=frontcover&img=1&zoom=1&source=gbs_api
9789353056469,2641,"Phoolproof:á Indian Flowers, Their Myths: Indian flowers, their myths, traditions and usage",Jhelum Biswas Bose,"Crafts, Home & Lifestyle",Lifestyle & Personal Style Guides,Paperback,₹194.00,3.9,76.0,https://www.amazon.in/Phoolproof-Indian-flowers-their-traditions/dp/014344722X/ref=zg_bs_g_1318125031_d_sccl_12/000-0000000-0000000?psc=1,9,https://www.amazon.in/gp/bestsellers/books/1318118031,9353056462,9789353056469,http://books.google.com/books/content?id=nguwDwAAQBAJ&printsec=frontcover&img=1&zoom=1&source=gbs_api
9781423662617,2642,French Country Cottage,Courtney Allison,"Crafts, Home & Lifestyle",Lifestyle & Personal Style Guides,Kindle Edition,₹251.93,4.7,736.0,https://www.amazon.in/French-Country-Cottage-Courtney-Allison-ebook/dp/B07F25X6GZ/ref=zg_bs_g_1318125031_d_sccl_13/000-0000000-0000000?psc=1,9,https://www.amazon.in/gp/bestsellers/books/1318118031,142366261X,9781423662617,http://books.google.com/books/content?id=fEne0QEACAAJ&printsec=frontcover&img=1&zoom=1&source=gbs_api
9780380718153,2643,Getting to 'I Do',Pat Allen,"Crafts, Home & Lifestyle",Lifestyle & Personal Style Guides,Paperback,"₹1,123.00",4.5,1402.0,https://www.amazon.in/Getting-I-Do-Pat-Allen/dp/0380718154/ref=zg_bs_g_1318125031_d_sccl_14/000-0000000-0000000?psc=1,9,https://www.amazon.in/gp/bestsellers/books/1318118031,0380718154,9780380718153,http://books.google.com/books/content?id=1XasX5UrnqEC&printsec=frontcover&img=1&zoom=1&source=gbs_api
9798652408466,2644,"LIFE LEVERAGE: HOW TO GET MORE DONE IN LESS TIME, OUTSOURCE EVERYTHING & CREATE YOUR IDEAL MOBILE LI",Rob Moore,"Crafts, Home & Lifestyle",Lifestyle & Personal Style Guides,Paperback,₹404.00,4.5,1378.0,https://www.amazon.in/LIFE-LEVERAGE-OUTSOURCE-EVERYTHING-CREATE/dp/1473640288/ref=zg_bs_g_1318125031_d_sccl_15/000-0000000-0000000?psc=1,9,https://www.amazon.in/gp/bestsellers/books/1318118031,,9798652408466,http://books.google.com/books/content?id=l-2UzQEACAAJ&printsec=frontcover&img=1&zoom=1&source=gbs_api
9781844775316,2645,"The Beauty, Complete Book of: A practical step-by-step guide to skincare, make-up, haircare, diet, body toning, fitness, health and vitality, with over 1000 photographs",Helena Sunnydale,"Crafts, Home & Lifestyle",Lifestyle & Personal Style Guides,Paperback,₹493.00,4.6,13.0,https://www.amazon.in/Beauty-Complete-Book-step-step/dp/1844775313/ref=zg_bs_g_1318125031_d_sccl_16/000-0000000-0000000?psc=1,9,https://www.amazon.in/gp/bestsellers/books/1318118031,1844775313,9781844775316,http://books.google.com/books/content?id=c1tcewAACAAJ&printsec=frontcover&img=1&zoom=1&source=gbs_api
9781984856623,2646,Design the Home You Love: Practical Styl: Practical Styling Advice to Make the Most of Your Space [An Interior Design Book],Lee Mayer,"Crafts, Home & Lifestyle",Lifestyle & Personal Style Guides,Hardcover,₹899.00,4.6,448.0,https://www.amazon.in/Design-Home-You-Love-Inspiration/dp/1984856618/ref=zg_bs_g_1318125031_d_sccl_17/000-0000000-0000000?psc=1,9,https://www.amazon.in/gp/bestsellers/books/1318118031,1984856626,9781984856623,http://books.google.com/books/content?id=iV3EDwAAQBAJ&printsec=frontcover&img=1&zoom=1&source=gbs_api
9781839909979,2647,"Guest Book for visitors and guests to sign at a party, wedding, baby or bridal shower (hardback)",Lulu and Bell,"Crafts, Home & Lifestyle",Lifestyle & Personal Style Guides,Hardcover,"₹1,723.00",3.5,4.0,https://www.amazon.in/visitors-guests-wedding-bridal-hardback/dp/1839909978/ref=zg_bs_g_1318125031_d_sccl_18/000-0000000-0000000?psc=1,9,https://www.amazon.in/gp/bestsellers/books/1318118031,1839909978,9781839909979,http://books.google.com/books/content?id=Tw4-zgEACAAJ&printsec=frontcover&img=1&zoom=1&source=gbs_api
9781984861641,2649,A Sweet Floral Life: Romantic Arrangements for Fresh and Sugar Flowers [A Floral D?cor Book]: Romantic Arrangements for Fresh and Sugar Flowers [A Floral Décor Book],Natasja Sadi,"Crafts, Home & Lifestyle",Lifestyle & Personal Style Guides,Hardcover,"₹1,024.00",4.9,132.0,https://www.amazon.in/Sweet-Floral-Life-Romantic-Arrangements/dp/1984861646/ref=zg_bs_g_1318125031_d_sccl_20/000-0000000-0000000?psc=1,9,https://www.amazon.in/gp/bestsellers/books/1318118031,1984861646,9781984861641,http://books.google.com/books/content?id=WECREAAAQBAJ&printsec=frontcover&img=1&zoom=1&source=gbs_api
9789354926716,2650,The Hidden Hindu,Akshat Gupta,"Crime, Thriller & Mystery",Thrillers and Suspense,Paperback,₹159.00,4.4,3346.0,https://www.amazon.in/Hidden-Hindu-Akshat-Gupta/dp/0143455699/ref=zg_bs_g_22960213031_d_sccl_1/000-0000000-0000000?psc=1,3,https://www.amazon.in/gp/bestsellers/books/1318161031,9354926711,9789354926716,http://books.google.com/books/content?id=2L6CEAAAQBAJ&printsec=frontcover&img=1&zoom=1&edge=curl&source=gbs_api
9788129144973,2651,The Perfect Murder,Ruskin Bond,"Crime, Thriller & Mystery",Thrillers and Suspense,Kindle Edition,₹149.47,3.9,1727.0,https://www.amazon.in/Perfect-Murder-Ruskin-Bond-ebook/dp/B01MY09C7U/ref=zg_bs_g_22960213031_d_sccl_2/000-0000000-0000000?psc=1,3,https://www.amazon.in/gp/bestsellers/books/1318161031,8129144972,9788129144973,http://books.google.com/books/content?id=KFUougEACAAJ&printsec=frontcover&img=1&zoom=1&source=gbs_api
9789895648269,2655,"VERITY [Paperback] Hoover, Colleen",Colleen Hoover,"Crime, Thriller & Mystery",Thrillers and Suspense,Paperback,₹170.00,4.3,270151.0,https://www.amazon.in/VERITY-Paperback-Hoover-Colleen/dp/1408726602/ref=zg_bs_g_22960213031_d_sccl_6/000-0000000-0000000?psc=1,3,https://www.amazon.in/gp/bestsellers/books/1318161031,989564826X,9789895648269,http://books.google.com/books/content?id=TJZWEAAAQBAJ&printsec=frontcover&img=1&zoom=1&edge=curl&source=gbs_api
9781803144382,2657,THE HOUSEMAID,Freida Mcfadden,"Crime, Thriller & Mystery",Thrillers and Suspense,Paperback,₹323.00,4.3,242023.0,https://www.amazon.in/HOUSEMAID-Freida-Mcfadden/dp/014346115X/ref=zg_bs_g_22960213031_d_sccl_8/000-0000000-0000000?psc=1,3,https://www.amazon.in/gp/bestsellers/books/1318161031,1803144386,9781803144382,http://books.google.com/books/content?id=c2kjzwEACAAJ&printsec=frontcover&img=1&zoom=1&source=gbs_api
9789814954853,2658,"That Night: Four Friends, Twenty Years,",Nidhi Upadhyay,"Crime, Thriller & Mystery",Thrillers and Suspense,Paperback,₹164.00,4.3,2620.0,https://www.amazon.in/That-Night-Friends-Haunting-Secret/dp/0143451871/ref=zg_bs_g_22960213031_d_sccl_9/000-0000000-0000000?psc=1,3,https://www.amazon.in/gp/bestsellers/books/1318161031,9814954853,9789814954853,http://books.google.com/books/content?id=WGmCzgEACAAJ&printsec=frontcover&img=1&zoom=1&source=gbs_api
9789356999848,2660,Razor Sharp - A Kutta Kadam Thriller,Ashwin Sanghi,"Crime, Thriller & Mystery",Thrillers and Suspense,Paperback,₹259.00,4.3,52.0,https://www.amazon.in/Razor-Sharp-Kutta-Kadam-Thriller/dp/9356997217/ref=zg_bs_g_22960213031_d_sccl_11/000-0000000-0000000?psc=1,3,https://www.amazon.in/gp/bestsellers/books/1318161031,9356999848,9789356999848,http://books.google.com/books/content?id=ZWbpEAAAQBAJ&printsec=frontcover&img=1&zoom=1&source=gbs_api
9789356291379,2661,400 Days,Chetan Bhagat,"Crime, Thriller & Mystery",Thrillers and Suspense,Paperback,₹209.00,4.4,11262.0,https://www.amazon.in/Chetan-bhagat-400-days-Bhagat/dp/9356291144/ref=zg_bs_g_22960213031_d_sccl_12/000-0000000-0000000?psc=1,3,https://www.amazon.in/gp/bestsellers/books/1318161031,9356291373,9789356291379,http://books.google.com/books/content?id=QTpzEAAAQBAJ&printsec=frontcover&img=1&zoom=1&source=gbs_api
9781542040464,2663,The Girl In Room 105,Chetan Bhagat,"Crime, Thriller & Mystery",Thrillers and Suspense,Paperback,₹173.00,4.2,30374.0,https://www.amazon.in/Girl-Room-105-Chetan-Bhagat/dp/9356290962/ref=zg_bs_g_22960213031_d_sccl_14/000-0000000-0000000?psc=1,3,https://www.amazon.in/gp/bestsellers/books/1318161031,1542040469,9781542040464,http://books.google.com/books/content?id=GHt_uwEACAAJ&printsec=frontcover&img=1&zoom=1&source=gbs_api
9780349132860,2665,The Housemaid's Secret : A totally gripping psychological thriller with a shocking twist,Freida McFadden,"Crime, Thriller & Mystery",Thrillers and Suspense,Paperback,₹324.00,4.3,132364.0,https://www.amazon.in/Housemaids-Secret-gripping-psychological-thriller/dp/0143462490/ref=zg_bs_g_22960213031_d_sccl_16/000-0000000-0000000?psc=1,3,https://www.amazon.in/gp/bestsellers/books/1318161031,0349132860,9780349132860,http://books.google.com/books/content?id=D-710AEACAAJ&printsec=frontcover&img=1&zoom=1&source=gbs_api
9786020633916,2666,THE SILENT PATIENTS (WITH FREE BOOKMARKS),Alex Michaelides,"Crime, Thriller & Mystery",Thrillers and Suspense,Paperback,₹219.00,0.0,0.0,https://www.amazon.in/SILENT-PATIENTS-FREE-BOOKMARKS/dp/B0CV48JJF6/ref=zg_bs_g_22960213031_d_sccl_17/000-0000000-0000000?psc=1,3,https://www.amazon.in/gp/bestsellers/books/1318161031,6020633918,9786020633916,http://books.google.com/books/content?id=LivGDwAAQBAJ&printsec=frontcover&img=1&zoom=1&edge=curl&source=gbs_api
9781681958071,2667,The Best of Sherlock Holmes (Set of 2 Books),Sir Arthur Conan Doyle,"Crime, Thriller & Mystery",Thrillers and Suspense,Paperback,₹349.00,4.6,2239.0,https://www.amazon.in/Best-Sherlock-Holmes-Set-Books/dp/9388810538/ref=zg_bs_g_22960213031_d_sccl_18/000-0000000-0000000?psc=1,3,https://www.amazon.in/gp/bestsellers/books/1318161031,1681958074,9781681958071,http://books.google.com/books/content?id=AePDCwAAQBAJ&printsec=frontcover&img=1&zoom=1&edge=curl&source=gbs_api
9781472154644,2668,Where the Crawdads Sing,Delia Owens,"Crime, Thriller & Mystery",Thrillers and Suspense,Paperback,₹324.00,4.5,500119.0,https://www.amazon.in/Where-Crawdads-Sing-Delia-Owens/dp/1472154665/ref=zg_bs_g_22960213031_d_sccl_19/000-0000000-0000000?psc=1,3,https://www.amazon.in/gp/bestsellers/books/1318161031,1472154649,9781472154644,http://books.google.com/books/content?id=ynFKvgEACAAJ&printsec=frontcover&img=1&zoom=1&source=gbs_api
9789354921490,2669,The Girl in the Glass Case : Keep Your Girls Safe. Boys Safer.,Devashish Sardana,"Crime, Thriller & Mystery",Thrillers and Suspense,Paperback,₹170.00,4.4,1017.0,https://www.amazon.in/Girl-Glass-Case-girls-safer/dp/0143454374/ref=zg_bs_g_22960213031_d_sccl_20/000-0000000-0000000?psc=1,3,https://www.amazon.in/gp/bestsellers/books/1318161031,9354921493,9789354921490,http://books.google.com/books/content?id=sJlXEAAAQBAJ&printsec=frontcover&img=1&zoom=1&source=gbs_api
9789357083003,2671,"Girl with Broken Dreams, The",Devashish Sardana,"Crime, Thriller & Mystery",Thrillers and Suspense,Paperback,₹164.00,4.4,139.0,https://www.amazon.in/Girl-Broken-Dreams-Devashish-Sardana/dp/0143463721/ref=zg_bs_g_22960213031_d_sccl_22/000-0000000-0000000?psc=1,3,https://www.amazon.in/gp/bestsellers/books/1318161031,9357083006,9789357083003,http://books.google.com/books/content?id=8X_yEAAAQBAJ&printsec=frontcover&img=1&zoom=1&edge=curl&source=gbs_api
9780062868954,2673,"The Guest List: From the author of The Hunting Party, the No.1 Sunday Times bestseller and prize winning mystery thriller in 2021",Lucy Foley,"Crime, Thriller & Mystery",Thrillers and Suspense,Paperback,₹270.00,4.1,100290.0,https://www.amazon.in/Guest-List-Lucy-Foley/dp/0008403775/ref=zg_bs_g_22960213031_d_sccl_24/000-0000000-0000000?psc=1,3,https://www.amazon.in/gp/bestsellers/books/1318161031,0062868950,9780062868954,http://books.google.com/books/content?id=ibioDwAAQBAJ&printsec=frontcover&img=1&zoom=1&source=gbs_api
9789353768966,2675,The Mussoorie Murders,Divyaroop Bhatnagar,"Crime, Thriller & Mystery",Thrillers and Suspense,Paperback,₹209.00,4.5,106.0,https://www.amazon.in/Mussoorie-Murders-Divyaroop-Bhatnagar/dp/9353768969/ref=zg_bs_g_22960213031_d_sccl_26/000-0000000-0000000?psc=1,3,https://www.amazon.in/gp/bestsellers/books/1318161031,9353768969,9789353768966,http://books.google.com/books/content?id=Qx3A0AEACAAJ&printsec=frontcover&img=1&zoom=1&source=gbs_api
9789373034386,2678,Samsara: Enter The Valley Of The Gods,Saksham Garg,"Crime, Thriller & Mystery",Thrillers and Suspense,Paperback,₹162.00,4.3,1065.0,https://www.amazon.in/Samsara-Valley-Indias-answer-Potter/dp/0143458280/ref=zg_bs_g_22960213031_d_sccl_29/000-0000000-0000000?psc=1,3,https://www.amazon.in/gp/bestsellers/books/1318161031,9373034383,9789373034386,http://books.google.com/books/content?id=bcGREQAAQBAJ&printsec=frontcover&img=1&zoom=1&edge=curl&source=gbs_api
9789395192224,2679,The Girl in the House: A Psychological Thriller ǀ A chilling supernatural mystery,Harshvardhan Rao,"Crime, Thriller & Mystery",Thrillers and Suspense,Paperback,₹203.00,4.2,147.0,https://www.amazon.in/Girl-House-Psychological-Thriller-supernatural/dp/9395192224/ref=zg_bs_g_22960213031_d_sccl_30/000-0000000-0000000?psc=1,3,https://www.amazon.in/gp/bestsellers/books/1318161031,9395192224,9789395192224,http://books.google.com/books/content?id=huq6EAAAQBAJ&printsec=frontcover&img=1&zoom=1&edge=curl&source=gbs_api
9781627792127,2680,SIX OF CROWS,Leigh Bardugo,"Crime, Thriller & Mystery",Thrillers and Suspense,Paperback,₹389.00,4.7,35302.0,https://www.amazon.in/Six-Crows-Leigh-Bardugo/dp/1780622287/ref=zg_bs_g_22960213031_d_sccl_1/000-0000000-0000000?psc=1,3,https://www.amazon.in/gp/bestsellers/books/1318161031,1627792120,9781627792127,http://books.google.com/books/content?id=ZCtfCgAAQBAJ&printsec=frontcover&img=1&zoom=1&source=gbs_api
9781501190117,2683,The Family Upstairs,Lisa Jewell,"Crime, Thriller & Mystery",Thrillers and Suspense,Paperback,₹357.00,4.2,82147.0,https://www.amazon.in/Family-Upstairs-Number-bestseller-author/dp/1787461483/ref=zg_bs_g_22960213031_d_sccl_4/000-0000000-0000000?psc=1,3,https://www.amazon.in/gp/bestsellers/books/1318161031,1501190113,9781501190117,http://books.google.com/books/content?id=JYThDwAAQBAJ&printsec=frontcover&img=1&zoom=1&edge=curl&source=gbs_api
9781925480535,2686,Dark Matter*,Blake Crouch,"Crime, Thriller & Mystery",Thrillers and Suspense,Paperback,₹371.00,4.4,67843.0,https://www.amazon.in/Dark-Matter-Blake-Crouch/dp/1035034654/ref=zg_bs_g_22960213031_d_sccl_7/000-0000000-0000000?psc=1,3,https://www.amazon.in/gp/bestsellers/books/1318161031,1925480534,9781925480535,http://books.google.com/books/content?id=8ZokDAAAQBAJ&printsec=frontcover&img=1&zoom=1&source=gbs_api
9780008474362,2688,"Next in Line : The latest book from the Sunday Times bestselling author, the must-read new crime-thriller of 2022 (William Warwick Novels): The ... from the Sunday Times bestselling author.",Jeffrey Archer,"Crime, Thriller & Mystery",Thrillers and Suspense,Paperback,₹334.00,4.4,22014.0,https://www.amazon.in/Next-Line-bestselling-must-read-crime-thriller/dp/0008523231/ref=zg_bs_g_22960213031_d_sccl_9/000-0000000-0000000?psc=1,3,https://www.amazon.in/gp/bestsellers/books/1318161031,0008474362,9780008474362,http://books.google.com/books/content?id=drtCzwEACAAJ&printsec=frontcover&img=1&zoom=1&source=gbs_api
9781780896410,2690,Then She Was Gone,Lisa Jewell,"Crime, Thriller & Mystery",Thrillers and Suspense,Paperback,₹357.00,4.2,99341.0,https://www.amazon.in/Then-She-Gone-Lisa-Jewell/dp/1787469263/ref=zg_bs_g_22960213031_d_sccl_11/000-0000000-0000000?psc=1,3,https://www.amazon.in/gp/bestsellers/books/1318161031,1780896417,9781780896410,http://books.google.com/books/content?id=eUh1vgAACAAJ&printsec=frontcover&img=1&zoom=1&source=gbs_api
9789355430601,2691,"Girl on the Train, The (RED)",Paula Hawkins,"Crime, Thriller & Mystery",Thrillers and Suspense,Paperback,₹334.00,4.1,481629.0,https://www.amazon.in/Girl-Train-Paula-Hawkins/dp/0552779776/ref=zg_bs_g_22960213031_d_sccl_12/000-0000000-0000000?psc=1,3,https://www.amazon.in/gp/bestsellers/books/1318161031,9355430604,9789355430601,http://books.google.com/books/content?id=Fs9i0AEACAAJ&printsec=frontcover&img=1&zoom=1&source=gbs_api
9789354929564,2692,The Portrait of a Secret: A Novel Inspired by True Events,Tarun Mehrishi,"Crime, Thriller & Mystery",Thrillers and Suspense,Paperback,₹203.00,4.7,284.0,https://www.amazon.in/Portrait-Secret-Inspir-Inspired-Events/dp/0143458434/ref=zg_bs_g_22960213031_d_sccl_13/000-0000000-0000000?psc=1,3,https://www.amazon.in/gp/bestsellers/books/1318161031,9354929567,9789354929564,http://books.google.com/books/content?id=tCbREAAAQBAJ&printsec=frontcover&img=1&zoom=1&edge=curl&source=gbs_api
9781529022049,2694,"Suspects: A thrilling, high stakes drama from the billion copy bestseller",Danielle Steel,"Crime, Thriller & Mystery",Thrillers and Suspense,Paperback,₹357.00,4.5,10182.0,https://www.amazon.in/Suspects-Danielle-Steel/dp/1529022029/ref=zg_bs_g_22960213031_d_sccl_15/000-0000000-0000000?psc=1,3,https://www.amazon.in/gp/bestsellers/books/1318161031,1529022045,9781529022049,http://books.google.com/books/content?id=X55aEAAAQBAJ&printsec=frontcover&img=1&zoom=1&source=gbs_api
9798643660491,2695,The Murder on the Links,Agatha Christie,"Crime, Thriller & Mystery",Thrillers and Suspense,Paperback,₹166.00,4.4,13995.0,https://www.amazon.in/Murder-Links-Agatha-Christie/dp/9354622127/ref=zg_bs_g_22960213031_d_sccl_16/000-0000000-0000000?psc=1,3,https://www.amazon.in/gp/bestsellers/books/1318161031,,9798643660491,http://books.google.com/books/content?id=lzWGzQEACAAJ&printsec=frontcover&img=1&zoom=1&source=gbs_api
9789357087797,2698,Sakina's Kiss : Find the heart of literary fiction with the bestselling author of Ghachar Ghochar,Vivek Shanbhag,"Crime, Thriller & Mystery",Thrillers and Suspense,Hardcover,₹320.40,4.1,108.0,https://www.amazon.in/Sakinas-Kiss-literary-fiction-bestselling/dp/0670098833/ref=zg_bs_g_22960213031_d_sccl_19/000-0000000-0000000?psc=1,3,https://www.amazon.in/gp/bestsellers/books/1318161031,9357087796,9789357087797,http://books.google.com/books/content?id=5Bz0EAAAQBAJ&printsec=frontcover&img=1&zoom=1&edge=curl&source=gbs_api
9781982179014,2699,None of This is True: The new addictive psychological thriller from the #1 Sunday Times bestselling author of The Family Upstairs,Lisa Jewell,"Crime, Thriller & Mystery",Thrillers and Suspense,Paperback,₹599.00,4.5,10552.0,https://www.amazon.in/None-This-True-lies-could/dp/1529195985/ref=zg_bs_g_22960213031_d_sccl_20/000-0000000-0000000?psc=1,3,https://www.amazon.in/gp/bestsellers/books/1318161031,1982179015,9781982179014,http://books.google.com/books/content?id=IS43EQAAQBAJ&printsec=frontcover&img=1&zoom=1&edge=curl&source=gbs_api
9789355014467,2700,Objective Electrical Technology,VK Mehta,Engineering,Electrical & Electronic Engineering,Paperback,₹580.00,4.2,128.0,https://www.amazon.in/Objective-Electrical-Technology-Rohit-Mehta/dp/9355014465/ref=zg_bs_g_4149474031_d_sccl_1/000-0000000-0000000?psc=1,18,https://www.amazon.in/gp/bestsellers/books/22960344031,9355014465,9789355014467,http://books.google.com/books/content?id=ZbucEAAAQBAJ&printsec=frontcover&img=1&zoom=1&edge=curl&source=gbs_api
9780077496128,2703,Design of Analog CMOS Integrated Circuits | 2nd Edition,Behzad Razavi,Engineering,Electrical & Electronic Engineering,Paperback,₹867.00,4.5,416.0,https://www.amazon.in/Design-Analog-CMOS-Integrated-Circuits/dp/938706784X/ref=zg_bs_g_4149474031_d_sccl_4/000-0000000-0000000?psc=1,18,https://www.amazon.in/gp/bestsellers/books/22960344031,0077496124,9780077496128,http://books.google.com/books/content?id=hFzmCwAAQBAJ&printsec=frontcover&img=1&zoom=1&source=gbs_api
9781292420080,2704,"Computer Organization & Architecture, 11e",Stallings,Engineering,Electrical & Electronic Engineering,Paperback,₹753.00,4.6,33.0,https://www.amazon.in/COMPUTER-ORGANIZATION-ARCHITECTURE-11TH-Stallings/dp/9356061599/ref=zg_bs_g_4149474031_d_sccl_5/000-0000000-0000000?psc=1,18,https://www.amazon.in/gp/bestsellers/books/22960344031,1292420081,9781292420080,http://books.google.com/books/content?id=vFNQEAAAQBAJ&printsec=frontcover&img=1&zoom=1&source=gbs_api
9781718502345,2706,Open Circuits: The Inner Beauty of Electronic Components,Eric Schlaepfer,Engineering,Electrical & Electronic Engineering,Hardcover,"₹2,726.00",4.8,704.0,https://www.amazon.in/Open-Circuits-Beauty-Electronic-Components/dp/1718502346/ref=zg_bs_g_4149474031_d_sccl_7/000-0000000-0000000?psc=1,18,https://www.amazon.in/gp/bestsellers/books/22960344031,1718502346,9781718502345,http://books.google.com/books/content?id=cW5xEAAAQBAJ&printsec=frontcover&img=1&zoom=1&edge=curl&source=gbs_api
9781118476734,2707,"Data Structures and Algorithms in Python, An Indian Adaptation",Michael T. Goodrich,Engineering,Electrical & Electronic Engineering,Paperback,₹662.00,4.5,226.0,https://www.amazon.in/Structures-Algorithms-Python-Indian-Adaptation/dp/9354247865/ref=zg_bs_g_4149474031_d_sccl_8/000-0000000-0000000?psc=1,18,https://www.amazon.in/gp/bestsellers/books/22960344031,1118476735,9781118476734,http://books.google.com/books/content?id=2UccAAAAQBAJ&printsec=frontcover&img=1&zoom=1&source=gbs_api
9788121924962,2708,Principles of Power System (LPSPE),V K Mehta,Engineering,Electrical & Electronic Engineering,Paperback,₹388.00,3.8,27.0,https://www.amazon.in/Pri-Power-System-V-Mehta/dp/935501077X/ref=zg_bs_g_4149474031_d_sccl_9/000-0000000-0000000?psc=1,18,https://www.amazon.in/gp/bestsellers/books/22960344031,8121924960,9788121924962,http://books.google.com/books/content?id=If_hxYcDnAUC&printsec=frontcover&img=1&zoom=1&edge=curl&source=gbs_api
9783950485417,2709,Excel Formulas and Functions: Cool Tips and Tricks With Formulas in Excel,S Ima A Lex,Engineering,Electrical & Electronic Engineering,Paperback,₹462.00,3.3,5.0,https://www.amazon.in/Excel-Formulas-Functions-Cool-Tricks/dp/3950485414/ref=zg_bs_g_4149474031_d_sccl_10/000-0000000-0000000?psc=1,18,https://www.amazon.in/gp/bestsellers/books/22960344031,3950485414,9783950485417,http://books.google.com/books/content?id=X3-wywEACAAJ&printsec=frontcover&img=1&zoom=1&source=gbs_api
9780073380575,2710,Fundamentals of Electric Circuits | 7th Edition,Charles K. Alexander,Engineering,Electrical & Electronic Engineering,Paperback,₹899.00,4.5,77.0,https://www.amazon.in/Fundamentals-Electric-Circuits-Charles-Alexander/dp/9355320167/ref=zg_bs_g_4149474031_d_sccl_11/000-0000000-0000000?psc=1,18,https://www.amazon.in/gp/bestsellers/books/22960344031,0073380571,9780073380575,http://books.google.com/books/content?id=OxRk5AAACAAJ&printsec=frontcover&img=1&zoom=1&source=gbs_api
9780133356038,2712,Solid State Electronic Devices 7e,Streetman,Engineering,Electrical & Electronic Engineering,Paperback,₹480.00,4.4,250.0,https://www.amazon.in/Solid-State-Electronic-Devices-Streetman/dp/9332555087/ref=zg_bs_g_4149474031_d_sccl_13/000-0000000-0000000?psc=1,18,https://www.amazon.in/gp/bestsellers/books/22960344031,0133356035,9780133356038,http://books.google.com/books/content?id=-nnznQEACAAJ&printsec=frontcover&img=1&zoom=1&source=gbs_api
9780198089131,2713,Microelectronic Circuits: Theory And Applications 7E (Ia),Adel S. Sedra,Engineering,Electrical & Electronic Engineering,Paperback,₹899.00,4.5,440.0,https://www.amazon.in/Microelectronic-Circuits-Theory-Applications-Seventh/dp/0199476292/ref=zg_bs_g_4149474031_d_sccl_14/000-0000000-0000000?psc=1,18,https://www.amazon.in/gp/bestsellers/books/22960344031,0198089139,9780198089131,http://books.google.com/books/content?id=z-ATswEACAAJ&printsec=frontcover&img=1&zoom=1&source=gbs_api
9780321972101,2714,"INTRODUCTION TO ELECTRODYNAMICS, 4TH EDITION",David J. Griffiths,Engineering,Electrical & Electronic Engineering,Paperback,₹690.00,4.6,763.0,https://www.amazon.in/INTRODUCTION-ELECTRODYNAMICS-4TH-David-Griffiths/dp/1108822908/ref=zg_bs_g_4149474031_d_sccl_15/000-0000000-0000000?psc=1,18,https://www.amazon.in/gp/bestsellers/books/22960344031,0321972104,9780321972101,http://books.google.com/books/content?id=J9ygBwAAQBAJ&printsec=frontcover&img=1&zoom=1&source=gbs_api
9788131721018,2715,"Compilers Principles, Techniques, and Tools, 2e",Aho,Engineering,Electrical & Electronic Engineering,Paperback,₹220.00,4.4,471.0,https://www.amazon.in/Compilers-2e-Aho/dp/9332518661/ref=zg_bs_g_4149474031_d_sccl_16/000-0000000-0000000?psc=1,18,https://www.amazon.in/gp/bestsellers/books/22960344031,8131721019,9788131721018,http://books.google.com/books/content?id=kLVv4MSa7EUC&printsec=frontcover&img=1&zoom=1&edge=curl&source=gbs_api
9789391818715,2717,Practical Boiler Operation Engineering and Power Plant,Amiya Ranjan Mallick,Engineering,Electrical & Electronic Engineering,Paperback,₹812.00,3.8,30.0,https://www.amazon.in/Practical-Boiler-Operation-Engineering-Power/dp/9391818714/ref=zg_bs_g_4149474031_d_sccl_18/000-0000000-0000000?psc=1,18,https://www.amazon.in/gp/bestsellers/books/22960344031,9391818714,9789391818715,http://books.google.com/books/content?id=BWWbEAAAQBAJ&printsec=frontcover&img=1&zoom=1&edge=curl&source=gbs_api
9788185749754,2718,Electronic Devices and Circuits,J.B. Gupta,Engineering,Electrical & Electronic Engineering,Paperback,₹499.00,4.3,226.0,https://www.amazon.in/Electronic-Devices-Circuits-J-B-Gupta/dp/9350143143/ref=zg_bs_g_4149474031_d_sccl_19/000-0000000-0000000?psc=1,18,https://www.amazon.in/gp/bestsellers/books/22960344031,8185749752,9788185749754,http://books.google.com/books/content?id=0eEoGzibcggC&printsec=frontcover&img=1&zoom=1&source=gbs_api
9789352838363,2721,Principles of Electronics 12e (LPSPE),V K Mehta,Engineering,Electrical & Electronic Engineering,Paperback,₹540.00,4.1,112.0,https://www.amazon.in/Principles-Electronics-LPSPE-12-Mehta/dp/935283836X/ref=zg_bs_g_4149474031_d_sccl_22/000-0000000-0000000?psc=1,18,https://www.amazon.in/gp/bestsellers/books/22960344031,935283836X,9789352838363,http://books.google.com/books/content?id=vjscEAAAQBAJ&printsec=frontcover&img=1&zoom=1&edge=curl&source=gbs_api
9788131762189,2723,RF Circuit Design,Ludwig,Engineering,Electrical & Electronic Engineering,Paperback,₹665.00,4.4,91.0,https://www.amazon.in/Circuit-Design-Theory-Application-Second/dp/8131762181/ref=zg_bs_g_4149474031_d_sccl_24/000-0000000-0000000?psc=1,18,https://www.amazon.in/gp/bestsellers/books/22960344031,8131762181,9788131762189,http://books.google.com/books/content?id=4pfSDXc6df4C&printsec=frontcover&img=1&zoom=1&edge=curl&source=gbs_api
9788177588989,2724,"Digital Image Processing, 4e",Rafael C. Gonza Lez,Engineering,Electrical & Electronic Engineering,Paperback,₹660.00,4.5,361.0,https://www.amazon.in/Digital-Image-Processing-Rafael-Gonza/dp/9353062985/ref=zg_bs_g_4149474031_d_sccl_25/000-0000000-0000000?psc=1,18,https://www.amazon.in/gp/bestsellers/books/22960344031,8177588982,9788177588989,http://books.google.com/books/content?id=5YEMp6HjvnQC&printsec=frontcover&img=1&zoom=1&edge=curl&source=gbs_api
9788121924375,2725,Textbook Of Electrical Technology : Ac And Dc Machines (volume - 2),B L Theraja,Engineering,Electrical & Electronic Engineering,Paperback,₹360.00,4.4,603.0,https://www.amazon.in/Textbook-Electrical-Technology-Machines-Vol/dp/8121924375/ref=zg_bs_g_4149474031_d_sccl_26/000-0000000-0000000?psc=1,18,https://www.amazon.in/gp/bestsellers/books/22960344031,8121924375,9788121924375,http://books.google.com/books/content?id=_RyjAsxFbdEC&printsec=frontcover&img=1&zoom=1&edge=curl&source=gbs_api
9788121939096,2727,Abc Of Electrical Engineering,Theraja B.L.,Engineering,Electrical & Electronic Engineering,Perfect Paperback,₹309.00,4.0,81.0,https://www.amazon.in/Abc-Electrical-Engineering-Theraja-B-L/dp/8121939097/ref=zg_bs_g_4149474031_d_sccl_28/000-0000000-0000000?psc=1,18,https://www.amazon.in/gp/bestsellers/books/22960344031,8121939097,9788121939096,http://books.google.com/books/content?id=ZWlozx4exgEC&printsec=frontcover&img=1&zoom=1&edge=curl&source=gbs_api
9781644295533,2728,Electrical and Electronics Engineering Formulas,Dhivya Nandhini,Engineering,Electrical & Electronic Engineering,Paperback,₹276.00,4.3,6.0,https://www.amazon.in/Electrical-Electronics-Engineering-Formulas-Dhivya-Nandhini/dp/1643249118/ref=zg_bs_g_4149474031_d_sccl_29/000-0000000-0000000?psc=1,18,https://www.amazon.in/gp/bestsellers/books/22960344031,1644295539,9781644295533,http://books.google.com/books/content?id=t792DwAAQBAJ&printsec=frontcover&img=1&zoom=1&edge=curl&source=gbs_api
9788131710265,2731,"The 8051 Microcontrollers & Embedded Systems, 2e",MAZIDI,Engineering,Electrical & Electronic Engineering,Paperback,₹200.00,4.4,620.0,https://www.amazon.in/8051-Microcontroller-Embedded-Systems-Assembly/dp/8131710262/ref=zg_bs_g_4149474031_d_sccl_2/000-0000000-0000000?psc=1,18,https://www.amazon.in/gp/bestsellers/books/22960344031,8131710262,9788131710265,http://books.google.com/books/content?id=8t0gVhfUGXUC&printsec=frontcover&img=1&zoom=1&edge=curl&source=gbs_api
9789363486317,2732,Manufacturing Processes and Automation [Paperback],Dr. R.S. Parmar,Engineering,Electrical & Electronic Engineering,Paperback,₹250.00,0.0,0.0,https://www.amazon.in/Manufacturing-Processes-Automation-R-S-Parmar/dp/8174092366/ref=zg_bs_g_4149474031_d_sccl_3/000-0000000-0000000?psc=1,18,https://www.amazon.in/gp/bestsellers/books/22960344031,9363486311,9789363486317,http://books.google.com/books/content?id=MbSVEQAAQBAJ&printsec=frontcover&img=1&zoom=1&edge=curl&source=gbs_api
9780470695197,2734,INTRODUCTION TO DIGITAL COMMUNICATION SYSTEMS,Krzysztof Wesolowski,Engineering,Electrical & Electronic Engineering,Paperback,₹590.00,5.0,1.0,https://www.amazon.in/Introduction-Digital-Communication-Krzysztof-Wesolowski/dp/8126533781/ref=zg_bs_g_4149474031_d_sccl_5/000-0000000-0000000?psc=1,18,https://www.amazon.in/gp/bestsellers/books/22960344031,0470695196,9780470695197,http://books.google.com/books/content?id=9JVsRYL0ZkUC&printsec=frontcover&img=1&zoom=1&edge=curl&source=gbs_api
9781524748258,2736,Rebooting AI: Building Artificial Intelligence We Can Trust,Gary Marcus,Engineering,Electrical & Electronic Engineering,Paperback,₹423.69,4.3,342.0,https://www.amazon.in/Rebooting-AI-Building-Artificial-Intelligence/dp/052556604X/ref=zg_bs_g_4149474031_d_sccl_7/000-0000000-0000000?psc=1,18,https://www.amazon.in/gp/bestsellers/books/22960344031,1524748250,9781524748258,http://books.google.com/books/content?id=O8muDwAAQBAJ&printsec=frontcover&img=1&zoom=1&source=gbs_api
9781119770763,2737,"Classical Electrodynamics, An Indian Adaptation",John David Jackson,Engineering,Electrical & Electronic Engineering,Paperback,₹890.00,4.4,89.0,https://www.amazon.in/Classical-Electrodynamics-Indian-Adaptation-Jackson/dp/9388991079/ref=zg_bs_g_4149474031_d_sccl_8/000-0000000-0000000?psc=1,18,https://www.amazon.in/gp/bestsellers/books/22960344031,1119770769,9781119770763,http://books.google.com/books/content?id=6VV-EAAAQBAJ&printsec=frontcover&img=1&zoom=1&edge=curl&source=gbs_api
9781292026565,2738,Field and Wave Electromagnetics 2e,Cheng,Engineering,Electrical & Electronic Engineering,Paperback,₹409.00,4.5,35.0,https://www.amazon.in/Field-Wave-Electromagnetics-2e-Cheng/dp/9332535027/ref=zg_bs_g_4149474031_d_sccl_9/000-0000000-0000000?psc=1,18,https://www.amazon.in/gp/bestsellers/books/22960344031,1292026561,9781292026565,http://books.google.com/books/content?id=nQFKngEACAAJ&printsec=frontcover&img=1&zoom=1&source=gbs_api
9780486434841,2739,Optimal Control Theory: An Introduction (Dover Books on Electrical Engineering),Donald E. Kirk,Engineering,Electrical & Electronic Engineering,Paperback,₹825.00,4.8,112.0,https://www.amazon.in/Optimal-Control-Theory-Introduction-Engineering/dp/0486434842/ref=zg_bs_g_4149474031_d_sccl_10/000-0000000-0000000?psc=1,18,https://www.amazon.in/gp/bestsellers/books/22960344031,0486434842,9780486434841,http://books.google.com/books/content?id=fCh2SAtWIdwC&printsec=frontcover&img=1&zoom=1&edge=curl&source=gbs_api
9781394251575,2740,"Contemporary Strategic Management Case Studies, 6ed",Robert Grant,Engineering,Electrical & Electronic Engineering,Paperback,₹709.00,5.0,2.0,https://www.amazon.in/Contemporary-Strategic-Management-Case-Studies/dp/8126519630/ref=zg_bs_g_4149474031_d_sccl_11/000-0000000-0000000?psc=1,18,https://www.amazon.in/gp/bestsellers/books/22960344031,1394251572,9781394251575,http://books.google.com/books/content?id=7BAsEQAAQBAJ&printsec=frontcover&img=1&zoom=1&source=gbs_api
9781316632932,2741,BASIC ELECTRONICS: PRINCIPLES AND APPLICATION,Chinmoy Saha,Engineering,Electrical & Electronic Engineering,Paperback,₹675.00,4.2,22.0,https://www.amazon.in/Basic-Electronics-Applications-Chinmoy-Saha/dp/1316632938/ref=zg_bs_g_4149474031_d_sccl_12/000-0000000-0000000?psc=1,18,https://www.amazon.in/gp/bestsellers/books/22960344031,1316632938,9781316632932,http://books.google.com/books/content?id=0OlwDwAAQBAJ&printsec=frontcover&img=1&zoom=1&edge=curl&source=gbs_api
9780387310732,2745,PATTERN RECOGNITION AND MACHINE LEARNING,Christopher M. Bishop,Engineering,Electrical & Electronic Engineering,Paperback,"₹1,940.00",4.3,119.0,https://www.amazon.in/PATTERN-RECOGNITION-MACHINE-LEARNING-Christopher/dp/1493938436/ref=zg_bs_g_4149474031_d_sccl_16/000-0000000-0000000?psc=1,18,https://www.amazon.in/gp/bestsellers/books/22960344031,0387310738,9780387310732,http://books.google.com/books/content?id=qWPwnQEACAAJ&printsec=frontcover&img=1&zoom=1&source=gbs_api
9781292023946,2747,Algorithm Design 1e,Kleinberg,Engineering,Electrical & Electronic Engineering,Paperback,₹499.00,4.4,370.0,https://www.amazon.in/Algorithm-Design-1e-Kleinberg/dp/9332518645/ref=zg_bs_g_4149474031_d_sccl_18/000-0000000-0000000?psc=1,18,https://www.amazon.in/gp/bestsellers/books/22960344031,1292023945,9781292023946,http://books.google.com/books/content?id=ROiUngEACAAJ&printsec=frontcover&img=1&zoom=1&source=gbs_api
9789389480511,2750,CUET-PG : MA English Entrance Exam Guide,RPH Editorial Board,Exam Preparation,"Arts, Design and Education Exams",Paperback,₹220.00,4.2,173.0,https://www.amazon.in/CUET-PG-English-Entrance-Exam-Guide/dp/9354771858/ref=zg_bs_g_22934500031_d_sccl_1/000-0000000-0000000?psc=1,15,https://www.amazon.in/gp/bestsellers/books/4149751031,9389480515,9789389480511,http://books.google.com/books/content?id=gB8KzgEACAAJ&printsec=frontcover&img=1&zoom=1&source=gbs_api
9789350123485,2751,CUET-PG: MA/M.Sc Economics (Test Paper Code PGQP44) Entrance Exam Guide,RPH Editorial Board,Exam Preparation,"Arts, Design and Education Exams",Paperback,₹228.00,3.3,17.0,https://www.amazon.in/CUET-PG-Economics-Paper-PGQP44-Entrance/dp/9354773222/ref=zg_bs_g_22934500031_d_sccl_2/000-0000000-0000000?psc=1,15,https://www.amazon.in/gp/bestsellers/books/4149751031,9350123487,9789350123485,http://books.google.com/books/content?id=9SlDzgEACAAJ&printsec=frontcover&img=1&zoom=1&source=gbs_api
9789325797567,2752,Arihant Maharashtra MAH-CET B.Ed Common Entrance Test 2024,Arihant Publication,Exam Preparation,"Arts, Design and Education Exams",Paperback,₹220.00,4.0,4.0,https://www.amazon.in/Arihant-Maharashtra-MAH-CET-Common-Entrance/dp/B0C7R8ZLXD/ref=zg_bs_g_22934500031_d_sccl_3/000-0000000-0000000?psc=1,15,https://www.amazon.in/gp/bestsellers/books/4149751031,9325797569,9789325797567,http://books.google.com/books/content?id=A15tEAAAQBAJ&printsec=frontcover&img=1&zoom=1&edge=curl&source=gbs_api
9789350127353,2753,CUET-PG: MA English – Previous Years’ Papers & Practice Papers (Solved),RPH Editorial Board,Exam Preparation,"Arts, Design and Education Exams",Paperback,₹112.00,4.4,71.0,https://www.amazon.in/CUCET-M-English-Previous-Practice/dp/9354770894/ref=zg_bs_g_22934500031_d_sccl_4/000-0000000-0000000?psc=1,15,https://www.amazon.in/gp/bestsellers/books/4149751031,9350127350,9789350127353,http://books.google.com/books/content?id=IqB5zwEACAAJ&printsec=frontcover&img=1&zoom=1&source=gbs_api
9789350121276,2754,CUET-PG: MA-History/MA-History & Archaeology Entrance Exam Guide,RPH Editorial Board,Exam Preparation,"Arts, Design and Education Exams",Paperback,₹267.00,4.2,56.0,https://www.amazon.in/CUCET-MA-History-Archaeology-Entrance-Guide/dp/9390744970/ref=zg_bs_g_22934500031_d_sccl_5/000-0000000-0000000?psc=1,15,https://www.amazon.in/gp/bestsellers/books/4149751031,9350121271,9789350121276,http://books.google.com/books/content?id=Zu5IzgEACAAJ&printsec=frontcover&img=1&zoom=1&source=gbs_api
9789327196504,2757,NTA CUET PG B.Ed Guide 2023 Exam,Arihant Expert,Exam Preparation,"Arts, Design and Education Exams",Paperback,₹294.00,3.6,15.0,https://www.amazon.in/CUET-B-Ed-Guide-2023-Exam/dp/9388129644/ref=zg_bs_g_22934500031_d_sccl_8/000-0000000-0000000?psc=1,15,https://www.amazon.in/gp/bestsellers/books/4149751031,9327196503,9789327196504,http://books.google.com/books/content?id=wo23zwEACAAJ&printsec=frontcover&img=1&zoom=1&source=gbs_api
9789368900924,2759,Examcart Latest Jharkhand B.ed Combined Entrance Guidebook for 2024 Exam,Examcart Experts,Exam Preparation,"Arts, Design and Education Exams",Paperback,₹175.00,4.0,23.0,https://www.amazon.in/Examcart-Jharkhand-Combined-Entrance-Guidebook/dp/9357031294/ref=zg_bs_g_22934500031_d_sccl_10/000-0000000-0000000?psc=1,15,https://www.amazon.in/gp/bestsellers/books/4149751031,9368900922,9789368900924,http://books.google.com/books/content?id=ZvieEQAAQBAJ&printsec=frontcover&img=1&zoom=1&edge=curl&source=gbs_api
9789350127643,2761,CUET-PG: MA/M.Sc GEOGRAPHY Entrance Exam Guide,Ajhar Hussain,Exam Preparation,"Arts, Design and Education Exams",Paperback,₹243.00,3.8,32.0,https://www.amazon.in/CUET-PG-GEOGRAPHY-Paper-PGQP17-Entrance/dp/9354773214/ref=zg_bs_g_22934500031_d_sccl_12/000-0000000-0000000?psc=1,15,https://www.amazon.in/gp/bestsellers/books/4149751031,9350127644,9789350127643,http://books.google.com/books/content?id=InRKzgEACAAJ&printsec=frontcover&img=1&zoom=1&source=gbs_api
9788178125367,2765,Maharashtra B.Ed. (CET & ELCT) Entrance Exam Guide,RPH Editorial Board,Exam Preparation,"Arts, Design and Education Exams",Paperback,₹310.00,4.1,141.0,https://www.amazon.in/Maharashtra-B-Ed-Guide-Popular-Master/dp/8178125366/ref=zg_bs_g_22934500031_d_sccl_16/000-0000000-0000000?psc=1,15,https://www.amazon.in/gp/bestsellers/books/4149751031,8178125366,9788178125367,http://books.google.com/books/content?id=eFEgzgEACAAJ&printsec=frontcover&img=1&zoom=1&source=gbs_api
9789350128121,2768,CUET-PG: Political Science Entrance Exam Guide,RPH Editorial Board,Exam Preparation,"Arts, Design and Education Exams",Paperback,₹377.00,0.0,0.0,https://www.amazon.in/CUET-PG-Political-Science-Entrance-Guide/dp/9354775128/ref=zg_bs_g_22934500031_d_sccl_19/000-0000000-0000000?psc=1,15,https://www.amazon.in/gp/bestsellers/books/4149751031,9350128128,9789350128121,http://books.google.com/books/content?id=agBizgEACAAJ&printsec=frontcover&img=1&zoom=1&source=gbs_api
9789387604513,2774,JMI: MA (English) Entrance Exam Guide,RPH Editorial Board,Exam Preparation,"Arts, Design and Education Exams",Paperback,₹270.00,4.3,51.0,https://www.amazon.in/JMI-English-Entrance-Exam-Guide/dp/9389480515/ref=zg_bs_g_22934500031_d_sccl_25/000-0000000-0000000?psc=1,15,https://www.amazon.in/gp/bestsellers/books/4149751031,9387604519,9789387604513,http://books.google.com/books/content?id=wOoIzgEACAAJ&printsec=frontcover&img=1&zoom=1&source=gbs_api
9789386298836,2779,CUET-PG: M.A./M.Sc. GEOGRAPHY Entrance Exam Guide,RPH Editorial Board,Exam Preparation,"Arts, Design and Education Exams",Paperback,₹305.00,0.0,0.0,https://www.amazon.in/CUET-PG-M-M-Sc-GEOGRAPHY-Entrance/dp/9354771416/ref=zg_bs_g_22934500031_d_sccl_30/000-0000000-0000000?psc=1,15,https://www.amazon.in/gp/bestsellers/books/4149751031,938629883X,9789386298836,http://books.google.com/books/content?id=qRsKzgEACAAJ&printsec=frontcover&img=1&zoom=1&source=gbs_api
9789389480474,2783,JNU: MA (International Relations and Area Studies) Entrance Exam Guide,RPH Editorial Board,Exam Preparation,"Arts, Design and Education Exams",Paperback,₹300.00,4.1,211.0,https://www.amazon.in/JNU-International-Relations-Studies-Entrance/dp/9389480477/ref=zg_bs_g_22934500031_d_sccl_4/000-0000000-0000000?psc=1,15,https://www.amazon.in/gp/bestsellers/books/4149751031,9389480477,9789389480474,http://books.google.com/books/content?id=jMgJzgEACAAJ&printsec=frontcover&img=1&zoom=1&source=gbs_api
9789390239207,2785,UCEED 2024 : Undergraduate Common Entrance Exam For Design (English Edition) - 10 Full Length Mock Tests (Solved Questions) with Free Access to Online Tests,EduGorilla Prep Experts,Exam Preparation,"Arts, Design and Education Exams",Paperback,₹147.00,4.1,87.0,https://www.amazon.in/UCEED-Entrance-Exam-Complete-Preparation/dp/9390239206/ref=zg_bs_g_22934500031_d_sccl_6/000-0000000-0000000?psc=1,15,https://www.amazon.in/gp/bestsellers/books/4149751031,9390239206,9789390239207,http://books.google.com/books/content?id=ayzF0QEACAAJ&printsec=frontcover&img=1&zoom=1&source=gbs_api
9789386298225,2787,Library Science,RPH Editorial Board,Exam Preparation,"Arts, Design and Education Exams",Paperback,₹124.00,4.0,128.0,https://www.amazon.in/Library-Science-RPH-Editorial-Board/dp/9386298228/ref=zg_bs_g_22934500031_d_sccl_8/000-0000000-0000000?psc=1,15,https://www.amazon.in/gp/bestsellers/books/4149751031,9386298228,9789386298225,http://books.google.com/books/content?id=mbwIzgEACAAJ&printsec=frontcover&img=1&zoom=1&source=gbs_api
9789390297306,2788,"NEST 2024 : National Entrance Screening Test (General Aptitude, Physics, Chemistry, Mathematics, Biology) - 10 Mock Tests (Solved Questions) with Free Access to Online Tests",EduGorilla Prep Experts,Exam Preparation,"Arts, Design and Education Exams",Paperback,₹155.00,4.0,121.0,https://www.amazon.in/NEST-2023-Screening-Chemistry-Mathematics/dp/939023915X/ref=zg_bs_g_22934500031_d_sccl_9/000-0000000-0000000?psc=1,15,https://www.amazon.in/gp/bestsellers/books/4149751031,9390297303,9789390297306,http://books.google.com/books/content?id=h2aczwEACAAJ&printsec=frontcover&img=1&zoom=1&source=gbs_api
9789388642101,2790,CUET-PG : B.Ed. Entrance Exam – Previous Years' Papers (Solved),RPH Editorial Board,Exam Preparation,"Arts, Design and Education Exams",Paperback,₹89.00,4.0,15.0,https://www.amazon.in/CUCET-Entrance-Previous-Papers-Solved/dp/9390744474/ref=zg_bs_g_22934500031_d_sccl_11/000-0000000-0000000?psc=1,15,https://www.amazon.in/gp/bestsellers/books/4149751031,9388642104,9789388642101,http://books.google.com/books/content?id=NewJzgEACAAJ&printsec=frontcover&img=1&zoom=1&source=gbs_api
9789350125175,2792,IGNOU B.Ed. Entrance Test: Previous Years Papers (Solved),RPH Editorial Board,Exam Preparation,"Arts, Design and Education Exams",Paperback,₹230.00,4.1,93.0,https://www.amazon.in/IGNOU-B-Ed-Entrance-Test-Previous/dp/935012517X/ref=zg_bs_g_22934500031_d_sccl_13/000-0000000-0000000?psc=1,15,https://www.amazon.in/gp/bestsellers/books/4149751031,935012517X,9789350125175,http://books.google.com/books/content?id=rz9CzgEACAAJ&printsec=frontcover&img=1&zoom=1&source=gbs_api
9789389480481,2796,JNU: MA (History) Entrance Exam Guide,RPH Editorial Board,Exam Preparation,"Arts, Design and Education Exams",Paperback,₹339.00,4.2,157.0,https://www.amazon.in/JNU-History-Entrance-Exam-Guide/dp/9389480485/ref=zg_bs_g_22934500031_d_sccl_17/000-0000000-0000000?psc=1,15,https://www.amazon.in/gp/bestsellers/books/4149751031,9389480485,9789389480481,http://books.google.com/books/content?id=Y4IJzgEACAAJ&printsec=frontcover&img=1&zoom=1&source=gbs_api
9789386298195,2797,Steps to Architecture: B.Arch - NATA/JEE (Main) Exam Guide,NIMISH MADAN,Exam Preparation,"Arts, Design and Education Exams",Paperback,₹799.00,4.6,20.0,https://www.amazon.in/Steps-Architecture-B-Arch-NATA-Guide/dp/9354772056/ref=zg_bs_g_22934500031_d_sccl_18/000-0000000-0000000?psc=1,15,https://www.amazon.in/gp/bestsellers/books/4149751031,9386298198,9789386298195,http://books.google.com/books/content?id=itnFzQEACAAJ&printsec=frontcover&img=1&zoom=1&source=gbs_api
9789355558930,2803,"MTG 36 Years NEET Previous Year Solved Question Papers with NEET PYQ Chapterwise Topicwise Solutions - Physics, Chemistry & Biology For NEET Exam 2024 As Per NMC NEET Rationalised Syllabus | Get Free access of Smart Book",MTG Editorial Board,Exam Preparation,Medical Entrance,Paperback,₹899.00,4.4,543.0,https://www.amazon.in/Previous-Question-Chapterwise-Topicwise-Solutions/dp/935555897X/ref=zg_bs_g_4149762031_d_sccl_4/000-0000000-0000000?psc=1,15,https://www.amazon.in/gp/bestsellers/books/4149751031,9355558937,9789355558930,http://books.google.com/books/content?id=eV_pEAAAQBAJ&printsec=frontcover&img=1&zoom=1&edge=curl&source=gbs_api
9789358897920,2806,Arihant Test Drive 15 Practice Sets For NEET UG 2024 | Latest NMC Syllabus |3000 Most Probable Questions | Problem Solving Tactics | Completely Solved NEET 2023 Paper | Supplement for newly added Topics,"Anuksha Arora Ajay Kumar, Swati Chauhan ",Exam Preparation,Medical Entrance,Paperback,₹249.00,4.6,83.0,https://www.amazon.in/Practice-Syllabus-Questions-Completely-Supplement/dp/9358897929/ref=zg_bs_g_4149762031_d_sccl_7/000-0000000-0000000?psc=1,15,https://www.amazon.in/gp/bestsellers/books/4149751031,9358897929,9789358897920,http://books.google.com/books/content?id=XhBY0AEACAAJ&printsec=frontcover&img=1&zoom=1&source=gbs_api
9789359585314,2816,"Oswaal NTA NEET (UG) 10 Mock Test Papers | As Per NMC NEET Updated Syllabus | Physics, Chemistry, Biology | 2000+ Practice Questions For 2024 Exam",Oswaal Editorial Board,Exam Preparation,Medical Entrance,Paperback,₹466.00,4.5,45.0,https://www.amazon.in/Updated-Syllabus-Chemistry-Practice-Questions/dp/9357284354/ref=zg_bs_g_4149762031_d_sccl_17/000-0000000-0000000?psc=1,15,https://www.amazon.in/gp/bestsellers/books/4149751031,9359585319,9789359585314,http://books.google.com/books/content?id=h33x0QEACAAJ&printsec=frontcover&img=1&zoom=1&source=gbs_api
9789356344846,2822,"Oswaal NTA NEET (UG) PLUS Supplement for Additional Topics (Physics, Chemistry, Biology) (For 2024 Exam) | As Per NMC NEET updated Syllabus",Oswaal Editorial Board,Exam Preparation,Medical Entrance,Paperback,₹118.00,4.2,93.0,https://www.amazon.in/Supplement-Additional-Physics-Chemistry-Syllabus/dp/9356344841/ref=zg_bs_g_4149762031_d_sccl_23/000-0000000-0000000?psc=1,15,https://www.amazon.in/gp/bestsellers/books/4149751031,9356344841,9789356344846,http://books.google.com/books/content?id=ZGviEAAAQBAJ&printsec=frontcover&img=1&zoom=1&edge=curl&source=gbs_api
9789359584362,2827,"Oswaal NTA 36 Years NEET UG Solved Papers Chapterwise & Topicwise Physics, Chemistry & Biology 1988-2023 (Set Of 3 Books) (For 2024 Exam)",Oswaal Editorial Board,Exam Preparation,Medical Entrance,Product Bundle,₹988.00,4.4,135.0,https://www.amazon.in/Chapterwise-Topicwise-Physics-Chemistry-1988-2023/dp/9357280227/ref=zg_bs_g_4149762031_d_sccl_28/000-0000000-0000000?psc=1,15,https://www.amazon.in/gp/bestsellers/books/4149751031,9359584363,9789359584362,http://books.google.com/books/content?id=Fqjx0QEACAAJ&printsec=frontcover&img=1&zoom=1&source=gbs_api
9781393638063,2832,PW Objective NCERT Punch Biology for Competitive Exams (NEET and CUET) | Includes A&R and Statement Type Questions Edition 2023-2024,Dr. Vipin Kumar Sharma,Exam Preparation,Medical Entrance,Paperback,₹799.00,4.3,117.0,https://www.amazon.in/Objective-Competitive-Statement-Questions-2023-2024/dp/8119211553/ref=zg_bs_g_4149762031_d_sccl_3/000-0000000-0000000?psc=1,15,https://www.amazon.in/gp/bestsellers/books/4149751031,1393638066,9781393638063,http://books.google.com/books/content?id=uEQmygEACAAJ&printsec=frontcover&img=1&zoom=1&source=gbs_api
9789359587615,2834,Oswaal NEET (UG) 36 Years Chapter-wise Topic-wise Solved Papers Chemistry For 2024 Exams ( New Edition),Oswaal Editorial Board,Exam Preparation,Medical Entrance,Paperback,₹620.00,4.8,15.0,https://www.amazon.in/Oswaal-Chapter-wise-Topic-wise-Solved-Chemistry/dp/9359587613/ref=zg_bs_g_4149762031_d_sccl_5/000-0000000-0000000?psc=1,15,https://www.amazon.in/gp/bestsellers/books/4149751031,9359587613,9789359587615,http://books.google.com/books/content?id=2OTy0QEACAAJ&printsec=frontcover&img=1&zoom=1&source=gbs_api
9789359981185,2836,Objective NCERT Punch Physics for Competitive Exams (NEET and CUET) Edition 2023-2024 | Dr. Manish Raj (MR Sir) l Including NEET PYQs l 100% NCERT Based Topic-wise Questions l Highlighted Rationalised Content (RC) from Latest NCERT,Dr. Manish Raj (M.R. Sir),Exam Preparation,Medical Entrance,Paperback,₹540.00,4.6,53.0,https://www.amazon.in/Objective-Competitive-Topic-wise-Highlighted-Rationalised/dp/8119211545/ref=zg_bs_g_4149762031_d_sccl_7/000-0000000-0000000?psc=1,15,https://www.amazon.in/gp/bestsellers/books/4149751031,9359981184,9789359981185,http://books.google.com/books/content?id=aZcM0QEACAAJ&printsec=frontcover&img=1&zoom=1&source=gbs_api
9789368402695,2840,PW Objective NCERT Punch Chemistry for Competitive Exams (NEET | JEE | CUET) | Includes A&R and Statement Type Questions Edition 2023-2024,Pankaj Sijariya,Exam Preparation,Medical Entrance,Paperback,₹549.00,4.4,66.0,https://www.amazon.in/Objective-Chemistry-Competitive-Statement-Questions/dp/8119211588/ref=zg_bs_g_4149762031_d_sccl_11/000-0000000-0000000?psc=1,15,https://www.amazon.in/gp/bestsellers/books/4149751031,9368402698,9789368402695,http://books.google.com/books/content?id=kO9W0QEACAAJ&printsec=frontcover&img=1&zoom=1&source=gbs_api
9789355641250,2842,Errorless 36 Previous Years NTA NEET (UG) Physics Chapter-wise & Topic-wise Solved Papers (2023 - 1988) with Value Added Notes 18th Edition | PYQs Question Bank |,Disha Experts,Exam Preparation,Medical Entrance,Paperback,₹299.00,4.5,91.0,https://www.amazon.in/Errorless-Previous-Chapterwise-Topicwise-Question/dp/9355644140/ref=zg_bs_g_4149762031_d_sccl_13/000-0000000-0000000?psc=1,15,https://www.amazon.in/gp/bestsellers/books/4149751031,9355641257,9789355641250,http://books.google.com/books/content?id=s0aOzwEACAAJ&printsec=frontcover&img=1&zoom=1&source=gbs_api
9789362258601,2844,Errorless 36 Previous Years NTA NEET (UG) Chemistry Chapter-wise & Topic-wise Solved Papers (2023 - 1988) with Value Added Notes 18th Edition | PYQs Question Bank |,Disha Experts,Exam Preparation,Medical Entrance,Paperback,₹299.00,4.5,96.0,https://www.amazon.in/Errorless-Previous-Chemistry-Chapterwise-Topicwise/dp/9355644515/ref=zg_bs_g_4149762031_d_sccl_15/000-0000000-0000000?psc=1,15,https://www.amazon.in/gp/bestsellers/books/4149751031,9362258609,9789362258601,http://books.google.com/books/content?id=kuvV0QEACAAJ&printsec=frontcover&img=1&zoom=1&source=gbs_api
9789348203168,2845,PW 45 Days NEET Most Wanted Physics for NEET UG 2024 Chapter wise Revision Based on 80-20 rule with Sample Papers and Handpicked Past Year Questions,Subhash Azad,Exam Preparation,Medical Entrance,Paperback,₹360.00,5.0,8.0,https://www.amazon.in/Physics-Chapter-Revision-Handpicked-Questions/dp/9360349704/ref=zg_bs_g_4149762031_d_sccl_16/000-0000000-0000000?psc=1,15,https://www.amazon.in/gp/bestsellers/books/4149751031,9348203169,9789348203168,http://books.google.com/books/content?id=pcVuEQAAQBAJ&printsec=frontcover&img=1&zoom=1&source=gbs_api
9789352036592,2846,Handbook of Mathematics,Arihant Experts,Exam Preparation,Medical Entrance,Paperback,₹165.90,4.4,2969.0,https://www.amazon.in/Handbook-Mathematics-Arihant-Experts/dp/9313196506/ref=zg_bs_g_4149762031_d_sccl_17/000-0000000-0000000?psc=1,15,https://www.amazon.in/gp/bestsellers/books/4149751031,935203659X,9789352036592,http://books.google.com/books/content?id=z7NgzgEACAAJ&printsec=frontcover&img=1&zoom=1&source=gbs_api
9789324192660,2862,CCC Course on Computer Concepts,Arihant Experts,Exam Preparation,Polytechnics & ITI,Paperback,₹119.00,4.0,255.0,https://www.amazon.in/Course-Computer-Concepts-Arihant-Experts/dp/9324192663/ref=zg_bs_g_4149780031_d_sccl_13/000-0000000-0000000?psc=1,15,https://www.amazon.in/gp/bestsellers/books/4149751031,9324192663,9789324192660,http://books.google.com/books/content?id=vKszEAAAQBAJ&printsec=frontcover&img=1&zoom=1&edge=curl&source=gbs_api
9789325792708,2874,Uttar Pradesh Polytechnic Joint Entrance Exam 2023,Arihant Experts,Exam Preparation,Polytechnics & ITI,Paperback,₹230.94,4.0,32.0,https://www.amazon.in/Uttar-Pradesh-Polytechnic-Joint-Entrance/dp/9327192583/ref=zg_bs_g_4149780031_d_sccl_25/000-0000000-0000000?psc=1,15,https://www.amazon.in/gp/bestsellers/books/4149751031,9325792702,9789325792708,http://books.google.com/books/content?id=E9_mzgEACAAJ&printsec=frontcover&img=1&zoom=1&source=gbs_api
9789325798014,2875,Pathfinder CDS Combined Defence Services Entrance Examination,Arihant Experts,Exam Preparation,Polytechnics & ITI,Paperback,₹450.00,4.4,2600.0,https://www.amazon.in/Pathfinder-Combined-Services-Entrance-Examination/dp/B0843DM6HL/ref=zg_bs_g_4149780031_d_sccl_26/000-0000000-0000000?psc=1,15,https://www.amazon.in/gp/bestsellers/books/4149751031,9325798018,9789325798014,http://books.google.com/books/content?id=xMhUEAAAQBAJ&printsec=frontcover&img=1&zoom=1&edge=curl&source=gbs_api
9788174822413,2892,Objective Electrical Engineering,P.K. Mishra,Exam Preparation,Polytechnics & ITI,Paperback,₹94.00,3.9,441.0,https://www.amazon.in/Objective-Electrical-Engineering-P-K-Mishra/dp/8174822410/ref=zg_bs_g_4149780031_d_sccl_13/000-0000000-0000000?psc=1,15,https://www.amazon.in/gp/bestsellers/books/4149751031,8174822410,9788174822413,http://books.google.com/books/content?id=IaiiBQAAQBAJ&printsec=frontcover&img=1&zoom=1&source=gbs_api
9788173177941,2894,Asian Welder Trade Theory (Sector - Capital Goods & Manufacturing) NSQF Level - 3 for Semester 1st & 2nd,G.S. Sethi,Exam Preparation,Polytechnics & ITI,Paperback,₹299.00,4.0,78.0,https://www.amazon.in/Welder-Electric-Theory-Assignment-Test-Sol/dp/8173177570/ref=zg_bs_g_4149780031_d_sccl_15/000-0000000-0000000?psc=1,15,https://www.amazon.in/gp/bestsellers/books/4149751031,8173177945,9788173177941,http://books.google.com/books/content?id=a1MN0AEACAAJ&printsec=frontcover&img=1&zoom=1&source=gbs_api
9780071775304,2901,CRUCIAL CONVERSATIONS,Joseph Grenny,Exam Preparation,Professional Certification Exams,Paperback,₹576.00,4.6,1048.0,https://www.amazon.in/CRUCIAL-CONVERSATIONS-Joseph-Grenny/dp/9355323352/ref=zg_bs_g_4149802031_d_sccl_2/000-0000000-0000000?psc=1,15,https://www.amazon.in/gp/bestsellers/books/4149751031,0071775307,9780071775304,http://books.google.com/books/content?id=JcOXKQEACAAJ&printsec=frontcover&img=1&zoom=1&source=gbs_api
9789355216403,2903,"Important Judgments of Supreme Court for UPSC, State Service and Other Competitive Examination in Hindi",IAS (Retd.) Dr. Pramod Kumar Agrawal,Exam Preparation,Professional Certification Exams,Paperback,₹165.00,4.0,22.0,https://www.amazon.in/Important-Judgments-Supreme-Competitive-Examination/dp/9355216408/ref=zg_bs_g_4149802031_d_sccl_4/000-0000000-0000000?psc=1,15,https://www.amazon.in/gp/bestsellers/books/4149751031,9355216408,9789355216403,http://books.google.com/books/content?id=4ePWEAAAQBAJ&printsec=frontcover&img=1&zoom=1&source=gbs_api
9788178123684,2909,Teaching Aptitude & Teaching Attitude,RPH Editorial Board,Exam Preparation,Professional Certification Exams,Paperback,₹80.00,4.0,718.0,https://www.amazon.in/Teaching-Aptitude-Atitude-Recruitment-Examinations/dp/8178123657/ref=zg_bs_g_4149802031_d_sccl_10/000-0000000-0000000?psc=1,15,https://www.amazon.in/gp/bestsellers/books/4149751031,8178123681,9788178123684,http://books.google.com/books/content?id=IBIzzgEACAAJ&printsec=frontcover&img=1&zoom=1&source=gbs_api
9788173158759,2911,Super Speed Computer Course,Shashank Johari,Exam Preparation,Professional Certification Exams,Paperback,₹263.30,3.6,163.0,https://www.amazon.in/Super-Computer-Course-Shashank-Johari/dp/8173158762/ref=zg_bs_g_4149802031_d_sccl_12/000-0000000-0000000?psc=1,15,https://www.amazon.in/gp/bestsellers/books/4149751031,8173158754,9788173158759,http://books.google.com/books/content?id=ccVhDwAAQBAJ&printsec=frontcover&img=1&zoom=1&edge=curl&source=gbs_api
9789350121665,2916,CTET: Paper-II (Class VI to VIII) Mathematics & Science Teacher Posts - Previous Years' Papers & Practice Test Papers (Solved),RPH Editorial Board,Exam Preparation,Professional Certification Exams,Paperback,₹213.00,4.2,563.0,https://www.amazon.in/CTET-STETs-Practice-Previous-Paper-II/dp/9350123754/ref=zg_bs_g_4149802031_d_sccl_17/000-0000000-0000000?psc=1,15,https://www.amazon.in/gp/bestsellers/books/4149751031,9350121662,9789350121665,http://books.google.com/books/content?id=N3A1zgEACAAJ&printsec=frontcover&img=1&zoom=1&source=gbs_api
9789386845641,2918,CTET: Paper-II (Class VI to VIII) Social Studies Teacher Posts — Previous Years' Papers & Practice Test Papers (Solved),RPH Editorial Board,Exam Preparation,Professional Certification Exams,Paperback,₹349.00,4.4,380.0,https://www.amazon.in/CTET-Teachers-Paper-II-Previous-Practice/dp/9350123770/ref=zg_bs_g_4149802031_d_sccl_19/000-0000000-0000000?psc=1,15,https://www.amazon.in/gp/bestsellers/books/4149751031,9386845644,9789386845641,http://books.google.com/books/content?id=nZE1zgEACAAJ&printsec=frontcover&img=1&zoom=1&source=gbs_api
9789387604209,2921,DSSSB: Social Science (TGT) Teachers Recruitment Exam Guide,RPH Editorial Board,Exam Preparation,Professional Certification Exams,Paperback,₹260.00,3.8,35.0,https://www.amazon.in/DSSSB-Teachers-Social-Science-Guide/dp/9387604209/ref=zg_bs_g_4149802031_d_sccl_22/000-0000000-0000000?psc=1,15,https://www.amazon.in/gp/bestsellers/books/4149751031,9387604209,9789387604209,http://books.google.com/books/content?id=uzgKzgEACAAJ&printsec=frontcover&img=1&zoom=1&source=gbs_api
9788178125046,2922,NTA-UGC-NET/JRF: Political Science (Paper I & Paper II) Previous Years Papers (Solved),RPH Editorial Board,Exam Preparation,Professional Certification Exams,Paperback,₹450.00,4.2,261.0,https://www.amazon.in/CBSE-UGC-NET-Political-Science-Previous-Papers/dp/8178125048/ref=zg_bs_g_4149802031_d_sccl_23/000-0000000-0000000?psc=1,15,https://www.amazon.in/gp/bestsellers/books/4149751031,8178125048,9788178125046,http://books.google.com/books/content?id=emIgzgEACAAJ&printsec=frontcover&img=1&zoom=1&source=gbs_api
9789313197133,2923,Post Graduate Entrance Examinations Chemistry,Arihant Experts,Exam Preparation,Professional Certification Exams,Paperback,₹206.00,4.0,205.0,https://www.amazon.in/Post-Graduate-Entrance-Examinations-Chemistry/dp/9313190095/ref=zg_bs_g_4149802031_d_sccl_24/000-0000000-0000000?psc=1,15,https://www.amazon.in/gp/bestsellers/books/4149751031,9313197138,9789313197133,http://books.google.com/books/content?id=jhrzDwAAQBAJ&printsec=frontcover&img=1&zoom=1&edge=curl&source=gbs_api
9789325794917,2925,GGSIPU B.Ed. Bachelor of Education Entrance Exam 2022,Arihant Experts,Exam Preparation,Professional Certification Exams,Paperback,₹314.00,4.1,10.0,https://www.amazon.in/GGSIPU-B-Ed-Bachelor-Education-Entrance/dp/9325798735/ref=zg_bs_g_4149802031_d_sccl_26/000-0000000-0000000?psc=1,15,https://www.amazon.in/gp/bestsellers/books/4149751031,9325794918,9789325794917,http://books.google.com/books/content?id=RKJKEAAAQBAJ&printsec=frontcover&img=1&zoom=1&edge=curl&source=gbs_api
9798630240729,2932,AWS Certified Solutions Architect Associate (SAA-C02): One Thousand One Hundred (1100) Practice Questions & 2 Practice Exams,Avinash Thakur,Exam Preparation,Professional Certification Exams,Kindle Edition,₹199.00,4.3,116.0,https://www.amazon.in/Certified-Solutions-Architect-Associate-SAA-C02-ebook/dp/B0867LLJSJ/ref=zg_bs_g_4149802031_d_sccl_3/000-0000000-0000000?psc=1,15,https://www.amazon.in/gp/bestsellers/books/4149751031,,9798630240729,http://books.google.com/books/content?id=0oJ3zQEACAAJ&printsec=frontcover&img=1&zoom=1&source=gbs_api
9781264842292,2940,"CCSP Certified Cloud Security Professional All-in-One Exam Guide, Third Edition",Daniel Carter,Exam Preparation,Professional Certification Exams,Paperback,"₹3,788.33",4.4,21.0,https://www.amazon.in/Certified-Cloud-Security-Professional-Guide/dp/1264842201/ref=zg_bs_g_4149802031_d_sccl_11/000-0000000-0000000?psc=1,15,https://www.amazon.in/gp/bestsellers/books/4149751031,1264842295,9781264842292,http://books.google.com/books/content?id=YI6VEAAAQBAJ&printsec=frontcover&img=1&zoom=1&source=gbs_api
9788194742616,2941,IC-38 Life Insurance,Mohinder Singh Kamboj,Exam Preparation,Professional Certification Exams,Kindle Edition,₹60.00,5.0,1.0,https://www.amazon.in/IC-38-Insurance-Mohinder-Singh-Kamboj-ebook/dp/B09LZ9QPZN/ref=zg_bs_g_4149802031_d_sccl_12/000-0000000-0000000?psc=1,15,https://www.amazon.in/gp/bestsellers/books/4149751031,8194742617,9788194742616,http://books.google.com/books/content?id=qx8AEAAAQBAJ&printsec=frontcover&img=1&zoom=1&source=gbs_api
9789354881008,2945,UPSC CIVIL SERVICES Preliminary Exam-2021 27 years Topic-Wise Solved Papers 1995–2021 General Studies & CSAT Paper-I & II: Your Ultimate UPSC Preparation Guide by Dr. Manish Rannjan (IAS),Dr. Manish Rannjan (IAS),Exam Preparation,Professional Certification Exams,Kindle Edition,₹321.30,4.2,101.0,https://www.amazon.in/SERVICES-Preliminary-Exam-2021-Topic-Wise-1995-2021-ebook/dp/B09Q66XV93/ref=zg_bs_g_4149802031_d_sccl_16/000-0000000-0000000?psc=1,15,https://www.amazon.in/gp/bestsellers/books/4149751031,9354881009,9789354881008,http://books.google.com/books/content?id=5rdQEAAAQBAJ&printsec=frontcover&img=1&zoom=1&edge=curl&source=gbs_api
9781260467369,2947,"CISSP All-in-One Exam Guide, Ninth Edition",Fernando Maymi,Exam Preparation,Professional Certification Exams,Audible Audiobook,"₹1,172.00",4.7,329.0,https://www.amazon.in/CISSP-All-One-Guide-Ninth/dp/B0C5YFDFWR/ref=zg_bs_g_4149802031_d_sccl_18/000-0000000-0000000?psc=1,15,https://www.amazon.in/gp/bestsellers/books/4149751031,1260467368,9781260467369,http://books.google.com/books/content?id=HgBHEAAAQBAJ&printsec=frontcover&img=1&zoom=1&source=gbs_api
9789327198010,2948,"Legal Aptitude & Legal Studies for All Law Entrance Examinations CLAT, AILET,AMU, DU, JMI,CUET",Pawan Kumar Varshney,Exam Preparation,Professional Certification Exams,Paperback,₹299.00,4.2,36.0,https://www.amazon.in/Legal-Aptitude-Studies-Entrance-Examinations/dp/9327198018/ref=zg_bs_g_4149802031_d_sccl_19/000-0000000-0000000?psc=1,15,https://www.amazon.in/gp/bestsellers/books/4149751031,9327198018,9789327198010,http://books.google.com/books/content?id=tsu5zwEACAAJ&printsec=frontcover&img=1&zoom=1&source=gbs_api
9789390711956,2949,Child Development & Pedagogy for CTET & STET (Paper 1 & 2) with Past Questions 4th Edition [Paperback] Disha Experts,Disha Experts,Exam Preparation,Professional Certification Exams,Paperback,₹154.00,4.2,191.0,https://www.amazon.in/Child-Development-Pedagogy-Paper-Questions/dp/9390711959/ref=zg_bs_g_4149802031_d_sccl_20/000-0000000-0000000?psc=1,15,https://www.amazon.in/gp/bestsellers/books/4149751031,9390711959,9789390711956,http://books.google.com/books/content?id=GuwxEAAAQBAJ&printsec=frontcover&img=1&zoom=1&edge=curl&source=gbs_api
9781471406454,2951,The Cruel Prince (The Folk of the Air),Holly Black,"Fantasy, Horror & Science Fiction",Fantasy,Kindle Edition,₹310.78,4.5,41642.0,https://www.amazon.in/Cruel-Prince-Folk-Air-ebook/dp/B071XQ6H38/ref=zg_bs_g_1318163031_d_sccl_2/000-0000000-0000000?psc=1,3,https://www.amazon.in/gp/bestsellers/books/1402038031,1471406458,9781471406454,http://books.google.com/books/content?id=Y_OktAEACAAJ&printsec=frontcover&img=1&zoom=1&source=gbs_api
9781760788629,2952,Before the Coffee Gets Cold,Toshikazu Kawaguchi,"Fantasy, Horror & Science Fiction",Fantasy,Paperback,₹361.00,4.3,16402.0,https://www.amazon.in/Before-Coffee-Gets-Toshikazu-Kawaguchi/dp/1035035057/ref=zg_bs_g_1318163031_d_sccl_3/000-0000000-0000000?psc=1,3,https://www.amazon.in/gp/bestsellers/books/1402038031,1760788627,9781760788629,http://books.google.com/books/content?id=vY2gDwAAQBAJ&printsec=frontcover&img=1&zoom=1&source=gbs_api
9789354407338,2953,The Kalki Trilogy Set of 3 Books Avatar of Vishnu Eye of Brahma Sword of Shiva,Kevin Missal,"Fantasy, Horror & Science Fiction",Fantasy,Paperback,₹599.00,4.4,195.0,https://www.amazon.in/Kalki-Trilogy-Set-Books-Avatar/dp/9354407331/ref=zg_bs_g_1318163031_d_sccl_4/000-0000000-0000000?psc=1,3,https://www.amazon.in/gp/bestsellers/books/1402038031,9354407331,9789354407338,http://books.google.com/books/content?id=_v_O0AEACAAJ&printsec=frontcover&img=1&zoom=1&source=gbs_api
9780593438374,2958,Dune,Frank Herbert,"Fantasy, Horror & Science Fiction",Fantasy,Mass Market Paperback,₹344.00,4.5,88530.0,https://www.amazon.in/Dune-Frank-Herbert/dp/0441172717/ref=zg_bs_g_1318163031_d_sccl_9/000-0000000-0000000?psc=1,3,https://www.amazon.in/gp/bestsellers/books/1402038031,059343837X,9780593438374,http://books.google.com/books/content?id=AQk_EAAAQBAJ&printsec=frontcover&img=1&zoom=1&source=gbs_api
9781623651442,2963,"The Immortals of Meluha (Shiva Trilogy Book 1) (Shiva, 1)",Amish Tripathi,"Fantasy, Horror & Science Fiction",Fantasy,Paperback,₹287.00,4.6,19571.0,https://www.amazon.in/Immortals-Meluha-Shiva-Trilogy-Book/dp/9356290520/ref=zg_bs_g_1318163031_d_sccl_14/000-0000000-0000000?psc=1,3,https://www.amazon.in/gp/bestsellers/books/1402038031,1623651441,9781623651442,http://books.google.com/books/content?id=ofERBAAAQBAJ&printsec=frontcover&img=1&zoom=1&source=gbs_api
9780349436982,2965,Fourth Wing: DISCOVER THE INSTANT SUNDAY TIMES AND NUMBER ONE GLOBAL BESTSELLING PHENOMENON!* (The Empyrean),Rebecca Yarros,"Fantasy, Horror & Science Fiction",Fantasy,Kindle Edition,₹247.00,4.7,165909.0,https://www.amazon.in/Fourth-Wing-Discover-obsession-Empyrean-ebook/dp/B0BPP58HR2/ref=zg_bs_g_1318163031_d_sccl_16/000-0000000-0000000?psc=1,3,https://www.amazon.in/gp/bestsellers/books/1402038031,0349436983,9780349436982,http://books.google.com/books/content?id=EP-gEAAAQBAJ&printsec=frontcover&img=1&zoom=1&source=gbs_api
9780671461492,2968,Hitchhiker's Guide to the Galaxy,Douglas Adams,"Fantasy, Horror & Science Fiction",Fantasy,Audible Audiobook,₹323.00,4.4,22039.0,https://www.amazon.in/Hitchhikers-Guide-to-the-Galaxy/dp/B07B61ZKNM/ref=zg_bs_g_1318163031_d_sccl_19/000-0000000-0000000?psc=1,3,https://www.amazon.in/gp/bestsellers/books/1402038031,0671461494,9780671461492,http://books.google.com/books/content?id=gNwQpoCxe0QC&printsec=frontcover&img=1&zoom=1&source=gbs_api
9789362145369,2974,Premchand ki Anmol Kahaniya (Hindi),Munshi Premchand,"Fantasy, Horror & Science Fiction",Fantasy,Paperback,₹165.00,4.3,152.0,https://www.amazon.in/Premchand-ki-Anmol-Kahaniya-Hindi/dp/9354401260/ref=zg_bs_g_1318163031_d_sccl_25/000-0000000-0000000?psc=1,3,https://www.amazon.in/gp/bestsellers/books/1402038031,9362145367,9789362145369,http://books.google.com/books/content?id=CVLVEQAAQBAJ&printsec=frontcover&img=1&zoom=1&edge=curl&source=gbs_api
9781408826133,2975,The Song of Achilles,Madeline Miller,"Fantasy, Horror & Science Fiction",Fantasy,Paperback,₹390.00,4.6,94523.0,https://www.amazon.in/Achilles-Bloomsbury-Publishing-Private-Limited/dp/938900022X/ref=zg_bs_g_1318163031_d_sccl_26/000-0000000-0000000?psc=1,3,https://www.amazon.in/gp/bestsellers/books/1402038031,1408826135,9781408826133,http://books.google.com/books/content?id=szMU9omwV0wC&printsec=frontcover&img=1&zoom=1&edge=curl&source=gbs_api
9789353451882,2976,Welcome to Paradise,Twinkle Khanna,"Fantasy, Horror & Science Fiction",Fantasy,Paperback,₹259.00,3.9,175.0,https://www.amazon.in/Welcome-Paradise-Twinkle-Khanna/dp/9353451884/ref=zg_bs_g_1318163031_d_sccl_27/000-0000000-0000000?psc=1,3,https://www.amazon.in/gp/bestsellers/books/1402038031,9353451884,9789353451882,http://books.google.com/books/content?id=blRV0AEACAAJ&printsec=frontcover&img=1&zoom=1&source=gbs_api
9780349437057,2979,"Iron Flame: THE NUMBER ONE BESTSELLING SEQUEL TO THE GLOBAL PHENOMENON, FOURTH WING* (The Empyrean)",Rebecca Yarros,"Fantasy, Horror & Science Fiction",Fantasy,Kindle Edition,₹255.55,4.6,120057.0,https://www.amazon.in/Iron-Flame-Empyrean-Rebecca-Yarros-ebook/dp/B0BQQXS64D/ref=zg_bs_g_1318163031_d_sccl_30/000-0000000-0000000?psc=1,3,https://www.amazon.in/gp/bestsellers/books/1402038031,034943705X,9780349437057,http://books.google.com/books/content?id=X4fwzwEACAAJ&printsec=frontcover&img=1&zoom=1&source=gbs_api
9789380658797,2982,"The Secret Of The Nagas (Shiva Trilogy Book 2) (The Shiva Trilogy, 2)",Amish Tripathi,"Fantasy, Horror & Science Fiction",Fantasy,Paperback,₹271.00,4.6,13996.0,https://www.amazon.in/Secret-Nagas-Shiva-Trilogy-Book/dp/9356290601/ref=zg_bs_g_1318163031_d_sccl_3/000-0000000-0000000?psc=1,3,https://www.amazon.in/gp/bestsellers/books/1402038031,9380658796,9789380658797,http://books.google.com/books/content?id=SVEbvgAACAAJ&printsec=frontcover&img=1&zoom=1&source=gbs_api
9781780874005,2983,The Immortals of Meluha,Amish Tripathi,"Fantasy, Horror & Science Fiction",Fantasy,Audible Audiobook,₹210.00,4.6,19571.0,https://www.amazon.in/Audible-The-Immortals-of-Meluha/dp/B0BKCD5YSY/ref=zg_bs_g_1318163031_d_sccl_4/000-0000000-0000000?psc=1,3,https://www.amazon.in/gp/bestsellers/books/1402038031,1780874006,9781780874005,http://books.google.com/books/content?id=OpLMMAEACAAJ&printsec=frontcover&img=1&zoom=1&source=gbs_api
9781635577716,2989,A Court of Thorns and Roses Paperback Box Set (5 books),Sarah J. Maas,"Fantasy, Horror & Science Fiction",Fantasy,Product Bundle,"₹2,065.00",4.8,18234.0,https://www.amazon.in/Court-Thorns-Roses-Paperback-books/dp/1526662221/ref=zg_bs_g_1318163031_d_sccl_10/000-0000000-0000000?psc=1,3,https://www.amazon.in/gp/bestsellers/books/1402038031,1635577713,9781635577716,http://books.google.com/books/content?id=T_wkEAAAQBAJ&printsec=frontcover&img=1&zoom=1&source=gbs_api
9789362140258,2991,Premchand Ki Shreshth Kahaniyan (Hindi),Munshi Premchand,"Fantasy, Horror & Science Fiction",Fantasy,Paperback,₹139.00,4.3,333.0,https://www.amazon.in/Premchand-Ki-Shreshth-Kahaniyan-Hindi/dp/9354404189/ref=zg_bs_g_1318163031_d_sccl_12/000-0000000-0000000?psc=1,3,https://www.amazon.in/gp/bestsellers/books/1402038031,936214025X,9789362140258,http://books.google.com/books/content?id=6U3VEQAAQBAJ&printsec=frontcover&img=1&zoom=1&edge=curl&source=gbs_api
9781408865415,2992,"Harry Potter and the Prisoner of Azkaban, Book 3",J.K. Rowling,"Fantasy, Horror & Science Fiction",Fantasy,Audible Audiobook,₹999.00,4.8,74639.0,https://www.amazon.in/Harry-Potter-Prisoner-Azkaban-Book/dp/B079TM9NNT/ref=zg_bs_g_1318163031_d_sccl_13/000-0000000-0000000?psc=1,3,https://www.amazon.in/gp/bestsellers/books/1402038031,1408865416,9781408865415,http://books.google.com/books/content?id=y6DeDQAAQBAJ&printsec=frontcover&img=1&zoom=1&source=gbs_api
9789356995697,2993,Dwapar Katha: The Stories of the Mahabharata,Sudipta Bhawmik,"Fantasy, Horror & Science Fiction",Fantasy,Paperback,₹389.00,4.8,30.0,https://www.amazon.in/Dwapar-Katha-Mahabharata-Sudipta-Bhawmik/dp/9356995699/ref=zg_bs_g_1318163031_d_sccl_14/000-0000000-0000000?psc=1,3,https://www.amazon.in/gp/bestsellers/books/1402038031,9356995699,9789356995697,http://books.google.com/books/content?id=4FFl0AEACAAJ&printsec=frontcover&img=1&zoom=1&source=gbs_api
9781785766886,2995,River God: The Egyptian Series 1 (Egypt Series),Wilbur Smith,"Fantasy, Horror & Science Fiction",Fantasy,Kindle Edition,₹331.55,4.5,7308.0,https://www.amazon.in/River-God-Egyptian-1-Egypt-ebook/dp/B07892NCSF/ref=zg_bs_g_1318163031_d_sccl_16/000-0000000-0000000?psc=1,3,https://www.amazon.in/gp/bestsellers/books/1402038031,1785766880,9781785766886,http://books.google.com/books/content?id=cVG9tAEACAAJ&printsec=frontcover&img=1&zoom=1&source=gbs_api
9781681445038,2996,"The Oath Of The Vayuputras (Shiva Trilogy Book 3) (Shiva Trilogy, 3)",Amish Tripathi,"Fantasy, Horror & Science Fiction",Fantasy,Paperback,₹361.00,4.6,10563.0,https://www.amazon.in/Oath-Vayuputras-Shiva-Trilogy-Book/dp/9356290687/ref=zg_bs_g_1318163031_d_sccl_17/000-0000000-0000000?psc=1,3,https://www.amazon.in/gp/bestsellers/books/1402038031,1681445034,9781681445038,http://books.google.com/books/content?id=vPTaCgAAQBAJ&printsec=frontcover&img=1&zoom=1&source=gbs_api
9781250343178,2999,The Serpent and the Wings of Night (Crowns of Nyaxia Book 1),Carissa Broadbent,"Fantasy, Horror & Science Fiction",Fantasy,Kindle Edition,₹416.00,4.5,63916.0,https://www.amazon.in/Serpent-Wings-Night-Crowns-Nyaxia-ebook/dp/B09WRJJKXC/ref=zg_bs_g_1318163031_d_sccl_20/000-0000000-0000000?psc=1,3,https://www.amazon.in/gp/bestsellers/books/1402038031,1250343178,9781250343178,http://books.google.com/books/content?id=cCbHEAAAQBAJ&printsec=frontcover&img=1&zoom=1&source=gbs_api
9789389931891,3001,Ghosts of The Silent Hills: Stories based on true hauntings,Anita Krishan,"Fantasy, Horror & Science Fiction",Horror,Paperback,₹178.00,4.4,2726.0,https://www.amazon.in/Ghosts-Silent-Hills-Stories-hauntings/dp/9389717132/ref=zg_bs_g_1318165031_d_sccl_2/000-0000000-0000000?psc=1,3,https://www.amazon.in/gp/bestsellers/books/1402038031,9389931894,9789389931891,http://books.google.com/books/content?id=jlPVEQAAQBAJ&printsec=frontcover&img=1&zoom=1&edge=curl&source=gbs_api
9789354402173,3002,The Picture of Dorian Gray (Deluxe Hardbound Edition),Oscar Wilde,"Fantasy, Horror & Science Fiction",Horror,Hardcover,₹324.00,4.7,622.0,https://www.amazon.in/Picture-Dorian-Gray-Deluxe-Hardbound/dp/9354402178/ref=zg_bs_g_1318165031_d_sccl_3/000-0000000-0000000?psc=1,3,https://www.amazon.in/gp/bestsellers/books/1402038031,9354402178,9789354402173,http://books.google.com/books/content?id=FkLZzwEACAAJ&printsec=frontcover&img=1&zoom=1&source=gbs_api
9781387282258,3006,Dracula (Deluxe Hardbound Edition): A Timeless Novel of Gothic Fiction Vampire Novel Horror Classic Transylvania Victorian Era Supernatural Creatures ... and Bloodlust Perfect for Horror Enthusiasts,Bram Stoker,"Fantasy, Horror & Science Fiction",Horror,Hardcover,₹465.00,4.5,354.0,https://www.amazon.in/Dracula-Deluxe-Hardbound-Bram-Stoker/dp/9354403786/ref=zg_bs_g_1318165031_d_sccl_7/000-0000000-0000000?psc=1,3,https://www.amazon.in/gp/bestsellers/books/1402038031,1387282255,9781387282258,http://books.google.com/books/content?id=2_c6DwAAQBAJ&printsec=frontcover&img=1&zoom=1&edge=curl&source=gbs_api
9782280600705,3007,The Seven Year Slip: The new laugh-out-loud rom-com from the New York Times bestselling author of THE DEAD ROMANTICS,Ashley Poston,"Fantasy, Horror & Science Fiction",Horror,Paperback,₹499.00,4.4,969.0,https://www.amazon.in/Seven-Year-Slip-laugh-out-loud-bestselling/dp/0008566593/ref=zg_bs_g_1318165031_d_sccl_8/000-0000000-0000000?psc=1,3,https://www.amazon.in/gp/bestsellers/books/1402038031,2280600706,9782280600705,http://books.google.com/books/content?id=Q_AcEQAAQBAJ&printsec=frontcover&img=1&zoom=1&edge=curl&source=gbs_api
9780385535502,3009,"Night Circus, The",Erin Morgenstern,"Fantasy, Horror & Science Fiction",Horror,Paperback,₹339.00,4.4,42825.0,https://www.amazon.in/Night-Circus-Vintage-Magic/dp/0099570297/ref=zg_bs_g_1318165031_d_sccl_10/000-0000000-0000000?psc=1,3,https://www.amazon.in/gp/bestsellers/books/1402038031,0385535503,9780385535502,http://books.google.com/books/content?id=rPVUvwEACAAJ&printsec=frontcover&img=1&zoom=1&source=gbs_api
9789358568226,3011,50 World’s Greatest Horror Stories: Collectable Edition,Various,"Fantasy, Horror & Science Fiction",Horror,Paperback,₹179.00,4.1,315.0,https://www.amazon.in/Worlds-Greatest-Horror-Stories-Collectable/dp/9389053153/ref=zg_bs_g_1318165031_d_sccl_12/000-0000000-0000000?psc=1,3,https://www.amazon.in/gp/bestsellers/books/1402038031,9358568224,9789358568226,http://books.google.com/books/content?id=3lPVEQAAQBAJ&printsec=frontcover&img=1&zoom=1&edge=curl&source=gbs_api
9789357316354,3012,Shakchunni,Arnab Ray,"Fantasy, Horror & Science Fiction",Horror,Paperback,₹340.00,4.5,2.0,https://www.amazon.in/Shakchunni-Arnab-Ray/dp/9357318216/ref=zg_bs_g_1318165031_d_sccl_13/000-0000000-0000000?psc=1,3,https://www.amazon.in/gp/bestsellers/books/1402038031,9357316353,9789357316354,http://books.google.com/books/content?id=h3rwEAAAQBAJ&printsec=frontcover&img=1&zoom=1&source=gbs_api
9781471407772,3013,The Twisted Tree: An Amazon Kindle Bestseller: 'A creepy and evocative fantasy' The Sunday Times,Rachel Burge,"Fantasy, Horror & Science Fiction",Horror,Kindle Edition,₹277.11,4.1,2174.0,https://www.amazon.in/Twisted-Tree-Rachel-Burge-ebook/dp/B07B7PFMPX/ref=zg_bs_g_1318165031_d_sccl_14/000-0000000-0000000?psc=1,3,https://www.amazon.in/gp/bestsellers/books/1402038031,1471407772,9781471407772,http://books.google.com/books/content?id=S2hPDwAAQBAJ&printsec=frontcover&img=1&zoom=1&source=gbs_api
9781501143106,3015,MISERY (REISSUE),Stephen King,"Fantasy, Horror & Science Fiction",Horror,Paperback,₹417.00,4.5,11963.0,https://www.amazon.in/Misery-Stephen-King/dp/1444720716/ref=zg_bs_g_1318165031_d_sccl_16/000-0000000-0000000?psc=1,3,https://www.amazon.in/gp/bestsellers/books/1402038031,1501143107,9781501143106,http://books.google.com/books/content?id=cc5NCwAAQBAJ&printsec=frontcover&img=1&zoom=1&edge=curl&source=gbs_api
9781542046152,3018,Frankenstein (AmazonClassics Edition),Mary Shelley,"Fantasy, Horror & Science Fiction",Horror,Kindle Edition,₹122.55,4.4,23241.0,https://www.amazon.in/Frankenstein-AmazonClassics-Mary-Shelley-ebook/dp/B06ZXT4MRB/ref=zg_bs_g_1318165031_d_sccl_19/000-0000000-0000000?psc=1,3,https://www.amazon.in/gp/bestsellers/books/1402038031,1542046157,9781542046152,http://books.google.com/books/content?id=0aCeswEACAAJ&printsec=frontcover&img=1&zoom=1&source=gbs_api
9789354406249,3019,Ghosts in the Dark Silence,Anita Krishan,"Fantasy, Horror & Science Fiction",Horror,Paperback,₹206.00,4.2,213.0,https://www.amazon.in/Ghosts-Dark-Silence-Anita-Krishan/dp/9354406246/ref=zg_bs_g_1318165031_d_sccl_20/000-0000000-0000000?psc=1,3,https://www.amazon.in/gp/bestsellers/books/1402038031,9354406246,9789354406249,http://books.google.com/books/content?id=SRUQ0AEACAAJ&printsec=frontcover&img=1&zoom=1&source=gbs_api
9781473227996,3020,NINTH HOUSE: By the author of Shadow and Bone – now a Netflix Original Series,Leigh Bardugo,"Fantasy, Horror & Science Fiction",Horror,Paperback,₹389.00,4.4,22195.0,https://www.amazon.in/NINTH-HOUSE-author-Netflix-Original/dp/1473227984/ref=zg_bs_g_1318165031_d_sccl_21/000-0000000-0000000?psc=1,3,https://www.amazon.in/gp/bestsellers/books/1402038031,1473227992,9781473227996,http://books.google.com/books/content?id=wX2IDwAAQBAJ&printsec=frontcover&img=1&zoom=1&source=gbs_api
9781916277182,3022,CURSED BUNNY [Paperback] Bora Chung and Anton Hur,Bora Chung,"Fantasy, Horror & Science Fiction",Horror,Paperback,₹406.25,4.1,618.0,https://www.amazon.in/Cursed-Bunny-Bora-Chung/dp/939370161X/ref=zg_bs_g_1318165031_d_sccl_23/000-0000000-0000000?psc=1,3,https://www.amazon.in/gp/bestsellers/books/1402038031,1916277187,9781916277182,http://books.google.com/books/content?id=G-I2EAAAQBAJ&printsec=frontcover&img=1&zoom=1&edge=curl&source=gbs_api
9781250855145,3023,The Atlas Complex (Atlas series),Olivie Blake,"Fantasy, Horror & Science Fiction",Horror,Paperback,₹525.00,3.4,321.0,https://www.amazon.in/Atlas-Complex-Olivie-Blake/dp/1529095360/ref=zg_bs_g_1318165031_d_sccl_24/000-0000000-0000000?psc=1,3,https://www.amazon.in/gp/bestsellers/books/1402038031,1250855144,9781250855145,http://books.google.com/books/content?id=6FEKEQAAQBAJ&printsec=frontcover&img=1&zoom=1&source=gbs_api
9780525559733,3025,Bunny,Mona Awad,"Fantasy, Horror & Science Fiction",Horror,Paperback,₹304.00,3.7,8678.0,https://www.amazon.in/Bunny-Mona-Awad/dp/1788545443/ref=zg_bs_g_1318165031_d_sccl_26/000-0000000-0000000?psc=1,3,https://www.amazon.in/gp/bestsellers/books/1402038031,0525559736,9780525559733,http://books.google.com/books/content?id=EacrvQEACAAJ&printsec=frontcover&img=1&zoom=1&source=gbs_api
9780375703768,3026,House of Leaves: The Remastered Full-Color Edition,Mark Z. Danielewski,"Fantasy, Horror & Science Fiction",Horror,Paperback,"₹1,249.00",4.6,10671.0,https://www.amazon.in/House-Leaves-Remastered-Mark-Danielewski/dp/0375703764/ref=zg_bs_g_1318165031_d_sccl_27/000-0000000-0000000?psc=1,3,https://www.amazon.in/gp/bestsellers/books/1402038031,0375703764,9780375703768,http://books.google.com/books/content?id=o6NzGNODRjkC&printsec=frontcover&img=1&zoom=1&source=gbs_api
9798317901462,3027,Frankenstein (Deluxe Hardbound Edition),Mary Shelley,"Fantasy, Horror & Science Fiction",Horror,Hardcover,₹324.00,4.6,126.0,https://www.amazon.in/Frankenstein-Deluxe-Hardbound-Mary-Shelley/dp/9354406289/ref=zg_bs_g_1318165031_d_sccl_28/000-0000000-0000000?psc=1,3,https://www.amazon.in/gp/bestsellers/books/1402038031,,9798317901462,http://books.google.com/books/content?id=l9SOEQAAQBAJ&printsec=frontcover&img=1&zoom=1&edge=curl&source=gbs_api
9781409181682,3028,THE MAIDENS: The instant Sunday Times bestseller from the author of The Silent Patient,Alex Michaelides,"Fantasy, Horror & Science Fiction",Horror,Paperback,₹324.00,4.1,24007.0,https://www.amazon.in/Maidens-instant-Sunday-bestseller-Patient/dp/1409181685/ref=zg_bs_g_1318165031_d_sccl_29/000-0000000-0000000?psc=1,3,https://www.amazon.in/gp/bestsellers/books/1402038031,1409181685,9781409181682,http://books.google.com/books/content?id=GGeYzgEACAAJ&printsec=frontcover&img=1&zoom=1&source=gbs_api
9781324095323,3031,"Miss Kim Knows and Other Stories: The sensational new work from the author of Kim Jiyoung, Born 1982",Cho Nam-Joo,"Fantasy, Horror & Science Fiction",Horror,Kindle Edition,₹351.05,4.1,20.0,https://www.amazon.in/Miss-Kim-Knows-Other-Stories-ebook/dp/B0BLP6TW28/ref=zg_bs_g_1318165031_d_sccl_2/000-0000000-0000000?psc=1,3,https://www.amazon.in/gp/bestsellers/books/1402038031,1324095326,9781324095323,http://books.google.com/books/content?id=jdzuEAAAQBAJ&printsec=frontcover&img=1&zoom=1&edge=curl&source=gbs_api
9781442408944,3032,Aristotle and Dante Discover the Secrets of the Universe,Benjamin Alire Saenz,"Fantasy, Horror & Science Fiction",Horror,Paperback,₹315.00,4.6,14006.0,https://www.amazon.in/Aristotle-Dante-Discover-Secrets-Universe/dp/1442408936/ref=zg_bs_g_1318165031_d_sccl_3/000-0000000-0000000?psc=1,3,https://www.amazon.in/gp/bestsellers/books/1402038031,1442408944,9781442408944,http://books.google.com/books/content?id=hfAigqVXjAcC&printsec=frontcover&img=1&zoom=1&edge=curl&source=gbs_api
9798675385850,3035,The Metamorphosis (AmazonClassics Edition),Franz Kafka,"Fantasy, Horror & Science Fiction",Horror,Kindle Edition,₹51.45,4.1,908.0,https://www.amazon.in/Metamorphosis-AmazonClassics-Franz-Kafka-ebook/dp/B07W9LYXD9/ref=zg_bs_g_1318165031_d_sccl_6/000-0000000-0000000?psc=1,3,https://www.amazon.in/gp/bestsellers/books/1402038031,,9798675385850,http://books.google.com/books/content?id=FAe-zQEACAAJ&printsec=frontcover&img=1&zoom=1&source=gbs_api
9781250902450,3036,Inheritance (The Lost Bride Trilogy),Nora Roberts,"Fantasy, Horror & Science Fiction",Horror,Kindle Edition,₹538.65,4.7,14110.0,https://www.amazon.in/Inheritance-Lost-Bride-Trilogy-Book-ebook/dp/B0BXWT8SVR/ref=zg_bs_g_1318165031_d_sccl_7/000-0000000-0000000?psc=1,3,https://www.amazon.in/gp/bestsellers/books/1402038031,1250902452,9781250902450,http://books.google.com/books/content?id=-5W0EAAAQBAJ&printsec=frontcover&img=1&zoom=1&source=gbs_api
9788193655603,3037,Shunya: A Novel,Sri M,"Fantasy, Horror & Science Fiction",Horror,Paperback,₹271.00,4.3,1776.0,https://www.amazon.in/Shunya-Novel-Sri-M/dp/0143458604/ref=zg_bs_g_1318165031_d_sccl_8/000-0000000-0000000?psc=1,3,https://www.amazon.in/gp/bestsellers/books/1402038031,8193655605,9788193655603,http://books.google.com/books/content?id=B-NntgEACAAJ&printsec=frontcover&img=1&zoom=1&source=gbs_api
9780486784755,3039,Frankenstein,Mary Shelley,"Fantasy, Horror & Science Fiction",Horror,Paperback,₹183.33,4.4,23241.0,https://www.amazon.in/Frankenstein-Penguin-Classics-Mary-Shelley/dp/0141439475/ref=zg_bs_g_1318165031_d_sccl_10/000-0000000-0000000?psc=1,3,https://www.amazon.in/gp/bestsellers/books/1402038031,0486784754,9780486784755,http://books.google.com/books/content?id=9xHCAgAAQBAJ&printsec=frontcover&img=1&zoom=1&edge=curl&source=gbs_api
9780751583694,3041,Hidden Pictures: ‘The boldest double twist of the year’ The Times,Jason Rekulak,"Fantasy, Horror & Science Fiction",Horror,Paperback,₹500.00,4.4,34395.0,https://www.amazon.in/Hidden-Pictures-boldest-double-twist/dp/0751583707/ref=zg_bs_g_1318165031_d_sccl_12/000-0000000-0000000?psc=1,3,https://www.amazon.in/gp/bestsellers/books/1402038031,0751583693,9780751583694,http://books.google.com/books/content?id=f4pAEAAAQBAJ&printsec=frontcover&img=1&zoom=1&source=gbs_api
9781473228801,3044,Family Business: A horror full of creeping dread from the mind behind Thirteen Storeys and The Magnus Archives,Jonathan Sims,"Fantasy, Horror & Science Fiction",Horror,Paperback,₹305.15,4.5,209.0,https://www.amazon.in/Family-Business-creeping-Thirteen-Archives/dp/1473228794/ref=zg_bs_g_1318165031_d_sccl_15/000-0000000-0000000?psc=1,3,https://www.amazon.in/gp/bestsellers/books/1402038031,1473228808,9781473228801,http://books.google.com/books/content?id=r8l_EAAAQBAJ&printsec=frontcover&img=1&zoom=1&source=gbs_api
9783689951016,3046,Metamorphosis (Pocket Classics),Franz Kafka,"Fantasy, Horror & Science Fiction",Horror,Paperback,₹80.00,5.0,1.0,https://www.amazon.in/Metamorphosis-Pocket-Classics-Franz-Kafka/dp/8119623037/ref=zg_bs_g_1318165031_d_sccl_17/000-0000000-0000000?psc=1,3,https://www.amazon.in/gp/bestsellers/books/1402038031,3689951011,9783689951016,http://books.google.com/books/content?id=0GwrEQAAQBAJ&printsec=frontcover&img=1&zoom=1&edge=curl&source=gbs_api
9781680307672,3047,Mated to the Alpha King (A Royal's Tale Book 1),Jennise K,"Fantasy, Horror & Science Fiction",Horror,Kindle Edition,₹441.00,4.2,1478.0,https://www.amazon.in/Mated-Alpha-King-Jennise-K-ebook/dp/B01MQL2WPX/ref=zg_bs_g_1318165031_d_sccl_18/000-0000000-0000000?psc=1,3,https://www.amazon.in/gp/bestsellers/books/1402038031,1680307673,9781680307672,http://books.google.com/books/content?id=r1MYMQAACAAJ&printsec=frontcover&img=1&zoom=1&source=gbs_api
9789356294561,3048,The Haunting of Delhi City: Tales of the Supernatural,Jatin Bhasin,"Fantasy, Horror & Science Fiction",Horror,Kindle Edition,₹171.09,4.1,113.0,https://www.amazon.in/Haunting-Delhi-City-Tales-Supernatural-ebook/dp/B0BN4MKBX3/ref=zg_bs_g_1318165031_d_sccl_19/000-0000000-0000000?psc=1,3,https://www.amazon.in/gp/bestsellers/books/1402038031,9356294569,9789356294561,http://books.google.com/books/content?id=8GmdEAAAQBAJ&printsec=frontcover&img=1&zoom=1&source=gbs_api
9789387944763,3050,How to Finish Everything You Start,Jan Yager,"Health, Family & Personal Development",Personal Transformation,Kindle Edition,₹228.00,4.1,230.0,https://www.amazon.in/How-Finish-Everything-You-Start-ebook/dp/B07MB1C99V/ref=zg_bs_g_1318132031_d_sccl_1/000-0000000-0000000?psc=1,4,https://www.amazon.in/gp/bestsellers/books/1318128031,938794476X,9789387944763,http://books.google.com/books/content?id=bISqDwAAQBAJ&printsec=frontcover&img=1&zoom=1&edge=curl&source=gbs_api
9789388241908,3051,Atomic Habits,James Clear,"Health, Family & Personal Development",Personal Transformation,Paperback,₹510.00,4.6,90104.0,https://www.amazon.in/Atomic-Habits-James-Clear/dp/1847941834/ref=zg_bs_g_1318132031_d_sccl_2/000-0000000-0000000?psc=1,4,https://www.amazon.in/gp/bestsellers/books/1318128031,9388241908,9789388241908,http://books.google.com/books/content?id=WmqyDwAAQBAJ&printsec=frontcover&img=1&zoom=1&source=gbs_api
9781585095568,3052,The Power of Your Subconscious Mind: Original Edition | Premium Paperback,Joseph Murphy,"Health, Family & Personal Development",Personal Transformation,Paperback,₹115.00,4.5,81265.0,https://www.amazon.in/Power-Your-Subconscious-Mind/dp/8194790832/ref=zg_bs_g_1318132031_d_sccl_3/000-0000000-0000000?psc=1,4,https://www.amazon.in/gp/bestsellers/books/1318128031,1585095567,9781585095568,http://books.google.com/books/content?id=R2HEtAEACAAJ&printsec=frontcover&img=1&zoom=1&source=gbs_api
9781529902402,3053,Ikigai,Francesc Miralles,"Health, Family & Personal Development",Personal Transformation,Hardcover,₹368.00,4.6,52889.0,https://www.amazon.in/Ikigai-H%C3%A9ctor-Garc%C3%ADa/dp/178633089X/ref=zg_bs_g_1318132031_d_sccl_4/000-0000000-0000000?psc=1,4,https://www.amazon.in/gp/bestsellers/books/1318128031,1529902401,9781529902402,http://books.google.com/books/content?id=YBotzwEACAAJ&printsec=frontcover&img=1&zoom=1&source=gbs_api
9781647390983,3054,"Understanding Body Language: How to Decode Nonverbal Communication in Life, Love, and Work",Scott  Rouse,"Health, Family & Personal Development",Personal Transformation,Kindle Edition,₹215.00,4.5,1292.0,https://www.amazon.in/Understanding-Body-Language-Nonverbal-Communication-ebook/dp/B08PHGDPY7/ref=zg_bs_g_1318132031_d_sccl_5/000-0000000-0000000?psc=1,4,https://www.amazon.in/gp/bestsellers/books/1318128031,1647390982,9781647390983,http://books.google.com/books/content?id=zRQ3ywEACAAJ&printsec=frontcover&img=1&zoom=1&source=gbs_api
9781548318468,3059,"30 DAYS: Change your habits, Change your life",Marc Reklau,"Health, Family & Personal Development",Personal Transformation,Kindle Edition,₹201.40,4.4,2565.0,https://www.amazon.in/30-DAYS-Change-your-habits-ebook/dp/B07T1P4H6R/ref=zg_bs_g_1318132031_d_sccl_10/000-0000000-0000000?psc=1,4,https://www.amazon.in/gp/bestsellers/books/1318128031,1548318469,9781548318468,http://books.google.com/books/content?id=NUlStAEACAAJ&printsec=frontcover&img=1&zoom=1&source=gbs_api
9789083023861,3062,"Do It Today: Overcome procrastination, improve productivity and achieve more meaningful things [Paperback] Foroux, Darius",Darius Foroux,"Health, Family & Personal Development",Personal Transformation,Paperback,₹139.00,4.4,8579.0,https://www.amazon.in/Do-Today-procrastination-productivity-meaningful/dp/0143452126/ref=zg_bs_g_1318132031_d_sccl_13/000-0000000-0000000?psc=1,4,https://www.amazon.in/gp/bestsellers/books/1318128031,9083023869,9789083023861,http://books.google.com/books/content?id=sqt5zwEACAAJ&printsec=frontcover&img=1&zoom=1&source=gbs_api
9789357084987,3064,Make Epic Money,Ankur Warikoo,"Health, Family & Personal Development",Personal Transformation,Hardcover,₹271.00,4.1,36.0,https://www.amazon.in/Make-Epic-Money-Ankur-Warikoo/dp/0670099813/ref=zg_bs_g_1318132031_d_sccl_15/000-0000000-0000000?psc=1,4,https://www.amazon.in/gp/bestsellers/books/1318128031,9357084983,9789357084987,http://books.google.com/books/content?id=Yfb4EAAAQBAJ&printsec=frontcover&img=1&zoom=1&edge=curl&source=gbs_api
9780857199096,3065,"The Psychology of Money: Timeless Lessons on Wealth, Greed, and Happiness",Morgan Housel,"Health, Family & Personal Development",Personal Transformation,Audible Audiobook,₹668.00,4.6,59634.0,https://www.amazon.in/Psychology-Money-Timeless-Lessons-Happiness/dp/B08D9VV926/ref=zg_bs_g_1318132031_d_sccl_16/000-0000000-0000000?psc=1,4,https://www.amazon.in/gp/bestsellers/books/1318128031,0857199099,9780857199096,http://books.google.com/books/content?id=m_xcEAAAQBAJ&printsec=frontcover&img=1&zoom=1&source=gbs_api
9781588361738,3066,Meditations,Marcus Aurelius,"Health, Family & Personal Development",Personal Transformation,Paperback,₹99.00,4.3,3149.0,https://www.amazon.in/Meditations-Marcus-Aurelius/dp/8175994754/ref=zg_bs_g_1318132031_d_sccl_17/000-0000000-0000000?psc=1,4,https://www.amazon.in/gp/bestsellers/books/1318128031,158836173X,9781588361738,http://books.google.com/books/content?id=24a_o-VJvGsC&printsec=frontcover&img=1&zoom=1&source=gbs_api
9789358569018,3067,You Can,George Matthew Adams,"Health, Family & Personal Development",Personal Transformation,Paperback,₹99.00,4.3,4843.0,https://www.amazon.in/You-Can-George-Matthew-Adams/dp/9389931843/ref=zg_bs_g_1318132031_d_sccl_18/000-0000000-0000000?psc=1,4,https://www.amazon.in/gp/bestsellers/books/1318128031,9358569018,9789358569018,http://books.google.com/books/content?id=H03VEQAAQBAJ&printsec=frontcover&img=1&zoom=1&edge=curl&source=gbs_api
9781668069530,3070,"Courage To Be Disliked, The: How to free yourself, change your life and achieve real happiness (Courage To series)",Ichiro Kishimi and Fumitake Koga,"Health, Family & Personal Development",Personal Transformation,Hardcover,₹334.00,4.5,12730.0,https://www.amazon.in/Courage-Be-Disliked-yourself-happiness/dp/1760630721/ref=zg_bs_g_1318132031_d_sccl_21/000-0000000-0000000?psc=1,4,https://www.amazon.in/gp/bestsellers/books/1318128031,1668069539,9781668069530,http://books.google.com/books/content?id=lOEKEQAAQBAJ&printsec=frontcover&img=1&zoom=1&edge=curl&source=gbs_api
9789354928758,3074,"Energize Your Mind : Learn the Art of Mastering Your Thoughts, Feelings and Emotions",Gaur Gopal Das,"Health, Family & Personal Development",Personal Transformation,Paperback,₹215.00,4.6,3306.0,https://www.amazon.in/Energize-Your-Mind-Mastering-Thoughts/dp/0143442287/ref=zg_bs_g_1318132031_d_sccl_25/000-0000000-0000000?psc=1,4,https://www.amazon.in/gp/bestsellers/books/1318128031,9354928757,9789354928758,http://books.google.com/books/content?id=JIikEAAAQBAJ&printsec=frontcover&img=1&zoom=1&edge=curl&source=gbs_api
9780593512296,3076,THE 48 LAWS OF POWER,Robert Greene,"Health, Family & Personal Development",Personal Transformation,Paperback,₹559.00,4.6,19331.0,https://www.amazon.in/Laws-Power-Robert-Greene-Collection/dp/1861972784/ref=zg_bs_g_1318132031_d_sccl_27/000-0000000-0000000?psc=1,4,https://www.amazon.in/gp/bestsellers/books/1318128031,0593512294,9780593512296,http://books.google.com/books/content?id=2vPGEAAAQBAJ&printsec=frontcover&img=1&zoom=1&source=gbs_api
9789358560381,3078,The Power of A Positive Attitude: Your Road To Success,Roger Fritz,"Health, Family & Personal Development",Personal Transformation,Paperback,₹99.00,4.4,4421.0,https://www.amazon.in/Power-Positive-Attitude-Your-Success/dp/9389432642/ref=zg_bs_g_1318132031_d_sccl_29/000-0000000-0000000?psc=1,4,https://www.amazon.in/gp/bestsellers/books/1318128031,935856038X,9789358560381,http://books.google.com/books/content?id=XUnVEQAAQBAJ&printsec=frontcover&img=1&zoom=1&edge=curl&source=gbs_api
9781524704551,3079,Ikigai: The Japanese Secret to a Long and Happy Life,Héctor García,"Health, Family & Personal Development",Personal Transformation,Audible Audiobook,₹615.00,4.6,52889.0,https://www.amazon.in/Ikigai-Japanese-Secret-Long-Happy/dp/B0759S1XZQ/ref=zg_bs_g_1318132031_d_sccl_30/000-0000000-0000000?psc=1,4,https://www.amazon.in/gp/bestsellers/books/1318128031,1524704555,9781524704551,http://books.google.com/books/content?id=4UCnDQAAQBAJ&printsec=frontcover&img=1&zoom=1&source=gbs_api
9789358569568,3080,Aapke Avchetan Mann Ki Shakti (The Power Of Your Subconscious Mind In Hindi),Joseph Murphy,"Health, Family & Personal Development",Personal Transformation,Paperback,₹99.00,4.4,14114.0,https://www.amazon.in/Avchetan-Shakti-Power-Subconscious-Hindi/dp/8175993669/ref=zg_bs_g_1318132031_d_sccl_1/000-0000000-0000000?psc=1,4,https://www.amazon.in/gp/bestsellers/books/1318128031,9358569565,9789358569568,http://books.google.com/books/content?id=8U3VEQAAQBAJ&printsec=frontcover&img=1&zoom=1&edge=curl&source=gbs_api
9798986406510,3081,Don't Believe Everything You Think: Why Your Thinking Is the Beginning & End of Suffering,Joseph Nguyen,"Health, Family & Personal Development",Personal Transformation,Audible Audiobook,₹233.00,4.5,4360.0,https://www.amazon.in/Dont-Believe-Everything-You-Think/dp/B09XVK5493/ref=zg_bs_g_1318132031_d_sccl_2/000-0000000-0000000?psc=1,4,https://www.amazon.in/gp/bestsellers/books/1318128031,,9798986406510,http://books.google.com/books/content?id=_ZOvEAAAQBAJ&printsec=frontcover&img=1&zoom=1&edge=curl&source=gbs_api
9789083023847,3085,"Think Straight: Change your thoughts, Change your life [Paperback] Foroux, Darius",Darius Foroux,"Health, Family & Personal Development",Personal Transformation,Paperback,₹139.00,4.2,13062.0,https://www.amazon.in/Think-Straight-Change-your-thoughts/dp/0143452134/ref=zg_bs_g_1318132031_d_sccl_6/000-0000000-0000000?psc=1,4,https://www.amazon.in/gp/bestsellers/books/1318128031,9083023842,9789083023847,http://books.google.com/books/content?id=red6zwEACAAJ&printsec=frontcover&img=1&zoom=1&source=gbs_api
9788186775219,3089,Rich Dad Poor Dad - 20Th Anniversary Edition - Hindi,Robert Kiyosaki,"Health, Family & Personal Development",Personal Transformation,Paperback,₹322.00,4.5,16061.0,https://www.amazon.in/Rich-Dad-Poor-Robert-Kiyosaki/dp/8186775218/ref=zg_bs_g_1318132031_d_sccl_10/000-0000000-0000000?psc=1,4,https://www.amazon.in/gp/bestsellers/books/1318128031,8186775218,9788186775219,http://books.google.com/books/content?id=PIypDwAAQBAJ&printsec=frontcover&img=1&zoom=1&source=gbs_api
9789356997790,3092,"Spiritual Anatomy: Meditation, Chakras, and the Journey to the Center",Daaji Kamlesh D. Patel,"Health, Family & Personal Development",Personal Transformation,Hardcover,₹324.00,4.8,100.0,https://www.amazon.in/Spiritual-Anatomy-Meditation-Chakras-Journey/dp/9356997799/ref=zg_bs_g_1318132031_d_sccl_13/000-0000000-0000000?psc=1,4,https://www.amazon.in/gp/bestsellers/books/1318128031,9356997799,9789356997790,http://books.google.com/books/content?id=Z32K0AEACAAJ&printsec=frontcover&img=1&zoom=1&source=gbs_api
9781797221311,3093,Manifest,Roxie Nafousi,"Health, Family & Personal Development",Personal Transformation,Hardcover,₹334.00,4.6,3641.0,https://www.amazon.in/Manifest-Sunday-Times-bestseller-change/dp/0241539595/ref=zg_bs_g_1318132031_d_sccl_14/000-0000000-0000000?psc=1,4,https://www.amazon.in/gp/bestsellers/books/1318128031,1797221310,9781797221311,http://books.google.com/books/content?id=mdSUEAAAQBAJ&printsec=frontcover&img=1&zoom=1&edge=curl&source=gbs_api
9789351772071,3095,Attitude Is Everything: Change Your Attitude ... Change Your Life!,Jeff Keller,"Health, Family & Personal Development",Personal Transformation,Paperback,₹157.00,4.5,24554.0,https://www.amazon.in/Attitude-Everything-Change-Your-Life/dp/9351772071/ref=zg_bs_g_1318132031_d_sccl_16/000-0000000-0000000?psc=1,4,https://www.amazon.in/gp/bestsellers/books/1318128031,9351772071,9789351772071,http://books.google.com/books/content?id=IbpHvgAACAAJ&printsec=frontcover&img=1&zoom=1&source=gbs_api
9781668065969,3096,"The Courage to Be Disliked : How to Free Yourself, Change Your Life and Achieve Real Happiness",Fumitake Koga,"Health, Family & Personal Development",Personal Transformation,Audible Audiobook,"₹1,063.00",4.5,12730.0,https://www.amazon.in/Courage-Be-Disliked-Yourself-Happiness/dp/B079MBMBJK/ref=zg_bs_g_1318132031_d_sccl_17/000-0000000-0000000?psc=1,4,https://www.amazon.in/gp/bestsellers/books/1318128031,1668065967,9781668065969,http://books.google.com/books/content?id=db0AEQAAQBAJ&printsec=frontcover&img=1&zoom=1&edge=curl&source=gbs_api
9789390914227,3098,YOU ONLY LIVE ONCE,STUTI CHANGLE,"Health, Family & Personal Development",Personal Transformation,Paperback,₹164.00,4.4,3796.0,https://www.amazon.in/ONLY-LIVE-ONCE-STUTI-CHANGLE/dp/0143453580/ref=zg_bs_g_1318132031_d_sccl_19/000-0000000-0000000?psc=1,4,https://www.amazon.in/gp/bestsellers/books/1318128031,9390914221,9789390914227,http://books.google.com/books/content?id=NOcdEAAAQBAJ&printsec=frontcover&img=1&zoom=1&source=gbs_api
9781760630737,3116,"Courage To Be Disliked, The: How to free yourself, change your life and achieve real happiness (Courage To series)",Ichiro Kishimi and Fumitake Koga,"Health, Family & Personal Development",Self-Help,Hardcover,₹334.00,4.5,12730.0,https://www.amazon.in/Courage-Be-Disliked-yourself-happiness/dp/1760630721/ref=zg_bs_g_23033695031_d_sccl_17/000-0000000-0000000?psc=1,4,https://www.amazon.in/gp/bestsellers/books/1318128031,176063073X,9781760630737,http://books.google.com/books/content?id=dgzyuQEACAAJ&printsec=frontcover&img=1&zoom=1&source=gbs_api
9780981951249,3141,The Compound Effect,Darren Hardy,"Health, Family & Personal Development",Self-Help,Paperback,₹239.00,4.6,17727.0,https://www.amazon.in/Compound-Effect-Darren-Hardy/dp/9390924634/ref=zg_bs_g_23033695031_d_sccl_12/000-0000000-0000000?psc=1,4,https://www.amazon.in/gp/bestsellers/books/1318128031,0981951244,9780981951249,http://books.google.com/books/content?id=vZdWcgAACAAJ&printsec=frontcover&img=1&zoom=1&source=gbs_api
9789356993327,3146,"The Power of One Thought: Master Your Mind, Master Your Life",BK Shivani,"Health, Family & Personal Development",Self-Help,Paperback,₹203.00,4.8,535.0,https://www.amazon.in/Power-One-Thought-Master-Your/dp/9356993335/ref=zg_bs_g_23033695031_d_sccl_17/000-0000000-0000000?psc=1,4,https://www.amazon.in/gp/bestsellers/books/1318128031,9356993327,9789356993327,http://books.google.com/books/content?id=iGi_EAAAQBAJ&printsec=frontcover&img=1&zoom=1&source=gbs_api
9789353451714,3147,CULTure at Zomato : How to Rewire Your Brain for Greatness,Deepinder Goyal,"Health, Family & Personal Development",Self-Help,Hardcover,₹334.00,4.0,81.0,https://www.amazon.in/CULTure-Zomato-Rewire-Brain-Greatness/dp/935345171X/ref=zg_bs_g_23033695031_d_sccl_18/000-0000000-0000000?psc=1,4,https://www.amazon.in/gp/bestsellers/books/1318128031,935345171X,9789353451714,http://books.google.com/books/content?id=s0on0AEACAAJ&printsec=frontcover&img=1&zoom=1&source=gbs_api
9798998891816,3148,12 Rules for Life : An Antidote to Chaos,Jordan B. Peterson,"Health, Family & Personal Development",Self-Help,Paperback,₹281.00,4.5,69613.0,https://www.amazon.in/12-Rules-Life-Antidote-Chaos/dp/0141988517/ref=zg_bs_g_23033695031_d_sccl_19/000-0000000-0000000?psc=1,4,https://www.amazon.in/gp/bestsellers/books/1318128031,,9798998891816,http://books.google.com/books/content?id=j8Be0QEACAAJ&printsec=frontcover&img=1&zoom=1&source=gbs_api
9780071752114,3159,HOW TO MAKE MONEY IN STOCKS: A WINNING,William J. O'Neil,Higher Education Textbooks,Business & Finance,Paperback,₹940.00,4.5,4579.0,https://www.amazon.in/HOW-MAKE-MONEY-STOCKS-WINNING/dp/9390491746/ref=zg_bs_g_4149419031_d_sccl_10/000-0000000-0000000?psc=1,10,https://www.amazon.in/gp/bestsellers/books/4149418031,0071752110,9780071752114,http://books.google.com/books/content?id=37MhnQEACAAJ&printsec=frontcover&img=1&zoom=1&source=gbs_api
9789389802559,3161,KOTHARI C R_RESEARCH METHODOLOGY 5E(499),C R Kothari,Higher Education Textbooks,Business & Finance,Perfect Paperback,₹415.00,4.6,13.0,https://www.amazon.in/KOTHARI-R_RESEARCH-METHODOLOGY-5E-499/dp/9389802555/ref=zg_bs_g_4149419031_d_sccl_12/000-0000000-0000000?psc=1,10,https://www.amazon.in/gp/bestsellers/books/4149418031,9389802555,9789389802559,http://books.google.com/books/content?id=Sdit0AEACAAJ&printsec=frontcover&img=1&zoom=1&source=gbs_api
9781847651310,3164,What Got You Here Wont Get You There: How Successful People Become Even More Successful,Marshall Goldsmith,Higher Education Textbooks,Business & Finance,Paperback,₹259.00,4.5,4737.0,https://www.amazon.in/What-Got-Here-Wont-There/dp/1781251568/ref=zg_bs_g_4149419031_d_sccl_15/000-0000000-0000000?psc=1,10,https://www.amazon.in/gp/bestsellers/books/4149418031,1847651313,9781847651310,http://books.google.com/books/content?id=LuGgma6k2TIC&printsec=frontcover&img=1&zoom=1&edge=curl&source=gbs_api
9780593715833,3165,The Diary of a CEO : The 33 Laws of Business and Life,Steven Bartlett,Higher Education Textbooks,Business & Finance,Paperback,₹463.00,4.6,1499.0,https://www.amazon.in/Diary-CEO-Laws-Business-Life/dp/1529146518/ref=zg_bs_g_4149419031_d_sccl_16/000-0000000-0000000?psc=1,10,https://www.amazon.in/gp/bestsellers/books/4149418031,0593715837,9780593715833,http://books.google.com/books/content?id=Pi29EAAAQBAJ&printsec=frontcover&img=1&zoom=1&source=gbs_api
9781403930897,3166,Anti-money laundering and Know Your Customer,IIBF,Higher Education Textbooks,Business & Finance,Perfect Paperback,₹433.00,4.3,97.0,https://www.amazon.in/Anti-money-laundering-Know-Customer-perfect/dp/9356660352/ref=zg_bs_g_4149419031_d_sccl_17/000-0000000-0000000?psc=1,10,https://www.amazon.in/gp/bestsellers/books/4149418031,1403930899,9781403930897,http://books.google.com/books/content?id=He1AgLfj26gC&printsec=frontcover&img=1&zoom=1&source=gbs_api
9781621291657,3169,100 Baggers,Christopher W Mayer,Higher Education Textbooks,Business & Finance,Paperback,₹267.00,4.4,2019.0,https://www.amazon.in/100-Baggers-Stocks-100-1/dp/9391560555/ref=zg_bs_g_4149419031_d_sccl_20/000-0000000-0000000?psc=1,10,https://www.amazon.in/gp/bestsellers/books/4149418031,1621291650,9781621291657,http://books.google.com/books/content?id=0rHpjwEACAAJ&printsec=frontcover&img=1&zoom=1&source=gbs_api
9789391028589,3175,"LIMITLESS [Paperback] Gupta, Radhika",Radhika Gupta,Higher Education Textbooks,Business & Finance,Paperback,₹271.00,4.6,295.0,https://www.amazon.in/LIMITLESS-Radhika-Gupta/dp/9391028500/ref=zg_bs_g_4149419031_d_sccl_26/000-0000000-0000000?psc=1,10,https://www.amazon.in/gp/bestsellers/books/4149418031,9391028586,9789391028589,http://books.google.com/books/content?id=HL5nEAAAQBAJ&printsec=frontcover&img=1&zoom=1&source=gbs_api
9780349426129,3176,My Life in Full,INDRA NOOYI,Higher Education Textbooks,Business & Finance,Paperback,₹324.00,4.6,3546.0,https://www.amazon.in/My-Life-Full-INDRA-NOOYI/dp/9389253837/ref=zg_bs_g_4149419031_d_sccl_27/000-0000000-0000000?psc=1,10,https://www.amazon.in/gp/bestsellers/books/4149418031,0349426120,9780349426129,http://books.google.com/books/content?id=g4qHzQEACAAJ&printsec=frontcover&img=1&zoom=1&source=gbs_api
9789362143495,3181,You Can | George Matthew Adams | Hardcover | International bestseller book,George Matthew Adams,Higher Education Textbooks,Business & Finance,Hardcover,₹99.00,4.3,4843.0,https://www.amazon.in/George-Matthew-Hardcover-International-bestseller/dp/8195954308/ref=zg_bs_g_4149419031_d_sccl_2/000-0000000-0000000?psc=1,10,https://www.amazon.in/gp/bestsellers/books/4149418031,9362143496,9789362143495,http://books.google.com/books/content?id=f0vVEQAAQBAJ&printsec=frontcover&img=1&zoom=1&edge=curl&source=gbs_api
9780143456476,3182,Multibagger Stocks: How to Multiply Weal: How to Multiply Wealth in the Share Market,Paul Prasenjit,Higher Education Textbooks,Business & Finance,Paperback,₹194.00,4.2,310.0,https://www.amazon.in/Multibagger-Stocks-Multiply-Wealth-Market/dp/0143456474/ref=zg_bs_g_4149419031_d_sccl_3/000-0000000-0000000?psc=1,10,https://www.amazon.in/gp/bestsellers/books/4149418031,0143456474,9780143456476,http://books.google.com/books/content?id=WIGqzwEACAAJ&printsec=frontcover&img=1&zoom=1&source=gbs_api
9789394407015,3183,Just Keep Buying: Proven ways to save money and build your wealth,Nick Maggiulli,Higher Education Textbooks,Business & Finance,Paperback,₹275.00,4.4,2069.0,https://www.amazon.in/Just-Keep-Buying-Proven-wealth/dp/9394407006/ref=zg_bs_g_4149419031_d_sccl_4/000-0000000-0000000?psc=1,10,https://www.amazon.in/gp/bestsellers/books/4149418031,9394407014,9789394407015,http://books.google.com/books/content?id=svFkEAAAQBAJ&printsec=frontcover&img=1&zoom=1&source=gbs_api
9789357082594,3184,Unlocking Unicorn Secrets: Behind the Scenes of India's Billion-Dollar Start-ups,Kushal Lodha,Higher Education Textbooks,Business & Finance,Paperback,₹189.00,4.0,41.0,https://www.amazon.in/Unlocking-Unicorn-Secrets-Billion-Dollar-Start-ups/dp/0143461605/ref=zg_bs_g_4149419031_d_sccl_5/000-0000000-0000000?psc=1,10,https://www.amazon.in/gp/bestsellers/books/4149418031,935708259X,9789357082594,http://books.google.com/books/content?id=M4HyEAAAQBAJ&printsec=frontcover&img=1&zoom=1&edge=curl&source=gbs_api
9781935785132,3185,Think & Grow Rich,Napoleon Hill,Higher Education Textbooks,Business & Finance,Paperback,₹119.00,4.5,4398.0,https://www.amazon.in/Think-Grow-Rich-Napoleon-Hill/dp/817234564X/ref=zg_bs_g_4149419031_d_sccl_6/000-0000000-0000000?psc=1,10,https://www.amazon.in/gp/bestsellers/books/4149418031,1935785133,9781935785132,http://books.google.com/books/content?id=yMx4SwAACAAJ&printsec=frontcover&img=1&zoom=1&source=gbs_api
9789390327539,3187,I Came Upon a Lighthouse: A Short Memoir of Life with Ratan Tata,Shantanu Naidu,Higher Education Textbooks,Business & Finance,Paperback,₹150.00,4.7,2075.0,https://www.amazon.in/CAME-UPON-LIGHTHOUSE-Short-Memoir/dp/935489741X/ref=zg_bs_g_4149419031_d_sccl_8/000-0000000-0000000?psc=1,10,https://www.amazon.in/gp/bestsellers/books/4149418031,9390327539,9789390327539,http://books.google.com/books/content?id=FU4LEAAAQBAJ&printsec=frontcover&img=1&zoom=1&source=gbs_api
9789356994287,3190,The Making of a Value Investor: What a bear market taught me about investing,Gautam Baid,Higher Education Textbooks,Business & Finance,Paperback,₹324.00,4.1,81.0,https://www.amazon.in/Making-Value-Investor-market-investing/dp/9356994285/ref=zg_bs_g_4149419031_d_sccl_11/000-0000000-0000000?psc=1,10,https://www.amazon.in/gp/bestsellers/books/4149418031,9356994285,9789356994287,http://books.google.com/books/content?id=4b460AEACAAJ&printsec=frontcover&img=1&zoom=1&source=gbs_api
9781737475712,3191,$100M Offers: How To Make Offers So Good People Feel Stupid Saying No,Alex Hormozi,Higher Education Textbooks,Business & Finance,Hardcover,₹349.00,4.8,14332.0,https://www.amazon.in/100M-Offers-People-Stupid-Saying/dp/1737475758/ref=zg_bs_g_4149419031_d_sccl_12/000-0000000-0000000?psc=1,10,https://www.amazon.in/gp/bestsellers/books/4149418031,1737475715,9781737475712,http://books.google.com/books/content?id=4A6PzgEACAAJ&printsec=frontcover&img=1&zoom=1&source=gbs_api
9789356995260,3193,Spreading Joy: How Joyalukkas Became the World's Favourite Jeweller,Joy Alukkas,Higher Education Textbooks,Business & Finance,Hardcover,₹464.88,5.0,1274.0,https://www.amazon.in/Spreading-Joy-Joyalukkas-Favourite-Jeweller/dp/9356995265/ref=zg_bs_g_4149419031_d_sccl_14/000-0000000-0000000?psc=1,10,https://www.amazon.in/gp/bestsellers/books/4149418031,9356995265,9789356995260,http://books.google.com/books/content?id=BmY70AEACAAJ&printsec=frontcover&img=1&zoom=1&source=gbs_api
9781957999043,3195,Supply and Demand Trading: How To Master The Trading Zones,Frank Miller,Higher Education Textbooks,Business & Finance,Paperback,₹159.00,4.3,284.0,https://www.amazon.in/Supply-Demand-Trading-Master-Zones/dp/1957999047/ref=zg_bs_g_4149419031_d_sccl_16/000-0000000-0000000?psc=1,10,https://www.amazon.in/gp/bestsellers/books/4149418031,1957999047,9781957999043,http://books.google.com/books/content?id=H1EpzwEACAAJ&printsec=frontcover&img=1&zoom=1&source=gbs_api
9789352837328,3197,"Macroeconomics (english, Paperback, H.l. Ahuja)",H. L. Ahuja,Higher Education Textbooks,Business & Finance,Paperback,₹400.00,4.3,449.0,https://www.amazon.in/Macroeconomics-H-L-Ahuja/dp/9352837320/ref=zg_bs_g_4149419031_d_sccl_18/000-0000000-0000000?psc=1,10,https://www.amazon.in/gp/bestsellers/books/4149418031,9352837320,9789352837328,http://books.google.com/books/content?id=7psGEAAAQBAJ&printsec=frontcover&img=1&zoom=1&edge=curl&source=gbs_api
9789357080248,3198,Big Bull of Dalaal Street: How Rakesh Jh: How Rakesh Jhunjhunwala Made His Fortune,Neil Borate,Higher Education Textbooks,Business & Finance,Paperback,₹259.00,3.7,187.0,https://www.amazon.in/Big-Bull-Dalaal-Street-Jhunjhunwala/dp/0143460226/ref=zg_bs_g_4149419031_d_sccl_19/000-0000000-0000000?psc=1,10,https://www.amazon.in/gp/bestsellers/books/4149418031,9357080244,9789357080248,http://books.google.com/books/content?id=3CbREAAAQBAJ&printsec=frontcover&img=1&zoom=1&edge=curl&source=gbs_api
9780984782857,3200,Cracking the Coding Interview,Gayle Laakmann McDowell,Higher Education Textbooks,Computer Science,Paperback,₹599.00,4.5,8722.0,https://www.amazon.in/Cracking-Coding-Interview-Programing-Questions/dp/0984782850/ref=zg_bs_g_4149451031_d_sccl_1/000-0000000-0000000?psc=1,10,https://www.amazon.in/gp/bestsellers/books/4149418031,0984782850,9780984782857,http://books.google.com/books/content?id=jD8iswEACAAJ&printsec=frontcover&img=1&zoom=1&source=gbs_api
9788192107547,3201,Data Structures And Algorithms Made Easy: Data Structures And Algorithmic Puzzles,Narasimha Karumanchi,Higher Education Textbooks,Computer Science,Paperback,₹575.00,4.4,2993.0,https://www.amazon.in/Data-Structures-Algorithms-Made-Easy/dp/8193245288/ref=zg_bs_g_4149451031_d_sccl_2/000-0000000-0000000?psc=1,10,https://www.amazon.in/gp/bestsellers/books/4149418031,819210754X,9788192107547,http://books.google.com/books/content?id=Mes0nwEACAAJ&printsec=frontcover&img=1&zoom=1&source=gbs_api
9780593593967,3205,The Coming Wave,Mustafa Suleyman,Higher Education Textbooks,Computer Science,Paperback,₹583.00,4.3,1343.0,https://www.amazon.in/Coming-Wave-Technology-Twenty-First-Centurys/dp/1847927491/ref=zg_bs_g_4149451031_d_sccl_6/000-0000000-0000000?psc=1,10,https://www.amazon.in/gp/bestsellers/books/4149418031,0593593960,9780593593967,http://books.google.com/books/content?id=TQ-oEAAAQBAJ&printsec=frontcover&img=1&zoom=1&source=gbs_api
9781492078005,3206,"Head First Design Patterns: Building Extensible and Maintainable Object-Oriented Software, Second Edition (Grayscale Indian Edition)",Eric Freeman,Higher Education Textbooks,Computer Science,Paperback,"₹1,850.00",4.7,1031.0,https://www.amazon.in/Head-First-Design-Patterns-Object-Oriented/dp/9385889753/ref=zg_bs_g_4149451031_d_sccl_7/000-0000000-0000000?psc=1,10,https://www.amazon.in/gp/bestsellers/books/4149418031,149207800X,9781492078005,http://books.google.com/books/content?id=3GqAzQEACAAJ&printsec=frontcover&img=1&zoom=1&source=gbs_api
9781101970317,3207,Life 3.0 : Being Human in the Age of Artificial Intelligence,Max Tegmark,Higher Education Textbooks,Computer Science,Paperback,₹389.00,4.4,5273.0,https://www.amazon.in/Life-3-0-Being-Artificial-Intelligence/dp/0141981806/ref=zg_bs_g_4149451031_d_sccl_8/000-0000000-0000000?psc=1,10,https://www.amazon.in/gp/bestsellers/books/4149418031,1101970316,9781101970317,http://books.google.com/books/content?id=YHxnDwAAQBAJ&printsec=frontcover&img=1&zoom=1&source=gbs_api
9789347231902,3208,"Core Python Programming, 3ed: Covers fundamentals to advanced topics like OOPS, Exceptions, Data structures, Files, Threads, Net",R. Nageswara Rao,Higher Education Textbooks,Computer Science,Paperback,₹700.00,4.5,321.0,https://www.amazon.in/Core-Python-Programming-3ed-fundamentals/dp/9390457157/ref=zg_bs_g_4149451031_d_sccl_9/000-0000000-0000000?psc=1,10,https://www.amazon.in/gp/bestsellers/books/4149418031,9347231908,9789347231902,http://books.google.com/books/content?id=q6yaEQAAQBAJ&printsec=frontcover&img=1&zoom=1&edge=curl&source=gbs_api
9780199678112,3210,"SUPERINTELLIGENCE: Paths, Dangers, Strategies",Nick Bostrom,Higher Education Textbooks,Computer Science,Paperback,₹400.00,4.4,3816.0,https://www.amazon.in/Superintelligence-Dangers-Strategies-Nick-Bostrom/dp/0198739834/ref=zg_bs_g_4149451031_d_sccl_11/000-0000000-0000000?psc=1,10,https://www.amazon.in/gp/bestsellers/books/4149418031,0199678111,9780199678112,http://books.google.com/books/content?id=7_H8AwAAQBAJ&printsec=frontcover&img=1&zoom=1&edge=curl&source=gbs_api
9781718502703,3211,"Python Crash Course, 3rd Edition: A Hands-On, Project-Based Introduction to Programming",MATTHES ERIC,Higher Education Textbooks,Computer Science,Paperback,"₹1,599.00",4.5,750.0,https://www.amazon.in/Python-Crash-Course-Hands-Project-Based/dp/B0CBSQ971F/ref=zg_bs_g_4149451031_d_sccl_12/000-0000000-0000000?psc=1,10,https://www.amazon.in/gp/bestsellers/books/4149418031,1718502702,9781718502703,http://books.google.com/books/content?id=qD1wEAAAQBAJ&printsec=frontcover&img=1&zoom=1&edge=curl&source=gbs_api
9781292405513,3212,"Computer Networking, 8e",Kurose,Higher Education Textbooks,Computer Science,Paperback,₹860.00,4.5,124.0,https://www.amazon.in/Computer-Networking-Eight-Editon-Pearson/dp/9356061319/ref=zg_bs_g_4149451031_d_sccl_13/000-0000000-0000000?psc=1,10,https://www.amazon.in/gp/bestsellers/books/4149418031,1292405511,9781292405513,http://books.google.com/books/content?id=374zEAAAQBAJ&printsec=frontcover&img=1&zoom=1&source=gbs_api
9780007547999,3216,Algorithms to Live By: The Computer Science of Human Decisions,Brian Christian,Higher Education Textbooks,Computer Science,Paperback,₹357.00,4.5,5660.0,https://www.amazon.in/Algorithms-Live-Computer-Science-Decisions/dp/0007547994/ref=zg_bs_g_4149451031_d_sccl_17/000-0000000-0000000?psc=1,10,https://www.amazon.in/gp/bestsellers/books/4149418031,0007547994,9780007547999,http://books.google.com/books/content?id=QYciswEACAAJ&printsec=frontcover&img=1&zoom=1&source=gbs_api
9789688802052,3217,The C Programming Language 2e,Brian W. Kernighan / Dennis Ritchie,Higher Education Textbooks,Computer Science,Paperback,₹485.00,4.4,3788.0,https://www.amazon.in/Programming-Language-Kernighan-Dennis-Ritchie/dp/9332549443/ref=zg_bs_g_4149451031_d_sccl_18/000-0000000-0000000?psc=1,10,https://www.amazon.in/gp/bestsellers/books/4149418031,9688802050,9789688802052,http://books.google.com/books/content?id=OpJ_0zpF7jIC&printsec=frontcover&img=1&zoom=1&edge=curl&source=gbs_api
9781492032618,3218,"Hands-On Machine Learning with Scikit-Learn, Keras, and TensorFlow: Concepts, Tools, and Techniques to Build Intelligent Systems, Third Edition (Full Colour Print)",Aurélien Géron,Higher Education Textbooks,Computer Science,Paperback,"₹3,250.00",4.7,122.0,https://www.amazon.in/Hands-Machine-Learning-Scikit-Learn-TensorFlow/dp/9355421982/ref=zg_bs_g_4149451031_d_sccl_19/000-0000000-0000000?psc=1,10,https://www.amazon.in/gp/bestsellers/books/4149418031,1492032611,9781492032618,http://books.google.com/books/content?id=HHetDwAAQBAJ&printsec=frontcover&img=1&zoom=1&edge=curl&source=gbs_api
9781491950333,3219,"Building Microservices: Designing Fine-Grained Systems, Second Edition (Grayscale Indian Edition)",Sam Newman,Higher Education Textbooks,Computer Science,Paperback,"₹1,725.00",4.7,560.0,https://www.amazon.in/Building-Microservices-Designing-Fine-Grained-Grayscale/dp/9391043380/ref=zg_bs_g_4149451031_d_sccl_20/000-0000000-0000000?psc=1,10,https://www.amazon.in/gp/bestsellers/books/4149418031,1491950331,9781491950333,http://books.google.com/books/content?id=jjl4BgAAQBAJ&printsec=frontcover&img=1&zoom=1&edge=curl&source=gbs_api
9780134610993,3220,"Artificial Intelligence: A Modern Approach, 4e",Russell/Norvig,Higher Education Textbooks,Computer Science,Paperback,"₹1,116.01",4.3,217.0,https://www.amazon.in/Artificial-Intelligence-Modern-Approach-4e/dp/9356063575/ref=zg_bs_g_4149451031_d_sccl_21/000-0000000-0000000?psc=1,10,https://www.amazon.in/gp/bestsellers/books/4149418031,0134610997,9780134610993,http://books.google.com/books/content?id=koFptAEACAAJ&printsec=frontcover&img=1&zoom=1&source=gbs_api
9781473575608,3222,The Cold Start Problem: How to Start and Scale Network Effects,Andrew Chen,Higher Education Textbooks,Computer Science,Paperback,₹389.00,4.6,1132.0,https://www.amazon.in/Cold-Start-Problem-Network-Effects/dp/1847942792/ref=zg_bs_g_4149451031_d_sccl_23/000-0000000-0000000?psc=1,10,https://www.amazon.in/gp/bestsellers/books/4149418031,1473575605,9781473575608,http://books.google.com/books/content?id=Nwb7DwAAQBAJ&printsec=frontcover&img=1&zoom=1&source=gbs_api
9781259004612,3223,Programming In Ansi C|8th Edition,E Balagurusamy,Higher Education Textbooks,Computer Science,Paperback,₹440.00,4.5,1341.0,https://www.amazon.in/Programming-ANSI-C-8-Balagurusamy/dp/935316513X/ref=zg_bs_g_4149451031_d_sccl_24/000-0000000-0000000?psc=1,10,https://www.amazon.in/gp/bestsellers/books/4149418031,1259004619,9781259004612,http://books.google.com/books/content?id=xYzimQEACAAJ&printsec=frontcover&img=1&zoom=1&source=gbs_api
9781492041108,3224,"Data Science From Scratch: First Principles with Python, Second Edition (Greyscale Indian Edition)",Joel Grus,Higher Education Textbooks,Computer Science,Paperback,"₹1,558.00",4.5,842.0,https://www.amazon.in/Data-Science-Scratch-Principles-Python/dp/9352138325/ref=zg_bs_g_4149451031_d_sccl_25/000-0000000-0000000?psc=1,10,https://www.amazon.in/gp/bestsellers/books/4149418031,1492041106,9781492041108,http://books.google.com/books/content?id=YBKSDwAAQBAJ&printsec=frontcover&img=1&zoom=1&edge=curl&source=gbs_api
9780078022098,3226,Data Communications and Networking with TCPIP Protocol Suite| 6th Edition,Behrouz A. Forouzan,Higher Education Textbooks,Computer Science,Paperback,₹500.00,4.4,45.0,https://www.amazon.in/Communications-Networking-TCPIP-Protocol-Suite/dp/9355320949/ref=zg_bs_g_4149451031_d_sccl_27/000-0000000-0000000?psc=1,10,https://www.amazon.in/gp/bestsellers/books/4149418031,0078022096,9780078022098,http://books.google.com/books/content?id=Y8QnzgEACAAJ&printsec=frontcover&img=1&zoom=1&source=gbs_api
9788177228366,3227,"Core Java: An Integrated Approach, New: Includes All Versions upto Java 8",R. Nageswara Rao,Higher Education Textbooks,Computer Science,Paperback,₹649.00,4.5,1381.0,https://www.amazon.in/Core-Java-Integrated-Approach-Versions/dp/9351199258/ref=zg_bs_g_4149451031_d_sccl_28/000-0000000-0000000?psc=1,10,https://www.amazon.in/gp/bestsellers/books/4149418031,8177228366,9788177228366,http://books.google.com/books/content?id=gwxBt1wHsasC&printsec=frontcover&img=1&zoom=1&edge=curl&source=gbs_api
9788126579907,3229,Machine Learning using Python,Manaranjan Pradhan,Higher Education Textbooks,Computer Science,Paperback,₹582.00,4.3,640.0,https://www.amazon.in/Machine-Learning-Python-Manaranjan-Pradhan/dp/8126579900/ref=zg_bs_g_4149451031_d_sccl_30/000-0000000-0000000?psc=1,10,https://www.amazon.in/gp/bestsellers/books/4149418031,8126579900,9788126579907,http://books.google.com/books/content?id=Z-sG0AEACAAJ&printsec=frontcover&img=1&zoom=1&source=gbs_api
9780199480173,3230,PYTHON PROGRAMMING 2E,Reema Thareja,Higher Education Textbooks,Computer Science,Paperback,₹480.00,4.1,21.0,https://www.amazon.in/PYTHON-PROGRAMMING-PROBLEM-SOLVING-APPROACH/dp/9354973760/ref=zg_bs_g_4149451031_d_sccl_1/000-0000000-0000000?psc=1,10,https://www.amazon.in/gp/bestsellers/books/4149418031,0199480176,9780199480173,http://books.google.com/books/content?id=HYpbwwEACAAJ&printsec=frontcover&img=1&zoom=1&source=gbs_api
9780771010439,3231,The MANIAC,Benjamin Labatut,Higher Education Textbooks,Computer Science,Paperback,₹469.99,4.6,664.0,https://www.amazon.in/MANIAC-Benjam%C3%ADn-Labatut/dp/1805330675/ref=zg_bs_g_4149451031_d_sccl_2/000-0000000-0000000?psc=1,10,https://www.amazon.in/gp/bestsellers/books/4149418031,0771010435,9780771010439,http://books.google.com/books/content?id=5uQPEQAAQBAJ&printsec=frontcover&img=1&zoom=1&edge=curl&source=gbs_api
9788177587654,3232,"Computer Graphics, C Version, 2e",Hearn,Higher Education Textbooks,Computer Science,Paperback,₹200.00,4.5,255.0,https://www.amazon.in/Computer-Graphics-C-Version-2e/dp/817758765X/ref=zg_bs_g_4149451031_d_sccl_3/000-0000000-0000000?psc=1,10,https://www.amazon.in/gp/bestsellers/books/4149418031,817758765X,9788177587654,http://books.google.com/books/content?id=dvrTIelDhJUC&printsec=frontcover&img=1&zoom=1&edge=curl&source=gbs_api
9780078022159,3233,Database System Concepts |7th Edition,Abraham Silberschatz,Higher Education Textbooks,Computer Science,Paperback,₹500.00,4.4,220.0,https://www.amazon.in/Database-System-Concepts-Abraham-Silberschatz/dp/9390727502/ref=zg_bs_g_4149451031_d_sccl_4/000-0000000-0000000?psc=1,10,https://www.amazon.in/gp/bestsellers/books/4149418031,0078022150,9780078022159,http://books.google.com/books/content?id=dc5HswEACAAJ&printsec=frontcover&img=1&zoom=1&source=gbs_api
9789387284944,3234,Data Structures Through C In Depth,S.K.Srivastava/Deepali Srivastava,Higher Education Textbooks,Computer Science,Paperback,₹390.00,4.4,952.0,https://www.amazon.in/Data-Structures-Through-C-Depth/dp/8176567418/ref=zg_bs_g_4149451031_d_sccl_5/000-0000000-0000000?psc=1,10,https://www.amazon.in/gp/bestsellers/books/4149418031,9387284948,9789387284944,http://books.google.com/books/content?id=IYxjDwAAQBAJ&printsec=frontcover&img=1&zoom=1&edge=curl&source=gbs_api
9781492041917,3236,"Generative Deep Learning: Teaching Machines To Paint, Write, Compose, and Play, Second Edition (Grayscale Indian Edition)",David Foster,Higher Education Textbooks,Computer Science,Paperback,"₹1,800.00",4.6,78.0,https://www.amazon.in/Generative-Deep-Learning-Teaching-Grayscale/dp/9355429983/ref=zg_bs_g_4149451031_d_sccl_7/000-0000000-0000000?psc=1,10,https://www.amazon.in/gp/bestsellers/books/4149418031,1492041912,9781492041917,http://books.google.com/books/content?id=RKegDwAAQBAJ&printsec=frontcover&img=1&zoom=1&edge=curl&source=gbs_api
9781449331443,3237,"Head First Java: A Brain-Friendly Guide, Third Edition (Grayscale Indian Edition)",Kathy Sierra,Higher Education Textbooks,Computer Science,Paperback,"₹1,850.00",4.6,347.0,https://www.amazon.in/Head-First-Java-Brain-Friendly-Grayscale/dp/9355420900/ref=zg_bs_g_4149451031_d_sccl_8/000-0000000-0000000?psc=1,10,https://www.amazon.in/gp/bestsellers/books/4149418031,1449331440,9781449331443,http://books.google.com/books/content?id=KXQrAQAAQBAJ&printsec=frontcover&img=1&zoom=1&edge=curl&source=gbs_api
9780141982410,3238,"The Book of Why: The New Science of Cause and Effect [Paperback] Pearl, Judea and Mackenzie, Dana",Judea Pearl,Higher Education Textbooks,Computer Science,Paperback,₹389.00,4.4,2037.0,https://www.amazon.in/Book-Why-Science-Cause-Effect/dp/0141982411/ref=zg_bs_g_4149451031_d_sccl_9/000-0000000-0000000?psc=1,10,https://www.amazon.in/gp/bestsellers/books/4149418031,0141982411,9780141982410,http://books.google.com/books/content?id=OgKMtgEACAAJ&printsec=frontcover&img=1&zoom=1&source=gbs_api
9780133489903,3239,"Cloud Computing: Concepts, Technology & Architecture, 1/e",Erl,Higher Education Textbooks,Computer Science,Paperback,₹425.00,4.3,402.0,https://www.amazon.in/Cloud-Computing-Concepts-Technology-Architecture/dp/9332535922/ref=zg_bs_g_4149451031_d_sccl_10/000-0000000-0000000?psc=1,10,https://www.amazon.in/gp/bestsellers/books/4149418031,0133489906,9780133489903,http://books.google.com/books/content?id=kRhvAQAAQBAJ&printsec=frontcover&img=1&zoom=1&source=gbs_api
9781250404855,3240,Artificial Intelligence: A Guide for Thinking Humans (Pelican Books),Melanie Mitchell,Higher Education Textbooks,Computer Science,Paperback,₹406.25,4.6,693.0,https://www.amazon.in/Artificial-Intelligence-Thinking-Humans-Pelican/dp/0241404835/ref=zg_bs_g_4149451031_d_sccl_11/000-0000000-0000000?psc=1,10,https://www.amazon.in/gp/bestsellers/books/4149418031,1250404851,9781250404855,http://books.google.com/books/content?id=DIVJEQAAQBAJ&printsec=frontcover&img=1&zoom=1&source=gbs_api
9781491952009,3241,JAVASCRIPT THE DEFINITIVE GUIDE 7/ED,David Flanagan,Higher Education Textbooks,Computer Science,Paperback,"₹2,150.00",4.7,1423.0,https://www.amazon.in/JAVASCRIPT-DEFINITIVE-GUIDE-7-ED/dp/9352139968/ref=zg_bs_g_4149451031_d_sccl_12/000-0000000-0000000?psc=1,10,https://www.amazon.in/gp/bestsellers/books/4149418031,1491952008,9781491952009,http://books.google.com/books/content?id=OPbkDwAAQBAJ&printsec=frontcover&img=1&zoom=1&edge=curl&source=gbs_api
9781736049129,3243,Machine Learning System Design Interview: An Insider's Guide (Grayscale Indian Edition),Ali Aminian,Higher Education Textbooks,Computer Science,Paperback,₹900.00,5.0,1.0,https://www.amazon.in/Machine-Learning-System-Design-Interview/dp/9355429460/ref=zg_bs_g_4149451031_d_sccl_14/000-0000000-0000000?psc=1,10,https://www.amazon.in/gp/bestsellers/books/4149418031,1736049127,9781736049129,http://books.google.com/books/content?id=iYDHzwEACAAJ&printsec=frontcover&img=1&zoom=1&source=gbs_api
9780593238295,3245,"AI 2041 [Paperback] Qiufan, Chen and Lee, Kai-Fu",Chen Qiufan,Higher Education Textbooks,Computer Science,Paperback,₹584.00,4.4,1401.0,https://www.amazon.in/2041-Paperback-Qiufan-Chen-Kai-Fu/dp/0753559013/ref=zg_bs_g_4149451031_d_sccl_16/000-0000000-0000000?psc=1,10,https://www.amazon.in/gp/bestsellers/books/4149418031,059323829X,9780593238295,http://books.google.com/books/content?id=o79AEAAAQBAJ&printsec=frontcover&img=1&zoom=1&source=gbs_api
9780133522853,3246,"C++ Programming Language, 4e",Bjarne Stroustrup,Higher Education Textbooks,Computer Science,Paperback,₹998.00,4.4,230.0,https://www.amazon.in/C-Programming-Language-Fourth-Pearson/dp/9356060134/ref=zg_bs_g_4149451031_d_sccl_17/000-0000000-0000000?psc=1,10,https://www.amazon.in/gp/bestsellers/books/4149418031,0133522857,9780133522853,http://books.google.com/books/content?id=PSUNAAAAQBAJ&printsec=frontcover&img=1&zoom=1&edge=curl&source=gbs_api
9780262046305,3247,"INTRODUCTION TO ALGORITHMS, FOURTH EDITION",Charles E. Leiserson,Higher Education Textbooks,Computer Science,Hardcover,"₹3,400.00",4.6,492.0,https://www.amazon.in/INTRODUCTION-ALGORITHMS-FOURTH-Charles-Leiserson/dp/026204630X/ref=zg_bs_g_4149451031_d_sccl_18/000-0000000-0000000?psc=1,10,https://www.amazon.in/gp/bestsellers/books/4149418031,026204630X,9780262046305,http://books.google.com/books/content?id=drZNEAAAQBAJ&printsec=frontcover&img=1&zoom=1&edge=curl&source=gbs_api
9780073523408,3248,Algorithms,Sanjoy Dasgupta,Higher Education Textbooks,Computer Science,Paperback,₹640.00,5.0,2.0,https://www.amazon.in/Algorithms-Sanjoy-Dasgupta/dp/9355325525/ref=zg_bs_g_4149451031_d_sccl_19/000-0000000-0000000?psc=1,10,https://www.amazon.in/gp/bestsellers/books/4149418031,0073523402,9780073523408,http://books.google.com/books/content?id=3sCxQgAACAAJ&printsec=frontcover&img=1&zoom=1&source=gbs_api
9788176561068,3249,Let Us C++,Yashavant Kanetkar,Higher Education Textbooks,Computer Science,Paperback,₹363.00,4.3,788.0,https://www.amazon.in/Let-Us-C-Kanetkar-Yashavant/dp/9388176642/ref=zg_bs_g_4149451031_d_sccl_20/000-0000000-0000000?psc=1,10,https://www.amazon.in/gp/bestsellers/books/4149418031,8176561061,9788176561068,http://books.google.com/books/content?id=6HrjAAAACAAJ&printsec=frontcover&img=1&zoom=1&source=gbs_api
9788122415520,3271,Heat and Mass Transfer Data Book (MULTI COLOUR EDITION),C.P. Kothandaraman,Higher Education Textbooks,Engineering Textbooks,Paperback,₹213.00,4.5,52.0,https://www.amazon.in/Heat-Mass-Transfer-MULTI-COLOUR/dp/9393159432/ref=zg_bs_g_4149470031_d_sccl_22/000-0000000-0000000?psc=1,10,https://www.amazon.in/gp/bestsellers/books/4149418031,8122415520,9788122415520,http://books.google.com/books/content?id=5FKaEznxsSMC&printsec=frontcover&img=1&zoom=1&edge=curl&source=gbs_api
9788121906548,3282,Steam Tables,R.S Khurmi,Higher Education Textbooks,Engineering Textbooks,Paperback,₹75.00,4.4,808.0,https://www.amazon.in/Steam-Tables-Mollier-Diagrams-Units/dp/8121906547/ref=zg_bs_g_4149470031_d_sccl_3/000-0000000-0000000?psc=1,10,https://www.amazon.in/gp/bestsellers/books/4149418031,8121906547,9788121906548,http://books.google.com/books/content?id=FwobEAAAQBAJ&printsec=frontcover&img=1&zoom=1&edge=curl&source=gbs_api
9780534422004,3287,Linear Algebra and its Applications,Gilbert Strang,Higher Education Textbooks,Engineering Textbooks,Paperback,₹401.00,4.6,697.0,https://www.amazon.in/Linear-Algebra-Applications-Gilbert-Strang/dp/8131501728/ref=zg_bs_g_4149470031_d_sccl_8/000-0000000-0000000?psc=1,10,https://www.amazon.in/gp/bestsellers/books/4149418031,0534422004,9780534422004,http://books.google.com/books/content?id=q9CaAAAACAAJ&printsec=frontcover&img=1&zoom=1&source=gbs_api
9781260723106,3288,Data Communications and Networking with TCPIP Protocol Suite| 6th Edition,Behrouz A. Forouzan,Higher Education Textbooks,Engineering Textbooks,Paperback,₹500.00,4.4,45.0,https://www.amazon.in/Communications-Networking-TCPIP-Protocol-Suite/dp/9355320949/ref=zg_bs_g_4149470031_d_sccl_9/000-0000000-0000000?psc=1,10,https://www.amazon.in/gp/bestsellers/books/4149418031,1260723100,9781260723106,http://books.google.com/books/content?id=1bwnzgEACAAJ&printsec=frontcover&img=1&zoom=1&source=gbs_api
9788190619509,3293,Practical Finite Element Analysis,Nitin S.Gokhale,Higher Education Textbooks,Engineering Textbooks,Paperback,₹540.00,4.6,386.0,https://www.amazon.in/Practical-Finite-Element-Analysis-S-Gokhale/dp/8190619500/ref=zg_bs_g_4149470031_d_sccl_14/000-0000000-0000000?psc=1,10,https://www.amazon.in/gp/bestsellers/books/4149418031,8190619500,9788190619509,http://books.google.com/books/content?id=yKTObdhQ66YC&printsec=frontcover&img=1&zoom=1&edge=curl&source=gbs_api
9789391103231,3301,Dark Psychology Secrets & Manipulation,Amy Brown,Higher Education Textbooks,Social Sciences,Paperback,₹130.00,4.2,337.0,https://www.amazon.in/Dark-Psychology-Secrets-Manipulation-Brown/dp/935546133X/ref=zg_bs_g_4149727031_d_sccl_2/000-0000000-0000000?psc=1,10,https://www.amazon.in/gp/bestsellers/books/4149418031,9391103235,9789391103231,http://books.google.com/books/content?id=aEikEAAAQBAJ&printsec=frontcover&img=1&zoom=1&edge=curl&source=gbs_api
9781594205071,3304,"Behave: The Biology of Humans at Our Best and Worst [Paperback] Sapolsky, Robert M",Robert M Sapolsky,Higher Education Textbooks,Social Sciences,Paperback,₹475.00,4.5,7563.0,https://www.amazon.in/Behave-Biology-Humans-Best-Worst/dp/009957506X/ref=zg_bs_g_4149727031_d_sccl_5/000-0000000-0000000?psc=1,10,https://www.amazon.in/gp/bestsellers/books/4149418031,1594205078,9781594205071,http://books.google.com/books/content?id=tPTGDgAAQBAJ&printsec=frontcover&img=1&zoom=1&source=gbs_api
9781328662057,3305,Maybe You Should Talk To Someone,Lori Gottlieb,Higher Education Textbooks,Social Sciences,Paperback,₹477.00,4.6,42275.0,https://www.amazon.in/Maybe-You-Should-Talk-Someone/dp/9389143519/ref=zg_bs_g_4149727031_d_sccl_6/000-0000000-0000000?psc=1,10,https://www.amazon.in/gp/bestsellers/books/4149418031,1328662055,9781328662057,http://books.google.com/books/content?id=ATKQDwAAQBAJ&printsec=frontcover&img=1&zoom=1&edge=curl&source=gbs_api
9789391724948,3306,"Psychology Entrance Examinations 2024 | CUET PG Psychology, GATE Psychology, MA/MSc Psychology Entrances",Arvind Otta,Higher Education Textbooks,Social Sciences,Perfect Paperback,₹915.00,4.5,49.0,https://www.amazon.in/Psychology-Entrance-Examinations-2024-Entrances/dp/9391724949/ref=zg_bs_g_4149727031_d_sccl_7/000-0000000-0000000?psc=1,10,https://www.amazon.in/gp/bestsellers/books/4149418031,9391724949,9789391724948,http://books.google.com/books/content?id=BGdCEQAAQBAJ&printsec=frontcover&img=1&zoom=1&edge=curl&source=gbs_api
9781803093543,3308,"Our History, Their History, Whose Histor (The India List)",Romila Thapar,Higher Education Textbooks,Social Sciences,Hardcover,₹313.00,4.1,17.0,https://www.amazon.in/History-Their-Whose-Histor-India/dp/1803093544/ref=zg_bs_g_4149727031_d_sccl_9/000-0000000-0000000?psc=1,10,https://www.amazon.in/gp/bestsellers/books/4149418031,1803093544,9781803093543,http://books.google.com/books/content?id=Klcn0AEACAAJ&printsec=frontcover&img=1&zoom=1&source=gbs_api
9789387918573,3314,"NCC: Handbook of NCC Cadets for 'A', 'B' and 'C' Certificate Examinations",R.K. Gupta,Higher Education Textbooks,Social Sciences,Paperback,₹177.00,4.5,1555.0,https://www.amazon.in/NCC-Handbook-Cadets-Certificate-Examinations/dp/9387918572/ref=zg_bs_g_4149727031_d_sccl_15/000-0000000-0000000?psc=1,10,https://www.amazon.in/gp/bestsellers/books/4149418031,9387918572,9789387918573,http://books.google.com/books/content?id=MWcvzgEACAAJ&printsec=frontcover&img=1&zoom=1&source=gbs_api
9789356995833,3316,H-Pop: The Secretive World of Hindutva Pop Stars,Kunal Purohit,Higher Education Textbooks,Social Sciences,Paperback,₹324.00,3.4,48.0,https://www.amazon.in/H-Pop-Secretive-World-Hindutva-Stars/dp/9356995826/ref=zg_bs_g_4149727031_d_sccl_17/000-0000000-0000000?psc=1,10,https://www.amazon.in/gp/bestsellers/books/4149418031,9356995834,9789356995833,http://books.google.com/books/content?id=HcfbEAAAQBAJ&printsec=frontcover&img=1&zoom=1&source=gbs_api
9780593083888,3317,"The Myth of Normal : Trauma, Illness & Healing in a Toxic Culture",Daniel Mate,Higher Education Textbooks,Social Sciences,Paperback,₹583.00,4.7,4385.0,https://www.amazon.in/Myth-Normal-Illness-Healing-Culture/dp/1785042726/ref=zg_bs_g_4149727031_d_sccl_18/000-0000000-0000000?psc=1,10,https://www.amazon.in/gp/bestsellers/books/4149418031,0593083881,9780593083888,http://books.google.com/books/content?id=qRCOEAAAQBAJ&printsec=frontcover&img=1&zoom=1&source=gbs_api
9780205982578,3319,"Anthropology, 15e","Peter N. Peregrine Carol R. Ember, Melvin R. Ember",Higher Education Textbooks,Social Sciences,Paperback,₹718.00,4.4,1217.0,https://www.amazon.in/Anthropology-Fifteenth-Pearson-Melvin-Peregrine/dp/9353949602/ref=zg_bs_g_4149727031_d_sccl_20/000-0000000-0000000?psc=1,10,https://www.amazon.in/gp/bestsellers/books/4149418031,0205982573,9780205982578,http://books.google.com/books/content?id=4wZoBAAAQBAJ&printsec=frontcover&img=1&zoom=1&source=gbs_api
9789353063191,3320,"Psychology, 6e",Ciccarelli & Misra,Higher Education Textbooks,Social Sciences,Paperback,₹679.00,4.4,160.0,https://www.amazon.in/Psychology-Sixth-Pearson-Ciccarelli-Misra/dp/9356060762/ref=zg_bs_g_4149727031_d_sccl_21/000-0000000-0000000?psc=1,10,https://www.amazon.in/gp/bestsellers/books/4149418031,9353063191,9789353063191,http://books.google.com/books/content?id=TjFpDwAAQBAJ&printsec=frontcover&img=1&zoom=1&source=gbs_api
9783804639126,3322,The Parenting Map: Step-by-Step Solutions to Consciously Create the Ultimate Parent-Child Relationship,Dr Shefali Tsabary,Higher Education Textbooks,Social Sciences,Paperback,₹477.00,4.8,319.0,https://www.amazon.in/Parenting-Map-Step-Step-Parent-Child/dp/1399719084/ref=zg_bs_g_4149727031_d_sccl_23/000-0000000-0000000?psc=1,10,https://www.amazon.in/gp/bestsellers/books/4149418031,3804639127,9783804639126,http://books.google.com/books/content?id=fNe6zwEACAAJ&printsec=frontcover&img=1&zoom=1&source=gbs_api
9781635576818,3323,CLEOPATRA AND FRANKENSTEIN,Coco Mellors,Higher Education Textbooks,Social Sciences,Paperback,₹324.00,4.3,5756.0,https://www.amazon.in/Cleopatra-Frankenstein-Coco-Mellors/dp/0008608512/ref=zg_bs_g_4149727031_d_sccl_24/000-0000000-0000000?psc=1,10,https://www.amazon.in/gp/bestsellers/books/4149418031,1635576814,9781635576818,http://books.google.com/books/content?id=eAs0EAAAQBAJ&printsec=frontcover&img=1&zoom=1&source=gbs_api
9781644210697,3324,The Motorcycle Diaries,Ernesto ‘Che’ Guevara,Higher Education Textbooks,Social Sciences,Paperback,₹279.00,4.4,221.0,https://www.amazon.in/Motorcycle-Diaries-Penguin-Modern-Classics/dp/0241465109/ref=zg_bs_g_4149727031_d_sccl_25/000-0000000-0000000?psc=1,10,https://www.amazon.in/gp/bestsellers/books/4149418031,164421069X,9781644210697,http://books.google.com/books/content?id=1zYGEAAAQBAJ&printsec=frontcover&img=1&zoom=1&edge=curl&source=gbs_api
9780521779135,3327,Beyond Good & Evil,Friedrich Nietzsche,Higher Education Textbooks,Social Sciences,Paperback,₹117.00,4.4,4784.0,https://www.amazon.in/Beyond-Good-Evil-Friedrich-Nietzsche/dp/9350334984/ref=zg_bs_g_4149727031_d_sccl_28/000-0000000-0000000?psc=1,10,https://www.amazon.in/gp/bestsellers/books/4149418031,0521779138,9780521779135,http://books.google.com/books/content?id=LHTKIY4Id1AC&printsec=frontcover&img=1&zoom=1&edge=curl&source=gbs_api
9789356993082,3328,ULFA: The Mirage of Dawn,Rajeev Bhattacharyya,Higher Education Textbooks,Social Sciences,Paperback,₹389.00,4.9,20.0,https://www.amazon.in/ULFA-Mirage-Dawn-Rajeev-Bhattacharyya/dp/9356993084/ref=zg_bs_g_4149727031_d_sccl_29/000-0000000-0000000?psc=1,10,https://www.amazon.in/gp/bestsellers/books/4149418031,9356993084,9789356993082,http://books.google.com/books/content?id=cQEO0AEACAAJ&printsec=frontcover&img=1&zoom=1&source=gbs_api
9788175994140,3329,"Capital (Das Capital): Includes Vol.1,2,3",Karl Marx,Higher Education Textbooks,Social Sciences,Paperback,₹589.00,4.4,1863.0,https://www.amazon.in/Capital-Das-Kapital-Karl-Marx/dp/8175994142/ref=zg_bs_g_4149727031_d_sccl_30/000-0000000-0000000?psc=1,10,https://www.amazon.in/gp/bestsellers/books/4149418031,8175994142,9788175994140,http://books.google.com/books/content?id=9WIS0AEACAAJ&printsec=frontcover&img=1&zoom=1&source=gbs_api
9780062968722,3330,Love Yourself Like Your Life Depends on It: The positive self-help phenomenon,Kamal Ravikant,Higher Education Textbooks,Social Sciences,Paperback,₹289.00,4.4,10850.0,https://www.amazon.in/Love-Yourself-Like-Your-Depends/dp/0008374708/ref=zg_bs_g_4149727031_d_sccl_1/000-0000000-0000000?psc=1,10,https://www.amazon.in/gp/bestsellers/books/4149418031,0062968726,9780062968722,http://books.google.com/books/content?id=U2ERxAEACAAJ&printsec=frontcover&img=1&zoom=1&source=gbs_api
9780063142381,3331,Independence,Chitra Banerjee Divakaruni,Higher Education Textbooks,Social Sciences,Paperback,₹324.00,4.4,1133.0,https://www.amazon.in/Independence-Chitra-Banerjee-Divakaruni/dp/9356996067/ref=zg_bs_g_4149727031_d_sccl_2/000-0000000-0000000?psc=1,10,https://www.amazon.in/gp/bestsellers/books/4149418031,0063142384,9780063142381,http://books.google.com/books/content?id=qvgezwEACAAJ&printsec=frontcover&img=1&zoom=1&source=gbs_api
9781571315991,3333,Marginlands: Indian Landscapes on the Brink – Shortlisted for the 2023 Tata Literature Live! First Book Award (Non-fiction),Arati Kumar-Rao,Higher Education Textbooks,Social Sciences,Hardcover,₹477.00,4.7,59.0,https://www.amazon.in/Marginlands-Indian-Landscapes-Arati-Kumar-Rao/dp/9395624434/ref=zg_bs_g_4149727031_d_sccl_4/000-0000000-0000000?psc=1,10,https://www.amazon.in/gp/bestsellers/books/4149418031,1571315993,9781571315991,http://books.google.com/books/content?id=H0EgEQAAQBAJ&printsec=frontcover&img=1&zoom=1&edge=curl&source=gbs_api
9780593653661,3334,Hidden Potential: The Science of Achieving Greater Things (Random House Large Print),Adam Grant,Higher Education Textbooks,Social Sciences,Paperback,₹345.00,4.6,1234.0,https://www.amazon.in/Hidden-Potential-Science-Achieving-Greater/dp/0593676734/ref=zg_bs_g_4149727031_d_sccl_5/000-0000000-0000000?psc=1,10,https://www.amazon.in/gp/bestsellers/books/4149418031,0593653661,9780593653661,http://books.google.com/books/content?id=8c6MEQAAQBAJ&printsec=frontcover&img=1&zoom=1&edge=curl&source=gbs_api
9789356994713,3337,We Also Make Policy: An Insider's Account of How the Finance Ministry Functions,Subhash Chandra Garg,Higher Education Textbooks,Social Sciences,Hardcover,₹559.00,4.2,41.0,https://www.amazon.in/We-Also-Make-Policy-Functions/dp/9356994714/ref=zg_bs_g_4149727031_d_sccl_8/000-0000000-0000000?psc=1,10,https://www.amazon.in/gp/bestsellers/books/4149418031,9356994714,9789356994713,http://books.google.com/books/content?id=hgon0AEACAAJ&printsec=frontcover&img=1&zoom=1&source=gbs_api
9780143425656,3339,Nehru And Bose : Parallel Lives,Rudrangshu Mukherjee,Higher Education Textbooks,Social Sciences,Paperback,₹268.00,4.5,420.0,https://www.amazon.in/Nehru-Bose-Parallel-Lives-Plans/dp/014342565X/ref=zg_bs_g_4149727031_d_sccl_10/000-0000000-0000000?psc=1,10,https://www.amazon.in/gp/bestsellers/books/4149418031,014342565X,9780143425656,http://books.google.com/books/content?id=U4bvjgEACAAJ&printsec=frontcover&img=1&zoom=1&source=gbs_api
9789357088978,3340,"Crosswinds: Nehru, Zhou and the Anglo-American Competition over China",Vijay Gokhale,Higher Education Textbooks,Social Sciences,Hardcover,₹464.34,5.0,2.0,https://www.amazon.in/Crosswinds-Nehru-Anglo-American-Competition-China/dp/0670099910/ref=zg_bs_g_4149727031_d_sccl_11/000-0000000-0000000?psc=1,10,https://www.amazon.in/gp/bestsellers/books/4149418031,9357088970,9789357088978,http://books.google.com/books/content?id=u_b4EAAAQBAJ&printsec=frontcover&img=1&zoom=1&edge=curl&source=gbs_api
9789356994669,3342,Fire on the Ganges : Life Among the Dead in Banaras,Radhika Iyengar,Higher Education Textbooks,Social Sciences,Hardcover,₹389.00,4.6,59.0,https://www.amazon.in/Fire-Ganges-Life-Among-Banaras/dp/9356994676/ref=zg_bs_g_4149727031_d_sccl_13/000-0000000-0000000?psc=1,10,https://www.amazon.in/gp/bestsellers/books/4149418031,9356994668,9789356994669,http://books.google.com/books/content?id=XgbREAAAQBAJ&printsec=frontcover&img=1&zoom=1&source=gbs_api
9781250880949,3343,Starry Messenger: Cosmic Perspectives on Civilisation,Neil deGrasse Tyson,Higher Education Textbooks,Social Sciences,Paperback,₹401.00,4.6,3759.0,https://www.amazon.in/Starry-Messenger-Cosmic-Perspectives-Civilisation/dp/0008543224/ref=zg_bs_g_4149727031_d_sccl_14/000-0000000-0000000?psc=1,10,https://www.amazon.in/gp/bestsellers/books/4149418031,1250880947,9781250880949,http://books.google.com/books/content?id=J5j5zgEACAAJ&printsec=frontcover&img=1&zoom=1&source=gbs_api
9789357312660,3345,Aryans,Charles Allen,Higher Education Textbooks,Social Sciences,Hardcover,₹559.00,4.3,21.0,https://www.amazon.in/Aryans-Charles-Allen/dp/9357312684/ref=zg_bs_g_4149727031_d_sccl_16/000-0000000-0000000?psc=1,10,https://www.amazon.in/gp/bestsellers/books/4149418031,9357312668,9789357312660,http://books.google.com/books/content?id=yE7fEAAAQBAJ&printsec=frontcover&img=1&zoom=1&source=gbs_api
9789356995536,3346,The Happiness Story: UNLOCKING THE SECRETS TO LIVING YOUR BEST LIFE,Savi Sharma,Higher Education Textbooks,Social Sciences,Paperback,₹237.00,4.5,64.0,https://www.amazon.in/Happiness-Story-UNLOCKING-SECRETS-LIVING/dp/9356995524/ref=zg_bs_g_4149727031_d_sccl_17/000-0000000-0000000?psc=1,10,https://www.amazon.in/gp/bestsellers/books/4149418031,9356995532,9789356995536,http://books.google.com/books/content?id=i77bEAAAQBAJ&printsec=frontcover&img=1&zoom=1&source=gbs_api
9789389178111,3350,Animals Tales From Panchtantra: Timeless Stories for Children From Ancient India,Wonder House Books,History,Ancient,Hardcover,₹189.00,4.5,5112.0,https://www.amazon.in/Animals-Tales-Panchtantra-Timeless-Children/dp/9389178118/ref=zg_bs_g_4149495031_d_sccl_1/000-0000000-0000000?psc=1,6,https://www.amazon.in/gp/bestsellers/books/4149493031,9389178118,9789389178111,http://books.google.com/books/content?id=lDcjzwEACAAJ&printsec=frontcover&img=1&zoom=1&source=gbs_api
9788187107583,3353,Story Book- 101 Panchatantra Stories ( Ilustrated stories for children from Ancient India),Om Books Editorial Team,History,Ancient,Paperback,₹191.00,4.5,8676.0,https://www.amazon.in/101-Panchatantra-Stories-Children-Illustrated/dp/935376517X/ref=zg_bs_g_4149495031_d_sccl_4/000-0000000-0000000?psc=1,6,https://www.amazon.in/gp/bestsellers/books/4149493031,8187107588,9788187107583,http://books.google.com/books/content?id=J8K_DAAAQBAJ&printsec=frontcover&img=1&zoom=1&edge=curl&source=gbs_api
9781611806885,3354,Meditations Deluxe Hardbound Edition,Marcus Aurelius,History,Ancient,Hardcover,₹299.00,4.3,9229.0,https://www.amazon.in/Meditations-Deluxe-Hardbound-Marcus-Aurelius/dp/9354407269/ref=zg_bs_g_4149495031_d_sccl_5/000-0000000-0000000?psc=1,6,https://www.amazon.in/gp/bestsellers/books/4149493031,1611806887,9781611806885,http://books.google.com/books/content?id=F2CQEAAAQBAJ&printsec=frontcover&img=1&zoom=1&source=gbs_api
9780143029892,3355,The Penguin History of Early India : From the Origins to AD 1300,Romila Thapar,History,Ancient,Paperback,₹270.00,4.4,1161.0,https://www.amazon.in/Penguin-History-Early-India-Origins/dp/0143029894/ref=zg_bs_g_4149495031_d_sccl_6/000-0000000-0000000?psc=1,6,https://www.amazon.in/gp/bestsellers/books/4149493031,0143029894,9780143029892,http://books.google.com/books/content?id=gyiqZKDlSBMC&printsec=frontcover&img=1&zoom=1&edge=curl&source=gbs_api
9781528774888,3356,Seneca : Letters from a Stoic: Epistulae Morales Ad Lucilium (The Penguin Classics L210) Seneca,Annaeus Lucius Seneca,History,Ancient,Paperback,₹300.00,4.5,4513.0,https://www.amazon.in/Seneca-Letters-Stoic-Penguin-Classics/dp/0140442103/ref=zg_bs_g_4149495031_d_sccl_7/000-0000000-0000000?psc=1,6,https://www.amazon.in/gp/bestsellers/books/4149493031,1528774884,9781528774888,http://books.google.com/books/content?id=8nXj0QEACAAJ&printsec=frontcover&img=1&zoom=1&source=gbs_api
9780785850724,3357,The Republic by Plato: Philosophical Masterpiece | Ancient Greek Philosophy | Ideal State | Political Theory | Socratic Dialogues | Virtue & Justice | Ethical Inquiry | Enlightenment Classic | Timeless Philosophical Work | Essential Reading for Thinkers,Plato,History,Ancient,Paperback,₹189.00,4.4,5250.0,https://www.amazon.in/Republic-Plato/dp/8175993065/ref=zg_bs_g_4149495031_d_sccl_8/000-0000000-0000000?psc=1,6,https://www.amazon.in/gp/bestsellers/books/4149493031,0785850724,9780785850724,http://books.google.com/books/content?id=mb_GEQAAQBAJ&printsec=frontcover&img=1&zoom=1&edge=curl&source=gbs_api
9789356618060,3358,HOMER: The Iliad and The Odyssey (Deluxe Edition),Homer,History,Ancient,Hardcover,₹599.00,4.6,3347.0,https://www.amazon.in/Iliad-Odyssey-Homer/dp/9388144295/ref=zg_bs_g_4149495031_d_sccl_9/000-0000000-0000000?psc=1,6,https://www.amazon.in/gp/bestsellers/books/4149493031,9356618062,9789356618060,http://books.google.com/books/content?id=iDGczwEACAAJ&printsec=frontcover&img=1&zoom=1&source=gbs_api
9780141914527,3360,Letters from a Stoic,Seneca,History,Ancient,Paperback,₹206.00,4.0,29.0,https://www.amazon.in/Letters-Stoic-Seneca/dp/9354405665/ref=zg_bs_g_4149495031_d_sccl_11/000-0000000-0000000?psc=1,6,https://www.amazon.in/gp/bestsellers/books/4149493031,0141914521,9780141914527,http://books.google.com/books/content?id=hWlZTVgLmAkC&printsec=frontcover&img=1&zoom=1&source=gbs_api
9780670086399,3368,Land of Seven Rivers,Sanjeev Sanyal,History,Ancient,Audible Audiobook,₹879.00,4.5,2236.0,https://www.amazon.in/Land-of-Seven-Rivers/dp/B086BRDFDB/ref=zg_bs_g_4149495031_d_sccl_19/000-0000000-0000000?psc=1,6,https://www.amazon.in/gp/bestsellers/books/4149493031,0670086398,9780670086399,http://books.google.com/books/content?id=g-rKjwEACAAJ&printsec=frontcover&img=1&zoom=1&source=gbs_api
9780670090433,3369,"Indians: A Brief History of a Civilization by Namit Arora: Must Read on Indian Civilisation, Glimpse of History of Indian Culture, Non-fiction by Indian Author, Penguin [Hardcover] Arora, Namit",Namit Arora,History,Ancient,Hardcover,₹407.00,4.3,397.0,https://www.amazon.in/Indians-History-Civilization-Namit-Arora/dp/0670090433/ref=zg_bs_g_4149495031_d_sccl_20/000-0000000-0000000?psc=1,6,https://www.amazon.in/gp/bestsellers/books/4149493031,0670090433,9780670090433,http://books.google.com/books/content?id=B9MrzgEACAAJ&printsec=frontcover&img=1&zoom=1&source=gbs_api
9781613824009,3370,Discourses and Selected Writings,Epictetus,History,Ancient,Paperback,₹286.00,4.7,2701.0,https://www.amazon.in/Discourses-Selected-Writings-Penguin-Classics/dp/0140449469/ref=zg_bs_g_4149495031_d_sccl_21/000-0000000-0000000?psc=1,6,https://www.amazon.in/gp/bestsellers/books/4149493031,1613824009,9781613824009,http://books.google.com/books/content?id=DMh_tgEACAAJ&printsec=frontcover&img=1&zoom=1&source=gbs_api
9789354927041,3372,Stories And Sutras: Timeless Legends. Pr,VIRAT CHIRANIA,History,Ancient,Paperback,₹200.00,4.8,210.0,https://www.amazon.in/Stories-Sutras-Timeless-Legends-Priceless/dp/0143455346/ref=zg_bs_g_4149495031_d_sccl_23/000-0000000-0000000?psc=1,6,https://www.amazon.in/gp/bestsellers/books/4149493031,9354927041,9789354927041,http://books.google.com/books/content?id=m-SBEAAAQBAJ&printsec=frontcover&img=1&zoom=1&edge=curl&source=gbs_api
9780141910819,3377,Meditations (Penguin Classics),Marcus Aurelius,History,Ancient,Kindle Edition,₹216.82,4.4,6975.0,https://www.amazon.in/Meditations-Penguin-Classics-Marcus-Aurelius-ebook/dp/B002RI9WZM/ref=zg_bs_g_4149495031_d_sccl_28/000-0000000-0000000?psc=1,6,https://www.amazon.in/gp/bestsellers/books/4149493031,014191081X,9780141910819,http://books.google.com/books/content?id=udApd8ZGlV0C&printsec=frontcover&img=1&zoom=1&source=gbs_api
9789354582233,3378,Rajaraja Chola: Interplay Between an Imperial Regime and Productive Forces of Society,Raghavan Srinivasan,History,Ancient,Paperback,₹283.00,4.3,229.0,https://www.amazon.in/Rajaraja-Chola-Interplay-Imperial-Productive/dp/9354581145/ref=zg_bs_g_4149495031_d_sccl_29/000-0000000-0000000?psc=1,6,https://www.amazon.in/gp/bestsellers/books/4149493031,9354582230,9789354582233,http://books.google.com/books/content?id=rI1DEAAAQBAJ&printsec=frontcover&img=1&zoom=1&edge=curl&source=gbs_api
9789392510366,3381,Ancient India,R. C. Majumdar,History,Ancient,Paperback,₹270.00,4.4,523.0,https://www.amazon.in/Ancient-India-R-C-Majumdar/dp/8120804368/ref=zg_bs_g_4149495031_d_sccl_2/000-0000000-0000000?psc=1,6,https://www.amazon.in/gp/bestsellers/books/4149493031,9392510365,9789392510366,http://books.google.com/books/content?id=94oAzwEACAAJ&printsec=frontcover&img=1&zoom=1&source=gbs_api
9780691208015,3383,"1177 B.C.: The Year Civilization Collapsed: Revised and Updated (Turning Points in Ancient History, 6)",Eric H. Cline,History,Ancient,Paperback,₹414.00,4.4,1394.0,https://www.amazon.in/1177-B-C-Civilization-Collapsed-Revised/dp/0691208018/ref=zg_bs_g_4149495031_d_sccl_4/000-0000000-0000000?psc=1,6,https://www.amazon.in/gp/bestsellers/books/4149493031,0691208018,9780691208015,http://books.google.com/books/content?id=CjwCEAAAQBAJ&printsec=frontcover&img=1&zoom=1&edge=curl&source=gbs_api
9781405944465,3384,Troy: The Siege of Troy Retold,Stephen Fry,History,Ancient,Audible Audiobook,₹888.00,4.7,5448.0,https://www.amazon.in/Troy-Siege-Retold/dp/B088TR6H6Q/ref=zg_bs_g_4149495031_d_sccl_5/000-0000000-0000000?psc=1,6,https://www.amazon.in/gp/bestsellers/books/4149493031,1405944463,9781405944465,http://books.google.com/books/content?id=lRsszgEACAAJ&printsec=frontcover&img=1&zoom=1&source=gbs_api
9780871138002,3385,India: A History,John Keay,History,Ancient,Paperback,₹629.00,4.4,781.0,https://www.amazon.in/INDIA-History-Revised-John-Keay/dp/0008567565/ref=zg_bs_g_4149495031_d_sccl_6/000-0000000-0000000?psc=1,6,https://www.amazon.in/gp/bestsellers/books/4149493031,087113800X,9780871138002,http://books.google.com/books/content?id=Rx90QgAACAAJ&printsec=frontcover&img=1&zoom=1&source=gbs_api
9781605203287,3389,Politics,Aristotle,History,Ancient,Kindle Edition,₹37.95,4.5,2067.0,https://www.amazon.in/Politics-Aristotle-ebook/dp/B07W79T3SB/ref=zg_bs_g_4149495031_d_sccl_10/000-0000000-0000000?psc=1,6,https://www.amazon.in/gp/bestsellers/books/4149493031,1605203289,9781605203287,http://books.google.com/books/content?id=AC4z0PcuagAC&printsec=frontcover&img=1&zoom=1&edge=curl&source=gbs_api
9780140449280,3390,Last Days Of Socrates: Euthyphro; Apology; Crito; Phaedo (Penguin Classics),Plato,History,Ancient,Paperback,₹315.00,4.6,1006.0,https://www.amazon.in/Last-Days-Socrates-Penguin-Classics/dp/0140449280/ref=zg_bs_g_4149495031_d_sccl_11/000-0000000-0000000?psc=1,6,https://www.amazon.in/gp/bestsellers/books/4149493031,0140449280,9780140449280,http://books.google.com/books/content?id=7YOMEAAAQBAJ&printsec=frontcover&img=1&zoom=1&source=gbs_api
9788184750348,3391,Jatakas :Birth Stories Of The Bodhisatta,Sarah Shaw,History,Ancient,Paperback,₹319.70,4.4,162.0,https://www.amazon.in/JATAKAS-Birth-Stories-Bodhisatta/dp/0144001470/ref=zg_bs_g_4149495031_d_sccl_12/000-0000000-0000000?psc=1,6,https://www.amazon.in/gp/bestsellers/books/4149493031,818475034X,9788184750348,http://books.google.com/books/content?id=Ay4WFGQtSy0C&printsec=frontcover&img=1&zoom=1&source=gbs_api
9780349122380,3392,ASHOKA,Charles Allen,History,Ancient,Paperback,₹473.00,4.4,383.0,https://www.amazon.in/ASHOKA-Charles-Allen/dp/0349122385/ref=zg_bs_g_4149495031_d_sccl_13/000-0000000-0000000?psc=1,6,https://www.amazon.in/gp/bestsellers/books/4149493031,0349122385,9780349122380,http://books.google.com/books/content?id=fGyAZwEACAAJ&printsec=frontcover&img=1&zoom=1&source=gbs_api
9780140455113,3393,The Republic | Plato | Hardcover | International Bestseller Book,Plato,History,Ancient,Hardcover,₹140.00,4.4,5250.0,https://www.amazon.in/Republic-Plato-Hardcover-International-Bestseller/dp/9391626947/ref=zg_bs_g_4149495031_d_sccl_14/000-0000000-0000000?psc=1,6,https://www.amazon.in/gp/bestsellers/books/4149493031,0140455116,9780140455113,http://books.google.com/books/content?id=0f5MQif-HCcC&printsec=frontcover&img=1&zoom=1&source=gbs_api
9780691148182,3394,"The Horse, the Wheel, and Language: How Bronze-Age Riders from the Eurasian Steppes Shaped the Modern World",David W. Anthony,History,Ancient,Paperback,"₹1,604.17",4.5,937.0,https://www.amazon.in/Horse-Wheel-Language-Bronze-Age-Eurasian/dp/069114818X/ref=zg_bs_g_4149495031_d_sccl_15/000-0000000-0000000?psc=1,6,https://www.amazon.in/gp/bestsellers/books/4149493031,069114818X,9780691148182,http://books.google.com/books/content?id=nLIufwC4szwC&printsec=frontcover&img=1&zoom=1&edge=curl&source=gbs_api
9781844670208,3395,Somanatha : The Many Voices of a History,Romila Thapar,History,Ancient,Paperback,₹242.00,4.4,148.0,https://www.amazon.in/Somanatha-Voices-History-Romila-Thapar/dp/0143064681/ref=zg_bs_g_4149495031_d_sccl_16/000-0000000-0000000?psc=1,6,https://www.amazon.in/gp/bestsellers/books/4149493031,1844670201,9781844670208,http://books.google.com/books/content?id=PnBMFaGMabYC&printsec=frontcover&img=1&zoom=1&edge=curl&source=gbs_api
9789358568172,3396,The Art of War (Telugu),Sun Tzu,History,Ancient,Paperback,₹97.23,4.1,179.0,https://www.amazon.in/Art-War-Sun-Tzu/dp/8194898803/ref=zg_bs_g_4149495031_d_sccl_17/000-0000000-0000000?psc=1,6,https://www.amazon.in/gp/bestsellers/books/4149493031,9358568178,9789358568172,http://books.google.com/books/content?id=90rVEQAAQBAJ&printsec=frontcover&img=1&zoom=1&edge=curl&source=gbs_api
9780143433163,3397,The Mahabharata : Volume 10,Bibek Debroy (Tr),History,Ancient,Paperback,₹338.00,4.5,36.0,https://www.amazon.in/Mahabharata-10-Bibek-Debroy/dp/0143425234/ref=zg_bs_g_4149495031_d_sccl_18/000-0000000-0000000?psc=1,6,https://www.amazon.in/gp/bestsellers/books/4149493031,0143433164,9780143433163,http://books.google.com/books/content?id=V_XTAQAACAAJ&printsec=frontcover&img=1&zoom=1&source=gbs_api
9780671741907,3450,Word Power Made Easy [Paperback] Norman Lewis,Norman Lewis,"Language, Linguistics & Writing",Writing Guides,Paperback,₹101.00,4.4,18279.0,https://www.amazon.in/Word-Power-Made-Norman-Lewis/dp/0143424688/ref=zg_bs_g_1318151031_d_sccl_1/000-0000000-0000000?psc=1,7,https://www.amazon.in/gp/bestsellers/books/1318144031,067174190X,9780671741907,http://books.google.com/books/content?id=W2lVHktWAuEC&printsec=frontcover&img=1&zoom=1&edge=curl&source=gbs_api
9781089356400,3452,Blossom English Alphabet Writing Book (A) for Kids | Capital Letter Practice and Activities for Nursery Children | 70 Practice Boxes for each Letter [Paperback] Content Team at Target Publication,TARGET PUBLICATIONS,"Language, Linguistics & Writing",Writing Guides,Paperback,₹125.00,4.4,416.0,https://www.amazon.in/Blossom-Alphabet-Practice-Activities-Children/dp/B07RJ13DHK/ref=zg_bs_g_1318151031_d_sccl_3/000-0000000-0000000?psc=1,7,https://www.amazon.in/gp/bestsellers/books/1318144031,1089356404,9781089356400,http://books.google.com/books/content?id=zZ5xyAEACAAJ&printsec=frontcover&img=1&zoom=1&source=gbs_api
9781603293525,3456,"MLA Handbook, 9/e",The Modern Language Association of America,"Language, Linguistics & Writing",Writing Guides,Paperback,₹348.00,4.7,1195.0,https://www.amazon.in/Handbook-Modern-Language-Association-America/dp/1603293515/ref=zg_bs_g_1318151031_d_sccl_7/000-0000000-0000000?psc=1,7,https://www.amazon.in/gp/bestsellers/books/1318144031,1603293523,9781603293525,http://books.google.com/books/content?id=FEv6DwAAQBAJ&printsec=frontcover&img=1&zoom=1&edge=curl&source=gbs_api
9789387779297,3458,My First Book of Patterns Small Letters: Write and Practice Patterns and Small Letters a to z,Wonder House Books,"Language, Linguistics & Writing",Writing Guides,Paperback,₹99.00,4.5,504.0,https://www.amazon.in/First-Book-Patterns-Small-Letters/dp/9387779297/ref=zg_bs_g_1318151031_d_sccl_9/000-0000000-0000000?psc=1,7,https://www.amazon.in/gp/bestsellers/books/1318144031,9387779297,9789387779297,http://books.google.com/books/content?id=lsXZzwEACAAJ&printsec=frontcover&img=1&zoom=1&source=gbs_api
9781472298409,3459,The Art of Explanation: How to Communicate with Clarity and Confidence,Ros Atkins,"Language, Linguistics & Writing",Writing Guides,Paperback,₹434.00,4.5,164.0,https://www.amazon.in/Art-Explanation-Communicate-Clarity-Confidence/dp/1472298403/ref=zg_bs_g_1318151031_d_sccl_10/000-0000000-0000000?psc=1,7,https://www.amazon.in/gp/bestsellers/books/1318144031,1472298403,9781472298409,http://books.google.com/books/content?id=C0aSzwEACAAJ&printsec=frontcover&img=1&zoom=1&source=gbs_api
9780062031525,3462,"Writing That Works, 3E: How to Communicate Effectively in Business",Kenneth Roman,"Language, Linguistics & Writing",Writing Guides,Paperback,₹549.00,4.3,881.0,https://www.amazon.in/Writing-That-Works-3rd-Communicate/dp/0060956437/ref=zg_bs_g_1318151031_d_sccl_13/000-0000000-0000000?psc=1,7,https://www.amazon.in/gp/bestsellers/books/1318144031,006203152X,9780062031525,http://books.google.com/books/content?id=3Rcv5CmGYf0C&printsec=frontcover&img=1&zoom=1&source=gbs_api
9781925307443,3463,Bird by Bird,Anne Lamott,"Language, Linguistics & Writing",Writing Guides,Paperback,₹406.25,4.5,7550.0,https://www.amazon.in/Bird-Some-Instructions-Writing-Life/dp/0385480016/ref=zg_bs_g_1318151031_d_sccl_14/000-0000000-0000000?psc=1,7,https://www.amazon.in/gp/bestsellers/books/1318144031,1925307441,9781925307443,http://books.google.com/books/content?id=VF_dCgAAQBAJ&printsec=frontcover&img=1&zoom=1&source=gbs_api
9781408866115,3469,In Other Words,Jhumpa Lahiri,"Language, Linguistics & Writing",Writing Guides,Paperback,₹205.00,4.2,1068.0,https://www.amazon.in/Other-Words-Jhumpa-Lahiri/dp/0143428853/ref=zg_bs_g_1318151031_d_sccl_20/000-0000000-0000000?psc=1,7,https://www.amazon.in/gp/bestsellers/books/1318144031,1408866110,9781408866115,http://books.google.com/books/content?id=fo0-CwAAQBAJ&printsec=frontcover&img=1&zoom=1&source=gbs_api
9781607742456,3470,Wired for Story: The Writer's Guide to Using Brain Science to Hook Readers from the Very First Sentence,Lisa Cron,"Language, Linguistics & Writing",Writing Guides,Kindle Edition,₹446.99,4.6,1238.0,https://www.amazon.in/Wired-Story-Writers-Science-Sentence-ebook/dp/B005X0JTGI/ref=zg_bs_g_1318151031_d_sccl_21/000-0000000-0000000?psc=1,7,https://www.amazon.in/gp/bestsellers/books/1318144031,1607742454,9781607742456,http://books.google.com/books/content?id=vAcZLkDVIoEC&printsec=frontcover&img=1&zoom=1&source=gbs_api
9781399809665,3471,Smart Brevity: The Power of Saying More with Less,Roy Schwartz,"Language, Linguistics & Writing",Writing Guides,Hardcover,₹404.00,4.5,996.0,https://www.amazon.in/Smart-Brevity-Power-Saying-More/dp/1399809644/ref=zg_bs_g_1318151031_d_sccl_22/000-0000000-0000000?psc=1,7,https://www.amazon.in/gp/bestsellers/books/1318144031,1399809660,9781399809665,http://books.google.com/books/content?id=EXabEAAAQBAJ&printsec=frontcover&img=1&zoom=1&source=gbs_api
9781433832161,3472,"PUBLICATION MANUAL OF THE AMERICAN PSYCHOLOGICAL ASSOCIATION, 7TH EDITION",American Psychological Association,"Language, Linguistics & Writing",Writing Guides,Paperback,"₹1,119.00",4.8,31293.0,https://www.amazon.in/PUBLICATION-MANUAL-AMERICAN-PSYCHOLOGICAL-ASSOCIATION/dp/143383216X/ref=zg_bs_g_1318151031_d_sccl_23/000-0000000-0000000?psc=1,7,https://www.amazon.in/gp/bestsellers/books/1318144031,143383216X,9781433832161,http://books.google.com/books/content?id=AwVkyAEACAAJ&printsec=frontcover&img=1&zoom=1&source=gbs_api
9780743421041,3473,ON WRITING (REISSUES),Stephen King,"Language, Linguistics & Writing",Writing Guides,Paperback,₹415.00,4.6,15006.0,https://www.amazon.in/Writing-Memoir-Craft-Stephen-King/dp/1444723251/ref=zg_bs_g_1318151031_d_sccl_24/000-0000000-0000000?psc=1,7,https://www.amazon.in/gp/bestsellers/books/1318144031,0743421043,9780743421041,http://books.google.com/books/content?id=7Zk2OYWCg70C&printsec=frontcover&img=1&zoom=1&source=gbs_api
9789365693102,3474,City on Fire: A Boyhood in Aligarh,Zeyad Masroor Khan,"Language, Linguistics & Writing",Writing Guides,Hardcover,₹389.00,4.4,23.0,https://www.amazon.in/City-Fire-Zeyad-Masroor-Khan/dp/9356998248/ref=zg_bs_g_1318151031_d_sccl_25/000-0000000-0000000?psc=1,7,https://www.amazon.in/gp/bestsellers/books/1318144031,9365693101,9789365693102,http://books.google.com/books/content?id=GXrb0QEACAAJ&printsec=frontcover&img=1&zoom=1&source=gbs_api
9789388810623,3478,Reusable Wipe And Clean Book - Small Letters : Write And Practice Small Letters,Wonder House Books,"Language, Linguistics & Writing",Writing Guides,Paperback,₹137.00,4.2,718.0,https://www.amazon.in/Reusable-Wipe-Clean-Book-Practice/dp/9388810627/ref=zg_bs_g_1318151031_d_sccl_29/000-0000000-0000000?psc=1,7,https://www.amazon.in/gp/bestsellers/books/1318144031,9388810627,9789388810623,http://books.google.com/books/content?id=9qJg0QEACAAJ&printsec=frontcover&img=1&zoom=1&source=gbs_api
9788122300338,3483,Set-rapidex Self Letter Drafting Course (rx),Pustak Mahal Editorial Board,"Language, Linguistics & Writing",Writing Guides,Paperback,₹189.00,4.0,221.0,https://www.amazon.in/Set-Rapidex-Self-Letter-Drafting-Course/dp/8122300332/ref=zg_bs_g_1318151031_d_sccl_4/000-0000000-0000000?psc=1,7,https://www.amazon.in/gp/bestsellers/books/1318144031,8122300332,9788122300338,http://books.google.com/books/content?id=zCJ1HAAACAAJ&printsec=frontcover&img=1&zoom=1&source=gbs_api
9781464234255,3485,COL ESSAY ESSENTIALS: A Step-by-Step Guide to Writing a Successful College Admissions Essay,Ethan Sawyer,"Language, Linguistics & Writing",Writing Guides,Paperback,₹706.06,4.5,631.0,https://www.amazon.in/College-Essay-Essentials-Step-Step/dp/149263512X/ref=zg_bs_g_1318151031_d_sccl_6/000-0000000-0000000?psc=1,7,https://www.amazon.in/gp/bestsellers/books/1318144031,1464234256,9781464234255,http://books.google.com/books/content?id=5FPGEQAAQBAJ&printsec=frontcover&img=1&zoom=1&source=gbs_api
9781580628556,3487,The Only Grammar Book You'll Ever Need: A One-Stop Source for Every Writing Assignment,Susan Thurman,"Language, Linguistics & Writing",Writing Guides,Kindle Edition,₹247.95,4.5,2922.0,https://www.amazon.in/Only-Grammar-Book-Youll-Ever-ebook/dp/B0047T748Q/ref=zg_bs_g_1318151031_d_sccl_8/000-0000000-0000000?psc=1,7,https://www.amazon.in/gp/bestsellers/books/1318144031,1580628559,9781580628556,http://books.google.com/books/content?id=iaWMDwAAQBAJ&printsec=frontcover&img=1&zoom=1&edge=curl&source=gbs_api
9789388810609,3489,My Big Book Of Patterns And Pencil Control,Wonder House Books,"Language, Linguistics & Writing",Writing Guides,Paperback,₹259.00,4.4,1227.0,https://www.amazon.in/Big-Book-Patterns-Pencil-Control/dp/9388810600/ref=zg_bs_g_1318151031_d_sccl_10/000-0000000-0000000?psc=1,7,https://www.amazon.in/gp/bestsellers/books/1318144031,9388810600,9789388810609,http://books.google.com/books/content?id=2tbYzwEACAAJ&printsec=frontcover&img=1&zoom=1&source=gbs_api
9788122300260,3492,: Rapidex English Noting & Drafting Course,PUSTAK MAHAL EDITORIAL BOARD,"Language, Linguistics & Writing",Writing Guides,Paperback,₹236.00,3.6,67.0,https://www.amazon.in/Rapidex-English-Noting-Drafting-Course/dp/8122316328/ref=zg_bs_g_1318151031_d_sccl_13/000-0000000-0000000?psc=1,7,https://www.amazon.in/gp/bestsellers/books/1318144031,812230026X,9788122300260,http://books.google.com/books/content?id=neNbNwAACAAJ&printsec=frontcover&img=1&zoom=1&source=gbs_api
9780062250506,3494,"On Writing Well, 30th Anniversary Edition: An Informal Guide to Writing Nonfiction",William Zinsser,"Language, Linguistics & Writing",Writing Guides,Kindle Edition,₹309.80,4.3,4863.0,https://www.amazon.in/Writing-Well-30th-Anniversary-Nonfiction-ebook/dp/B0090RVGW0/ref=zg_bs_g_1318151031_d_sccl_15/000-0000000-0000000?psc=1,7,https://www.amazon.in/gp/bestsellers/books/1318144031,0062250507,9780062250506,http://books.google.com/books/content?id=mp16BDRDaYQC&printsec=frontcover&img=1&zoom=1&source=gbs_api
9780998203492,3495,The Art and Business of Online Writing: How to Beat the Game of Capturing and Keeping Attention,Nicolas Cole,"Language, Linguistics & Writing",Writing Guides,Kindle Edition,₹449.00,4.7,925.0,https://www.amazon.in/Art-Business-Online-Writing-Capturing-ebook/dp/B08GZK274F/ref=zg_bs_g_1318151031_d_sccl_16/000-0000000-0000000?psc=1,7,https://www.amazon.in/gp/bestsellers/books/1318144031,0998203491,9780998203492,http://books.google.com/books/content?id=vYq-zQEACAAJ&printsec=frontcover&img=1&zoom=1&source=gbs_api
9781643990026,3497,The Elements of Style (Hardcover Library Edition),William Strunk,"Language, Linguistics & Writing",Writing Guides,Hardcover,₹181.00,4.4,40.0,https://www.amazon.in/Elements-Style-Writing-Strategies-Hardcover/dp/9389157226/ref=zg_bs_g_1318151031_d_sccl_18/000-0000000-0000000?psc=1,7,https://www.amazon.in/gp/bestsellers/books/1318144031,1643990020,9781643990026,http://books.google.com/books/content?id=LSBmDwAAQBAJ&printsec=frontcover&img=1&zoom=1&edge=curl&source=gbs_api
9781509852840,3498,Daily Rituals,Mason Currey,"Language, Linguistics & Writing",Writing Guides,Paperback,₹481.00,4.1,673.0,https://www.amazon.in/Daily-Rituals-Great-Minds-Inspiration/dp/1529059968/ref=zg_bs_g_1318151031_d_sccl_19/000-0000000-0000000?psc=1,7,https://www.amazon.in/gp/bestsellers/books/1318144031,1509852840,9781509852840,http://books.google.com/books/content?id=ScZtDwAAQBAJ&printsec=frontcover&img=1&zoom=1&source=gbs_api
9789364550161,3500,Taxmann’s New Criminal Laws Combo – Bharatiya Nyaya Sanhita 2023 (BNS) | Bharatiya Nagarik Suraksha Sanhita 2023 (BNSS) | Bharatiya Sakshya Adhiniyam 2023 (BSA) | 3 Books Set,Taxmann,Law,Tax Law,Paperback,₹635.00,4.1,41.0,https://www.amazon.in/Taxmanns-New-Criminal-Laws-Combo/dp/B0CQYNHSBX/ref=zg_bs_g_4149548031_d_sccl_1/000-0000000-0000000?psc=1,6,https://www.amazon.in/gp/bestsellers/books/4149542031,9364550161,9789364550161,http://books.google.com/books/content?id=9DYeEQAAQBAJ&printsec=frontcover&img=1&zoom=1&edge=curl&source=gbs_api
9789357788496,3503,IIBF X Taxmann's Bankers' Handbook on Credit Management – Comprehensive Guide for Bankers in Managing Credit Portfolios with Practical Examples | Regulatory Guidelines | Recent Developments,Indian Institute of Banking & Finance,Law,Tax Law,Paperback,"₹1,105.00",4.3,5.0,https://www.amazon.in/Taxmanns-Bankers-Handbook-Credit-Management/dp/9357788492/ref=zg_bs_g_4149548031_d_sccl_4/000-0000000-0000000?psc=1,6,https://www.amazon.in/gp/bestsellers/books/4149542031,9357788492,9789357788496,http://books.google.com/books/content?id=MoT8EAAAQBAJ&printsec=frontcover&img=1&zoom=1&edge=curl&source=gbs_api
9789364551090,3506,"Taxmann X NISM's Equity Derivatives – Insights into strategies, risk management & regulatory norms | Elucidates derivative products, trading mechanisms & investor protection practices",NISM (An Educational Initiative of SEBI),Law,Tax Law,Paperback,₹347.00,4.6,24.0,https://www.amazon.in/Taxmann-NISMs-Equity-Derivatives-strategies/dp/9357782257/ref=zg_bs_g_4149548031_d_sccl_7/000-0000000-0000000?psc=1,6,https://www.amazon.in/gp/bestsellers/books/4149542031,9364551095,9789364551090,http://books.google.com/books/content?id=291YEQAAQBAJ&printsec=frontcover&img=1&zoom=1&edge=curl&source=gbs_api
9789371262255,3507,Taxmann's New Criminal Laws Combo – भारतीय न्याय संहिता 2023 (BNS) | भारतीय नागरिक सुरक्षा संहिता 2023 (BNSS) | भारतीय साक्ष्य अधिनियम 2023 (BSA) | 3 Books Set,Taxmann,Law,Tax Law,Paperback,₹965.00,0.0,0.0,https://www.amazon.in/Taxmanns-New-Criminal-Laws-Combo/dp/B0CT8XW1SX/ref=zg_bs_g_4149548031_d_sccl_8/000-0000000-0000000?psc=1,6,https://www.amazon.in/gp/bestsellers/books/4149542031,9371262257,9789371262255,http://books.google.com/books/content?id=-9KnEQAAQBAJ&printsec=frontcover&img=1&zoom=1&edge=curl&source=gbs_api
9789364554435,3508,Taxmann's Direct Taxes Ready Reckoner (DTRR) | A.Y. 2023-24 & 2024-25 – Illustrative Ready Referencer on Income-tax with Focused Analysis | Break-even Tables for Alternative Tax Regime | 47th Edition,Dr. Vinod K. Singhania,Law,Tax Law,Paperback,"₹1,530.00",4.4,82.0,https://www.amazon.in/Taxmanns-Direct-Reckoner-2023-24-2024-25/dp/9356226822/ref=zg_bs_g_4149548031_d_sccl_9/000-0000000-0000000?psc=1,6,https://www.amazon.in/gp/bestsellers/books/4149542031,9364554434,9789364554435,http://books.google.com/books/content?id=lusaEQAAQBAJ&printsec=frontcover&img=1&zoom=1&edge=curl&source=gbs_api
9789364559249,3509,Taxmann's Bharatiya Nyaya Sanhita (BNS) 2023 – Comprehensive Legal Resource with Bare Act | Comparative Study | Section-wise Tables | Section/Alphabetical Key | Guide to Punishment for Offences,Taxmann,Law,Tax Law,Paperback,₹234.00,4.2,4.0,https://www.amazon.in/Taxmanns-Bharatiya-Nyaya-Sanhita-2023/dp/9357784012/ref=zg_bs_g_4149548031_d_sccl_10/000-0000000-0000000?psc=1,6,https://www.amazon.in/gp/bestsellers/books/4149542031,936455924X,9789364559249,http://books.google.com/books/content?id=U3czEQAAQBAJ&printsec=frontcover&img=1&zoom=1&edge=curl&source=gbs_api
9789375615668,3512,"Taxmann's Companies Act 2013 | POCKET Edition – Compact & authoritative bare act covering amended, updated & annotated text of Companies Act 2013 in a handy format [2024]",Taxmann,Law,Tax Law,Paperback,₹470.00,0.0,0.0,https://www.amazon.in/Taxmanns-Companies-2013-POCKET-authoritative/dp/9357789294/ref=zg_bs_g_4149548031_d_sccl_13/000-0000000-0000000?psc=1,6,https://www.amazon.in/gp/bestsellers/books/4149542031,9375615669,9789375615668,http://books.google.com/books/content?id=Sfi0EQAAQBAJ&printsec=frontcover&img=1&zoom=1&edge=curl&source=gbs_api
9789357785952,3513,IIBF X Taxmann's Digital Banking – Seminal guide to familiarise the readers with digital banking advancements and provides practical knowledge for adapting to digital changes in banking,Indian Institute of Banking & Finance,Law,Tax Law,Paperback,₹698.00,0.0,0.0,https://www.amazon.in/IIBF-Taxmanns-Digital-Banking-advancements/dp/9357785957/ref=zg_bs_g_4149548031_d_sccl_14/000-0000000-0000000?psc=1,6,https://www.amazon.in/gp/bestsellers/books/4149542031,9357785957,9789357785952,http://books.google.com/books/content?id=dLX6EAAAQBAJ&printsec=frontcover&img=1&zoom=1&edge=curl&source=gbs_api
9789364559584,3514,Taxmann's FAQs on Timely Payments to MSME | An Interplay between Sec. 43B(h) of the Income-tax Act & MSMED Act for Legal Professionals | Accountants | Business Owners,CA Srinivasan Anand G.,Law,Tax Law,Paperback,₹345.00,0.0,0.0,https://www.amazon.in/Taxmanns-Interplay-Income-tax-Professionals-Accountants/dp/9357785337/ref=zg_bs_g_4149548031_d_sccl_15/000-0000000-0000000?psc=1,6,https://www.amazon.in/gp/bestsellers/books/4149542031,9364559584,9789364559584,http://books.google.com/books/content?id=wPdUEQAAQBAJ&printsec=frontcover&img=1&zoom=1&edge=curl&source=gbs_api
9789371268219,3515,"Taxmann's How to Deal with GST Show Cause Notices with Pleadings – Invaluable resource for understanding and responding to GST Show Cause Notices, blending practicality with legal expertise [2024]",A Jatin Christopher,Law,Tax Law,Paperback,₹821.00,0.0,0.0,https://www.amazon.in/Taxmanns-Deal-Cause-Notices-Pleadings/dp/9357787976/ref=zg_bs_g_4149548031_d_sccl_16/000-0000000-0000000?psc=1,6,https://www.amazon.in/gp/bestsellers/books/4149542031,9371268212,9789371268219,http://books.google.com/books/content?id=4LKlEQAAQBAJ&printsec=frontcover&img=1&zoom=1&edge=curl&source=gbs_api
9789356226623,3516,"Taxmann's Companies Act with Rules | POCKET | PAPERBACK – Most authentic & comprehensive book covering amended, updated & annotated text of the Companies Act with 55+ Rules, etc. [2024]",Taxmann,Law,Tax Law,Paperback,₹989.00,5.0,1.0,https://www.amazon.in/Taxmanns-Companies-Rules-POCKET-PAPERBACK/dp/9357786791/ref=zg_bs_g_4149548031_d_sccl_17/000-0000000-0000000?psc=1,6,https://www.amazon.in/gp/bestsellers/books/4149542031,9356226628,9789356226623,http://books.google.com/books/content?id=FNOuEAAAQBAJ&printsec=frontcover&img=1&zoom=1&edge=curl&source=gbs_api
9789364551854,3517,Taxmann's Bharatiya Nagarik Suraksha Sanhita (BNSS) 2023 – Comprehensive Legal Resource ft. Bare Act | Comparative Study of BNSS & CrPC | Section-wise Tables | Section/Alphabetical Key | Subject Index,Taxmann,Law,Tax Law,Paperback,₹304.00,3.9,4.0,https://www.amazon.in/Taxmanns-Bharatiya-Nagarik-Suraksha-Sanhita/dp/9357785124/ref=zg_bs_g_4149548031_d_sccl_18/000-0000000-0000000?psc=1,6,https://www.amazon.in/gp/bestsellers/books/4149542031,9364551850,9789364551854,http://books.google.com/books/content?id=S3czEQAAQBAJ&printsec=frontcover&img=1&zoom=1&edge=curl&source=gbs_api
9789364552424,3527,Comprehensive Self Study Book Goods and Service Tax | CA Intermediate | Applicable for May 2024 Exam,CA Nishant Kumar,Law,Tax Law,Paperback,₹880.00,5.0,4.0,https://www.amazon.in/Comprehensive-Study-Service-Intermediate-Applicable/dp/9355866143/ref=zg_bs_g_4149548031_d_sccl_28/000-0000000-0000000?psc=1,6,https://www.amazon.in/gp/bestsellers/books/4149542031,9364552423,9789364552424,http://books.google.com/books/content?id=z6pQEQAAQBAJ&printsec=frontcover&img=1&zoom=1&edge=curl&source=gbs_api
9789364558594,3528,"NISM X Taxmann's Mutual Fund Distributors – Covering basics of mutual fund, role & structure, mutual fund schemes & features, accounting, valuation & taxation aspects, etc., for mutual funds industry",NISM (An Educational Initiative of SEBI),Law,Tax Law,Paperback,₹649.00,5.0,2.0,https://www.amazon.in/NISM-Taxmanns-Mutual-Fund-Distributors/dp/9357783725/ref=zg_bs_g_4149548031_d_sccl_29/000-0000000-0000000?psc=1,6,https://www.amazon.in/gp/bestsellers/books/4149542031,9364558596,9789364558594,http://books.google.com/books/content?id=ZzJPEQAAQBAJ&printsec=frontcover&img=1&zoom=1&edge=curl&source=gbs_api
9789356225985,3529,"Taxmann's Labour Laws – The most authentic & comprehensive book covering amended & updated text of India's 20+ Labour Laws, including the Factories Act, Industrial Disputes, etc. [2024]",Taxmann,Law,Tax Law,Paperback,₹648.00,0.0,0.0,https://www.amazon.in/Taxmanns-Labour-Laws-comprehensive-Industrial/dp/9357788956/ref=zg_bs_g_4149548031_d_sccl_30/000-0000000-0000000?psc=1,6,https://www.amazon.in/gp/bestsellers/books/4149542031,9356225982,9789356225985,http://books.google.com/books/content?id=MturEAAAQBAJ&printsec=frontcover&img=1&zoom=1&edge=curl&source=gbs_api
9789357785556,3534,NISM X Taxmann's Securities Markets Foundation – Covering all important topics to impart the basic knowledge of the Indian Securities Markets suitable for entry-level professionals,NISM (An Educational Initiative of SEBI),Law,Tax Law,Paperback,₹390.00,0.0,0.0,https://www.amazon.in/NISM-Taxmanns-Securities-Markets-Foundation/dp/9357785558/ref=zg_bs_g_4149548031_d_sccl_5/000-0000000-0000000?psc=1,6,https://www.amazon.in/gp/bestsellers/books/4149542031,9357785558,9789357785556,http://books.google.com/books/content?id=JT36EAAAQBAJ&printsec=frontcover&img=1&zoom=1&edge=curl&source=gbs_api
9789364557948,3536,"Taxmann's Understanding New Criminal Laws – A Simplified and Concise Dictionary-Style Companion to Answer 'What Changed' in BNS, BNSS, and BSA, Encompassing 550+ Key Concepts",Taxmann,Law,Tax Law,Paperback,₹175.00,0.0,0.0,https://www.amazon.in/Taxmanns-Understanding-Criminal-Laws-Dictionary-Style/dp/9357788964/ref=zg_bs_g_4149548031_d_sccl_7/000-0000000-0000000?psc=1,6,https://www.amazon.in/gp/bestsellers/books/4149542031,9364557948,9789364557948,http://books.google.com/books/content?id=TyAaEQAAQBAJ&printsec=frontcover&img=1&zoom=1&edge=curl&source=gbs_api
9789364555166,3540,Taxmann's Bharatiya Sakshya Adhiniyam (BSA) 2023 – Comprehensive Legal Resource featuring Bare Act | Comparative Study of BSA & Evidence Act | Section-wise Tables | Section Key | Subject Index,Taxmann,Law,Tax Law,Paperback,₹130.00,4.7,4.0,https://www.amazon.in/Taxmanns-Bharatiya-Sakshya-Adhiniyam-2023/dp/9357784020/ref=zg_bs_g_4149548031_d_sccl_11/000-0000000-0000000?psc=1,6,https://www.amazon.in/gp/bestsellers/books/4149542031,9364555163,9789364555166,http://books.google.com/books/content?id=O3czEQAAQBAJ&printsec=frontcover&img=1&zoom=1&edge=curl&source=gbs_api
9789357787888,3541,NISM X Taxmann's Investment Adviser Combo – Level 1 (X-A) | Level 2 (X-B) | Built for Enhancing Financial Industry Advisory Services | Set of 2 Books – Certification Examination Workbook,NISM (An Educational Initiative of SEBI),Law,Tax Law,Paperback,"₹1,448.00",5.0,1.0,https://www.amazon.in/NISM-Taxmanns-Investment-Adviser-Combo/dp/B0CSK4DMVX/ref=zg_bs_g_4149548031_d_sccl_12/000-0000000-0000000?psc=1,6,https://www.amazon.in/gp/bestsellers/books/4149542031,9357787887,9789357787888,http://books.google.com/books/content?id=5sL6EAAAQBAJ&printsec=frontcover&img=1&zoom=1&edge=curl&source=gbs_api
9789371268844,3544,Practical Learning Series Financial Management and Strategic Management for CA Inter New Syllabus 2023,CA B. Saravana Prasath,Law,Tax Law,Paperback,₹982.00,3.0,2.0,https://www.amazon.in/Practical-Learning-Financial-Management-Strategic/dp/9356035288/ref=zg_bs_g_4149548031_d_sccl_15/000-0000000-0000000?psc=1,6,https://www.amazon.in/gp/bestsellers/books/4149542031,9371268840,9789371268844,http://books.google.com/books/content?id=8NVnEQAAQBAJ&printsec=frontcover&img=1&zoom=1&edge=curl&source=gbs_api
9789357781831,3546,"Taxmann's Principles of Taxation Laws – Amended & updated student-oriented book to interpret, explain & illustrate the provisions of the Income Tax Act along with Case Laws [Finance Act 2023]",Dr. Neha Pathakji,Law,Tax Law,Paperback,₹895.00,5.0,3.0,https://www.amazon.in/Taxmanns-Principles-Taxation-Laws-student-oriented/dp/9357781838/ref=zg_bs_g_4149548031_d_sccl_17/000-0000000-0000000?psc=1,6,https://www.amazon.in/gp/bestsellers/books/4149542031,9357781838,9789357781831,http://books.google.com/books/content?id=7rPSEAAAQBAJ&printsec=frontcover&img=1&zoom=1&edge=curl&source=gbs_api
9789364550093,3548,Taxmann's Law & Practice Relating to UAE Corporate Tax – Article-wise commentary in a clear example-driven format to bridge the gap b/w theory & practice | Federal Decree-Law No. 47 of 2022,CA Nirav Shah,Law,Tax Law,Hardcover,"₹2,199.00",0.0,0.0,https://www.amazon.in/Taxmanns-Practice-Relating-Corporate-wise/dp/9357781188/ref=zg_bs_g_4149548031_d_sccl_19/000-0000000-0000000?psc=1,6,https://www.amazon.in/gp/bestsellers/books/4149542031,9364550099,9789364550093,http://books.google.com/books/content?id=T-gYEQAAQBAJ&printsec=frontcover&img=1&zoom=1&edge=curl&source=gbs_api
9789362055026,3552,Best of Children’s Classic (Set of 5 Books) : Perfect Gift Set for Kids,Antoine de Saint-Exupéry,Literature & Fiction,Classic Fiction,Paperback,₹499.00,4.4,6736.0,https://www.amazon.in/Best-Childrens-Classics-Set-Books/dp/9389432006/ref=zg_bs_g_1318159031_d_sccl_3/000-0000000-0000000?psc=1,19,https://www.amazon.in/gp/bestsellers/books/1318157031,9362055023,9789362055026,http://books.google.com/books/content?id=reYN0QEACAAJ&printsec=frontcover&img=1&zoom=1&source=gbs_api
9781087318844,3556,The Time Machine,H. G. Wells,Literature & Fiction,Classic Fiction,Paperback,₹99.00,4.4,4532.0,https://www.amazon.in/Time-Machine-H-G-Wells/dp/8175992956/ref=zg_bs_g_1318159031_d_sccl_7/000-0000000-0000000?psc=1,19,https://www.amazon.in/gp/bestsellers/books/1318157031,108731884X,9781087318844,http://books.google.com/books/content?id=HZhSyAEACAAJ&printsec=frontcover&img=1&zoom=1&source=gbs_api
9780008123208,3569,And Then There Were None: The World’s Favourite Agatha Christie Book: The World’s Favourite Agatha Christie Book,Agatha Christie,Literature & Fiction,Classic Fiction,Paperback,₹275.00,4.6,4763.0,https://www.amazon.in/Then-There-Were-None/dp/0008123209/ref=zg_bs_g_1318159031_d_sccl_20/000-0000000-0000000?psc=1,19,https://www.amazon.in/gp/bestsellers/books/1318157031,0008123209,9780008123208,http://books.google.com/books/content?id=Y5BdrgEACAAJ&printsec=frontcover&img=1&zoom=1&source=gbs_api
9780307957733,3570,The Prophet,Kahlil Gibran,Literature & Fiction,Classic Fiction,Paperback,₹76.00,4.5,588.0,https://www.amazon.in/Prophet-PREMIUM-PAPERBACK-PENGUIN-INDIA/dp/0143455222/ref=zg_bs_g_1318159031_d_sccl_21/000-0000000-0000000?psc=1,19,https://www.amazon.in/gp/bestsellers/books/1318157031,030795773X,9780307957733,http://books.google.com/books/content?id=6D4B-dlDICsC&printsec=frontcover&img=1&zoom=1&source=gbs_api
9788026837169,3574,The Brothers Karamazov ( Unabridged Classics),Fyodor Dostoevsky,Literature & Fiction,Classic Fiction,Paperback,₹280.00,4.5,844.0,https://www.amazon.in/Originals-Brothers-Karamazov-Fyodor-Dostoevsky/dp/9352763343/ref=zg_bs_g_1318159031_d_sccl_25/000-0000000-0000000?psc=1,19,https://www.amazon.in/gp/bestsellers/books/1318157031,8026837169,9788026837169,http://books.google.com/books/content?id=CQ_5CQAAQBAJ&printsec=frontcover&img=1&zoom=1&edge=curl&source=gbs_api
9780486114132,3575,White Nights,Fyodor Dostoyevsky,Literature & Fiction,Classic Fiction,Paperback,₹85.00,3.9,5.0,https://www.amazon.in/White-Nights-Fyodor-Dostoyevsky/dp/939372461X/ref=zg_bs_g_1318159031_d_sccl_26/000-0000000-0000000?psc=1,19,https://www.amazon.in/gp/bestsellers/books/1318157031,0486114139,9780486114132,http://books.google.com/books/content?id=dS74NsOreasC&printsec=frontcover&img=1&zoom=1&edge=curl&source=gbs_api
9781785139949,3604,"Trust No One: A suspenseful, completely addictive psychological thriller from TOP 10 BESTSELLER Keri Beevis",Keri Beevis,Literature & Fiction,"Crime, Thriller & Mystery",Kindle Edition,₹86.27,4.5,1604.0,https://www.amazon.in/Trust-One-suspenseful-completely-psychological-ebook/dp/B0C962MJCG/ref=zg_bs_g_1318161031_d_sccl_5/000-0000000-0000000?psc=1,19,https://www.amazon.in/gp/bestsellers/books/1318157031,1785139940,9781785139949,http://books.google.com/books/content?id=bnPLEAAAQBAJ&printsec=frontcover&img=1&zoom=1&edge=curl&source=gbs_api
