User-ID,ISBN,Book-Rating
10000,9781472154644,5
10000,9789357087797,5
10000,9780008474362,4
10000,9781627792127,4
10000,9781803144382,3
10000,9788129144973,5
10000,9789354929564,5
10000,9781925480535,4
10000,9789354926716,4
10000,9781982179014,4
10000,9789355430601,4
10000,9789356291379,5
10000,9789814954853,5
10000,9780349132860,5
10000,9789353768966,5
10000,9789354921490,5
10000,9789357083003,5
10000,9781780896410,4
10000,9789356999848,5
10000,9789895648269,5
10000,9789395192224,3
10000,9781542040464,5
10000,9780525559733,4
10000,9789362140258,3
10000,9789358568226,5
10000,9781501143106,5
10000,9781408826133,4
10000,9788026837169,5
10000,9781250902450,2
10000,9780008123208,3
10000,9781472290694,2
10000,9780071775304,1
10000,9780399579745,1
10000,9780062748805,3
10001,9798855068740,5
10001,9781484469064,5
10001,9781943330737,4
10001,9780141355412,5
10001,9789388369060,5
10001,9781509808328,5
10001,9789354404771,5
10001,9798738395635,3
10001,9780747573616,4
10001,9780141339184,4
10001,9780141380933,5
10001,9780141375663,5
10001,9789388369794,5
10001,9788171672882,5
10001,9780593092934,5
10001,9781960507921,4
10001,9780747589945,4
10001,9789354404436,5
10001,9781444924848,3
10001,9781101916988,4
10001,9781943330614,4
10001,9789389717259,4
10001,9789354402715,5
10001,9789390093960,5
10001,9781444935189,5
10001,9789354400889,4
10001,9780141373034,5
10001,9780735229358,5
10001,9789327197402,5
10001,9780486856629,5
10001,9789356295513,3
10001,9780141347752,4
10001,9781368051446,5
10001,9798998582875,5
10001,9789388144957,5
10001,9781607742456,4
10001,9780671741907,5
10001,9780062250506,4
10001,9780062031525,4
10001,9788026837169,4
10001,9780307957733,4
10001,9781433832161,5
10001,9780743421041,4
10001,9781785139949,4
10001,9780486114132,4
10001,9780008123208,3
10001,9781399809665,3
10001,9781580628556,5
10001,9789354895845,3
10001,9780399579721,2
10001,9780008305550,3
10001,9780241982297,2
10001,9781627792127,1
10001,9788194525974,2
10001,9781506721705,3
10002,9781780936383,4
10002,9781457420641,4
10002,9780571235568,4
10002,9783836531542,5
10002,9781472297068,5
10002,9789394168244,5
10002,9781839647338,5
10002,9780143433002,4
10002,9781510054585,5
10002,9780385339032,5
10002,9780399179006,3
10002,9781615931712,5
10002,9798654359599,5
10002,9780393351385,4
10002,9789351035497,5
10002,9780141035819,4
10002,9789388070973,3
10002,9781444724585,3
10002,9780307830630,5
10002,9781608685486,3
10002,9789395101677,5
10002,9781419743191,5
10002,9789395101011,5
10002,9780143448990,3
10002,9781733989633,5
10002,9789356811621,5
10002,9781457431210,4
10002,9781495011351,5
10002,9781409181620,5
10002,9781035031580,5
10002,9789356810822,5
10002,9789354927911,5
10002,9781426215889,5
10002,9789387779297,4
10002,9781398717206,5
10002,9780399579721,4
10002,9789388810623,3
10002,9781472298409,4
10002,9789388810609,3
10002,9781423662617,5
10002,9781405932677,5
10002,9781784745011,5
10002,9781464234255,5
10002,9789354405389,3
10002,9781472154644,3
10002,9780573700323,3
10002,9781591842804,3
10002,9781681958071,2
10003,9780801563669,4
10003,9789355201287,4
10003,9781447261261,4
10003,9780670069323,5
10003,9789390166268,4
10003,9788184007527,5
10003,9781473680371,5
10003,9780385676519,5
10003,9789356994782,4
10003,9789352140046,4
10003,9781443460712,5
10003,9780345472328,5
10003,9789356991491,3
10003,9780753550663,5
10003,9798870369396,4
10003,9788175994409,5
10003,9788184951332,5
10003,9789390378548,5
10003,9781416502494,5
10003,9780241983881,4
10003,9781399804455,5
10003,9780007547999,5
10003,9781760630737,3
10003,9788122415520,4
10003,9798986406510,4
10003,9780071752114,2
10003,9781935785132,4
10003,9780593593967,5
10003,9789351772071,2
10003,9780141335742,2
10003,9789354404603,3
10003,9789389178111,3
10003,9789390239207,1
10004,9781501190117,4
10004,9789373034386,3
10004,9781529022049,5
10004,9781780896410,5
10004,9781803144382,5
10004,9780349132860,5
10004,9781542040464,3
10004,9780008474362,5
10004,9788129144973,4
10004,9789395192224,5
10004,9781681958071,4
10004,9789355430601,4
10004,9789354929564,4
10004,9781472154644,5
10004,9789356291379,5
10004,9781925480535,5
10004,9789814954853,3
10004,9781982179014,3
10004,9789353768966,4
10004,9789357083003,4
10004,9780062868954,4
10004,9789895648269,5
10004,9781627792127,3
10004,9789354926716,5
10004,9789357087797,5
10004,9798643660491,5
10004,9789356999848,5
10004,9789354921490,5
10004,9786020633916,4
10004,9781442408944,5
10004,9780008123208,4
10004,9781087318844,5
10004,9789354402173,4
10004,9780349436982,4
10004,9781785139949,4
10004,9780751583694,3
10004,9781680307672,4
10004,9789358568226,4
10004,9789354406249,4
10004,9781250343178,3
10004,9789354407338,2
10004,9781408865415,3
10004,9780486784755,5
10004,9781471406454,5
10004,9781471407772,4
10004,9789356995697,4
10004,9780349437057,5
10004,9780671461492,4
10004,9781408826133,4
10004,9780385535502,4
10004,9781785766886,3
10004,9780062359803,3
10004,9780140127225,3
10004,9789390166268,2
10004,9788187107460,2
10004,9781473598140,2
10004,9781718502703,2
10004,9788173158759,3
10004,9780670069323,1
10004,9781491903117,1
10004,9789393757029,2
10005,9789380658797,4
10005,9789357316354,5
10005,9781408865415,4
10005,9780593438374,5
10005,9780486784755,4
10005,9780349436982,5
10005,9780751583694,3
10005,9781681445038,5
10005,9789362145369,4
10005,9782280600705,3
10005,9781250902450,5
10005,9780525559733,3
10005,9781409181682,4
10005,9781542046152,5
10005,9781473227996,5
10005,9798675385850,4
10005,9780349437057,5
10005,9789389931891,4
10005,9781408826133,5
10005,9781680307672,4
10005,9781760788629,5
10005,9781916277182,3
10005,9780385535502,3
10005,9781780874005,3
10005,9781250343178,4
10005,9781635577716,5
10005,9781442408944,4
10005,9781471407772,5
10005,9789353451882,5
10005,9781623651442,5
10005,9781250855145,5
10005,9789354407338,4
10005,9798317901462,4
10005,9781785766886,5
10005,9789354406249,5
10005,9788193655603,3
10005,9781501143106,5
10005,9789362140258,5
10005,9781471406454,5
10005,9789358568226,4
10005,9781473228801,4
10005,9789356294561,5
10005,9789354402173,5
10005,9781387282258,4
10005,9780375703768,4
10005,9783689951016,5
10005,9780671461492,3
10005,9789356995697,5
10005,9781324095323,5
10005,9781943330614,2
10005,9780545331326,4
10005,9781419751660,4
10005,9798998582875,4
10005,9789354405389,4
10005,9780593175002,2
10005,9781087318844,4
10005,9780694011100,3
10005,9781960927026,5
10005,9789358565065,5
10005,9788171672882,5
10005,9780241379127,3
10005,9781536208689,4
10005,9780241440667,3
10005,9781442451322,4
10005,9780141355412,2
10005,9789354402715,5
10005,9781444932386,3
10005,9789326191074,3
10005,9781965347126,3
10005,9780008123208,3
10005,9788993055030,3
10005,9789388144988,4
10005,9798896327271,3
10005,9789350127353,3
10005,9780241283912,1
10005,9781881373070,2
10005,9789391103231,1
10005,9789391028589,2
10005,9788185749754,3
10005,9780771010439,3
10005,9780133522853,2
10005,9788174822413,2
10005,9781492032618,3
10006,9780241996324,4
10006,9780143474296,5
10006,9789354926709,4
10006,9781501135910,5
10006,9780670090303,3
10006,9789386651600,3
10006,9789353050337,5
10006,9780385484510,5
10006,9780743200400,4
10006,9789351187301,3
10006,9789389647242,5
10006,9789354923678,4
10006,9781471411465,4
10006,9780718188863,4
10006,9789354928956,5
10006,9789356618060,3
10006,9781464234255,2
10006,9780670090433,5
10006,9781643990026,5
10006,9780691208015,2
10006,9780670086399,5
10006,9789388241908,1
10006,9789356291379,2
10006,9781501190117,3
10007,9781509851553,5
10007,9789389432695,5
10007,9780062250933,5
10007,9781760295646,5
10007,9789350105702,4
10007,9780547248288,5
10007,9781960927026,5
10007,9789354403514,5
10007,9780141385259,5
10007,9781368098281,5
10007,9780986444159,5
10007,9781631980138,4
10007,9789387779730,4
10007,9789352769261,4
10007,9788993055030,5
10007,9781408349045,5
10007,9781965347126,3
10007,9781444924848,5
10007,9781965347935,5
10007,9780241558300,5
10007,9780062250506,4
10007,9780743421041,4
10007,9780008123208,4
10007,9780062031525,4
10007,9780998203492,4
10007,9781087318844,4
10007,9788026837169,3
10007,9780385535502,1
10007,9789688802052,2
10007,9781529937381,1
10007,9780557083206,3
10008,9780143433002,3
10008,9781938938160,5
10008,9781780936383,3
10008,9789389310733,5
10008,9780140127225,5
10008,9780593449240,5
10008,9780008276973,5
10008,9789356810822,5
10008,9780874776942,4
10008,9780385339032,5
10008,9780857364319,4
10008,9780786860708,4
10008,9789388070973,5
10008,9781802805567,5
10008,9789395101011,4
10008,9781781105528,5
10008,9781803093178,5
10008,9781529413113,3
10008,9781656470997,5
10008,9789387669253,4
10008,9781457431210,3
10008,9781444724585,5
10008,9780143448990,5
10008,9789355209825,5
10008,9781472241467,5
10008,9780141036731,5
10008,9788194898832,4
10008,9780241400708,5
10008,9780571235568,5
10008,9781472290694,3
10008,9781608685486,4
10008,9781925307443,4
10008,9780241552063,4
10008,9781913682118,4
10008,9781802804966,4
10008,9781984856623,4
10008,9780399579745,5
10008,9780062031525,3
10008,9780671741907,4
10008,9798581186916,5
10008,9781786898562,4
10008,9781981390816,4
10008,9781668045572,3
10008,9781647004163,2
10008,9780691208015,1
10008,9789354403279,3
10008,9789387944763,2
10008,9789356296572,2
10008,9789356993327,3
10009,9780073380575,5
10009,9781524748258,4
10009,9781718502345,5
10009,9788131762189,4
10009,9788121924962,5
10009,9789355014467,4
10009,9781292023946,5
10009,9781119770763,4
10009,9788185749754,4
10009,9789391818715,4
10009,9781292026565,4
10009,9781292420080,4
10009,9780198089131,4
10009,9788131710265,5
10009,9780321972101,4
10009,9788131721018,5
10009,9781394251575,5
10009,9780387310732,5
10009,9781644295533,5
10009,9783950485417,4
10009,9780486434841,4
10009,9780077496128,4
10009,9789352838363,5
10009,9788121924375,5
10009,9788177588989,5
10009,9781118476734,5
10009,9788121939096,5
10009,9780133356038,5
10009,9781316632932,5
10009,9780470695197,4
10009,9789363486317,4
10009,9780593653661,2
10009,9780133522853,2
10009,9780349426129,4
10009,9780071752114,4
10009,9789391028589,4
10009,9780534422004,3
10009,9780078022159,5
10009,9788174822413,4
10009,9789325798014,3
10009,9789358897920,4
10009,9788121906548,4
10009,9781264842292,4
10009,9789350121276,5
10009,9789386298195,4
10009,9780143425656,4
10009,9788177228366,5
10009,9789394407015,5
10009,9789355216403,3
10009,9781393638063,4
10009,9781492041108,4
10009,9780771010439,4
10009,9780199678112,2
10009,9789387604513,4
10009,9789391103231,4
10009,9781984861641,1
10009,9780061745171,1
10009,9789350106013,3
10009,9780593582268,1
10009,9780143453260,2
10009,9789390166268,2
10009,9781405932677,3
10009,9781472290694,3
10009,9780062820341,2
10009,9781802805567,2
10010,9789388369817,5
10010,9781796684834,5
10010,9781526626691,5
10010,9789354402937,4
10010,9788183896771,4
10010,9789354404542,5
10010,9781250898456,5
10010,9781368098281,3
10010,9780723281221,5
10010,9780241578605,5
10010,9780241787410,4
10010,9780141373034,5
10010,9781613122488,5
10010,9780241396957,5
10010,9798855015096,3
10010,9780141347721,5
10010,9780545935456,4
10010,9781742768670,3
10010,9789389432688,5
10010,9781443124393,5
10010,9789387779716,5
10010,9780316480802,5
10010,9780723296232,5
10010,9789354400124,3
10010,9789388144049,4
10010,9781481422192,4
10010,9789391924294,5
10010,9789354402005,4
10010,9781338554274,3
10010,9781338139082,4
10010,9788194525905,5
10010,9789354403279,4
10010,9780340678039,5
10010,9781726216777,5
10010,9789354404016,5
10010,9789388369794,4
10010,9780141385259,4
10010,9789389432428,5
10010,9780143333388,5
10010,9781613125885,5
10010,9781597020145,5
10010,9781444929706,5
10010,9781780555409,5
10010,9789389717259,4
10010,9789327197402,5
10010,9798885780889,5
10010,9781447200611,5
10010,9789390183562,3
10010,9781432869496,4
10010,9798885795111,4
10010,9780439128452,5
10010,9780141339184,4
10010,9781423162797,5
10010,9781484758601,4
10010,9780241621639,3
10010,9780545415606,4
10010,9789389432886,3
10010,9798523085741,4
10010,9789388144056,5
10010,9781643990026,2
10010,9781607742456,5
10010,9781087318844,4
10010,9780008123208,5
10010,9781603293525,5
10010,9780998203492,4
10010,9781464234255,4
10010,9781925307443,4
10010,9780671741907,4
10010,9789388810623,5
10010,9789388810609,5
10010,9781509852840,4
10010,9781089356400,4
10010,9780307957733,3
10010,9780062250506,3
10010,9780062031525,3
10010,9789362055026,3
10010,9781580628556,4
10010,9781785139949,3
10010,9788122300260,4
10010,9781433832161,4
10010,9789387779297,3
10010,9780349436982,2
10010,9789356997110,1
10010,9789360876357,1
10010,9781447439332,1
10010,9780307887917,1
10010,9781550924794,2
10010,9789390297306,3
10010,9781250880949,2
10010,9789355430601,3
10010,9781501143106,2
10011,9780141036731,5
10011,9780307830630,5
10011,9781495011351,5
10011,9781460710876,5
10011,9780747548409,5
10011,9780060391683,5
10011,9789354922251,4
10011,9780874776942,5
10011,9781501187636,5
10011,9781408824856,3
10011,9781780936383,3
10011,9781608685486,4
10011,9781035031580,3
10011,9781510054585,5
10011,9781457431210,3
10011,9781803093178,5
10011,9781848420496,5
10011,9781476845623,5
10011,9781524798666,5
10011,9789354895845,5
10011,9781984897398,4
10011,9789895648962,4
10011,9780857364319,4
10011,9780992550714,5
10011,9780241400708,4
10011,9781472297068,4
10011,9780399179006,5
10011,9789356813472,4
10011,9781457420641,5
10011,9786067892864,5
10011,9789389310733,3
10011,9781444724585,5
10011,9789394168244,5
10011,9783526528227,3
10011,9789356811096,4
10011,9781781105528,5
10011,9789388689786,5
10011,9789356813632,5
10011,9789395101028,4
10011,9781802805567,5
10011,9780786860708,5
10011,9780143433002,3
10011,9780008276973,5
10011,9781477303733,5
10011,9798652464264,5
10011,9781647291495,4
10011,9781447439332,5
10011,9781616770969,5
10011,9780857360007,4
10011,9789356811621,5
10011,9789395101677,5
10011,9780141906270,5
10011,9780671604295,5
10011,9781472290694,5
10011,9781786013453,5
10011,9781506721705,5
10011,9780486811246,5
10011,9798886500479,3
10011,9789356295384,2
10011,9780857199539,3
10011,9781476744872,3
10011,9781925307443,5
10011,9798894410067,2
10011,9780465072996,5
10011,9798652408466,2
10011,9788196011802,2
10011,9780486272986,3
10011,9798848621181,2
10011,9781426215889,4
10011,9781089356400,4
10011,9780743421041,4
10011,9781785040443,4
10011,9789365693102,5
10011,9781780286136,4
10011,9780062250506,2
10011,9781802804966,5
10011,9798552053032,3
10011,9780241371862,2
10011,9781668002841,2
10011,9780141339184,1
10011,9798893310962,2
10011,9781368002073,1
10011,9780785850724,1
10011,9780062868954,3
10011,9780349437057,2
10011,9781405944465,2
10011,9798896327271,3
10011,9783956763182,2
10011,9789362145369,2
10012,9789380676371,5
10012,9789389243123,5
10012,9780141986005,5
10012,9780241996324,3
10012,9780385484510,3
10012,9789358560572,4
10012,9781881373070,4
10012,9783956763182,4
10012,9780369348906,3
10012,9789388369046,5
10012,9788120725249,5
10012,9789354409660,5
10012,9780143443155,4
10012,9788190256209,4
10012,9781953953247,5
10012,9789353456443,5
10012,9781849545433,4
10012,9798893310962,5
10012,9788119989898,4
10012,9780743200400,3
10012,9789391149291,5
10012,9780718188863,5
10012,9789351180555,4
10012,9789390652457,4
10012,9780353275195,5
10012,9789354926709,3
10012,9781471411465,5
10012,9781501135910,5
10012,9781471411632,4
10012,9789354894459,3
10012,9789354928956,5
10012,9788187107583,3
10012,9780785850724,4
10012,9781433832161,4
10012,9789389178111,5
10012,9780140449280,3
10012,9789358568172,5
10012,9781611806885,4
10012,9781643990026,4
10012,9781613824009,3
10012,9789392510366,3
10012,9781607742456,3
10012,9780998203492,4
10012,9781839647338,2
10012,9780141342566,2
10012,9789385990175,1
10012,9780199678112,1
10012,9781780874005,3
10013,9780071775304,5
10013,9789350127353,5
10013,9789352036592,4
10013,9789386298195,5
10013,9789355558930,5
10013,9789359585314,5
10013,9789325798014,5
10013,9789358897920,5
10013,9788178123684,3
10013,9781393638063,4
10013,9789350121276,4
10013,9789386845641,5
10013,9789359981185,5
10013,9789356344846,5
10013,9781260467369,4
10013,9788174822413,4
10013,9789386298225,5
10013,9788173158759,5
10013,9789350127643,5
10013,9789389480481,3
10013,9789359587615,4
10013,9789390711956,5
10013,9789348203168,5
10013,9789390239207,4
10013,9789327198010,5
10013,9788178125367,5
10013,9789355216403,5
10013,9789359584362,4
10013,9789355641250,5
10013,9788173177941,5
10013,9789327196504,3
10013,9789368900924,5
10013,9789350121665,5
10013,9789387604209,5
10013,9789390297306,5
10013,9789389480511,4
10013,9789354881008,5
10013,9788178125046,5
10013,9789350125175,4
10013,9798630240729,4
10013,9789325797567,4
10013,9789387604513,5
10013,9788194742616,5
10013,9789389480474,4
10013,9789362258601,5
10013,9789350123485,4
10013,9789324192660,4
10013,9789368402695,4
10013,9781264842292,5
10013,9789325794917,5
10013,9789325792708,4
10013,9789388642101,5
10013,9789350128121,5
10013,9789313197133,3
10013,9789386298836,3
10013,9788175994140,4
10013,9781492078005,5
10013,9789391028589,4
10013,9788176561068,3
10013,9780077496128,2
10013,9788126579907,5
10013,9780078022159,5
10013,9781449331443,3
10013,9781403930897,4
10013,9780262046305,4
10013,9789391818715,2
10013,9780071752114,5
10013,9781635576818,4
10013,9788121906548,5
10013,9781621291657,4
10013,9789389802559,3
10013,9780349426129,4
10013,9780198089131,2
10013,9780199678112,4
10013,9788177587654,4
10013,9781250404855,5
10013,9788131721018,4
10013,9780593653661,4
10013,9781447200611,3
10013,9780593178751,3
10013,9780143029892,2
10013,9781542046152,2
10013,9789354922251,2
10013,9789354408380,2
10013,9781408865415,3
10013,9781471406454,3
10013,9789356295384,2
10013,9781849545433,2
10013,9788174368942,3
10014,9781405932677,4
10014,9781520975672,5
10014,9781530728855,3
10014,9781949651638,3
10014,9789354929762,5
10014,9781526645951,3
10014,9780008564834,3
10014,9789353052058,4
10014,9780062820341,4
10014,9781956769005,5
10014,9780241552063,4
10014,9780141908762,5
10014,9780143452485,5
10014,9780557083206,2
10014,9781416502494,4
10014,9789352140046,3
10014,9788119153442,3
10014,9781783085200,3
10014,9780593092934,1
10014,9780786860708,3
10015,9780671741907,3
10015,9781399809665,3
10015,9781603293525,4
10015,9781408866115,5
10015,9789388810609,3
10015,9780743421041,3
10015,9781925307443,5
10015,9788122300338,4
10015,9780062031525,5
10015,9781580628556,4
10015,9789388810623,3
10015,9788122300260,5
10015,9780062250506,3
10015,9789365693102,4
10015,9781509852840,3
10015,9781464234255,5
10015,9781607742456,4
10015,9789387779297,5
10015,9781433832161,5
10015,9780998203492,5
10015,9781089356400,3
10015,9781472298409,4
10015,9781643990026,3
10015,9788026837169,2
10015,9780307830630,5
10015,9789356811058,4
10015,9789356813632,5
10015,9781608685486,5
10015,9780008276973,5
10015,9780857364319,4
10015,9789356291713,4
10015,9780857360007,5
10015,9789362055026,5
10015,9780307887917,3
10015,9780573700323,1
10015,9781035067022,1
10015,9780078022098,1
10016,9781613824009,5
10016,9789356618060,4
10016,9788184750348,5
10016,9780141914527,4
10016,9780785850724,5
10016,9781611806885,4
10016,9780670086399,5
10016,9780871138002,4
10016,9788187107583,4
10016,9781528774888,3
10016,9780143029892,5
10016,9780140455113,5
10016,9780141910819,5
10016,9789392510366,4
10016,9780691208015,5
10016,9789354582233,4
10016,9781605203287,5
10016,9789389178111,5
10016,9781844670208,5
10016,9781405944465,3
10016,9780349122380,4
10016,9780140449280,3
10016,9789358568172,5
10016,9789354927041,4
10016,9780691148182,4
10016,9780143433163,5
10016,9780670090433,4
10016,9781501135910,2
10016,9781849545433,3
10016,9780671741907,3
10016,9781471411632,4
10016,9781607742456,4
10016,9780241996324,2
10016,9781433832161,5
10016,9789356993563,3
10016,9789351860839,3
10016,9789355219244,4
10016,9781089356400,2
10016,9789380676371,4
10016,9789388810609,4
10016,9783956763182,5
10016,9780141986005,4
10016,9781471411465,4
10016,9781471411533,4
10016,9788120725249,3
10016,9789390378548,1
10016,9781477303733,3
10016,9780753550663,3
10016,9780141385259,1
10016,9789353056933,3
10016,9781403930897,3
10016,9789895648962,3
10016,9781802805567,2
10017,9781935785132,4
10017,9789356994669,5
10017,9781492041108,4
10017,9780771010439,5
10017,9780984782857,5
10017,9788177228366,4
10017,9788122415520,5
10017,9781328662057,3
10017,9780133489903,5
10017,9780062968722,5
10017,9789353063191,4
10017,9789391724948,5
10017,9781403930897,3
10017,9780071752114,5
10017,9781957999043,5
10017,9780134610993,5
10017,9781491950333,5
10017,9788175994140,4
10017,9789347231902,4
10017,9781260723106,5
10017,9780593593967,5
10017,9781737475712,4
10017,9781718502703,3
10017,9781473575608,5
10017,9783804639126,5
10017,9780143456476,5
10017,9789387284944,3
10017,9781492078005,5
10017,9780199480173,5
10017,9781101970317,4
10017,9781491952009,5
10017,9781259004612,5
10017,9789390327539,5
10017,9781492041917,5
10017,9781594205071,5
10017,9788178123684,4
10017,9789389480481,5
10017,9788173158759,4
10017,9789368900924,3
10017,9789389480511,3
10017,9789313197133,5
10017,9788121939096,5
10017,9789390239207,4
10017,9789390297306,4
10017,9781119770763,4
10017,9789355558930,3
10017,9780486434841,5
10017,9781292420080,5
10017,9789388241908,3
10017,9781419743191,2
10017,9780241244432,3
10017,9781910695050,2
10017,9780060391683,3
10017,9780141339184,1
10017,9781846046384,1
10018,9781591842804,5
10018,9789356991354,4
10018,9791222454405,5
10018,9798893312010,5
10018,9780307887917,4
10018,9781625274502,3
10018,9780063497474,4
10018,9789353043551,4
10018,9780241981344,4
10018,9780557083206,5
10018,9781647825621,4
10018,9780345472328,5
10018,9780385676519,5
10018,9781119523260,4
10018,9780609504239,4
10018,9789393757029,5
10018,9781529937381,3
10018,9780984358106,5
10018,9789390924219,5
10018,9780670093946,5
10018,9788119153442,4
10018,9789390378548,4
10018,9788184951332,5
10018,9780691263632,4
10018,9781473535169,5
10018,9780671472122,4
10018,9780385468473,5
10018,9780801563669,5
10018,9780615978628,3
10018,9780670069323,5
10018,9780857199096,5
10018,9780199678112,4
10018,9780349426129,2
10018,9781473575608,4
10018,9789362143495,5
10018,9789351772071,4
10018,9798998891816,4
10018,9781588361738,5
10018,9789358569568,3
10018,9781250880949,2
10018,9781737475712,4
10018,9780062250933,3
10018,9798855068740,2
10018,9780071775304,3
10018,9781471411533,1
10018,9780465093069,2
10018,9781603293525,3
10019,9788122300338,5
10019,9781399809665,5
10019,9780671741907,5
10019,9789388810609,5
10019,9781643990026,4
10019,9789387779297,4
10019,9781433832161,3
10019,9789365693102,4
10019,9780743421041,3
10019,9781607742456,5
10019,9781408866115,5
10019,9781603293525,5
10019,9781580628556,5
10019,9781472298409,5
10019,9780062250506,4
10019,9781464234255,5
10019,9781925307443,3
10019,9780998203492,4
10019,9789388810623,5
10019,9781089356400,5
10019,9781509852840,5
10019,9780062031525,5
10019,9788122300260,5
10019,9781457420641,4
10019,9781608685486,5
10019,9781338325591,4
10019,9781804182529,2
10019,9789395101011,3
10019,9781447439332,2
10019,9789395101677,5
10019,9780992550714,4
10019,9781472261281,4
10019,9789395101028,5
10019,9786067892864,5
10019,9789362055026,3
10019,9781647291495,4
10019,9789356810822,4
10019,9780008123208,4
10019,9781471418297,2
10019,9789393267030,3
10019,9781585429196,3
10019,9780615978628,3
10019,9781471411533,3
10019,9789359981185,1
10019,9781529401325,2
10019,9780063356733,2
10020,9781780874005,4
10020,9789356995697,5
10020,9780349437057,5
10020,9781623651442,5
10020,9780671461492,5
10020,9781409181682,5
10020,9781473227996,5
10020,9780385535502,5
10020,9781250343178,4
10020,9780486784755,5
10020,9780593438374,4
10020,9789380658797,4
10020,9789362140258,4
10020,9798317901462,3
10020,9789356294561,5
10020,9781250902450,5
10020,9781442408944,3
10020,9789353451882,5
10020,9781785766886,4
10020,9781680307672,4
10020,9780486856629,3
10020,9780545331326,2
10020,9781526612960,2
10020,9789354406539,3
10020,9789350334423,4
10020,9780723281221,3
10020,9789354404962,5
10020,9781529350104,3
10020,9781668069530,1
10020,9789357312660,3
10020,9781398717206,3
10021,9781804090633,4
10021,9789354923678,5
10021,9780241996324,5
10021,9781849545433,5
10021,9783956763182,4
10021,9789351180555,5
10021,9788120725249,5
10021,9781591845324,4
10021,9789388369046,3
10021,9781401937539,5
10021,9781471411632,3
10021,9788174368942,5
10021,9789386651600,5
10021,9781471411465,5
10021,9780141986005,5
10021,9789389647242,5
10021,9780743200400,5
10021,9798893310962,3
10021,9780143443155,4
10021,9789354926709,4
10021,9781408866115,5
10021,9781405944465,5
10021,9781580628556,5
10021,9781607742456,3
10021,9781528774888,2
10021,9781605203287,4
10021,9788187107583,5
10021,9780998203492,4
10021,9789354927713,3
10021,9780801563669,3
10021,9781571315991,2
10021,9789389567403,2
10022,9789362143495,5
10022,9781847651310,5
10022,9789356995536,5
10022,9789357080248,5
10022,9781403930897,5
10022,9781737475712,3
10022,9780593715833,5
10022,9781492032618,4
10022,9780205982578,4
10022,9781718502703,4
10022,9781259004612,5
10022,9788121906548,4
10022,9788177587654,4
10022,9780521779135,4
10022,9780071752114,4
10022,9789387918573,3
10022,9780078022098,4
10022,9789357312660,5
10022,9788126579907,4
10022,9789391724948,5
10022,9780984782857,3
10022,9789387284944,5
10022,9781644210697,5
10022,9788190619509,4
10022,9781491950333,4
10022,9789353063191,5
10022,9780199678112,5
10022,9783804639126,3
10022,9781101970317,5
10022,9781621291657,3
10022,9781449331443,5
10022,9781492078005,4
10022,9780134610993,4
10022,9789688802052,5
10022,9789356993082,5
10022,9780062968722,5
10022,9780199480173,4
10022,9780143425656,5
10022,9789347231902,4
10022,9789390327539,5
10022,9789356995833,5
10022,9789389480511,5
10022,9788121924962,4
10022,9780321972101,4
10022,9781524748258,3
10022,9780073380575,3
10022,9789313197133,4
10022,9789355014467,2
10022,9789390239207,3
10022,9780198089131,2
10022,9781119770763,4
10022,9798630240729,4
10022,9788131721018,5
10022,9781260467369,3
10022,9788131762189,5
10022,9789325792708,4
10022,9789389480481,4
10022,9781368024136,2
10022,9781958388952,2
10022,9781419764394,3
10022,9788119792597,3
10022,9781419766374,2
10022,9780061745171,1
10022,9789356994782,2
10023,9789356993327,5
10023,9789351772071,5
10023,9798986406510,5
10023,9781548318468,3
10023,9788186775219,4
10023,9789083023847,4
10023,9789358560381,5
10023,9781524704551,5
10023,9789358569018,4
10023,9781668065969,5
10023,9781585095568,5
10023,9780593512296,4
10023,9780857199096,5
10023,9789358569568,5
10023,9781588361738,5
10023,9789388241908,5
10023,9789387944763,3
10023,9781797221311,5
10023,9781760630737,5
10023,9789354928758,5
10023,9781529902402,4
10023,9798998891816,5
10023,9789356997790,4
10023,9789390914227,5
10023,9789083023861,5
10023,9780981951249,5
10023,9781647390983,4
10023,9781668069530,3
10023,9789357084987,5
10023,9789353451714,5
10023,9781509866113,2
10023,9780071433341,4
10023,9789354408380,3
10023,9781526645951,5
10023,9780385676519,2
10023,9781510019430,3
10023,9789360876357,2
10023,9789356296572,3
10023,9781982172008,4
10023,9781443460712,2
10023,9780241981344,4
10023,9781400225415,4
10023,9789389109849,3
10023,9789354927713,1
10023,9781409181620,1
10023,9789391149758,3
10023,9781603293525,1
10023,9781771672450,2
10023,9781529413113,3
10024,9781607742456,4
10024,9781925307443,5
10024,9781509852840,3
10024,9789388810623,5
10024,9781464234255,5
10024,9789388810609,5
10024,9781399809665,3
10024,9780062250506,5
10024,9789387779297,5
10024,9781643990026,5
10024,9781472298409,5
10024,9781408866115,4
10024,9781580628556,5
10024,9780062031525,5
10024,9780671741907,5
10024,9780743421041,5
10024,9781781105528,2
10024,9781938938160,4
10024,9780525658146,2
10024,9780143445258,4
10024,9781472290694,5
10024,9781472297068,3
10024,9798998801228,2
10024,9781524704551,2
10024,9789389567397,1
10025,9788187107583,5
10025,9781611806885,5
10025,9781605203287,5
10025,9789356618060,3
10025,9781528774888,5
10025,9789389178111,5
10025,9780140449280,5
10025,9789354927041,4
10025,9780691208015,5
10025,9781613824009,5
10025,9780691148182,5
10025,9789354582233,5
10025,9780670090433,5
10025,9780140455113,5
10025,9780670086399,4
10025,9789358568172,5
10025,9781405944465,5
10025,9789392510366,5
10025,9780141910819,3
10025,9780143433163,3
10025,9780785850724,4
10025,9780143029892,5
10025,9780349122380,5
10025,9780141914527,5
10025,9780871138002,5
10025,9788184750348,5
10025,9781844670208,4
10025,9781953953247,3
10025,9798893310962,3
10025,9781591845324,4
10025,9780062250506,3
10025,9789388810609,4
10025,9789353050337,5
10025,9781471411465,3
10025,9788122300338,5
10025,9780385484510,4
10025,9781925307443,4
10025,9789388369046,3
10025,9780143443155,3
10025,9789362053206,4
10025,9789353769819,3
10025,9788174368942,4
10025,9789391149291,4
10025,9781509852840,3
10025,9780743200400,3
10025,9781846046384,2
10025,9781457420641,3
10025,9780747548409,2
10025,9781771672450,2
10025,9780545331326,1
10025,9781530830657,3
10025,9783804639126,1
10025,9780593653661,2
10025,9781898130017,3
10025,9798652408466,2
10026,9780198089131,5
10026,9788177588989,5
10026,9780486434841,5
10026,9788121924375,4
10026,9789352838363,4
10026,9780077496128,4
10026,9780073380575,5
10026,9788185749754,5
10026,9781118476734,5
10026,9781718502345,4
10026,9780387310732,5
10026,9788131710265,4
10026,9781524748258,3
10026,9781119770763,3
10026,9781292026565,5
10026,9789391818715,5
10026,9788131762189,5
10026,9789355014467,4
10026,9780321972101,4
10026,9780133356038,5
10026,9788131721018,5
10026,9781292420080,4
10026,9780063142381,3
10026,9781492041108,5
10026,9789387918573,4
10026,9781250404855,5
10026,9789359584362,5
10026,9780133522853,2
10026,9781260467369,3
10026,9780199480173,3
10026,9789388369060,3
10026,9780874776942,1
10026,9789388144971,2
10026,9781925480535,3
10026,9781786013453,2
10027,9789362055026,5
10027,9788026837169,5
10027,9780307957733,3
10027,9781087318844,4
10027,9781785139949,5
10027,9780008123208,4
10027,9780486114132,5
10027,9780593438374,3
10027,9781501143106,3
10027,9789353769819,4
10027,9781471411632,4
10027,9780349436982,5
10027,9789354926136,4
10027,9780718188863,3
10027,9781681445038,4
10027,9781408826133,3
10027,9781623651442,2
10027,9781780874005,5
10027,9780743200400,3
10027,9783956763182,3
10027,9781473227996,2
10027,9780486784755,2
10027,9789362053206,3
10027,9789354894459,5
10027,9781473575608,1
10027,9781839647338,3
10027,9781805222088,1
10027,9780141982410,1
10027,9789356296572,3
10027,9780140455113,2
10027,9798880920662,2
10028,9781681445038,5
10028,9781780874005,3
10028,9780375703768,3
10028,9780751583694,5
10028,9780671461492,5
10028,9781250902450,5
10028,9780525559733,4
10028,9780349437057,4
10028,9780593438374,5
10028,9789380658797,5
10028,9780486784755,4
10028,9781501143106,4
10028,9781250855145,5
10028,9781760788629,4
10028,9781408865415,5
10028,9780349436982,5
10028,9781442408944,4
10028,9781542046152,4
10028,9781785766886,5
10028,9781471407772,3
10028,9781623651442,5
10028,9781471406454,4
10028,9789356294561,5
10028,9781408826133,3
10028,9789354406249,3
10028,9781473228801,5
10028,9789354402173,3
10028,9781409181682,4
10028,9781680307672,4
10028,9781635577716,5
10028,9788193655603,4
10028,9789358568226,3
10028,9781387282258,5
10028,9789362140258,3
10028,9798317901462,5
10028,9781250343178,5
10028,9789362145369,5
10028,9789353451882,4
10028,9780385535502,4
10028,9782280600705,5
10028,9781324095323,3
10028,9781473227996,5
10028,9789389931891,5
10028,9781916277182,5
10028,9789354407338,4
10028,9789356995697,3
10028,9783689951016,4
10028,9798675385850,4
10028,9789357316354,5
10028,9789354403033,4
10028,9781250076977,4
10028,9789388369794,4
10028,9781401940652,5
10028,9780143458005,3
10028,9781442451322,4
10028,9789389432367,3
10028,9781509851577,4
10028,9789388144940,5
10028,9781368024136,4
10028,9781419741999,5
10028,9780241583159,3
10028,9780143453260,4
10028,9780986444159,5
10028,9780062250933,2
10028,9789388144056,4
10028,9789354402784,5
10028,9781526666321,4
10028,9798295206443,4
10028,9789390183005,3
10028,9781443124393,3
10028,9780141380933,2
10028,9780071775304,2
10028,9781491903117,2
10028,9781508672197,1
10028,9780857364319,3
10028,9781580628556,2
10028,9788131710265,2
10028,9789390166268,3
10028,9781984856623,2
10028,9781447439332,1
10028,9780062031525,1
10029,9781805222088,5
10029,9781476744872,5
10029,9789063695330,5
10029,9781398717206,4
10029,9780486272986,5
10029,9781529401325,5
10029,9780141908762,4
10029,9789356295384,5
10029,9780008564834,5
10029,9789355208842,3
10029,9780241371862,4
10029,9780008305550,4
10029,9781847651402,4
10029,9780525505105,5
10029,9780399579745,4
10029,9789354923968,5
10029,9789353052058,5
10029,9781802804966,5
10029,9781668002841,5
10029,9781913682118,5
10029,9781423662617,3
10029,9780062820341,5
10029,9780380718153,5
10029,9781784745011,5
10029,9781981390816,5
10029,9781743791714,4
10029,9780143444626,5
10029,9781593306458,5
10029,9780241283912,5
10029,9781426215889,4
10029,9780465072996,5
10029,9781526645951,5
10029,9781405932677,5
10029,9781780286136,5
10029,9789390260041,5
10029,9780593582268,4
10029,9781524744311,4
10029,9780752265629,4
10029,9781530728855,5
10029,9780062748805,5
10029,9798652408466,5
10029,9781419766374,3
10029,9781989120989,4
10029,9781944515683,4
10029,9780399579721,5
10029,9781471729034,5
10029,9781508672197,5
10029,9781520975672,4
10029,9781668045572,3
10029,9781785040443,3
10029,9780143452485,5
10029,9781786898562,5
10029,9780525506263,3
10029,9789354925931,4
10029,9780718156848,5
10029,9781612438634,5
10029,9781984856623,5
10029,9789353056469,5
10029,9789063697174,5
10029,9780525506287,4
10029,9781984861641,5
10029,9788179251287,5
10029,9780241552063,5
10029,9798894410067,4
10029,9781949651638,4
10029,9780345472328,4
10029,9789353043551,2
10029,9781760630737,2
10029,9788119792597,5
10029,9781548318468,5
10029,9781529902402,3
10029,9780063497474,3
10029,9780061745171,2
10029,9781509866113,3
10029,9789352140046,4
10029,9780385468473,4
10029,9781585095568,5
10029,9789351772071,5
10029,9781612680569,4
10029,9780801563669,4
10029,9798556993747,4
10029,9789358569018,3
10029,9789354408380,4
10029,9788184006490,4
10029,9789362141613,5
10029,9788186775219,4
10029,9780552167833,3
10029,9798998801228,3
10029,9781668065969,2
10029,9780486478999,4
10029,9780241379103,2
10029,9781509808328,3
10029,9789362143495,2
10029,9781471411533,1
10029,9788193655603,2
10029,9788178125046,1
10029,9780133356038,3
10029,9781292405513,1
10029,9780062031525,3
10029,9789354928703,1
10030,9789358569018,4
10030,9781588361738,4
10030,9781524704551,3
10030,9789356993327,3
10030,9789388241908,5
10030,9781760630737,5
10030,9781668069530,5
10030,9781548318468,4
10030,9789354928758,3
10030,9780981951249,5
10030,9789351772071,4
10030,9798998891816,5
10030,9780593512296,4
10030,9780857199096,3
10030,9781647390983,5
10030,9789353451714,5
10030,9798986406510,5
10030,9781797221311,4
10030,9781668065969,5
10030,9789358569568,5
10030,9789358560381,5
10030,9781585095568,5
10030,9781529902402,5
10030,9789387944763,4
10030,9788186775219,5
10030,9789390914227,4
10030,9789083023847,4
10030,9789083023861,5
10030,9789356997790,5
10030,9789357084987,4
10030,9789354929762,2
10030,9798556993747,5
10030,9781471729034,4
10030,9781647825621,5
10030,9781443460712,4
10030,9789390924219,5
10030,9789356296572,4
10030,9780399579721,3
10030,9780008305550,4
10030,9789348098559,4
10030,9780062820341,4
10030,9789354408380,4
10030,9780241982280,5
10030,9798998801228,5
10030,9780241283912,3
10030,9781426215889,5
10030,9781472288561,2
10030,9781471407772,1
10030,9781760788629,3
10030,9781644210697,3
10030,9781957999043,2
10030,9789354921490,1
10030,9789390678587,1
10030,9781408826133,2
10031,9781585095568,5
10031,9788186775219,4
10031,9789354928758,5
10031,9789358560381,5
10031,9789388241908,5
10031,9781548318468,5
10031,9781668065969,5
10031,9780593512296,4
10031,9781588361738,5
10031,9781668069530,4
10031,9781760630737,4
10031,9789351772071,4
10031,9780857199096,4
10031,9781529902402,4
10031,9789357084987,5
10031,9789356993327,4
10031,9798986406510,5
10031,9781524704551,4
10031,9789387944763,4
10031,9781647390983,5
10031,9789390914227,5
10031,9789083023861,5
10031,9789358569568,4
10031,9789083023847,3
10031,9789356997790,5
10031,9780981951249,4
10031,9789358569018,3
10031,9798998891816,5
10031,9780307887917,5
10031,9798995567004,3
10031,9781956769005,3
10031,9780670093946,3
10031,9781476744872,4
10031,9781482850888,5
10031,9789354929762,4
10031,9781444792478,5
10031,9781846140556,4
10031,9780241981344,3
10031,9781787830783,5
10031,9789386651600,1
10031,9780385484510,2
10031,9781647004163,2
10031,9781471407772,3
10031,9780241440667,3
10032,9788187107583,5
10032,9789358568172,5
10032,9788184750348,5
10032,9789354927041,5
10032,9781528774888,4
10032,9781844670208,4
10032,9780670086399,5
10032,9780143029892,5
10032,9789392510366,5
10032,9789389178111,4
10032,9780785850724,5
10032,9781611806885,5
10032,9780140455113,4
10032,9780143433163,5
10032,9780871138002,5
10032,9781613824009,5
10032,9789356618060,3
10032,9780141914527,3
10032,9789351860839,3
10032,9781804090633,4
10032,9781433832161,4
10032,9789354923678,2
10032,9789388369046,2
10032,9789354926709,5
10032,9780743200400,3
10032,9780007323272,3
10032,9781035067022,3
10032,9788121906548,2
10033,9780007323272,4
10033,9780747591085,4
10033,9780545030106,5
10033,9780141375663,5
10033,9788129141996,5
10033,9781250076977,5
10033,9781368078351,5
10033,9781965347676,5
10033,9789313196488,5
10033,9789354402937,4
10033,9789354403514,5
10033,9780573700323,5
10033,9780008283308,5
10033,9781338848007,3
10033,9789353766382,5
10033,9781368051446,5
10033,9780794533779,5
10033,9789388369794,4
10033,9789390183548,4
10033,9789350106013,4
10033,9780241379141,3
10033,9781432869496,4
10033,9781943330201,4
10033,9780593175002,5
10033,9780986444159,5
10033,9789385273896,3
10033,9780143497639,5
10033,9788183896788,5
10033,9780723281221,4
10033,9780241252673,5
10033,9781481422192,4
10033,9789362055026,4
10033,9788122300338,4
10033,9781607742456,3
10033,9781087318844,4
10033,9780008123208,4
10033,9780062250506,4
10033,9780671741907,3
10033,9781580628556,3
10033,9781509852840,4
10033,9789387779297,4
10033,9781925307443,5
10033,9789388810623,2
10033,9780349426129,3
10033,9798995567004,2
10033,9780615978628,3
10033,9781944515683,3
10033,9780062905154,2
10033,9788194525974,1
10034,9780743421041,3
10034,9780998203492,3
10034,9781433832161,5
10034,9781603293525,4
10034,9789388810609,5
10034,9780062031525,5
10034,9781643990026,5
10034,9788122300338,4
10034,9789365693102,4
10034,9780671741907,5
10034,9789387779297,4
10034,9781607742456,4
10034,9781399809665,4
10034,9789388810623,5
10034,9781089356400,3
10034,9781464234255,5
10034,9781925307443,5
10034,9781580628556,5
10034,9780062250506,5
10034,9781408866115,3
10034,9788122300260,5
10034,9781509852840,4
10034,9781472298409,5
10034,9780307830630,4
10034,9781472288561,2
10034,9781401229894,3
10034,9781615931712,5
10034,9781984897398,4
10034,9781419743191,5
10034,9781647291495,4
10034,9781495011351,3
10034,9781608685486,3
10034,9789354922251,5
10034,9781472290694,2
10034,9780063087774,4
10034,9780062905154,4
10034,9781938938160,4
10034,9781484758601,2
10034,9788131762189,2
10034,9798986406510,2
10034,9781585429196,2
10034,9780143452485,3
10034,9789390378548,1
10035,9782280600705,5
10035,9780349436982,3
10035,9780375703768,3
10035,9780751583694,5
10035,9781408865415,5
10035,9781387282258,5
10035,9781623651442,5
10035,9789362145369,5
10035,9780349437057,4
10035,9781785766886,5
10035,9781409181682,3
10035,9781250343178,5
10035,9780671461492,4
10035,9789380658797,5
10035,9789354402173,5
10035,9781501143106,5
10035,9780385535502,5
10035,9781250855145,5
10035,9780486784755,4
10035,9781780874005,3
10035,9788193655603,5
10035,9781680307672,5
10035,9781250902450,5
10035,9781681445038,5
10035,9781471406454,5
10035,9781760788629,4
10035,9781635577716,3
10035,9789354406249,3
10035,9781442408944,5
10035,9789362140258,3
10035,9780593438374,4
10035,9789388369817,4
10035,9798855068740,4
10035,9781647004163,3
10035,9781509851577,4
10035,9780008588816,4
10035,9789390183784,4
10035,9789354406522,4
10035,9780241787410,5
10035,9789354405327,2
10035,9788183896788,3
10035,9789387779723,4
10035,9780141375663,5
10035,9781846140556,2
10035,9789313168805,3
10035,9781495011351,3
10035,9780062250506,2
10035,9781506721705,2
10035,9780321972101,2
10036,9789364550161,5
10036,9789364554435,5
10036,9789357788496,5
10036,9789357781831,3
10036,9789356226623,5
10036,9789364552424,5
10036,9789364551090,5
10036,9789364555166,4
10036,9789357785952,4
10036,9789357787888,4
10036,9789364558594,5
10036,9789364551854,4
10036,9789364559249,5
10036,9789371268844,3
10036,9789364557948,5
10036,9789371268219,5
10036,9789356225985,5
10036,9789364559584,4
10036,9789375615668,5
10036,9789371262255,3
10036,9789357082594,4
10036,9789356994287,4
10036,9780984782857,5
10036,9789362143495,4
10036,9789359585314,4
10036,9781847651310,4
10036,9780078022159,3
10036,9789387284944,4
10036,9788184951332,1
10036,9780141342603,2
10036,9780718188863,1
10036,9789354404603,3
10037,9780743200400,4
10037,9789362053206,4
10037,9789389243123,5
10037,9789354923678,4
10037,9788190256209,5
10037,9780143474296,4
10037,9789388369046,4
10037,9781849545433,5
10037,9789354928284,5
10037,9780143423928,5
10037,9798893310962,4
10037,9789356993563,4
10037,9788174368942,3
10037,9781591845324,5
10037,9788120725249,4
10037,9789351187301,4
10037,9781881373070,3
10037,9789354409660,5
10037,9789391149291,5
10037,9780385484510,4
10037,9789354928956,4
10037,9789353769819,3
10037,9791041985326,5
10037,9783956763182,5
10037,9781471411465,3
10037,9789390652457,5
10037,9780143464617,4
10037,9780143443155,5
10037,9789358560572,5
10037,9789354926709,4
10037,9780369348906,4
10037,9781501135910,5
10037,9780241996324,5
10037,9781846046384,4
10037,9789354894459,5
10037,9789389178111,3
10037,9781528774888,4
10037,9780143433163,4
10037,9781925307443,2
10037,9780140449280,3
10037,9781607742456,4
10037,9789358568172,3
10037,9781611806885,4
10037,9780670086399,4
10037,9788122300338,2
10037,9781580628556,3
10037,9781509852840,4
10037,9780670090433,4
10037,9781472297068,3
10037,9781432869496,3
10037,9789388144988,2
10037,9781616770969,1
10037,9789354929748,2
10037,9791222454405,1
10037,9780141908762,3
10038,9789356344846,4
10038,9789388642101,5
10038,9789359981185,5
10038,9789350121276,5
10038,9781260467369,5
10038,9789390297306,5
10038,9789354881008,5
10038,9789359587615,4
10038,9789390711956,5
10038,9789352036592,5
10038,9789389480511,4
10038,9788173158759,4
10038,9781264842292,5
10038,9789387604513,5
10038,9789368900924,3
10038,9789387604209,4
10038,9788174822413,5
10038,9788194742616,5
10038,9789386298225,4
10038,9788173177941,5
10038,9789327196504,3
10038,9789325798014,5
10038,9789389480474,4
10038,9788178123684,5
10038,9789355558930,5
10038,9789368402695,3
10038,9780071775304,5
10038,9788178125367,5
10038,9789350125175,5
10038,9789389480481,5
10038,9798630240729,5
10038,9789359584362,4
10038,9789358897920,5
10038,9781393638063,5
10038,9789350127643,5
10038,9789350121665,4
10038,9789348203168,4
10038,9789359585314,5
10038,9789350123485,5
10038,9789386845641,3
10038,9789313197133,5
10038,9789362258601,3
10038,9788177588989,3
10038,9788131762189,3
10038,9788176561068,5
10038,9789353063191,3
10038,9789391028589,3
10038,9781718502345,4
10038,9781847651310,4
10038,9780133356038,4
10038,9789352838363,5
10038,9781492078005,4
10038,9780593715833,4
10038,9781492032618,4
10038,9781621291657,4
10038,9781571315991,4
10038,9788175994140,4
10038,9780078022098,2
10038,9798998801228,3
10038,9781338325591,3
10038,9781443124393,3
10038,9780593175002,2
10038,9781408866115,2
10038,9789354408380,1
10038,9781510054585,3
10038,9781471406454,1
10039,9781443460712,5
10039,9789390166275,5
10039,9780071433341,3
10039,9781399804455,5
10039,9789362141613,5
10039,9781647825621,5
10039,9780753555637,5
10039,9781846140556,5
10039,9789390166268,4
10039,9788184007558,5
10039,9798556993747,4
10039,9781250865045,5
10039,9789390378548,5
10039,9781585426591,5
10039,9788119792597,3
10039,9780345472328,5
10039,9791222454405,4
10039,9789393757029,5
10039,9781530830657,5
10039,9789773772598,5
10039,9781612680569,5
10039,9780231555074,5
10039,9789353043551,5
10039,9789352140046,4
10039,9781491903117,5
10039,9781510019430,4
10039,9780241983881,5
10039,9780801563669,5
10039,9780670069323,4
10039,9798995567004,5
10039,9789348098559,5
10039,9781783085200,4
10039,9788128400483,3
10039,9781529937381,5
10039,9780984358106,5
10039,9798998801228,3
10039,9789313168805,5
10039,9780063356733,4
10039,9789360452964,5
10039,9789354408380,5
10039,9788184006490,4
10039,9780671472122,5
10039,9789355201287,5
10039,9780593238295,4
10039,9788122415520,3
10039,9788192107547,4
10039,9789353451714,5
10039,9789357088978,4
10039,9780771010439,3
10039,9789394407015,3
10039,9781760630737,4
10039,9781491952009,5
10039,9789351772071,3
10039,9781524704551,3
10039,9781101970317,5
10039,9780981951249,4
10039,9781492041108,4
10039,9781668069530,3
10039,9780199480173,5
10039,9789354404443,2
10039,9781943330973,1
10039,9789390678587,1
10039,9780399579721,1
10039,9789354923678,1
10039,9781644295533,3
10039,9781718502345,2
10039,9789354923968,2
10040,9780521779135,5
10040,9780984782857,4
10040,9781250880949,5
10040,9780593238295,3
10040,9780593083888,5
10040,9780349426129,4
10040,9781737475712,5
10040,9789391724948,3
10040,9781847651310,5
10040,9789353063191,3
10040,9780071752114,3
10040,9788176561068,5
10040,9780007547999,4
10040,9781260723106,3
10040,9781718502703,5
10040,9789362143495,5
10040,9781621291657,5
10040,9781250404855,5
10040,9780078022159,5
10040,9781328662057,5
10040,9788177587654,5
10040,9781473575608,5
10040,9781491950333,5
10040,9780199678112,3
10040,9781635576818,4
10040,9781259004612,5
10040,9789389802559,4
10040,9789391028589,4
10040,9789356994669,3
10040,9788173177941,5
10040,9789352036592,5
10040,9789359585314,2
10040,9788178125367,2
10040,9789350121665,3
10040,9789354881008,3
10040,9789386298225,5
10040,9798630240729,4
10040,9789358897920,5
10040,9789389480481,5
10040,9788131762189,3
10040,9781785766886,3
10040,9780140455113,2
10040,9781447261261,1
10040,9781958388952,3
10040,9780143433002,1
10040,9781943330737,1
10041,9789395192224,5
10041,9789814954853,3
10041,9780349132860,5
10041,9789354921490,5
10041,9781542040464,4
10041,9781982179014,5
10041,9781803144382,4
10041,9780008474362,5
10041,9789354926716,3
10041,9781627792127,5
10041,9798643660491,4
10041,9781501190117,4
10041,9781925480535,5
10041,9789357087797,5
10041,9789357083003,5
10041,9789354929564,5
10041,9789373034386,4
10041,9781472154644,4
10041,9781780896410,5
10041,9789353768966,4
10041,9781529022049,4
10041,9788129144973,4
10041,9780062868954,5
10041,9789355430601,5
10041,9781681958071,5
10041,9789895648269,5
10041,9789356291379,5
10041,9789356999848,5
10041,9786020633916,5
10041,9781250343178,3
10041,9789358568226,5
10041,9780486784755,5
10041,9781785766886,4
10041,9781681445038,5
10041,9781623651442,4
10041,9781087318844,4
10041,9780525559733,4
10041,9780375703768,4
10041,9780593438374,5
10041,9789354406249,5
10041,9781250902450,3
10041,9780751583694,4
10041,9781647004163,2
10041,9781944515683,3
10041,9789356993327,2
10041,9781849545433,2
10041,9781338064520,2
10041,9789390166275,2
10042,9780143029892,5
10042,9780785850724,5
10042,9788184750348,5
10042,9781844670208,5
10042,9781611806885,5
10042,9780141910819,5
10042,9781528774888,4
10042,9788187107583,5
10042,9780141914527,5
10042,9781605203287,5
10042,9789354582233,3
10042,9789389178111,3
10042,9780691208015,5
10042,9780670086399,5
10042,9789392510366,5
10042,9781613824009,5
10042,9781405944465,5
10042,9780140449280,4
10042,9781849545433,4
10042,9788190256209,3
10042,9781401937539,5
10042,9780062031525,3
10042,9780743200400,3
10042,9781846048395,5
10042,9789354926709,4
10042,9780008411312,3
10042,9781444958171,3
10042,9780063142381,3
10042,9780141036731,2
10043,9789354928758,4
10043,9789353451714,5
10043,9781529902402,4
10043,9798998891816,5
10043,9789083023861,4
10043,9789351772071,4
10043,9789358569018,5
10043,9781760630737,3
10043,9781588361738,5
10043,9788186775219,4
10043,9789358569568,5
10043,9789358560381,3
10043,9781797221311,5
10043,9781585095568,5
10043,9780981951249,5
10043,9789388241908,5
10043,9780593512296,5
10043,9781524704551,4
10043,9780857199096,5
10043,9789356993327,5
10043,9789356997790,5
10043,9789390914227,4
10043,9798986406510,4
10043,9781668065969,4
10043,9789387944763,4
10043,9781647390983,5
10043,9780593467428,5
10043,9781400225415,4
10043,9780671472122,3
10043,9780241982297,2
10043,9781984856623,4
10043,9780801563669,5
10043,9798998801228,5
10043,9789354927911,4
10043,9781625274496,4
10043,9781802804966,5
10043,9781405266512,1
10043,9780874776942,3
10043,9780062968722,1
10043,9789354404603,1
10043,9780993203008,1
10044,9788177588989,5
10044,9788121924375,5
10044,9788131762189,4
10044,9781292023946,5
10044,9788131710265,4
10044,9781524748258,5
10044,9780486434841,3
10044,9788121924962,5
10044,9781292420080,5
10044,9788185749754,5
10044,9789352838363,5
10044,9781292026565,4
10044,9789391818715,5
10044,9780077496128,3
10044,9781118476734,5
10044,9781718502345,5
10044,9780321972101,4
10044,9783950485417,5
10044,9788121939096,4
10044,9781644295533,5
10044,9789355014467,4
10044,9781316632932,5
10044,9780198089131,4
10044,9780133356038,4
10044,9780387310732,5
10044,9781119770763,5
10044,9781394251575,5
10044,9780073380575,3
10044,9788131721018,5
10044,9780470695197,5
10044,9789363486317,5
10044,9789688802052,4
10044,9781621291657,4
10044,9780593715833,2
10044,9780771010439,4
10044,9780593083888,3
10044,9781492041108,4
10044,9781264842292,5
10044,9789347231902,4
10044,9789352837328,4
10044,9789350127353,2
10044,9780078022159,3
10044,9781473575608,5
10044,9780743421041,3
10044,9789356810822,3
10044,9780981951249,1
10044,9780593512296,1
10044,9781760295608,1
10044,9781949651638,3
10045,9781447261261,3
10045,9789390378548,4
10045,9781416502494,5
10045,9788119792597,5
10045,9780241982297,4
10045,9780241982280,4
10045,9780753550663,4
10045,9780691263632,5
10045,9780231555074,4
10045,9789355201287,5
10045,9780241981344,5
10045,9781783085200,4
10045,9781491903117,3
10045,9781510019430,5
10045,9780801563669,5
10045,9780486478999,4
10045,9780975601464,5
10045,9781473535169,4
10045,9780063497474,4
10045,9789393757029,5
10045,9798995567004,3
10045,9780757316029,4
10045,9789356296572,3
10045,9781443460712,4
10045,9788175994409,3
10045,9781982172008,5
10045,9789356994782,5
10045,9788119153442,3
10045,9789354408380,5
10045,9780615978628,5
10045,9798896327271,4
10045,9789390924219,4
10045,9781529937381,5
10045,9780241983881,3
10045,9781591842804,4
10045,9781846140556,5
10045,9781529350104,4
10045,9789360452964,5
10045,9789389109849,5
10045,9789362141613,5
10045,9780231552110,5
10045,9789313168805,5
10045,9789390166275,4
10045,9780609504239,4
10045,9780552167833,4
10045,9781399804455,4
10045,9780984358106,5
10045,9781942788300,5
10045,9791222454405,3
10045,9781585426591,5
10045,9781400225415,5
10045,9780349426129,3
10045,9780593238295,4
10045,9789352837328,3
10045,9781668069530,4
10045,9780062968722,5
10045,9781737475712,4
10045,9781736049129,4
10045,9781621291657,4
10045,9789388241908,4
10045,9781588361738,3
10045,9788192107547,2
10045,9781492041917,4
10045,9781847651310,4
10045,9781449331443,4
10045,9780141982410,2
10045,9780984782857,2
10045,9789356993082,5
10045,9789083023847,3
10045,9798998891816,4
10045,9780077496128,3
10045,9789354927041,3
10045,9789356813632,2
10045,9789387779730,2
10045,9789385273896,3
10045,9789325798014,2
10045,9798552053032,3
10045,9798893310962,2
10045,9781529401325,3
10046,9789380676371,5
10046,9781591845324,4
10046,9783956763182,5
10046,9789354928284,5
10046,9789354894459,5
10046,9780143464617,5
10046,9781849545433,5
10046,9789351180555,5
10046,9789354928956,4
10046,9781848317680,4
10046,9780143474296,5
10046,9789351187301,5
10046,9781501135910,5
10046,9789354926136,5
10046,9781881373070,5
10046,9789356993563,5
10046,9789354926709,3
10046,9780353275195,4
10046,9781471411465,5
10046,9791041985326,5
10046,9789354409660,5
10046,9781953953247,4
10046,9780143423928,5
10046,9789354928703,5
10046,9781846046384,4
10046,9789386651600,5
10046,9780143443155,5
10046,9780385484510,5
10046,9780743200400,5
10046,9780718188863,5
10046,9781401937539,5
10046,9788120725249,5
10046,9789353050337,5
10046,9780369348906,4
10046,9781804090633,5
10046,9780140449280,5
10046,9780998203492,3
10046,9780670090433,3
10046,9781844670208,3
10046,9781399809665,4
10046,9780671741907,5
10046,9780062250506,3
10046,9780871138002,3
10046,9780140455113,5
10046,9780143029892,2
10046,9781603293525,5
10046,9789354582233,2
10046,9789356618060,3
10046,9781804091043,2
10046,9788126579907,1
10046,9781472154644,2
10046,9780143331513,3
10046,9781476744872,2
10046,9781780874005,3
10047,9780008123208,3
10047,9788026837169,5
10047,9781087318844,5
10047,9780307957733,5
10047,9781785139949,4
10047,9789362055026,5
10047,9780486114132,5
10047,9789386651600,5
10047,9789362140258,2
10047,9789354894459,5
10047,9789380658797,4
10047,9789354928284,2
10047,9789390652457,5
10047,9781250902450,2
10047,9780718188863,2
10047,9780143423928,3
10047,9781846048395,5
10047,9788174368942,4
10047,9789351187301,3
10047,9781501135910,2
10047,9781846046384,5
10047,9781780874005,3
10047,9782280600705,4
10047,9789391149291,5
10047,9781623651442,4
10047,9781848317680,3
10047,9781953953247,4
10047,9781401937539,4
10047,9789354407338,2
10047,9789348098559,3
10047,9781398717206,2
10047,9788121924962,3
10047,9780241621639,3
10047,9789354891670,2
10047,9789356999848,1
10047,9798870369396,2
10047,9788184750348,1
10047,9789387944763,3
10047,9781510019430,3
10048,9798894755557,4
10048,9780399179006,5
10048,9780063087774,5
10048,9781786013521,4
10048,9781477303733,3
10048,9789391800475,4
10048,9780141906270,5
10048,9780593449240,3
10048,9781780936383,5
10048,9781457431210,5
10048,9789356810822,5
10048,9789394168596,5
10048,9780671604295,4
10048,9789391149758,5
10048,9781848420496,5
10048,9789388689786,5
10048,9789394168510,5
10048,9780525658146,4
10048,9781447439332,5
10048,9781984897398,5
10048,9781781105528,4
10048,9781444724585,4
10048,9789395101028,4
10048,9781409181620,5
10048,9789394168244,3
10048,9780307830630,3
10048,9780451527318,4
10048,9781457420641,4
10048,9781524798666,5
10048,9780874776942,3
10048,9781608685486,5
10048,9781733989633,5
10048,9781616770969,5
10048,9781786013453,5
10048,9781472288561,3
10048,9789389310733,4
10048,9781460710876,4
10048,9781804182529,4
10048,9789354922251,5
10048,9798652408466,5
10048,9780593582268,4
10048,9781476744872,3
10048,9780998203492,4
10048,9789388810609,3
10048,9781526645951,5
10048,9781944515683,5
10048,9780141908762,5
10048,9780062031525,4
10048,9780241283912,3
10048,9781524744311,3
10048,9780008564834,4
10048,9781426215889,4
10048,9789365693102,3
10048,9781399809665,5
10048,9789359587615,3
10048,9789390924219,1
10048,9788177587654,2
10048,9781101970317,1
10048,9789393267030,3
10048,9781472154644,2
10048,9780143474296,3
10049,9789364551090,4
10049,9789364559249,5
10049,9789364554435,4
10049,9789357788496,4
10049,9789364550161,4
10049,9789364552424,5
10049,9789364551854,5
10049,9789364558594,5
10049,9789357787888,4
10049,9789364555166,5
10049,9789371268844,4
10049,9789357781831,3
10049,9789364550093,5
10049,9789356226623,5
10049,9789375615668,4
10049,9789371262255,5
10049,9789371268219,5
10049,9780534422004,3
10049,9781260723106,5
10049,9789347231902,2
10049,9780593083888,3
10049,9789357082594,3
10049,9781635576818,5
10049,9789358569018,3
10049,9789354928703,2
10049,9789358565164,3
10049,9780007423194,3
10050,9780393351385,5
10050,9781501187636,5
10050,9780671604295,4
10050,9789394168510,5
10050,9781460710876,5
10050,9781408824856,5
10050,9781608685486,5
10050,9781440571541,4
10050,9781401229894,5
10050,9781444724585,3
10050,9780141906270,3
10050,9781839647338,5
10050,9789394168596,5
10050,9781447439332,4
10050,9783526528227,3
10050,9780241371862,3
10050,9781399809665,5
10050,9781802804966,2
10050,9781398717206,4
10050,9780008305550,3
10050,9781580628556,2
10050,9781548318468,3
10050,9781960507921,1
10050,9780241765876,3
10051,9781509852840,5
10051,9781925307443,5
10051,9781643990026,4
10051,9780671741907,5
10051,9781464234255,4
10051,9780743421041,4
10051,9781433832161,5
10051,9780062031525,4
10051,9781472298409,5
10051,9781399809665,4
10051,9780062250506,5
10051,9781089356400,5
10051,9781580628556,4
10051,9789387779297,5
10051,9789388810609,3
10051,9781408866115,5
10051,9789365693102,5
10051,9781607742456,5
10051,9788122300260,5
10051,9788122300338,5
10051,9780998203492,4
10051,9789388810623,4
10051,9781603293525,3
10051,9789388689786,2
10051,9781544687476,4
10051,9781529413113,3
10051,9781419743191,4
10051,9781444724585,3
10051,9789392837258,4
10051,9781457420641,2
10051,9781338325591,3
10051,9789395101752,2
10051,9780857360007,3
10051,9780385339032,2
10051,9781953884992,3
10051,9783836531542,4
10051,9781087318844,4
10051,9780593449240,4
10051,9781510019430,3
10051,9780141380933,2
10051,9781528774888,2
10051,9780307887917,2
10051,9780375968488,1
10051,9780752265629,1
10052,9789380676371,5
10052,9789390652457,4
10052,9781953953247,3
10052,9789358560572,5
10052,9780670090303,3
10052,9789354926136,5
10052,9789354926709,5
10052,9789354923678,3
10052,9798893310962,4
10052,9781846046384,3
10052,9789351860839,4
10052,9789386651600,3
10052,9780718188863,4
10052,9780241996324,4
10052,9781501135910,4
10052,9789389647242,5
10052,9780141986005,3
10052,9780385484510,5
10052,9788174368942,5
10052,9780369348906,5
10052,9788120725249,4
10052,9783956763182,5
10052,9781804090633,5
10052,9789353769819,3
10052,9789351187301,5
10052,9789353456443,4
10052,9780143443155,5
10052,9789357027519,5
10052,9789353050337,5
10052,9791041985326,4
10052,9789356993563,5
10052,9781471411632,3
10052,9789355219244,5
10052,9789354928284,5
10052,9781849545433,5
10052,9780062250506,5
10052,9781603293525,3
10052,9781472298409,3
10052,9788122300338,4
10052,9789354582233,5
10052,9781405944465,4
10052,9789388810609,4
10052,9781643990026,2
10052,9780785850724,5
10052,9789388810623,3
10052,9780140449280,4
10052,9781509852840,4
10052,9780140455113,4
10052,9789354405365,3
10052,9780747589945,1
10052,9780981951249,3
10052,9780534422004,2
10052,9780593582268,3
10052,9789389931891,1
10053,9781408826133,5
10053,9788193655603,3
10053,9781324095323,5
10053,9783689951016,4
10053,9789389931891,5
10053,9780525559733,5
10053,9781408865415,3
10053,9789362145369,3
10053,9781681445038,5
10053,9780671461492,5
10053,9781680307672,5
10053,9781623651442,5
10053,9789357316354,5
10053,9781501143106,5
10053,9782280600705,3
10053,9789354406249,4
10053,9780385535502,3
10053,9789380658797,4
10053,9780751583694,5
10053,9780375703768,3
10053,9781760788629,5
10053,9781471406454,3
10053,9780349437057,5
10053,9781473227996,5
10053,9789353451882,3
10053,9789354402173,4
10053,9789356995697,3
10053,9781250343178,3
10053,9781542046152,5
10053,9798675385850,5
10053,9798855007664,4
10053,9789327197402,4
10053,9780593178751,3
10053,9780141382913,4
10053,9789388144025,4
10053,9789354401121,3
10053,9789354921360,5
10053,9780141380933,3
10053,9781647004163,4
10053,9781443124911,2
10053,9781943330737,4
10053,9781405944465,3
10053,9789388810609,2
10053,9780992550714,3
10053,9780385676519,1
10053,9781447261261,3
10053,9789390914227,1
10054,9780008123208,3
10054,9789362055026,4
10054,9780307957733,5
10054,9781087318844,4
10054,9781785139949,5
10054,9788026837169,5
10054,9780486114132,4
10054,9789354928703,4
10054,9798675385850,5
10054,9781846046384,2
10054,9781804090633,4
10054,9780143443155,3
10054,9780349436982,3
10054,9781401937539,4
10054,9789362140258,4
10054,9789354928956,3
10054,9789354928284,2
10054,9781501143106,4
10054,9781473227996,3
10054,9789380676371,2
10054,9781542046152,3
10054,9781849545433,2
10054,9780671461492,4
10054,9791041985326,2
10054,9798893310962,3
10054,9781591845324,5
10054,9783956763182,2
10054,9789354926709,4
10054,9781623651442,4
10054,9780385535502,4
10054,9791222454405,3
10054,9780345472328,2
10054,9781408855911,1
10054,9781802804966,3
10054,9781530830657,3
10054,9780545520492,3
10054,9781611806885,2
10054,9781944515683,2
10054,9780349132860,1
10054,9781571315991,1
10055,9780307957733,4
10055,9781087318844,5
10055,9781785139949,4
10055,9788026837169,5
10055,9780008123208,5
10055,9789362055026,4
10055,9780486114132,5
10055,9780143443155,3
10055,9789351180555,3
10055,9788120725249,4
10055,9780718188863,4
10055,9781501135910,3
10055,9780349437057,3
10055,9789358568226,4
10055,9781680307672,4
10055,9781471411632,3
10055,9780349436982,4
10055,9781250902450,5
10055,9789356995697,4
10055,9781250343178,3
10055,9789380676371,3
10055,9781916277182,2
10055,9780545415606,1
10055,9789356994287,1
10055,9780077496128,3
10055,9789354400889,1
10055,9781803144382,3
10055,9781839647338,2
10056,9781786013453,5
10056,9780874776942,4
10056,9781631592966,4
10056,9789356811058,5
10056,9780399179006,4
10056,9781476845623,4
10056,9781524798666,5
10056,9781457431210,5
10056,9789395101028,5
10056,9781803093178,5
10056,9783836531542,4
10056,9780143448990,5
10056,9781472261281,3
10056,9780063087774,5
10056,9780393351385,5
10056,9789395101752,4
10056,9789356813632,5
10056,9781401229894,5
10056,9781781105528,5
10056,9780008276973,5
10056,9780198723097,5
10056,9780857364319,3
10056,9781338325591,5
10056,9789351035497,3
10056,9789356291713,4
10056,9780307830630,5
10056,9789388689786,5
10056,9780451527318,4
10056,9781440571541,3
10056,9781780936383,5
10056,9781408824856,5
10056,9781839647338,5
10056,9780883960165,5
10056,9798652464264,4
10056,9789356811621,3
10056,9781615931712,5
10056,9789388070973,4
10056,9781501187636,4
10056,9780671604295,5
10056,9781447439332,5
10056,9789391149758,4
10056,9781477303733,3
10056,9781506721705,4
10056,9781472297068,5
10056,9789356813472,5
10056,9780486811246,5
10056,9781409181620,4
10056,9780060391683,4
10056,9781656470997,5
10056,9781472288561,4
10056,9781472290694,4
10056,9780747548409,4
10056,9781510054585,3
10056,9798652408466,5
10056,9789360876357,2
10056,9780141986395,5
10056,9781989120989,4
10056,9781530728855,3
10056,9781984856623,2
10056,9780008564834,4
10056,9798552053032,4
10056,9781419764394,3
10056,9780141908762,3
10056,9798886500479,5
10056,9781472298409,3
10056,9781643990026,4
10056,9781898130017,4
10056,9781471729034,4
10056,9781585429196,4
10056,9781593306458,2
10056,9781089356400,4
10056,9780465072996,2
10056,9781839909979,5
10056,9783956763182,2
10056,9789356993327,1
10056,9780753550663,2
10056,9781408834985,2
10056,9789362053206,2
10056,9781442451322,1
10056,9781844670208,1
10056,9780801563669,3
10056,9781259004612,1
10056,9780593715833,2
10057,9781501135910,3
10057,9781471411533,4
10057,9781953953247,5
10057,9780670090303,5
10057,9780385484510,5
10057,9780241996324,4
10057,9789354928956,4
10057,9789351180555,3
10057,9791041985326,5
10057,9789351860839,4
10057,9788190256209,5
10057,9781471411465,4
10057,9781804090633,5
10057,9781471411632,5
10057,9781881373070,4
10057,9781849545433,5
10057,9781846048395,5
10057,9781846046384,5
10057,9780369348906,5
10057,9781591845324,5
10057,9780718188863,5
10057,9781848317680,5
10057,9789362053206,5
10057,9789386651600,3
10057,9789354926136,5
10057,9798893310962,5
10057,9789388369046,5
10057,9780743200400,3
10057,9789354409660,4
10057,9780353275195,5
10057,9789390652457,4
10057,9789358560572,4
10057,9789380676371,4
10057,9783956763182,4
10057,9789354894459,3
10057,9781401937539,3
10057,9789353456443,4
10057,9788120725249,5
10057,9789355219244,4
10057,9789354928284,4
10057,9780143474296,5
10057,9789354928703,3
10057,9789357027519,5
10057,9789351187301,5
10057,9789356993563,3
10057,9789354926709,5
10057,9788174368942,5
10057,9780141986005,5
10057,9789389243123,5
10057,9789389647242,5
10057,9781405944465,4
10057,9781089356400,4
10057,9781611806885,2
10057,9780141914527,2
10057,9781580628556,5
10057,9781603293525,3
10057,9780062250506,5
10057,9781509852840,5
10057,9780871138002,5
10057,9789354582233,2
10057,9781464234255,2
10057,9789387779297,5
10057,9780743421041,5
10057,9781433832161,5
10057,9789388810623,4
10057,9781925307443,4
10057,9789389178111,5
10057,9780691208015,3
10057,9780785850724,4
10057,9780241558300,1
10057,9780694011100,2
10057,9789356400320,2
10057,9780008474362,1
10057,9798998801228,1
10057,9780486811246,3
10057,9798552053032,3
10057,9780190078973,1
10057,9781398717206,3
10058,9789390166268,4
10058,9789313168805,5
10058,9788184007527,5
10058,9780190078973,5
10058,9789352140046,4
10058,9780231552110,4
10058,9780063356733,4
10058,9780593467428,5
10058,9789354408380,4
10058,9780061745171,5
10058,9781804091043,5
10058,9781585426591,4
10058,9780241982280,3
10058,9781647825621,4
10058,9789393757029,4
10058,9781443460712,4
10058,9781760985240,3
10058,9781529350104,5
10058,9798556993747,5
10058,9781444792478,3
10058,9788119153442,3
10058,9781399804455,5
10058,9781491903117,5
10058,9780671472122,5
10058,9798998801228,5
10058,9780557083206,3
10058,9781529937381,5
10058,9781612680569,3
10058,9780615978628,5
10058,9781250865045,5
10058,9780385676519,5
10058,9781473680371,4
10058,9780609504239,4
10058,9780063497474,4
10058,9789358569018,5
10058,9789362143495,5
10058,9781492032618,5
10058,9781760630737,4
10058,9789358569568,4
10058,9788121906548,4
10058,9780063142381,4
10058,9781588361738,4
10058,9789358560381,4
10058,9780593653661,5
10058,9781529902402,5
10058,9789356994669,3
10058,9789387944763,4
10058,9781537911137,3
10058,9789389567380,3
10058,9781839909979,1
10058,9781408826133,2
10058,9788178123684,2
10058,9789352036592,2
10059,9780062359803,4
10059,9789393757029,5
10059,9781529937381,5
10059,9781591842804,5
10059,9780385468473,5
10059,9781491903117,3
10059,9780691263632,5
10059,9798870369396,3
10059,9798998801228,5
10059,9781510019430,4
10059,9781625274502,5
10059,9781119523260,4
10059,9780385676519,4
10059,9780975601464,5
10059,9788184007527,3
10059,9780486478999,5
10059,9788128400483,4
10059,9781585426591,3
10059,9781444792478,3
10059,9781473535169,3
10059,9788184006490,5
10059,9780609504239,5
10059,9781647825621,5
10059,9789390378548,5
10059,9780757316029,4
10059,9780345472328,5
10059,9789390166275,4
10059,9780063356733,5
10059,9780552167833,5
10059,9781942788300,4
10059,9780061745171,5
10059,9780984358106,4
10059,9788119792597,5
10059,9781491950333,3
10059,9798998891816,5
10059,9781292405513,5
10059,9789347231902,3
10059,9781328662057,3
10059,9781250880949,4
10059,9789394407015,4
10059,9788176561068,4
10059,9781588361738,5
10059,9788121906548,3
10059,9789391028589,3
10059,9781529902402,5
10059,9789313196488,2
10059,9780345453747,1
10059,9780525658146,3
10059,9780141910819,2
10059,9780525559733,3
10059,9781844670208,2
10060,9780143029892,4
10060,9780349122380,4
10060,9780670086399,4
10060,9789356618060,5
10060,9788187107583,5
10060,9780670090433,5
10060,9780691148182,5
10060,9780140449280,3
10060,9781605203287,5
10060,9789354582233,5
10060,9789392510366,5
10060,9780141910819,4
10060,9789354927041,4
10060,9781528774888,4
10060,9789358568172,3
10060,9780785850724,5
10060,9780871138002,5
10060,9781844670208,5
10060,9781405944465,4
10060,9780140455113,4
10060,9781613824009,5
10060,9781611806885,4
10060,9780691208015,4
10060,9788184750348,3
10060,9789389178111,4
10060,9780143433163,4
10060,9780141914527,5
10060,9780143474296,3
10060,9789386651600,2
10060,9780062250506,4
10060,9780998203492,3
10060,9781846048395,3
10060,9780743421041,5
10060,9789354894459,4
10060,9798893310962,5
10060,9781804090633,2
10060,9781471411465,3
10060,9789387779297,5
10060,9780241996324,5
10060,9789354926709,4
10060,9780369348906,4
10060,9781881373070,5
10060,9781408866115,4
10060,9789355219244,4
10060,9780670090303,5
10060,9789358560572,3
10060,9781471411533,2
10060,9781643990026,3
10060,9789351180555,3
10060,9781571315991,3
10060,9780465072996,3
10060,9780593238295,3
10060,9789360452964,1
10060,9780751583694,1
10060,9789387779723,2
10060,9789364551090,1
10060,9780557083206,2
10060,9780739350331,3
10060,9789362258601,2
10061,9780077496128,3
10061,9789355014467,5
10061,9781644295533,5
10061,9789391818715,5
10061,9788131762189,4
10061,9780133356038,4
10061,9788185749754,5
10061,9780321972101,3
10061,9781119770763,5
10061,9788177588989,4
10061,9781394251575,5
10061,9780486434841,5
10061,9781316632932,5
10061,9788121924375,5
10061,9781292420080,4
10061,9781718502345,4
10061,9781118476734,5
10061,9788131710265,5
10061,9780387310732,5
10061,9788121924962,4
10061,9780198089131,4
10061,9788131721018,5
10061,9789352838363,4
10061,9781292023946,5
10061,9780470695197,3
10061,9781524748258,3
10061,9788121939096,4
10061,9783950485417,3
10061,9780073380575,4
10061,9781292026565,4
10061,9789363486317,4
10061,9789390327539,4
10061,9780262046305,5
10061,9781492041917,4
10061,9788121906548,4
10061,9789357312660,5
10061,9789391028589,4
10061,9789324192660,4
10061,9789355216403,5
10061,9780141982410,4
10061,9788175994140,2
10061,9781935785132,3
10061,9789325798014,3
10061,9789327198010,4
10061,9781802804966,2
10061,9789356295384,3
10061,9789354921360,1
10061,9798995567004,3
10061,9781444924848,3
10061,9789083023847,1
10062,9780143029892,4
10062,9780670086399,4
10062,9789389178111,4
10062,9781611806885,4
10062,9788187107583,3
10062,9781405944465,4
10062,9780349122380,3
10062,9780670090433,3
10062,9780140455113,5
10062,9781528774888,4
10062,9780141914527,5
10062,9780691208015,5
10062,9781613824009,4
10062,9780140449280,5
10062,9789354582233,5
10062,9781844670208,3
10062,9789356618060,5
10062,9781605203287,5
10062,9789354927041,3
10062,9789392510366,5
10062,9780141910819,5
10062,9789358568172,5
10062,9780691148182,5
10062,9780871138002,4
10062,9788184750348,4
10062,9780785850724,5
10062,9780143433163,4
10062,9780143443155,4
10062,9780062031525,4
10062,9780718188863,3
10062,9781643990026,3
10062,9789355219244,4
10062,9780241996324,5
10062,9780743200400,5
10062,9783956763182,4
10062,9781472298409,4
10062,9788122300260,3
10062,9789356993563,5
10062,9781408866115,3
10062,9781471411632,4
10062,9781881373070,4
10062,9789354926709,4
10062,9789351180555,5
10062,9788190256209,3
10062,9788174368942,5
10062,9780143474296,4
10062,9781925307443,3
10062,9788120725249,4
10062,9789351860839,4
10062,9780670090303,4
10062,9780241765876,2
10062,9789388144988,1
10062,9781668045572,1
10062,9780753550663,3
10062,9781982179014,1
10062,9788178125046,3
10062,9781982137274,3
10062,9780525658146,1
10062,9780133489903,3
10062,9789388642101,3
10063,9783956763182,4
10063,9781953953247,4
10063,9780143443155,5
10063,9780369348906,5
10063,9780143464617,5
10063,9781881373070,5
10063,9780670090303,5
10063,9788120725249,5
10063,9781401937539,5
10063,9781846046384,5
10063,9780143474296,4
10063,9780718188863,5
10063,9789380676371,3
10063,9789354928703,3
10063,9789354926136,3
10063,9788190256209,4
10063,9789362053206,5
10063,9788174368942,5
10063,9780385484510,4
10063,9789353050337,4
10063,9789353456443,4
10063,9789354928956,3
10063,9780743200400,5
10063,9789389647242,5
10063,9781471411533,5
10063,9789358560572,5
10063,9789390652457,5
10063,9789389243123,4
10063,9780353275195,4
10063,9789354409660,5
10063,9789354928284,3
10063,9781591845324,4
10063,9789354926709,4
10063,9781849545433,5
10063,9789351187301,3
10063,9798893310962,4
10063,9781501135910,5
10063,9789388369046,5
10063,9791041985326,3
10063,9789386651600,5
10063,9781848317680,5
10063,9781804090633,5
10063,9789351180555,4
10063,9780241996324,4
10063,9781471411632,5
10063,9780143423928,5
10063,9781846048395,3
10063,9789391149291,4
10063,9789355219244,3
10063,9789354923678,5
10063,9789353769819,5
10063,9780141986005,5
10063,9789354894459,4
10063,9789356993563,5
10063,9789357027519,5
10063,9781471411465,5
10063,9789351860839,5
10063,9789356997110,4
10063,9788119989898,5
10063,9780671741907,3
10063,9789388810609,2
10063,9781925307443,5
10063,9781605203287,3
10063,9781464234255,2
10063,9780670086399,2
10063,9780143433163,5
10063,9780062250506,5
10063,9789387779297,5
10063,9789365693102,3
10063,9780062031525,3
10063,9788122300338,3
10063,9780141910819,4
10063,9789356618060,5
10063,9780140455113,4
10063,9781408866115,4
10063,9781613824009,3
10063,9789389178111,4
10063,9781405944465,4
10063,9780998203492,4
10063,9781528774888,5
10063,9781509852840,4
10063,9781611806885,5
10063,9789356291379,3
10063,9780078022098,3
10063,9780747591085,3
10063,9798652408466,2
10063,9780198089131,3
10063,9780241578605,2
10063,9780857360007,2
10063,9780399179006,2
10063,9780571235568,1
10063,9780231552110,3
10064,9780143443155,5
10064,9780353275195,5
10064,9789354923678,3
10064,9789380676371,5
10064,9788120725249,3
10064,9789351187301,5
10064,9781846046384,5
10064,9789354928284,4
10064,9789389647242,4
10064,9781953953247,4
10064,9780141986005,5
10064,9780143474296,4
10064,9789355219244,5
10064,9783956763182,5
10064,9789356993563,5
10064,9781471411533,4
10064,9781591845324,5
10064,9789386651600,5
10064,9789354928956,5
10064,9780385484510,5
10064,9789388369046,5
10064,9781401937539,4
10064,9789362053206,5
10064,9788190256209,3
10064,9789354926136,4
10064,9789354409660,5
10064,9780369348906,4
10064,9781881373070,5
10064,9788174368942,4
10064,9789353050337,3
10064,9789354928703,5
10064,9780241996324,4
10064,9789354894459,5
10064,9781846048395,5
10064,9789389243123,3
10064,9781849545433,5
10064,9789354926709,5
10064,9789351860839,5
10064,9781471411632,4
10064,9780718188863,5
10064,9780743200400,3
10064,9791041985326,5
10064,9781580628556,4
10064,9789354582233,3
10064,9789354927041,5
10064,9780871138002,3
10064,9781405944465,5
10064,9789392510366,5
10064,9789387779297,5
10064,9789356618060,2
10064,9788122300338,4
10064,9789365693102,3
10064,9780140455113,4
10064,9789389178111,4
10064,9780349122380,4
10064,9780671741907,2
10064,9789388810609,3
10064,9780998203492,3
10064,9789354405365,3
10064,9781101916988,2
10064,9788176561068,2
10064,9789327196504,1
10064,9781409181682,3
10064,9789355430601,3
10064,9789391028589,2
10064,9781982179014,3
10065,9789391149758,4
10065,9781631592966,5
10065,9789388689786,5
10065,9789395101028,5
10065,9789388070973,4
10065,9780571235568,4
10065,9781338325591,3
10065,9780486811246,5
10065,9789390678587,5
10065,9780857360007,5
10065,9781802805567,5
10065,9781457420641,4
10065,9780063087774,5
10065,9781495011351,4
10065,9780883960165,4
10065,9789395101752,5
10065,9781786013453,3
10065,9789392837258,5
10065,9781472290694,5
10065,9789354922251,3
10065,9789354895845,3
10065,9781848420496,5
10065,9798652464264,5
10065,9780385339032,5
10065,9781612438634,4
10065,9781668002841,2
10065,9781398717206,4
10065,9780141986395,4
10065,9781530728855,3
10065,9780525506263,4
10065,9781433832161,4
10065,9781508672197,2
10065,9780593582268,3
10065,9788178125046,1
10065,9781743433744,2
10065,9781250076977,1
10065,9781780896410,3
10066,9788177588989,5
10066,9781292023946,5
10066,9780133356038,5
10066,9781524748258,5
10066,9788185749754,5
10066,9780077496128,5
10066,9781118476734,4
10066,9788121924375,5
10066,9781292420080,5
10066,9780387310732,5
10066,9783950485417,5
10066,9781718502345,4
10066,9788131710265,3
10066,9789352838363,5
10066,9788131762189,5
10066,9780073380575,3
10066,9781119770763,5
10066,9788131721018,3
10066,9788121924962,5
10066,9780486434841,5
10066,9780321972101,5
10066,9789355014467,5
10066,9789391818715,5
10066,9781292026565,3
10066,9780198089131,4
10066,9781316632932,4
10066,9788121939096,4
10066,9781394251575,5
10066,9780470695197,4
10066,9781644295533,5
10066,9789363486317,4
10066,9789391724948,4
10066,9789324192660,4
10066,9789353063191,3
10066,9789354881008,4
10066,9789389480481,5
10066,9788177587654,4
10066,9789358897920,4
10066,9780593715833,3
10066,9789357312660,2
10066,9781492041917,4
10066,9780593238295,4
10066,9788178123684,3
10066,9781260467369,5
10066,9789313197133,4
10066,9789386845641,2
10066,9788173177941,3
10066,9781491950333,5
10066,9781403930897,5
10066,9781328662057,3
10066,9788174822413,3
10066,9781803144382,1
10066,9781338325591,3
10066,9789389432350,1
10066,9781471411533,2
10066,9789353056933,2
10066,9780671472122,2
10066,9789390166275,3
10066,9788190256209,1
10066,9781846048395,3
10066,9780231555074,3
10067,9781324095323,3
10067,9781501143106,5
10067,9781442408944,4
10067,9781387282258,5
10067,9781408865415,3
10067,9780486784755,4
10067,9781760788629,3
10067,9798675385850,5
10067,9789353451882,4
10067,9780349436982,5
10067,9789358568226,5
10067,9788193655603,3
10067,9781250343178,5
10067,9780375703768,3
10067,9781409181682,5
10067,9780525559733,4
10067,9781368051446,4
10067,9789391234263,4
10067,9781597020145,5
10067,9788183896771,4
10067,9781960507921,4
10067,9789389432350,3
10067,9788128400483,3
10067,9781250404855,3
10067,9781783085200,3
10067,9789389178111,2
10068,9789364555166,4
10068,9789357787888,4
10068,9789364551090,5
10068,9789356226623,5
10068,9789364558594,5
10068,9789364554435,5
10068,9789364559249,5
10068,9789357788496,5
10068,9789364550161,3
10068,9789364551854,5
10068,9789371268844,4
10068,9789364552424,5
10068,9789357781831,4
10068,9789356225985,5
10068,9789364550093,4
10068,9789364559584,4
10068,9789357785556,4
10068,9789364557948,5
10068,9789357785952,4
10068,9789375615668,5
10068,9789371268219,5
10068,9789371262255,5
10068,9789391028589,4
10068,9780062968722,4
10068,9789362258601,3
10068,9788126579907,4
10068,9781473575608,4
10068,9781393638063,5
10068,9780593715833,3
10068,9789688802052,4
10068,9780241427361,3
10068,9781250902450,2
10068,9780143333388,2
10068,9781668045572,2
10069,9781447261261,3
10069,9781473680371,5
10069,9781647825621,5
10069,9788119153442,3
10069,9781846140556,5
10069,9789353043551,5
10069,9781530830657,5
10069,9789356994782,5
10069,9781932429350,4
10069,9780061745171,4
10069,9781491903117,3
10069,9780753555637,4
10069,9788184007558,5
10069,9789390166275,5
10069,9780552167833,3
10069,9781804091043,5
10069,9780063356733,5
10069,9789354408380,3
10069,9780241983881,4
10069,9781443460712,5
10069,9781625274496,3
10069,9780975601464,3
10069,9780061899874,5
10069,9780557083206,3
10069,9780190078973,5
10069,9788119792597,5
10069,9780307887917,3
10069,9781529350104,3
10069,9780615978628,5
10069,9798556993747,5
10069,9780593467428,5
10069,9780385676519,4
10069,9781416502494,5
10069,9780486478999,5
10069,9780671472122,5
10069,9789356296572,5
10069,9789313168805,5
10069,9781444792478,4
10069,9781591842804,5
10069,9791222454405,5
10069,9788175994409,3
10069,9781510019430,4
10069,9789390378548,5
10069,9780241982280,5
10069,9780735200661,4
10069,9780670093946,5
10069,9788184006490,4
10069,9780071433341,5
10069,9781942788300,5
10069,9780345472328,5
10069,9780063497474,4
10069,9798998801228,3
10069,9781982172008,5
10069,9780609504239,5
10069,9789348098559,5
10069,9780231555074,5
10069,9789362141613,3
10069,9780231552110,5
10069,9781982137274,3
10069,9780801563669,4
10069,9781399804455,3
10069,9789356991491,4
10069,9780385468473,5
10069,9789390166268,5
10069,9781783085200,5
10069,9788121906548,5
10069,9781250404855,4
10069,9781668069530,4
10069,9781647390983,2
10069,9789353063191,4
10069,9789357084987,3
10069,9780593512296,2
10069,9781585095568,3
10069,9781492041108,5
10069,9789688802052,4
10069,9781250880949,4
10069,9783804639126,4
10069,9789394407015,4
10069,9789391028589,3
10069,9789356993327,4
10069,9789358560381,4
10069,9789354928758,2
10069,9789358569018,5
10069,9789351772071,4
10069,9789353451714,3
10069,9780593653661,5
10069,9789356995260,4
10069,9780071752114,5
10069,9789358569568,3
10069,9780063142381,4
10069,9781605203287,3
10069,9781423162797,2
10069,9781786898562,3
10069,9781409181620,3
10069,9781732626508,2
10069,9781542040464,3
10069,9780525505105,2
10069,9781802805567,2
10069,9789355209825,2
10069,9780008123208,2
10070,9780061899874,4
10070,9781250865045,5
10070,9781491903117,5
10070,9780385468473,5
10070,9781416502494,5
10070,9781932429350,5
10070,9781625274496,5
10070,9780231552110,5
10070,9780984358106,5
10070,9789390166268,5
10070,9781510019430,5
10070,9781443460712,5
10070,9789390378548,5
10070,9781625274502,4
10070,9788128400483,4
10070,9781846140556,4
10070,9780609504239,5
10070,9781399804455,5
10070,9780190078973,4
10070,9791222454405,5
10070,9798870369396,4
10070,9789389109849,5
10070,9780552167833,5
10070,9780486478999,4
10070,9781473535169,5
10070,9789362141613,5
10070,9798995567004,5
10070,9780975601464,5
10070,9780557083206,5
10070,9789393757029,4
10070,9780061745171,4
10070,9781585426591,4
10070,9789354408380,5
10070,9780241981344,3
10070,9781119523260,4
10070,9781482850888,5
10070,9788175994409,4
10070,9780753555637,4
10070,9780615978628,4
10070,9780063497474,5
10070,9789353043551,5
10070,9780345472328,3
10070,9780735200661,5
10070,9781473680371,4
10070,9780231555074,4
10070,9780241983881,4
10070,9780307887917,5
10070,9781982172008,4
10070,9781403930897,5
10070,9781668065969,3
10070,9789356993082,3
10070,9789356995833,5
10070,9789688802052,3
10070,9781492078005,4
10070,9780062968722,5
10070,9780143425656,4
10070,9781668069530,5
10070,9781524704551,4
10070,9780078022159,4
10070,9780199678112,3
10070,9789388241908,3
10070,9781548318468,4
10070,9781635576818,5
10070,9780205982578,2
10070,9781491950333,3
10070,9789391103231,5
10070,9781473228801,1
10070,9781444958171,3
10070,9780008156312,2
10070,9781949651638,2
10070,9789359585314,2
10070,9789351180555,1
10070,9789354923968,2
10070,9781472298409,3
10071,9789353451714,5
10071,9789356993327,4
10071,9789356997790,3
10071,9789358560381,5
10071,9781585095568,5
10071,9781668065969,5
10071,9781524704551,5
10071,9781647390983,4
10071,9789387944763,5
10071,9789354928758,5
10071,9781529902402,4
10071,9781548318468,4
10071,9781797221311,5
10071,9780593512296,5
10071,9789388241908,3
10071,9780857199096,5
10071,9789358569568,4
10071,9789351772071,5
10071,9789390166275,3
10071,9789382573036,3
10071,9788184007527,3
10071,9781473535169,3
10071,9780801563669,2
10071,9780671472122,4
10071,9798995567004,5
10071,9781960927101,3
10071,9781965322543,1
10071,9789390711956,2
10072,9789354928703,5
10072,9780718188863,4
10072,9789389647242,3
10072,9781501135910,5
10072,9780241996324,5
10072,9789351180555,4
10072,9789389243123,5
10072,9788190256209,5
10072,9789388369046,5
10072,9780143464617,5
10072,9789354894459,5
10072,9780143474296,4
10072,9789380676371,4
10072,9789391149291,5
10072,9781848317680,5
10072,9781471411533,3
10072,9789354923678,5
10072,9789354926136,3
10072,9781846046384,5
10072,9791041985326,5
10072,9780143423928,5
10072,9781471411465,3
10072,9789354928956,5
10072,9789386651600,5
10072,9781471411632,5
10072,9789358560572,3
10072,9788174368942,3
10072,9781881373070,3
10072,9789353769819,3
10072,9780670090303,5
10072,9780743200400,5
10072,9781591845324,5
10072,9789354928284,5
10072,9780385484510,4
10072,9780369348906,3
10072,9789354926709,5
10072,9781804090633,4
10072,9789351860839,3
10072,9781846048395,5
10072,9780143443155,5
10072,9783956763182,5
10072,9781849545433,5
10072,9788120725249,4
10072,9789353050337,5
10072,9780691148182,5
10072,9789392510366,2
10072,9780671741907,4
10072,9781925307443,4
10072,9788187107583,2
10072,9780140455113,5
10072,9781611806885,5
10072,9780670086399,3
10072,9781464234255,4
10072,9781580628556,3
10072,9780140449280,4
10072,9781089356400,5
10072,9780785850724,4
10072,9781433832161,5
10072,9781399809665,3
10072,9789388810609,4
10072,9789389178111,2
10072,9781449331443,1
10072,9780380718153,3
10072,9781432869496,1
10072,9789388144971,2
10072,9780143445258,2
10072,9789390166268,1
10072,9781447261261,2
10073,9780593512296,4
10073,9789083023847,4
10073,9780857199096,5
10073,9781548318468,4
10073,9789083023861,5
10073,9781585095568,3
10073,9789387944763,5
10073,9798986406510,4
10073,9781668069530,5
10073,9789351772071,5
10073,9789358560381,5
10073,9789354928758,4
10073,9788186775219,4
10073,9789358569018,3
10073,9798998891816,5
10073,9789356993327,4
10073,9781760630737,4
10073,9781524704551,5
10073,9789356997790,5
10073,9780981951249,5
10073,9781797221311,5
10073,9789390914227,5
10073,9789358569568,4
10073,9781529902402,5
10073,9781668065969,4
10073,9781588361738,3
10073,9781647390983,4
10073,9789353451714,4
10073,9789388241908,5
10073,9789357084987,3
10073,9781802804966,4
10073,9781250865045,4
10073,9781119523260,2
10073,9780241283912,4
10073,9780141908762,3
10073,9798998801228,4
10073,9781984856623,5
10073,9789355208842,3
10073,9780062359803,5
10073,9781804091043,3
10073,9788119153442,5
10073,9781847651402,3
10073,9789390166268,5
10073,9798896327271,4
10073,9781787830783,4
10073,9781942788300,4
10073,9780062748805,4
10073,9789356295384,4
10073,9780385676519,4
10073,9781368051446,2
10073,9781681958071,3
10073,9781401940652,2
10073,9783526528227,3
10073,9789391028589,1
10073,9788177588989,2
10073,9780751583694,3
10073,9788174368942,2
10073,9780133489903,1
10074,9789355014467,3
10074,9788121939096,5
10074,9788131762189,5
10074,9781118476734,4
10074,9781119770763,5
10074,9780321972101,4
10074,9780133356038,4
10074,9781292026565,4
10074,9788121924375,3
10074,9781394251575,5
10074,9788131710265,5
10074,9780077496128,4
10074,9781524748258,5
10074,9789352838363,5
10074,9781292420080,5
10074,9780387310732,5
10074,9788177588989,5
10074,9788121924962,5
10074,9780198089131,4
10074,9781644295533,4
10074,9789391818715,4
10074,9780073380575,4
10074,9788131721018,5
10074,9780486434841,5
10074,9781718502345,5
10074,9781316632932,4
10074,9781292023946,4
10074,9788185749754,5
10074,9780470695197,5
10074,9783950485417,3
10074,9789363486317,4
10074,9788192107547,3
10074,9788174822413,4
10074,9780071752114,5
10074,9780534422004,3
10074,9781644210697,3
10074,9780593238295,3
10074,9780984782857,4
10074,9789355558930,4
10074,9789386298225,3
10074,9780143456476,4
10074,9781492041108,4
10074,9789350123485,3
10074,9781250880949,4
10074,9780143446019,2
10074,9781803144382,2
10074,9789358569568,1
10074,9789387944763,2
10074,9798986406510,2
10074,9780857199096,1
10075,9781119770763,5
10075,9788131710265,3
10075,9788185749754,4
10075,9780198089131,4
10075,9788121924375,5
10075,9780486434841,5
10075,9781718502345,5
10075,9788131721018,5
10075,9781292023946,5
10075,9788121939096,5
10075,9789355014467,5
10075,9788177588989,5
10075,9781292420080,5
10075,9781292405513,4
10075,9789350127643,4
10075,9780078022098,5
10075,9789390239207,2
10075,9781449331443,5
10075,9781760630737,1
10075,9780718188863,3
10075,9780063497474,1
10076,9789354926716,5
10076,9781780896410,5
10076,9781681958071,5
10076,9780008474362,4
10076,9781472154644,4
10076,9789895648269,5
10076,9798643660491,4
10076,9788129144973,4
10076,9780062868954,3
10076,9789356291379,5
10076,9781542040464,5
10076,9789354921490,5
10076,9781925480535,3
10076,9789354929564,4
10076,9781501190117,4
10076,9781803144382,5
10076,9789395192224,5
10076,9781529022049,5
10076,9789357083003,4
10076,9789373034386,5
10076,9789357087797,5
10076,9789355430601,4
10076,9781473227996,4
10076,9781501143106,4
10076,9789380658797,5
10076,9781785766886,3
10076,9781623651442,4
10076,9780349437057,2
10076,9789362055026,4
10076,9780486114132,2
10076,9789356995260,1
10076,9788120725249,2
10076,9789380676371,1
10076,9780241765876,3
10077,9781472154644,4
10077,9788129144973,3
10077,9781627792127,5
10077,9780008474362,4
10077,9781780896410,4
10077,9781803144382,4
10077,9789354921490,3
10077,9789814954853,5
10077,9781501190117,5
10077,9781529022049,5
10077,9789356291379,5
10077,9780349132860,3
10077,9789354929564,5
10077,9789357083003,5
10077,9789354926716,5
10077,9780062868954,5
10077,9789895648269,5
10077,9781982179014,5
10077,9781542040464,5
10077,9789395192224,5
10077,9789355430601,3
10077,9798643660491,5
10077,9781681958071,5
10077,9781925480535,3
10077,9789373034386,4
10077,9789357087797,3
10077,9789353768966,3
10077,9789356999848,5
10077,9786020633916,4
10077,9780349437057,5
10077,9781760788629,4
10077,9780385535502,3
10077,9789362140258,4
10077,9781408826133,3
10077,9798675385850,3
10077,9789353451882,4
10077,9798317901462,3
10077,9789356995697,4
10077,9789358568226,5
10077,9780008123208,3
10077,9781473228801,4
10077,9789354406249,3
10077,9781780874005,4
10077,9781250343178,4
10077,9780375703768,3
10077,9789362055026,4
10077,9780593438374,4
10077,9781408865415,5
10077,9780349436982,3
10077,9780671461492,5
10077,9789380658797,3
10077,9789326191074,3
10077,9780593178751,2
10077,9789354925931,1
10077,9780984782857,3
10077,9781472290694,2
10077,9781644210697,1
10077,9781476744872,1
10077,9789351772071,2
10077,9789083023861,2
10078,9781580628556,5
10078,9780062250506,5
10078,9781408866115,5
10078,9781509852840,5
10078,9781399809665,5
10078,9780671741907,5
10078,9781607742456,4
10078,9781603293525,4
10078,9781925307443,5
10078,9781464234255,5
10078,9781089356400,4
10078,9781472298409,5
10078,9780743421041,3
10078,9789387779297,5
10078,9781433832161,4
10078,9780062031525,5
10078,9788122300260,4
10078,9788122300338,3
10078,9781643990026,3
10078,9780998203492,3
10078,9789388810609,5
10078,9789388810623,4
10078,9789365693102,5
10078,9781608685486,4
10078,9781419743191,5
10078,9780593500774,3
10078,9783836531542,2
10078,9780307957733,4
10078,9781472241467,4
10078,9781457431210,5
10078,9798894755557,3
10078,9781839647338,4
10078,9780198604181,2
10078,9781472290694,3
10078,9798652464264,4
10078,9780399179006,4
10078,9781426215889,3
10078,9781328662057,1
10078,9780557083206,2
10078,9789354402463,1
10078,9780609504239,2
10078,9789357082594,2
10079,9780671741907,5
10079,9789388810623,5
10079,9781580628556,5
10079,9789388810609,4
10079,9780062031525,3
10079,9781509852840,5
10079,9781089356400,5
10079,9780998203492,5
10079,9781925307443,5
10079,9781464234255,5
10079,9781408866115,4
10079,9781603293525,5
10079,9781433832161,4
10079,9781399809665,3
10079,9780062250506,3
10079,9780743421041,3
10079,9781607742456,4
10079,9789387779297,3
10079,9781643990026,5
10079,9781472298409,5
10079,9788122300260,5
10079,9789365693102,4
10079,9788122300338,3
10079,9786067892864,5
10079,9789356813632,4
10079,9780008276942,3
10079,9781444724585,2
10079,9789356811621,4
10079,9781636406886,2
10079,9789394168596,4
10079,9781781105528,4
10079,9781780936383,4
10079,9780393351385,4
10079,9789354929748,5
10079,9798652464264,3
10079,9781786013453,3
10079,9781457431210,3
10079,9781656470997,4
10079,9789354407086,2
10079,9781760985240,3
10079,9780143444626,3
10079,9780691148182,2
10079,9780593582268,3
10079,9789354926136,3
10079,9781501135910,1
10079,9781647004163,3
10080,9781473228801,5
10080,9781387282258,5
10080,9781680307672,5
10080,9789354407338,5
10080,9789358568226,5
10080,9789362140258,5
10080,9798675385850,3
10080,9781408865415,5
10080,9780349437057,4
10080,9781250902450,4
10080,9781471406454,5
10080,9789356995697,5
10080,9781542046152,5
10080,9781681445038,4
10080,9789357316354,5
10080,9780375703768,5
10080,9781785766886,5
10080,9780593438374,3
10080,9781408826133,5
10080,9780671461492,4
10080,9789389931891,5
10080,9782280600705,3
10080,9780751583694,5
10080,9781471407772,5
10080,9781760788629,3
10080,9789354406249,4
10080,9781780874005,5
10080,9781501143106,5
10080,9781250343178,4
10080,9781409181682,4
10080,9780385535502,5
10080,9788193655603,4
10080,9780486784755,4
10080,9789380658797,5
10080,9789353451882,4
10080,9781635577716,5
10080,9780525559733,3
10080,9781338801934,3
10080,9781796684834,4
10080,9780747573616,4
10080,9781613122488,5
10080,9781647004163,4
10080,9789354927713,3
10080,9781484758601,4
10080,9789354405174,4
10080,9780739350331,4
10080,9781960927101,3
10080,9781534451360,5
10080,9780141385259,4
10080,9789354402937,3
10080,9781101916988,4
10080,9780718188863,2
10080,9781786013453,2
10080,9780345472328,1
10080,9781783085200,3
10080,9780141908762,2
10080,9781447261261,3
10081,9789380676371,5
10081,9780743200400,4
10081,9781401937539,4
10081,9788174368942,4
10081,9789362053206,5
10081,9780369348906,4
10081,9789354928284,5
10081,9780143423928,3
10081,9780385484510,5
10081,9780141986005,5
10081,9789351180555,4
10081,9780143464617,4
10081,9781846048395,5
10081,9781881373070,3
10081,9789354926136,3
10081,9789353769819,4
10081,9789391149291,5
10081,9789386651600,4
10081,9788120725249,5
10081,9789354928703,5
10081,9789354928956,3
10081,9780143443155,3
10081,9789354923678,3
10081,9780718188863,5
10081,9781846046384,5
10081,9781849545433,5
10081,9780691148182,4
10081,9781643990026,4
10081,9780062250506,4
10081,9781405944465,4
10081,9780785850724,3
10081,9780691208015,3
10081,9788187107583,3
10081,9789389178111,5
10081,9781605203287,5
10081,9781464234255,3
10081,9780241379127,2
10081,9780525658146,2
10081,9780593512296,3
10081,9780545415606,3
10082,9788174822413,5
10082,9789313197133,5
10082,9789354881008,4
10082,9789362258601,5
10082,9789352036592,5
10082,9788178125046,5
10082,9789348203168,5
10082,9781264842292,5
10082,9789386845641,5
10082,9789390297306,4
10082,9789350127643,5
10082,9789390239207,5
10082,9789325798014,5
10082,9788131710265,4
10082,9781292026565,5
10082,9780073380575,4
10082,9789356993082,3
10082,9781473575608,3
10082,9781408834985,3
10082,9789083023861,2
10083,9781405944465,3
10083,9789389178111,5
10083,9780140455113,4
10083,9780691148182,3
10083,9780349122380,3
10083,9781605203287,5
10083,9780871138002,5
10083,9788184750348,5
10083,9780141914527,3
10083,9780670090433,3
10083,9789358568172,4
10083,9780143433163,4
10083,9789356618060,4
10083,9781613824009,4
10083,9780785850724,4
10083,9781528774888,4
10083,9780141910819,5
10083,9780691208015,5
10083,9780143029892,4
10083,9789354582233,5
10083,9780140449280,5
10083,9788187107583,4
10083,9789354927041,4
10083,9781611806885,3
10083,9780670086399,5
10083,9789392510366,4
10083,9781844670208,5
10083,9780671741907,2
10083,9780670090303,5
10083,9780143443155,3
10083,9789354926709,3
10083,9780998203492,4
10083,9789351180555,2
10083,9789362053206,3
10083,9788120725249,4
10083,9780143423928,5
10083,9781846046384,4
10083,9780385484510,4
10083,9781408866115,3
10083,9780353275195,2
10083,9791222454405,3
10083,9780874776942,2
10083,9789356296572,2
10083,9781484469064,3
10083,9781408378458,3
10083,9789083023861,3
10084,9788131762189,3
10084,9788121939096,3
10084,9788131710265,4
10084,9781718502345,5
10084,9781119770763,5
10084,9780486434841,5
10084,9789391818715,4
10084,9781394251575,4
10084,9780321972101,4
10084,9780387310732,5
10084,9788121924375,5
10084,9780133356038,4
10084,9781292023946,4
10084,9780198089131,3
10084,9781292420080,4
10084,9788185749754,4
10084,9789355014467,4
10084,9781524748258,4
10084,9781644295533,5
10084,9788177588989,3
10084,9783950485417,4
10084,9788131721018,5
10084,9780470695197,5
10084,9780077496128,5
10084,9781118476734,5
10084,9781316632932,5
10084,9789352838363,5
10084,9781492032618,4
10084,9789356993082,5
10084,9780199678112,3
10084,9789355641250,4
10084,9789355558930,4
10084,9780071775304,5
10084,9789350127643,4
10084,9789347231902,4
10084,9789386298195,3
10084,9780984782857,3
10084,9789358560381,3
10084,9781943330614,2
10084,9780747574477,3
10084,9789354922251,1
10084,9781548318468,1
10085,9788131762189,3
10085,9788131710265,5
10085,9781119770763,4
10085,9781292023946,4
10085,9788177588989,5
10085,9788121924375,5
10085,9781292026565,4
10085,9788121939096,4
10085,9780073380575,4
10085,9780321972101,4
10085,9781718502345,4
10085,9789352838363,4
10085,9789391818715,5
10085,9781524748258,5
10085,9780198089131,4
10085,9781644295533,3
10085,9780133356038,5
10085,9781316632932,5
10085,9781394251575,5
10085,9780387310732,5
10085,9780486434841,5
10085,9789390327539,4
10085,9789357312660,5
10085,9789389480511,3
10085,9780071775304,3
10085,9788174822413,2
10085,9781491952009,5
10085,9780349426129,4
10085,9789357080248,4
10085,9781443124911,3
10085,9780307830630,2
10085,9780747589945,1
10085,9781501135910,3
10086,9789357781831,5
10086,9789364555166,3
10086,9789364558594,5
10086,9789364554435,4
10086,9789371268844,3
10086,9789357788496,5
10086,9789364551090,5
10086,9789356226623,5
10086,9789364559249,5
10086,9789357787888,5
10086,9789364550161,5
10086,9789364551854,5
10086,9789364552424,3
10086,9789371268219,5
10086,9789364557948,5
10086,9789357785952,5
10086,9789356225985,5
10086,9789357785556,5
10086,9789364559584,3
10086,9789371262255,5
10086,9789364550093,5
10086,9789375615668,5
10086,9789325792708,5
10086,9789391103231,5
10086,9789389480511,4
10086,9789327198010,5
10086,9780134610993,4
10086,9781473575608,4
10086,9780534422004,4
10086,9781101970317,5
10086,9780593238295,2
10086,9781492078005,4
10086,9781492041108,3
10086,9781644210697,4
10086,9781935785132,4
10086,9789394407015,4
10086,9789350127643,4
10086,9781594205071,5
10086,9780007547999,4
10086,9789354881008,3
10086,9788190619509,3
10086,9780133522853,5
10086,9780521779135,4
10086,9780071775304,3
10086,9781250880949,3
10086,9789350123485,5
10086,9781264842292,3
10086,9780465093069,3
10086,9789388369794,2
10086,9780231555074,2
10086,9781447200611,1
10086,9780143443155,1
10086,9781932429350,1
10086,9781953884992,3
10086,9780593512296,1
10086,9789358560381,3
10086,9781401937539,3
10087,9780062820341,4
10087,9781780286136,5
10087,9789360876357,5
10087,9781423662617,5
10087,9781944515683,4
10087,9789063697174,5
10087,9798581186916,4
10087,9781476744872,4
10087,9789354923500,4
10087,9781668002841,5
10087,9789354927911,5
10087,9780593582268,3
10087,9781743791714,4
10087,9781956769005,4
10087,9781426215889,5
10087,9781530728855,5
10087,9780241552063,4
10087,9789354895579,5
10087,9781784745011,4
10087,9781785040443,5
10087,9781847651402,5
10087,9788196011802,5
10087,9781593306458,5
10087,9781761561023,5
10087,9780525506263,4
10087,9780718156848,5
10087,9781398717206,5
10087,9780241371862,3
10087,9781981390816,5
10087,9780143444626,5
10087,9780380718153,4
10087,9781419764394,3
10087,9780008564834,5
10087,9781984861641,5
10087,9781524744311,4
10087,9781529401325,5
10087,9781802804966,4
10087,9789356295384,3
10087,9780399579745,3
10087,9798652408466,5
10087,9780141908762,5
10087,9780525506287,3
10087,9789353056469,5
10087,9781839909979,5
10087,9781526645951,4
10087,9780752265629,5
10087,9798886500479,5
10087,9781949651638,3
10087,9781419766374,5
10087,9780465072996,5
10087,9789063695330,5
10087,9789357087223,4
10087,9781585429196,5
10087,9781405932677,5
10087,9780615978628,4
10087,9780385676519,3
10087,9788186775219,5
10087,9780063356733,3
10087,9789083023847,5
10087,9789356400320,3
10087,9781585426591,4
10087,9780981951249,5
10087,9798998891816,3
10087,9780552167833,5
10087,9789773772598,5
10087,9781647825621,4
10087,9781982172008,3
10087,9780307887917,5
10087,9780753550663,5
10087,9781804091043,5
10087,9789353043551,4
10087,9781760985240,4
10087,9798998801228,5
10087,9781625274502,5
10087,9789355201287,4
10087,9781681958071,1
10087,9781743433744,2
10087,9780141347752,1
10087,9780143448990,3
10087,9789895648269,1
10087,9780143456476,3
10087,9781524798666,1
10087,9781509852840,3
10087,9781440571541,2
10088,9789358569018,5
10088,9781760630737,4
10088,9789351772071,5
10088,9798998891816,5
10088,9789083023847,5
10088,9780593512296,3
10088,9781585095568,4
10088,9789358569568,5
10088,9789356997790,3
10088,9789354928758,5
10088,9789353451714,3
10088,9781647390983,5
10088,9780857199096,5
10088,9781668065969,5
10088,9789388241908,5
10088,9781524704551,5
10088,9781797221311,4
10088,9798986406510,4
10088,9789083023861,5
10088,9781548318468,5
10088,9781668069530,5
10088,9789357084987,5
10088,9789390914227,4
10088,9788186775219,5
10088,9789358560381,4
10088,9781588361738,5
10088,9780981951249,5
10088,9781529902402,5
10088,9789356993327,5
10088,9780593582268,4
10088,9780061745171,3
10088,9780241552063,4
10088,9780385468473,5
10088,9781473680371,3
10088,9789354408380,5
10088,9789353052058,3
10088,9788119792597,4
10088,9781783085200,4
10088,9780241283912,3
10088,9780984358106,3
10088,9781621291657,3
10088,9789380658797,3
10088,9780241801574,1
10088,9781368002073,3
10088,9789387779297,2
10089,9781510019430,5
10089,9788184951332,5
10089,9781491903117,4
10089,9780670069323,5
10089,9781625274502,5
10089,9789356400320,5
10089,9781932429350,5
10089,9780975601464,4
10089,9789360452964,5
10089,9788184007558,5
10089,9780345472328,5
10089,9780486478999,5
10089,9780615978628,4
10089,9789390924219,5
10089,9780061745171,4
10089,9781647825621,5
10089,9780609504239,5
10089,9780753550663,5
10089,9780801563669,5
10089,9789362141613,4
10089,9781399804455,5
10089,9781473535169,4
10089,9781443460712,5
10089,9780062359803,5
10089,9780241983881,5
10089,9781942788300,4
10089,9780241982280,5
10089,9788128400483,5
10089,9780190078973,5
10089,9780385468473,5
10089,9781447261261,3
10089,9781982172008,5
10089,9781416502494,4
10089,9781529350104,4
10089,9781400225415,5
10089,9789390378548,5
10089,9780241981344,4
10089,9786155643071,5
10089,9780307887917,5
10089,9780241982297,4
10089,9788119792597,4
10089,9781846140556,4
10089,9780691263632,4
10089,9789390327539,5
10089,9780133489903,4
10089,9789388241908,5
10089,9798998891816,3
10089,9788121906548,2
10089,9788177587654,4
10089,9781491952009,5
10089,9781594205071,4
10089,9780534422004,3
10089,9789387284944,4
10089,9789356994287,5
10089,9781250880949,2
10089,9780007547999,3
10089,9789083023847,5
10089,9780981951249,2
10089,9781449331443,4
10089,9781925480535,3
10089,9780008283308,2
10089,9781846046384,1
10089,9781457431210,2
10089,9781536462142,3
10089,9789355208842,1
10089,9789390678587,3
10089,9781409181620,2
10090,9789388810623,3
10090,9781472298409,5
10090,9789387779297,5
10090,9780062250506,4
10090,9781399809665,5
10090,9788122300338,5
10090,9781433832161,4
10090,9781580628556,4
10090,9781925307443,5
10090,9781607742456,3
10090,9780998203492,5
10090,9789388810609,5
10090,9780671741907,5
10090,9781509852840,4
10090,9781464234255,5
10090,9780062031525,5
10090,9781603293525,4
10090,9780743421041,5
10090,9781089356400,4
10090,9788122300260,4
10090,9789365693102,3
10090,9781408866115,4
10090,9781643990026,5
10090,9781087318844,5
10090,9780141035819,3
10090,9789354895845,3
10090,9781457431210,4
10090,9798652464264,4
10090,9781439107393,4
10090,9781616770969,2
10090,9781631592966,2
10090,9781781105528,2
10090,9789357086226,3
10090,9781780286136,1
10090,9789373034386,3
10090,9781668045572,1
10090,9781328662057,2
10091,9781292023946,5
10091,9788177588989,4
10091,9781292420080,4
10091,9781644295533,4
10091,9783950485417,5
10091,9788131721018,5
10091,9780321972101,5
10091,9781718502345,5
10091,9780387310732,4
10091,9780470695197,4
10091,9789355014467,3
10091,9781524748258,5
10091,9788131710265,5
10091,9789391818715,4
10091,9780073380575,5
10091,9780198089131,5
10091,9781118476734,5
10091,9788121924962,5
10091,9788121924375,4
10091,9788121939096,5
10091,9780077496128,4
10091,9780486434841,4
10091,9780133356038,5
10091,9788131762189,3
10091,9781292026565,5
10091,9789352838363,3
10091,9781394251575,5
10091,9781119770763,4
10091,9788185749754,5
10091,9781316632932,4
10091,9789363486317,4
10091,9789356995260,4
10091,9780521779135,2
10091,9781491950333,4
10091,9789688802052,5
10091,9798630240729,4
10091,9781492041108,4
10091,9781935785132,4
10091,9789357312660,4
10091,9783804639126,2
10091,9780073523408,3
10091,9781718502703,5
10091,9780984782857,5
10091,9788174822413,2
10091,9789389802559,3
10091,9780534422004,2
10091,9789352837328,4
10091,9789362258601,3
10091,9781101970317,3
10091,9780771010439,4
10091,9789347231902,4
10091,9781635576818,4
10091,9781087318844,2
10091,9780241400708,1
10091,9780141381497,1
10091,9781368051446,1
10091,9789353451714,1
10091,9789353052058,2
10091,9780385484510,3
10091,9789362053206,1
10091,9780525559733,2
10091,9781419766374,3
10092,9780008123208,4
10092,9789362055026,4
10092,9788026837169,5
10092,9781087318844,4
10092,9781785139949,4
10092,9780486114132,5
10092,9780307957733,5
10092,9781542046152,5
10092,9789389931891,3
10092,9780349436982,5
10092,9780486784755,4
10092,9789358560572,4
10092,9781760295608,2
10092,9781668065969,2
10093,9789356997790,5
10093,9781524704551,4
10093,9780593512296,3
10093,9789354928758,5
10093,9781760630737,5
10093,9789358569018,4
10093,9780857199096,4
10093,9789351772071,3
10093,9781588361738,5
10093,9781797221311,5
10093,9789388241908,5
10093,9781668069530,5
10093,9789390914227,5
10093,9798998891816,5
10093,9781585095568,5
10093,9789387944763,5
10093,9789357084987,3
10093,9789356993327,5
10093,9781668065969,5
10093,9789353451714,3
10093,9788186775219,4
10093,9781529902402,4
10093,9789083023861,4
10093,9781548318468,4
10093,9789358569568,3
10093,9780981951249,4
10093,9798986406510,3
10093,9789083023847,5
10093,9789358560381,5
10093,9781647390983,3
10093,9789313168805,4
10093,9780008564834,2
10093,9781530830657,5
10093,9780753555637,4
10093,9786155643071,2
10093,9781956769005,5
10093,9781839909979,2
10093,9789390166268,2
10093,9780143452485,3
10093,9781982137274,4
10093,9781585426591,4
10093,9780345472328,3
10093,9781787830783,3
10093,9780385676519,4
10093,9781612680569,2
10093,9789359585314,2
10093,9781449331443,1
10093,9789354403514,3
10093,9789354894459,3
10093,9781528774888,2
10093,9789364554435,3
10093,9781444935189,1
10094,9789389480474,4
10094,9789327198010,4
10094,9789355558930,3
10094,9789359587615,5
10094,9789389480481,5
10094,9789325792708,4
10094,9789350121276,5
10094,9789386298836,5
10094,9788173158759,3
10094,9789390239207,5
10094,9789388642101,3
10094,9789386845641,5
10094,9789368900924,4
10094,9789359981185,4
10094,9781621291657,4
10094,9780199678112,2
10094,9781492041108,5
10094,9789356995536,3
10094,9781449331443,3
10094,9781944515683,3
10094,9789354404764,1
10094,9780063087774,2
10095,9781324095323,5
10095,9781408865415,5
10095,9798675385850,5
10095,9781542046152,5
10095,9780349436982,5
10095,9789362145369,5
10095,9781785766886,4
10095,9780671461492,4
10095,9781471406454,5
10095,9781408826133,5
10095,9782280600705,5
10095,9789389931891,3
10095,9789354402173,4
10095,9780349437057,4
10095,9781473227996,3
10095,9781916277182,5
10095,9789362140258,3
10095,9781250902450,5
10095,9789380658797,5
10095,9781442408944,4
10095,9789354406249,5
10095,9781681445038,4
10095,9781623651442,5
10095,9789356995697,4
10095,9788193655603,5
10095,9781387282258,5
10095,9789354407338,3
10095,9789353451882,3
10095,9781409181682,3
10095,9780593438374,4
10095,9780375703768,4
10095,9780486784755,4
10095,9798317901462,5
10095,9781780874005,5
10095,9780385535502,5
10095,9781760788629,3
10095,9781250343178,5
10095,9789358568226,3
10095,9781473228801,5
10095,9781250855145,4
10095,9781680307672,5
10095,9781471407772,5
10095,9788187107460,2
10095,9789354404603,4
10095,9780747589945,4
10095,9789354406539,5
10095,9781423162797,5
10095,9781965347935,5
10095,9789389178463,4
10095,9781444924848,4
10095,9780062250933,4
10095,9789387779761,5
10095,9789354401121,3
10095,9789390183005,3
10095,9789388369794,5
10095,9789354404436,4
10095,9789390183562,5
10095,9789354403934,3
10095,9780593715833,2
10095,9781668069530,1
10095,9780198723097,3
10095,9780349426129,2
10095,9789394168510,3
10095,9781848317680,3
10095,9780857199539,2
10095,9781846048395,3
10096,9788026837169,5
10096,9780307957733,5
10096,9780486114132,3
10096,9781087318844,5
10096,9781785139949,5
10096,9780008123208,3
10096,9789362055026,3
10096,9789358560572,5
10096,9781780874005,3
10096,9781408865415,3
10096,9783689951016,3
10096,9781471406454,4
10096,9780143464617,2
10096,9781635577716,5
10096,9781473228801,5
10096,9788120725249,4
10096,9789353769819,4
10096,9780718188863,2
10096,9780369348906,4
10096,9781916277182,5
10096,9788190256209,4
10096,9781509866113,2
10096,9788176561068,1
10096,9789353063191,2
10096,9780525505105,2
10096,9781501187636,2
10096,9781796684834,1
10096,9780241427361,2
10097,9780140127225,5
10097,9789392837258,4
10097,9781419743191,4
10097,9780525658146,5
10097,9781804182529,3
10097,9789395101011,5
10097,9789395101028,3
10097,9780062905154,3
10097,9781501187636,5
10097,9781616770969,5
10097,9798652464264,5
10097,9781401229894,5
10097,9789351035497,3
10097,9789356813632,4
10097,9789356291713,5
10097,9780786860708,4
10097,9780571235568,3
10097,9781989120989,4
10097,9789353052058,3
10097,9781398717206,3
10097,9781509852840,4
10097,9781786898562,4
10097,9781802804966,3
10097,9788187107583,2
10097,9781471411533,2
10097,9780349437057,2
10097,9781432869496,1
10098,9781477303733,4
10098,9780060391683,4
10098,9786067892864,5
10098,9780992550714,5
10098,9781035031580,5
10098,9780141906270,5
10098,9780008276973,5
10098,9781524798666,5
10098,9781781105528,5
10098,9780593500774,4
10098,9789388070973,4
10098,9781839647338,5
10098,9788194525974,5
10098,9789355209825,5
10098,9780593449240,5
10098,9789395101677,5
10098,9789391149758,3
10098,9781616770969,4
10098,9781457420641,3
10098,9781938938160,4
10098,9789895648962,3
10098,9781472261281,4
10098,9783836531542,3
10098,9781338325591,5
10098,9780393351385,5
10098,9781409181620,4
10098,9781408824856,3
10098,9780141036731,5
10098,9789356812116,5
10098,9789391800475,5
10098,9798652464264,4
10098,9781460710876,5
10098,9789354895845,4
10098,9781506721705,3
10098,9780747548409,3
10098,9789356810822,5
10098,9781472241467,5
10098,9780143433002,5
10098,9781472297068,5
10098,9781447439332,5
10098,9788194898832,4
10098,9780140127225,5
10098,9780399179006,3
10098,9780063087774,3
10098,9781615931712,5
10098,9781656470997,3
10098,9781529413113,4
10098,9789356811058,5
10098,9780857360007,5
10098,9789390678587,5
10098,9789053496794,5
10098,9781647291495,4
10098,9781510054585,5
10098,9781501187636,4
10098,9781472290694,5
10098,9781910695050,5
10098,9781780936383,4
10098,9781804182529,4
10098,9780465093069,5
10098,9781668002841,5
10098,9798552053032,3
10098,9781520975672,4
10098,9781949651638,5
10098,9781805222088,4
10098,9780752265629,4
10098,9781780286136,5
10098,9798652408466,4
10098,9781585429196,3
10098,9780008564834,3
10098,9781419766374,5
10098,9781603293525,3
10098,9780671741907,4
10098,9789354923500,2
10098,9789387779297,5
10098,9781944515683,4
10098,9789355208842,4
10098,9781398717206,5
10098,9781593306458,3
10098,9781784745011,4
10098,9780486272986,5
10098,9789388810623,4
10098,9780525506287,4
10098,9780008474362,3
10098,9780007423194,1
10098,9780241535141,1
10098,9781925480535,3
10098,9780871138002,2
10098,9781804091043,3
10098,9780557083206,1
10098,9780718188863,1
10098,9798893312010,3
10098,9788120725249,1
10099,9789354402173,4
10099,9789356995697,4
10099,9780751583694,5
10099,9781250343178,4
10099,9781473227996,4
10099,9780349437057,5
10099,9781635577716,5
10099,9781442408944,5
10099,9789380658797,4
10099,9782280600705,3
10099,9781680307672,4
10099,9780671461492,5
10099,9781408865415,5
10099,9788193655603,5
10099,9789356294561,5
10099,9780385535502,5
10099,9798317901462,5
10099,9781250902450,5
10099,9781916277182,3
10099,9780008256944,4
10099,9789354404191,4
10099,9788171672882,5
10099,9781509808328,2
10099,9789388144971,3
10099,9789354403668,3
10099,9780545030106,4
10099,9791222454405,2
10099,9781423662617,2
10099,9781585095568,3
10099,9781524798666,2
10100,9780691148182,4
10100,9780143029892,4
10100,9788187107583,5
10100,9781605203287,5
10100,9789356618060,5
10100,9780691208015,5
10100,9780871138002,4
10100,9780141914527,3
10100,9780349122380,3
10100,9789354582233,4
10100,9780140455113,4
10100,9780140449280,5
10100,9789389178111,4
10100,9780785850724,5
10100,9781613824009,5
10100,9789354927041,4
10100,9780670086399,5
10100,9788184750348,5
10100,9781844670208,4
10100,9789392510366,5
10100,9781405944465,5
10100,9781611806885,5
10100,9780141910819,5
10100,9789358568172,5
10100,9781528774888,4
10100,9780670090433,5
10100,9780143433163,4
10100,9781501135910,5
10100,9781848317680,4
10100,9781846048395,3
10100,9781471411632,3
10100,9789391149291,4
10100,9780062250506,2
10100,9789380676371,5
10100,9780353275195,4
10100,9788120725249,3
10100,9789389243123,5
10100,9780718188863,5
10100,9789354928703,5
10100,9781953953247,4
10100,9789353050337,4
10100,9789388810623,5
10100,9780671741907,4
10100,9780998203492,4
10100,9780670090303,5
10100,9789351860839,4
10100,9781881373070,4
10100,9780008276942,1
10100,9788194525905,2
10100,9781368098281,1
10100,9781743791714,3
10100,9780008474362,3
10100,9781542040464,2
10100,9780771010439,1
10100,9780984358106,2
10100,9798998891816,1
10101,9789357781831,4
10101,9789364550161,4
10101,9789357788496,5
10101,9789364554435,5
10101,9789357787888,5
10101,9789371268844,4
10101,9789364552424,5
10101,9789364559249,4
10101,9789364551090,5
10101,9789364551854,4
10101,9789364557948,5
10101,9789364555166,5
10101,9789364558594,4
10101,9789371268219,5
10101,9789357785952,3
10101,9789356226623,4
10101,9789364550093,5
10101,9789375615668,4
10101,9789391028589,3
10101,9781803093543,4
10101,9789362143495,2
10101,9788176561068,5
10101,9789356995260,5
10101,9781260723106,4
10101,9789356994669,4
10101,9781625274502,2
10101,9789391149758,3
10101,9780143474296,2
10102,9788122300260,5
10102,9789365693102,4
10102,9781509852840,4
10102,9789388810609,5
10102,9781925307443,3
10102,9781408866115,5
10102,9780062250506,5
10102,9780671741907,5
10102,9780062031525,5
10102,9780998203492,5
10102,9789388810623,3
10102,9781472298409,5
10102,9781399809665,5
10102,9781580628556,4
10102,9781433832161,4
10102,9789387779297,4
10102,9781603293525,5
10102,9788122300338,4
10102,9780743421041,5
10102,9781464234255,5
10102,9781089356400,5
10102,9781607742456,5
10102,9781643990026,5
10102,9789356813632,3
10102,9781472297068,5
10102,9781506721705,3
10102,9780141906270,5
10102,9789356812116,5
10102,9780874776942,4
10102,9781477303733,2
10102,9786067892864,3
10102,9789362055026,2
10102,9781938938160,3
10102,9789395101028,3
10102,9780525658146,4
10102,9781647291495,4
10102,9788026837169,5
10102,9781780936383,4
10102,9781781105528,4
10102,9789390678587,4
10102,9789394168244,4
10102,9780786860708,5
10102,9781802805567,4
10102,9789391149758,5
10102,9789395101011,2
10102,9789358560381,3
10102,9789354928284,3
10102,9789354405167,1
10102,9780063497474,2
10102,9781743433744,3
10102,9780751583694,3
10102,9780593582268,3
10102,9789391818715,3
10102,9781594205071,3
10103,9781399809665,4
10103,9789388810609,5
10103,9780743421041,5
10103,9789365693102,4
10103,9781472298409,5
10103,9781408866115,4
10103,9780062250506,5
10103,9781089356400,4
10103,9781433832161,5
10103,9788122300260,5
10103,9781925307443,5
10103,9781580628556,5
10103,9780062031525,5
10103,9781509852840,4
10103,9781643990026,4
10103,9781607742456,4
10103,9780671741907,4
10103,9789388810623,5
10103,9781603293525,5
10103,9789387779297,5
10103,9781464234255,4
10103,9780998203492,5
10103,9788122300338,5
10103,9789354895845,4
10103,9781477303733,2
10103,9780143433002,4
10103,9780143445258,3
10103,9781785139949,3
10103,9780307830630,4
10103,9781780936383,3
10103,9780747548409,3
10103,9781035031580,5
10103,9781501135910,3
10103,9789325797567,3
10103,9781550924794,2
10103,9781881373070,1
10104,9780486478999,5
10104,9789355201287,5
10104,9780552167833,4
10104,9780231555074,5
10104,9780231552110,3
10104,9788175994409,3
10104,9780307887917,5
10104,9789354408380,5
10104,9780061745171,5
10104,9781932429350,3
10104,9781625274496,4
10104,9781942788300,5
10104,9781444792478,5
10104,9780385468473,5
10104,9798556993747,3
10104,9780670069323,5
10104,9780063497474,5
10104,9781982172008,3
10104,9781804091043,3
10104,9781846140556,3
10104,9780753555637,5
10104,9781530830657,4
10104,9781612680569,4
10104,9781473680371,5
10104,9798998801228,4
10104,9781591842804,5
10104,9789393757029,5
10104,9789356296572,3
10104,9780975601464,5
10104,9780241982280,3
10104,9789390166275,5
10104,9788119792597,5
10104,9780615978628,4
10104,9781400225415,4
10104,9789389109849,5
10104,9781529350104,3
10104,9781585426591,5
10104,9780241982297,3
10104,9780557083206,5
10104,9780670093946,3
10104,9781473535169,5
10104,9780071433341,4
10104,9781509866113,4
10104,9781443460712,5
10104,9781982137274,3
10104,9788184951332,5
10104,9780801563669,5
10104,9789360452964,4
10104,9781416502494,5
10104,9789773772598,5
10104,9780241981344,5
10104,9789355217103,4
10104,9781635576818,5
10104,9781292405513,4
10104,9780981951249,3
10104,9780593238295,3
10104,9780593593967,2
10104,9781524704551,3
10104,9789688802052,3
10104,9780521779135,4
10104,9789387918573,5
10104,9781492032618,3
10104,9780349426129,2
10104,9780857199096,3
10104,9781957999043,5
10104,9780262046305,4
10104,9781621291657,4
10104,9789351772071,3
10104,9780062968722,3
10104,9781328662057,4
10104,9788177228366,5
10104,9789354928758,2
10104,9789387779723,2
10104,9780062031525,3
10104,9789388144056,3
10104,9781087318844,1
10104,9789380658797,1
10104,9789364552424,2
10104,9781419766374,3
10104,9788129144973,3
10105,9780133356038,5
10105,9788121924375,4
10105,9788177588989,5
10105,9788131710265,5
10105,9789355014467,5
10105,9781718502345,5
10105,9780321972101,5
10105,9780077496128,5
10105,9781119770763,4
10105,9780470695197,5
10105,9788121939096,4
10105,9781292023946,4
10105,9781118476734,3
10105,9788121924962,3
10105,9789352838363,3
10105,9781644295533,4
10105,9780387310732,5
10105,9780198089131,4
10105,9780486434841,3
10105,9780073380575,5
10105,9781316632932,5
10105,9788131762189,5
10105,9781394251575,4
10105,9789391818715,5
10105,9781524748258,4
10105,9788185749754,4
10105,9788175994140,2
10105,9781594205071,4
10105,9789355641250,3
10105,9788121906548,4
10105,9789356993082,4
10105,9789389480481,4
10105,9781328662057,4
10105,9780007547999,4
10105,9789387284944,4
10105,9781492078005,4
10105,9780615978628,2
10105,9781631980138,3
10105,9788129141996,3
10105,9798893310962,2
10105,9780785850724,3
10106,9781944515683,5
10106,9781786898562,5
10106,9781949651638,4
10106,9781471729034,4
10106,9780525506287,4
10106,9798886500479,5
10106,9780525505105,4
10106,9780857199539,4
10106,9780008564834,3
10106,9789390260041,4
10106,9789353056469,4
10106,9780465072996,5
10106,9781984861641,4
10106,9780008305550,3
10106,9798848621181,5
10106,9789357087223,5
10106,9780241552063,5
10106,9781612438634,4
10106,9780399579721,5
10106,9780143444626,5
10106,9798894410067,3
10106,9781780286136,4
10106,9780241371862,5
10106,9789354927911,5
10106,9781508672197,5
10106,9781526645951,5
10106,9780486272986,5
10106,9789356994744,5
10106,9780399579745,4
10106,9781784745011,4
10106,9781476744872,5
10106,9781956769005,5
10106,9781405932677,4
10106,9788179251287,5
10106,9780141908762,5
10106,9788196011802,4
10106,9789355208842,4
10106,9780062820341,5
10106,9780241283912,4
10106,9781593306458,4
10106,9781668045572,3
10106,9789354895579,5
10106,9780380718153,4
10106,9780062748805,5
10106,9789354923968,4
10106,9780593582268,4
10106,9781844775316,5
10106,9789360876357,4
10106,9781981390816,5
10106,9781520975672,5
10106,9789063697174,5
10106,9789354923500,4
10106,9781585429196,5
10106,9781785040443,4
10106,9780752265629,4
10106,9780143452485,4
10106,9781846140556,5
10106,9780552167833,4
10106,9789390924219,5
10106,9781250865045,3
10106,9781444792478,3
10106,9781647390983,4
10106,9781942788300,3
10106,9780062359803,5
10106,9781612680569,4
10106,9781804091043,4
10106,9781932429350,2
10106,9789362141613,3
10106,9781588361738,3
10106,9780231555074,2
10106,9789390378548,4
10106,9780984358106,2
10106,9781668065969,4
10106,9789351772071,3
10106,9798893312010,3
10106,9789355217103,5
10106,9781529902402,4
10106,9780375703768,3
10106,9781771672504,1
10106,9781473575608,3
10106,9789364559249,2
10106,9798295206443,1
10106,9788174822413,3
10106,9780143464617,2
10106,9789350121665,2
10106,9788190256209,3
10106,9789387779297,1
10107,9789364551090,4
10107,9789356226623,5
10107,9789364554435,5
10107,9789371268844,4
10107,9789357787888,4
10107,9789364559249,4
10107,9789364559584,5
10107,9789364555166,4
10107,9789371262255,5
10107,9789357788496,4
10107,9789364550161,4
10107,9789364552424,4
10107,9789357781831,3
10107,9789364558594,3
10107,9789364551854,3
10107,9789357785952,3
10107,9789357785556,4
10107,9789364557948,3
10107,9789356225985,3
10107,9789371268219,4
10107,9789364550093,5
10107,9789375615668,5
10107,9789362143495,3
10107,9780593238295,4
10107,9781737475712,3
10107,9789368900924,4
10107,9789390297306,4
10107,9780771010439,3
10107,9780143425656,2
10107,9780007547999,5
10107,9781101970317,3
10107,9780593715833,3
10107,9798630240729,4
10107,9789350121276,4
10107,9789354881008,5
10107,9789352837328,5
10107,9780071775304,4
10107,9789355558930,5
10107,9781491952009,5
10107,9781644210697,3
10107,9780063142381,4
10107,9780078022098,4
10107,9789390239207,5
10107,9780262046305,3
10107,9789356344846,3
10107,9789387284944,4
10107,9781368098281,1
10107,9781473680371,1
10107,9781960507921,2
10107,9781625274502,2
10107,9781804090633,3
10107,9780349436982,3
10107,9781668002841,3
10107,9781881373070,3
10107,9780385484510,3
10107,9789390652457,1
10108,9783956763182,5
10108,9781401937539,5
10108,9789351187301,5
10108,9780241996324,5
10108,9789388369046,5
10108,9789391149291,5
10108,9789354409660,5
10108,9789353456443,4
10108,9788174368942,4
10108,9781846046384,5
10108,9788190256209,4
10108,9781849545433,3
10108,9781471411632,3
10108,9789351180555,5
10108,9780385484510,4
10108,9789380676371,5
10108,9789362053206,5
10108,9780141986005,5
10108,9780143474296,5
10108,9789358560572,5
10108,9781848317680,4
10108,9789356993563,4
10108,9781846048395,5
10108,9789353050337,5
10108,9781471411465,5
10108,9780143423928,5
10108,9789354928703,3
10108,9789386651600,4
10108,9781881373070,3
10108,9780143443155,4
10108,9789354582233,4
10108,9781605203287,4
10108,9780671741907,4
10108,9781509852840,4
10108,9788184750348,3
10108,9781528774888,4
10108,9780141910819,4
10108,9788187107583,3
10108,9781433832161,3
10108,9780670086399,4
10108,9780871138002,3
10108,9789352769261,3
10108,9781419766374,2
10108,9781443460712,3
10108,9781408349045,3
10108,9781250343178,2
10108,9789356993327,3
10109,9788026837169,5
10109,9781785139949,4
10109,9789362055026,4
10109,9780008123208,5
10109,9780307957733,3
10109,9781087318844,3
10109,9780486114132,5
10109,9781401937539,4
10109,9781680307672,3
10109,9780353275195,3
10109,9789388369046,4
10109,9781471411533,4
10109,9789362053206,4
10109,9780349436982,5
10109,9781635577716,4
10109,9789354928703,3
10109,9781804090633,3
10109,9780385535502,3
10109,9780486784755,4
10109,9791041985326,3
10109,9789391149291,5
10109,9780593438374,4
10109,9781442408944,3
10109,9781408826133,4
10109,9780143423928,4
10109,9780349437057,4
10109,9789362140258,2
10109,9781916277182,4
10109,9788193655603,3
10109,9780981951249,1
10109,9798855015096,2
10109,9780141982410,2
10109,9780553151749,3
10109,9788128400483,3
10109,9780262046305,2
10109,9788196011802,1
10109,9780241371862,2
10109,9780743421041,1
10109,9781439107393,3
10110,9781580628556,5
10110,9781399809665,5
10110,9781433832161,4
10110,9789388810609,5
10110,9781925307443,5
10110,9781089356400,3
10110,9780743421041,5
10110,9781509852840,4
10110,9780671741907,3
10110,9789365693102,3
10110,9781464234255,3
10110,9781643990026,5
10110,9789387779297,3
10110,9781607742456,4
10110,9789388810623,4
10110,9781408866115,5
10110,9780062250506,3
10110,9781603293525,4
10110,9781472298409,4
10110,9780998203492,5
10110,9780062031525,5
10110,9788122300338,3
10110,9788122300260,5
10110,9781447439332,4
10110,9780993203008,3
10110,9781802805567,5
10110,9781440571541,4
10110,9789895648962,4
10110,9781616770969,4
10110,9789390678587,4
10110,9780140127225,5
10110,9781419743191,5
10110,9781409181620,4
10110,9786067892864,2
10110,9781623651442,2
10110,9789352661190,3
10110,9780375968488,3
10110,9789358560381,1
10110,9780752265629,1
10111,9780670086399,4
10111,9789356618060,5
10111,9780691208015,5
10111,9780140449280,4
10111,9789354927041,4
10111,9781405944465,4
10111,9781605203287,4
10111,9789358568172,5
10111,9780143029892,5
10111,9780143433163,3
10111,9780670090433,5
10111,9789392510366,4
10111,9780141910819,3
10111,9780871138002,3
10111,9781611806885,4
10111,9781528774888,5
10111,9781844670208,3
10111,9780785850724,4
10111,9781613824009,5
10111,9789354582233,4
10111,9788187107583,5
10111,9789389178111,3
10111,9780140455113,5
10111,9780349122380,4
10111,9780691148182,4
10111,9780141914527,4
10111,9788184750348,4
10111,9781471411632,3
10111,9789353050337,4
10111,9780671741907,5
10111,9780743421041,3
10111,9780143464617,4
10111,9789356993563,5
10111,9789354926709,5
10111,9781464234255,5
10111,9788174368942,3
10111,9789362053206,3
10111,9781501135910,5
10111,9788120725249,3
10111,9789358560572,4
10111,9781846048395,3
10111,9781447261261,2
10111,9780349436982,2
10111,9780143446019,3
10111,9781737475712,3
10111,9781398717206,1
10111,9789386298195,3
10111,9781733989633,1
10112,9781471411632,5
10112,9781953953247,4
10112,9780369348906,3
10112,9798893310962,3
10112,9789354926136,3
10112,9789391149291,5
10112,9783956763182,5
10112,9781846046384,5
10112,9789354894459,5
10112,9781848317680,3
10112,9781401937539,5
10112,9789354926709,4
10112,9789389243123,4
10112,9789355219244,4
10112,9780143464617,5
10112,9780385484510,5
10112,9781846048395,5
10112,9780143423928,5
10112,9789354928703,3
10112,9781591845324,4
10112,9780141986005,5
10112,9780353275195,3
10112,9789380676371,5
10112,9781881373070,4
10112,9781471411533,5
10112,9789390652457,4
10112,9780743200400,5
10112,9789353050337,5
10112,9781501135910,5
10112,9781804090633,5
10112,9789351860839,4
10112,9791041985326,5
10112,9789354928956,4
10112,9780143443155,4
10112,9789362053206,4
10112,9781471411465,4
10112,9789351180555,5
10112,9781849545433,4
10112,9789351187301,3
10112,9788190256209,4
10112,9789354409660,4
10112,9780241996324,4
10112,9780718188863,5
10112,9788187107583,3
10112,9780143433163,2
10112,9781613824009,5
10112,9789354582233,3
10112,9789354927041,5
10112,9780062031525,4
10112,9780671741907,3
10112,9780143029892,3
10112,9789358568172,3
10112,9780743421041,2
10112,9781580628556,4
10112,9781089356400,3
10112,9780062250506,4
10112,9789356618060,4
10112,9781509852840,4
10112,9781472298409,3
10112,9781943330737,2
10112,9780198089131,1
10112,9781680307672,2
10112,9781368051446,3
10112,9781623651442,2
10112,9789389109849,2
10112,9781780286136,2
10112,9789390166275,1
10113,9789352036592,5
10113,9798630240729,5
10113,9788178123684,5
10113,9788173158759,5
10113,9789325797567,5
10113,9789350123485,5
10113,9789327196504,5
10113,9789359981185,3
10113,9789388642101,5
10113,9789390711956,3
10113,9788173177941,3
10113,9789389480481,5
10113,9789358897920,5
10113,9789355216403,4
10113,9789355641250,4
10113,9789348203168,5
10113,9789325798014,5
10113,9789350121665,5
10113,9789368900924,5
10113,9789324192660,5
10113,9780071775304,5
10113,9781393638063,4
10113,9789362258601,3
10113,9789390297306,4
10113,9789350127353,3
10113,9781264842292,4
10113,9789387604209,4
10113,9789325792708,5
10113,9789327198010,5
10113,9788178125046,4
10113,9789386298225,3
10113,9789389480511,5
10113,9788194742616,5
10113,9789387604513,4
10113,9788174822413,5
10113,9789390239207,5
10113,9789386298195,4
10113,9781260467369,5
10113,9788178125367,4
10113,9789350127643,3
10113,9789356344846,5
10113,9789368402695,5
10113,9789350125175,5
10113,9789325794917,5
10113,9789313197133,4
10113,9789355558930,5
10113,9789386845641,5
10113,9789350121276,5
10113,9789359585314,5
10113,9789359584362,5
10113,9789389480474,4
10113,9789359587615,5
10113,9789354881008,5
10113,9789350128121,5
10113,9789386298836,3
10113,9781492078005,5
10113,9780198089131,3
10113,9781718502703,4
10113,9781492032618,3
10113,9789353063191,5
10113,9788121906548,2
10113,9788131721018,4
10113,9780071752114,3
10113,9789357082594,5
10113,9788177588989,3
10113,9789347231902,3
10113,9781250880949,4
10113,9781491952009,4
10113,9780205982578,3
10113,9781847651310,5
10113,9781260723106,3
10113,9781644210697,5
10113,9780486434841,5
10113,9781737475712,3
10113,9789357088978,5
10113,9781594205071,2
10113,9789355208842,1
10113,9780140127225,2
10113,9789350106013,1
10113,9780670090303,1
10113,9781938938160,3
10113,9782280600705,1
10113,9780008724764,3
10113,9781631592966,2
10113,9781442408944,2
10113,9781625274496,2
10114,9789350123485,5
10114,9789386298195,5
10114,9789325798014,5
10114,9789359585314,4
10114,9789350121665,3
10114,9788173177941,4
10114,9789388642101,5
10114,9789387604513,5
10114,9788174822413,5
10114,9789359981185,5
10114,9789389480474,5
10114,9789358897920,4
10114,9789355558930,5
10114,9789350127643,5
10114,9789352036592,3
10114,9789324192660,5
10114,9788178125046,3
10114,9788178125367,3
10114,9780071775304,5
10114,9788178123684,5
10114,9789368900924,4
10114,9789390711956,5
10114,9781737475712,4
10114,9780143456476,3
10114,9781718502703,4
10114,9789389802559,5
10114,9789362143495,3
10114,9780198089131,3
10114,9789394407015,5
10114,9781935785132,4
10114,9789390183555,3
10114,9781784745011,3
10114,9780486272986,1
10114,9789373034386,2
10114,9781548318468,2
10115,9781938938160,5
10115,9780060391683,5
10115,9780993203008,5
10115,9781477303733,4
10115,9781457431210,5
10115,9781510054585,5
10115,9781733989633,4
10115,9789394168510,5
10115,9780141906270,5
10115,9781615931712,5
10115,9789354922251,5
10115,9780241400708,5
10115,9780671604295,3
10115,9780143445258,5
10115,9789351035497,5
10115,9781781105528,5
10115,9780393351385,5
10115,9781636406886,4
10115,9789391800475,5
10115,9780857360007,5
10115,9789356810822,5
10115,9780525658146,4
10115,9780140127225,5
10115,9780008276942,5
10115,9780307830630,4
10115,9781524798666,5
10115,9781839647338,4
10115,9788194898832,4
10115,9789354895845,5
10115,9789391149758,5
10115,9781544687476,3
10115,9781408866115,3
10115,9780525506287,2
10115,9780141908762,5
10115,9780062748805,4
10115,9781585429196,2
10115,9781580628556,4
10115,9788196011802,2
10115,9781603293525,5
10115,9789353056469,2
10115,9781089356400,4
10115,9781913682118,5
10115,9780743421041,3
10115,9781338554274,3
10115,9780071433341,3
10115,9780723281221,3
10115,9789391724948,2
10115,9789389480474,1
10116,9781623651442,3
10116,9781250343178,3
10116,9789362145369,4
10116,9780525559733,4
10116,9780349437057,3
10116,9781408826133,3
10116,9780385535502,5
10116,9781250902450,4
10116,9789354402173,5
10116,9789354407338,5
10116,9781409181682,5
10116,9780349436982,4
10116,9780593438374,4
10116,9780375703768,3
10116,9781471407772,5
10116,9782280600705,5
10116,9781635577716,5
10116,9781473228801,5
10116,9780486784755,3
10116,9789358568226,5
10116,9780751583694,4
10116,9781785766886,5
10116,9798675385850,5
10116,9789389931891,4
10116,9781542046152,5
10116,9781471406454,5
10116,9789380658797,5
10116,9783689951016,4
10116,9789354406249,3
10116,9781681445038,4
10116,9781680307672,3
10116,9781760788629,4
10116,9781916277182,3
10116,9780671461492,4
10116,9789353451882,5
10116,9788193655603,5
10116,9781473227996,4
10116,9781501143106,5
10116,9789362140258,5
10116,9781408865415,3
10116,9780241787410,5
10116,9789354405167,2
10116,9788129141996,3
10116,9781101653876,4
10116,9781536208689,3
10116,9780547248288,3
10116,9781965347676,5
10116,9798998582875,3
10116,9789354404191,3
10116,9789354406430,5
10116,9780545520492,5
10116,9781368002073,5
10116,9789389432695,5
10116,9780545331326,5
10116,9781509851577,3
10116,9780593582268,3
10116,9780369348906,1
10116,9789356997790,3
10116,9781471411533,2
10116,9789390711956,2
10116,9781492032618,1
10116,9789353451714,2
10116,9781401937539,3
10117,9781509851553,4
10117,9780545393812,5
10117,9780545415606,4
10117,9789389432695,5
10117,9780241427347,5
10117,9781408378458,4
10117,9789354402388,4
10117,9789350334423,5
10117,9780747570738,5
10117,9789358565164,5
10117,9780141347752,4
10117,9789389717006,5
10117,9781960507938,4
10117,9781742624068,4
10117,9780143458005,5
10117,9781742768670,5
10117,9780747573616,5
10117,9781408834985,5
10117,9798648372467,5
10117,9781471196867,5
10117,9780241583159,4
10117,9789354405419,5
10117,9780008211905,3
10117,9780747574477,5
10117,9781444932386,5
10117,9780747591085,4
10117,9789389432428,4
10117,9781443124393,5
10117,9780241578605,4
10117,9789354401121,3
10117,9780241379103,4
10117,9789389567397,5
10117,9780340678039,4
10117,9781965347676,4
10117,9781409306689,4
10117,9781943330973,4
10117,9781444935189,3
10117,9789387779723,5
10117,9780007260478,5
10117,9781405266512,5
10117,9798998582875,5
10117,9781338554274,5
10117,9788027343164,4
10117,9780141342603,5
10117,9780241440667,4
10117,9781509851577,4
10117,9789354406430,5
10117,9798738395635,3
10117,9780986444159,5
10117,9789354404009,4
10117,9789354403514,4
10117,9798885782678,5
10117,9788129141996,5
10117,9781509808328,5
10117,9788993055030,4
10117,9780143459118,4
10117,9780141380933,5
10117,9780143432845,4
10117,9789358568264,5
10117,9781943330614,5
10117,9789388144988,3
10117,9781925307443,5
10117,9780743421041,2
10117,9781785139949,3
10117,9789388810623,2
10117,9781464234255,5
10117,9780998203492,5
10117,9789362055026,5
10117,9781607742456,3
10117,9781603293525,4
10117,9780062250506,5
10117,9780062031525,3
10117,9781408866115,4
10117,9780008123208,5
10117,9781399809665,4
10117,9781580628556,5
10117,9781433832161,4
10117,9781089356400,4
10117,9780307957733,3
10117,9781509852840,3
10117,9788026837169,4
10117,9781087318844,3
10117,9788122300338,4
10117,9789387779297,4
10117,9780786860708,2
10117,9780062359803,2
10117,9781524798666,2
10117,9780143443155,2
10117,9781804091043,2
10117,9789364550161,3
10117,9789351180555,1
10117,9788194742616,3
10117,9789352837328,1
10117,9781982172008,3
10117,9781292405513,3
10118,9788177588989,3
10118,9780321972101,5
10118,9781119770763,5
10118,9788131721018,5
10118,9788121939096,4
10118,9780198089131,4
10118,9788121924962,5
10118,9781292023946,5
10118,9781644295533,3
10118,9780387310732,3
10118,9781718502345,5
10118,9780077496128,4
10118,9789352838363,5
10118,9780470695197,5
10118,9780486434841,5
10118,9780073380575,5
10118,9781118476734,4
10118,9788131762189,5
10118,9783950485417,4
10118,9788131710265,3
10118,9781524748258,5
10118,9789355014467,5
10118,9788185749754,4
10118,9781292026565,5
10118,9788121924375,5
10118,9780133356038,5
10118,9781292420080,5
10118,9789391818715,3
10118,9781316632932,4
10118,9781394251575,5
10118,9789363486317,5
10118,9789327198010,2
10118,9781260467369,5
10118,9789391103231,5
10118,9789357088978,2
10118,9789391028589,2
10118,9789387604513,5
10118,9788178125367,5
10118,9788122415520,4
10118,9780007547999,5
10118,9781260723106,3
10118,9780133489903,5
10118,9780521779135,5
10118,9781509852840,2
10118,9781423162797,1
10118,9781623651442,2
10118,9781608685486,3
10118,9789354404566,1
10118,9781585429196,2
10119,9781668069530,5
10119,9781548318468,5
10119,9781524704551,5
10119,9780593512296,5
10119,9780857199096,4
10119,9781647390983,5
10119,9781588361738,5
10119,9789388241908,5
10119,9789353451714,4
10119,9789358569568,5
10119,9789356997790,5
10119,9789351772071,4
10119,9788186775219,4
10119,9781797221311,5
10119,9781585095568,4
10119,9781529902402,5
10119,9789358569018,3
10119,9798998891816,5
10119,9789358560381,3
10119,9789390914227,3
10119,9789083023861,4
10119,9789357084987,5
10119,9789354928758,5
10119,9781760630737,5
10119,9780981951249,3
10119,9789387944763,4
10119,9789083023847,3
10119,9789356993327,4
10119,9798986406510,5
10119,9781668065969,5
10119,9780231555074,4
10119,9788179251287,4
10119,9781473535169,4
10119,9781491903117,2
10119,9789356296572,4
10119,9780753550663,3
10119,9788196011802,3
10119,9781981390816,4
10119,9780385468473,4
10119,9789354891670,4
10119,9780063497474,4
10119,9781471729034,5
10119,9780060391683,3
10119,9781796684834,1
10119,9789364554435,3
10119,9780008333799,2
10119,9781472298409,1
10120,9781965322543,5
10120,9781368002073,5
10120,9781484758601,5
10120,9789354404924,5
10120,9780241440667,4
10120,9789354402715,5
10120,9798648372467,5
10120,9789354401596,4
10120,9781481422192,5
10120,9780241787410,4
10120,9780241427361,5
10120,9781665904964,5
10120,9780241502334,4
10120,9780241801574,4
10120,9798217124541,5
10120,9781405298612,4
10120,9788183896771,4
10120,9780140326710,3
10120,9781464234255,4
10120,9781509852840,3
10120,9781433832161,5
10120,9780998203492,4
10120,9781580628556,5
10120,9780486114132,5
10120,9780307957733,4
10120,9781802805567,2
10120,9780465072996,2
10120,9789354922251,2
10120,9781400225415,2
10121,9781613824009,4
10121,9789356618060,4
10121,9780670090433,5
10121,9780670086399,3
10121,9781405944465,4
10121,9781611806885,3
10121,9788187107583,3
10121,9789354582233,5
10121,9780143029892,5
10121,9788184750348,4
10121,9780140455113,3
10121,9780871138002,4
10121,9780785850724,5
10121,9780141914527,4
10121,9781528774888,5
10121,9780140449280,5
10121,9780691208015,5
10121,9780349122380,5
10121,9781844670208,5
10121,9780141910819,3
10121,9780691148182,4
10121,9789392510366,3
10121,9780143433163,4
10121,9789354927041,5
10121,9781605203287,4
10121,9789389178111,3
10121,9789358568172,3
10121,9789388369046,3
10121,9781501135910,5
10121,9780998203492,5
10121,9781401937539,5
10121,9789362053206,2
10121,9780670090303,4
10121,9780143443155,3
10121,9781607742456,4
10121,9789391149291,3
10121,9781408866115,5
10121,9791041985326,5
10121,9781471411533,4
10121,9780718188863,4
10121,9788190256209,5
10121,9789353456443,3
10121,9781471411465,4
10121,9789354926136,3
10121,9780143474296,5
10121,9781580628556,3
10121,9788120725249,4
10121,9780385484510,3
10121,9788174368942,4
10121,9781433832161,3
10121,9780369348906,2
10121,9781846046384,5
10121,9781786898562,3
10121,9789360876357,1
10121,9781943330058,2
10121,9789083023861,3
10121,9789358568226,2
10121,9781447261261,3
10121,9789353451714,3
10121,9781405266512,2
10121,9781803144382,1
10121,9780593438374,2
10122,9789354402388,5
10122,9781774882986,5
10122,9789354403392,4
10122,9780141321288,5
10122,9780141339184,5
10122,9781984835376,5
10122,9781960507938,3
10122,9780143333388,4
10122,9780241801574,5
10122,9788171672882,5
10122,9789387779716,5
10122,9780141347684,4
10122,9781426323300,4
10122,9789389717006,4
10122,9789313196488,5
10122,9781338554274,4
10122,9781958388204,4
10122,9798885795111,3
10122,9780241440667,4
10122,9780008411312,5
10122,9780486856629,5
10122,9781408354414,5
10122,9780679812685,4
10122,9780141355412,4
10122,9781419741999,5
10122,9781101916988,5
10122,9781419751660,5
10122,9781409306689,3
10122,9781405282789,5
10122,9781471418297,5
10122,9789387779815,5
10122,9781580628556,4
10122,9788026837169,3
10122,9780743421041,3
10122,9788122300338,5
10122,9780998203492,3
10122,9781433832161,4
10122,9780008123208,2
10122,9780671741907,4
10122,9789388810609,5
10122,9781408866115,4
10122,9789388810623,5
10122,9789362055026,5
10122,9780307887917,2
10122,9780385339032,2
10122,9781647825621,2
10122,9798986406510,2
10122,9780008305550,2
10122,9780008276973,2
10123,9781471407772,5
10123,9789354406249,5
10123,9781408826133,3
10123,9789380658797,5
10123,9781681445038,4
10123,9798317901462,5
10123,9781408865415,4
10123,9780671461492,5
10123,9780349437057,5
10123,9780525559733,5
10123,9781250343178,4
10123,9781916277182,5
10123,9781785766886,5
10123,9788193655603,5
10123,9781680307672,3
10123,9781760295646,4
10123,9781774882986,3
10123,9789354404634,3
10123,9789354403934,5
10123,9789358565164,4
10123,9780747591085,5
10123,9789354408380,2
10123,9781743791714,2
10123,9781464234255,2
10124,9789364550161,5
10124,9789364555166,4
10124,9789364558594,5
10124,9789357788496,5
10124,9789357787888,4
10124,9789364550093,3
10124,9789364551090,5
10124,9789364559249,3
10124,9789364551854,4
10124,9789364552424,5
10124,9789364554435,5
10124,9789357781831,4
10124,9789371268844,5
10124,9789371268219,5
10124,9789371262255,5
10124,9789356226623,5
10124,9789357785556,3
10124,9789357785952,5
10124,9789364559584,5
10124,9789364557948,5
10124,9789375615668,4
10124,9789356225985,4
10124,9789352036592,2
10124,9781718502703,3
10124,9780143425656,4
10124,9780349426129,5
10124,9780593653661,4
10124,9788178125367,3
10124,9780062968722,3
10124,9789325798014,2
10124,9789356993082,4
10124,9789386298225,4
10124,9781571315991,5
10124,9780071775304,5
10124,9780071752114,5
10124,9780593593967,5
10124,9789394407015,4
10124,9789354406522,3
10124,9788119153442,2
10124,9789358569018,2
10124,9780385676519,2
10124,9780593500774,2
10124,9789354400124,3
10124,9781944515683,1
10125,9780593438374,4
10125,9780751583694,4
10125,9781780874005,5
10125,9789354402173,5
10125,9781623651442,4
10125,9781681445038,3
10125,9780525559733,5
10125,9789380658797,5
10125,9780385535502,5
10125,9781408865415,5
10125,9780486784755,5
10125,9798675385850,5
10125,9781387282258,5
10125,9780349437057,5
10125,9781408826133,4
10125,9781473228801,3
10125,9781324095323,5
10125,9781680307672,4
10125,9789362140258,5
10125,9781542046152,3
10125,9781916277182,4
10125,9780375703768,4
10125,9781250902450,5
10125,9789389931891,4
10125,9781501143106,5
10125,9782280600705,5
10125,9788193655603,5
10125,9781250343178,4
10125,9780671461492,4
10125,9781471407772,5
10125,9781760788629,4
10125,9781473227996,5
10125,9781442408944,5
10125,9781471406454,4
10125,9789354406249,5
10125,9781785766886,5
10125,9781635577716,5
10125,9798317901462,4
10125,9789353451882,5
10125,9781409181682,3
10125,9789356294561,5
10125,9783689951016,4
10125,9789356995697,5
10125,9780349436982,5
10125,9789354407338,4
10125,9789362145369,5
10125,9781250855145,5
10125,9789357316354,5
10125,9789358568226,5
10125,9789389432367,5
10125,9788027343164,3
10125,9789354403514,3
10125,9781965347676,4
10125,9798855068740,4
10125,9781338848007,5
10125,9789385273896,5
10125,9788183896771,3
10125,9780241535141,4
10125,9789354403934,5
10125,9780794533779,4
10125,9781432869496,3
10125,9780241379127,5
10125,9781368078351,4
10125,9780735229358,3
10125,9780241621639,4
10125,9781743433744,4
10125,9780141342603,3
10125,9781952535963,5
10125,9780141352015,3
10125,9798217124541,5
10125,9781292023946,2
10125,9781529022049,1
10125,9781482850888,2
10125,9781472290694,2
10125,9780141986005,1
10125,9789355430601,3
10125,9781457431210,2
10125,9781529413113,1
10125,9781292420080,2
10126,9788194525974,5
10126,9789391149758,5
10126,9780786860708,3
10126,9780385339032,4
10126,9789391800475,4
10126,9781510054585,5
10126,9780993203008,5
10126,9780747548409,3
10126,9781786013453,3
10126,9788194898832,5
10126,9780141036731,4
10126,9781472290694,5
10126,9781338325591,5
10126,9780008276973,4
10126,9780593500774,4
10126,9789357086882,4
10126,9783836531542,5
10126,9780857364319,5
10126,9789895648962,5
10126,9789394168596,5
10126,9781656470997,5
10126,9781476845623,5
10126,9780141035819,5
10126,9781495011351,5
10126,9789395101752,4
10126,9786067892864,4
10126,9781848420496,4
10126,9789354929748,5
10126,9781506721705,5
10126,9781802805567,5
10126,9789354922251,5
10126,9789356811096,5
10126,9780571235568,5
10126,9789388689786,4
10126,9780393351385,3
10126,9788196011802,5
10126,9781530728855,3
10126,9781603293525,5
10126,9781802804966,3
10126,9781607742456,4
10126,9781426215889,2
10126,9798894410067,5
10126,9789390260041,4
10126,9780486272986,5
10126,9780718156848,4
10126,9789063697174,2
10126,9781464234255,3
10126,9780241552063,3
10126,9780981951249,2
10126,9789354409660,1
10126,9780593175002,2
10126,9781101970317,3
10126,9780557083206,1
10126,9780747589945,3
10126,9780801563669,3
10127,9781803144382,3
10127,9781627792127,5
10127,9781542040464,4
10127,9780008474362,3
10127,9781780896410,5
10127,9798643660491,4
10127,9780349132860,5
10127,9780062868954,4
10127,9789354926716,5
10127,9789895648269,4
10127,9789357083003,5
10127,9789355430601,5
10127,9789373034386,3
10127,9781472154644,5
10127,9789356999848,4
10127,9781925480535,5
10127,9789356291379,5
10127,9781501190117,4
10127,9789395192224,5
10127,9789353768966,3
10127,9781982179014,5
10127,9781529022049,5
10127,9789357087797,4
10127,9788129144973,5
10127,9789814954853,5
10127,9781681958071,4
10127,9789354929564,5
10127,9789354921490,5
10127,9786020633916,4
10127,9789362145369,3
10127,9781473228801,4
10127,9782280600705,4
10127,9789354402173,3
10127,9788193655603,4
10127,9781623651442,4
10127,9789356294561,2
10127,9780375703768,5
10127,9781680307672,4
10127,9781785139949,3
10127,9789358568226,3
10127,9781408865415,3
10127,9780486784755,4
10127,9781635577716,4
10127,9788026837169,3
10127,9781409181682,4
10127,9781408826133,3
10127,9781387282258,5
10127,9780385535502,3
10127,9781471407772,4
10127,9789387779730,3
10127,9780702348839,2
10127,9781631592966,2
10127,9789390239207,3
10127,9780671741907,2
10127,9789390166268,2
10127,9789688802052,3
10127,9788175994140,1
10127,9789391149291,3
10128,9789387669253,4
10128,9781786013453,5
10128,9781848420496,5
10128,9789356810822,5
10128,9780060391683,3
10128,9780857360007,5
10128,9781510054585,5
10128,9789356813632,5
10128,9789895648962,5
10128,9780141036731,5
10128,9780393351385,5
10128,9789351035497,4
10128,9781781105528,5
10128,9783836531542,4
10128,9781338325591,4
10128,9789391800475,5
10128,9781409181620,4
10128,9780451527318,4
10128,9780399179006,4
10128,9780465093069,4
10128,9786067892864,4
10128,9780063087774,5
10128,9780857364319,4
10128,9780747548409,5
10128,9780486811246,4
10128,9789356811058,5
10128,9781938938160,4
10128,9781839647338,5
10128,9789391149758,4
10128,9781501187636,4
10128,9780143448990,3
10128,9789395101011,4
10128,9798652464264,5
10128,9789394168244,3
10128,9781506721705,4
10128,9781440571541,4
10128,9789356811096,3
10128,9781419743191,5
10128,9788194525974,5
10128,9780874776942,5
10128,9781476845623,4
10128,9781472288561,5
10128,9781457420641,4
10128,9781472261281,5
10128,9781803093178,4
10128,9780593500774,4
10128,9781984897398,5
10128,9789388070973,4
10128,9780525658146,4
10128,9789389310733,5
10128,9781472297068,5
10128,9781910695050,5
10128,9781408824856,4
10128,9781780936383,5
10128,9781616770969,5
10128,9789354929748,5
10128,9781608685486,5
10128,9780143452485,3
10128,9789355208842,3
10128,9780465072996,4
10128,9780141986395,3
10128,9781805222088,3
10128,9780062748805,4
10128,9780998203492,5
10128,9781524744311,3
10128,9781847651402,3
10128,9781593306458,4
10128,9789388810609,5
10128,9781607742456,3
10128,9781089356400,4
10128,9781405932677,3
10128,9781433832161,2
10128,9781913682118,2
10128,9780486272986,3
10128,9781785040443,5
10128,9781668002841,3
10128,9798652408466,5
10128,9781786898562,3
10128,9780718156848,4
10128,9780486784755,2
10128,9781408378458,3
10128,9780486478999,1
10128,9789358566000,3
10128,9788131710265,2
10128,9781471411465,1
10128,9781471406454,2
10128,9780349426129,3
10128,9789773772598,2
10128,9798995567004,3
10129,9780307887917,3
10129,9781444792478,5
10129,9780984358106,5
10129,9798995567004,5
10129,9780557083206,3
10129,9781482850888,4
10129,9781932429350,4
10129,9780735200661,5
10129,9780670093946,4
10129,9780486478999,5
10129,9781647825621,5
10129,9786155643071,5
10129,9780345472328,4
10129,9780231552110,5
10129,9789353043551,3
10129,9781529350104,4
10129,9781443460712,5
10129,9789354408380,4
10129,9798998801228,5
10129,9780975601464,5
10129,9780063497474,4
10129,9781510019430,3
10129,9781400225415,5
10129,9780753550663,4
10129,9780061745171,4
10129,9780615978628,5
10129,9791222454405,5
10129,9781399804455,4
10129,9781473535169,5
10129,9789390924219,3
10129,9798893312010,4
10129,9781529937381,5
10129,9780190078973,3
10129,9781591842804,5
10129,9781982172008,3
10129,9780671472122,5
10129,9781585426591,4
10129,9780385676519,5
10129,9789390378548,4
10129,9789348098559,5
10129,9780552167833,5
10129,9781804091043,5
10129,9781416502494,3
10129,9789390166268,5
10129,9780609504239,4
10129,9780062359803,4
10129,9780385468473,3
10129,9781119523260,5
10129,9780593467428,3
10129,9780061899874,5
10129,9788128400483,4
10129,9798556993747,4
10129,9788119153442,5
10129,9780691263632,5
10129,9789390166275,5
10129,9789356991354,5
10129,9780231555074,3
10129,9780071433341,5
10129,9781760985240,3
10129,9780801563669,5
10129,9780143425656,2
10129,9781668069530,3
10129,9780984782857,3
10129,9789394407015,5
10129,9781588361738,4
10129,9789390914227,5
10129,9781585095568,4
10129,9789353063191,4
10129,9781473575608,3
10129,9781594205071,5
10129,9781492078005,4
10129,9780134610993,4
10129,9780141982410,5
10129,9780521779135,4
10129,9780857199096,3
10129,9780071752114,5
10129,9780133489903,3
10129,9780593653661,4
10129,9781250880949,3
10129,9788177228366,5
10129,9798986406510,3
10129,9780063142381,5
10129,9789390327539,4
10129,9781965347126,3
10129,9780752265629,1
10129,9789380676371,2
10129,9789353052058,3
10129,9780241427361,3
10129,9781399809665,3
10129,9780525559733,3
10129,9780198723097,2
10129,9789354929748,2
10129,9780062905154,1
10130,9789353451714,4
10130,9788186775219,5
10130,9789387944763,4
10130,9789358569018,5
10130,9781524704551,4
10130,9789358560381,5
10130,9798986406510,5
10130,9798998891816,4
10130,9780981951249,5
10130,9781529902402,5
10130,9780857199096,4
10130,9789390914227,4
10130,9781797221311,5
10130,9781548318468,4
10130,9781647390983,5
10130,9789351772071,5
10130,9789083023861,5
10130,9789354928758,5
10130,9780593512296,3
10130,9781760630737,5
10130,9789083023847,4
10130,9781585095568,4
10130,9789388241908,3
10130,9789356993327,5
10130,9781668065969,3
10130,9789357084987,3
10130,9789358569568,5
10130,9781668069530,5
10130,9781588361738,5
10130,9789356997790,4
10130,9780486272986,4
10130,9781944515683,5
10130,9781984856623,3
10130,9781530830657,5
10130,9780735200661,3
10130,9781668002841,5
10130,9781400225415,3
10130,9781443460712,5
10130,9781847651402,4
10130,9780385676519,3
10130,9780345472328,4
10130,9789773772598,4
10130,9781250865045,2
10130,9789390166268,5
10130,9789354408380,3
10130,9781510019430,5
10130,9791222454405,5
10130,9780801563669,5
10130,9789355201287,2
10130,9788119792597,5
10130,9781771672450,1
10130,9780747570738,1
10130,9780671461492,3
10130,9789386845641,2
10130,9789688802052,1
10130,9788177228366,3
10130,9780141036731,3
10130,9780143464617,2
10131,9781409181620,4
10131,9789394168596,5
10131,9781506721705,5
10131,9780144000265,4
10131,9780593449240,3
10131,9781472290694,4
10131,9781419743191,5
10131,9789395101752,5
10131,9781839647338,5
10131,9786067892864,5
10131,9781510054585,5
10131,9781636406886,5
10131,9780593500774,3
10131,9781472261281,4
10131,9780198723097,4
10131,9781524798666,3
10131,9781780936383,5
10131,9780393351385,5
10131,9780008276942,4
10131,9780140127225,3
10131,9781938938160,4
10131,9789395101011,5
10131,9789395101004,4
10131,9780307830630,5
10131,9781338325591,5
10131,9781472297068,5
10131,9780671604295,3
10131,9789356811096,5
10131,9780451527318,3
10131,9781476845623,5
10131,9781439107393,5
10131,9781608685486,3
10131,9789391149758,5
10131,9781529413113,4
10131,9780399179006,5
10131,9781781105528,4
10131,9780786860708,5
10131,9781457420641,5
10131,9780486811246,4
10131,9781408824856,5
10131,9780874776942,5
10131,9781733989633,4
10131,9780063087774,5
10131,9780747548409,5
10131,9781401229894,4
10131,9781035031580,3
10131,9780857360007,5
10131,9781631592966,4
10131,9789356812116,4
10131,9780141906270,5
10131,9789388689786,5
10131,9780571235568,5
10131,9781847651402,3
10131,9789353056469,5
10131,9781780286136,3
10131,9781529401325,3
10131,9781981390816,4
10131,9781524744311,4
10131,9781405932677,2
10131,9780241371862,5
10131,9781423662617,4
10131,9780525506263,4
10131,9781603293525,5
10131,9781526645951,5
10131,9780008305550,5
10131,9780141986395,4
10131,9781668002841,5
10131,9781913682118,3
10131,9781786898562,2
10131,9781785040443,5
10131,9781520975672,4
10131,9780062250506,5
10131,9781529022049,3
10131,9781681958071,3
10131,9789354404603,3
10131,9781771672450,1
10131,9780486478999,3
10131,9789389178111,2
10131,9789356995260,3
10131,9780353275195,3
10132,9780998203492,3
10132,9781089356400,4
10132,9781509852840,5
10132,9781603293525,3
10132,9789365693102,4
10132,9781399809665,4
10132,9789388810609,5
10132,9780671741907,4
10132,9781464234255,5
10132,9780062031525,5
10132,9789387779297,5
10132,9781408866115,5
10132,9781607742456,5
10132,9781580628556,5
10132,9781433832161,4
10132,9781925307443,5
10132,9789388810623,4
10132,9788122300260,4
10132,9781472298409,5
10132,9788122300338,5
10132,9781643990026,3
10132,9780743421041,5
10132,9780062250506,4
10132,9781035031580,4
10132,9780747548409,4
10132,9781440571541,5
10132,9781338325591,4
10132,9789356811096,3
10132,9780593500774,3
10132,9781631592966,2
10132,9780571235568,4
10132,9781472290694,4
10132,9789362055026,5
10132,9781608685486,2
10132,9789356810822,4
10132,9780008276942,4
10132,9789395101677,2
10132,9788026837169,4
10132,9781409181620,4
10132,9786067892864,5
10132,9780525658146,4
10132,9780008724764,1
10132,9781400225415,2
10132,9781484758601,3
10132,9780078022098,3
10132,9781802804966,3
10132,9789354929564,2
10132,9781942788300,3
10132,9780062868954,2
10133,9781472241467,4
10133,9789394168596,5
10133,9781408824856,5
10133,9781495011351,5
10133,9780241400708,4
10133,9781460710876,3
10133,9781781105528,5
10133,9780393351385,3
10133,9789388689786,5
10133,9781615931712,3
10133,9781472288561,5
10133,9781608685486,5
10133,9781409181620,5
10133,9786067892864,4
10133,9781439107393,4
10133,9781647291495,5
10133,9781848420496,5
10133,9780008276973,5
10133,9781035031580,5
10133,9789351035497,5
10133,9780008564834,4
10133,9780241552063,4
10133,9781433832161,3
10133,9789390260041,3
10133,9781668045572,5
10133,9780399579745,3
10133,9781472298409,5
10133,9781784745011,3
10133,9780439128452,3
10133,9781665979542,2
10133,9789347231902,2
10133,9789773772598,2
10134,9781473227996,5
10134,9781760788629,5
10134,9789353451882,5
10134,9781501143106,5
10134,9798675385850,5
10134,9781408865415,5
10134,9780349437057,4
10134,9781387282258,5
10134,9781785766886,4
10134,9781250902450,4
10134,9781250343178,5
10134,9781408826133,5
10134,9781680307672,5
10134,9781635577716,5
10134,9782280600705,3
10134,9781471406454,4
10134,9788193655603,3
10134,9781409181682,4
10134,9780751583694,5
10134,9781780874005,5
10134,9781442408944,5
10134,9780525559733,4
10134,9780486784755,3
10134,9789356294561,5
10134,9789362145369,5
10134,9781542046152,5
10134,9780593438374,4
10134,9781473228801,3
10134,9781916277182,5
10134,9780385535502,5
10134,9780671461492,5
10134,9789389931891,5
10134,9781471407772,4
10134,9781250855145,5
10134,9789356995697,4
10134,9780349436982,5
10134,9789380658797,5
10134,9789354407338,5
10134,9789354402173,4
10134,9781623651442,4
10134,9789362140258,5
10134,9780375703768,5
10134,9781681445038,5
10134,9789358568226,5
10134,9781324095323,4
10134,9789357316354,5
10134,9789354406249,5
10134,9798317901462,4
10134,9780141335742,4
10134,9798217042760,4
10134,9781732626508,5
10134,9780008588816,3
10134,9789354400889,4
10134,9780593092934,5
10134,9781613122488,4
10134,9780679812685,4
10134,9789354404016,3
10134,9780316480802,2
10134,9781250898456,4
10134,9780439128452,3
10134,9781408349045,5
10134,9789390183548,4
10134,9781423162797,3
10134,9781408354414,4
10134,9789354400124,4
10134,9781960507617,3
10134,9788177588989,3
10134,9781760985240,3
10134,9781399809665,2
10134,9780984782857,1
10134,9781440571541,1
10134,9789313197133,2
10134,9780399579745,1
10134,9798893310962,2
10134,9789359981185,3
10135,9781803093543,3
10135,9781737475712,4
10135,9789357080248,5
10135,9781492032618,5
10135,9789347231902,4
10135,9789390327539,5
10135,9781492078005,4
10135,9789389802559,4
10135,9788177228366,5
10135,9789387918573,3
10135,9780521779135,5
10135,9789353063191,4
10135,9780134610993,5
10135,9781594205071,4
10135,9781403930897,4
10135,9788121906548,5
10135,9788176561068,5
10135,9780205982578,5
10135,9780593238295,5
10135,9781644210697,4
10135,9780133522853,5
10135,9781101970317,5
10135,9789391028589,5
10135,9789356994287,4
10135,9780349426129,4
10135,9780984782857,5
10135,9780078022098,4
10135,9780062968722,4
10135,9781847651310,5
10135,9781718502703,4
10135,9780534422004,5
10135,9789394407015,5
10135,9780063142381,5
10135,9781292405513,5
10135,9788190619509,4
10135,9781935785132,5
10135,9781260723106,5
10135,9789391103231,5
10135,9780262046305,4
10135,9789356994669,4
10135,9788175994140,5
10135,9780593083888,4
10135,9780133489903,3
10135,9780143456476,5
10135,9781259004612,4
10135,9780199678112,5
10135,9781473575608,5
10135,9788126579907,5
10135,9781524748258,5
10135,9789389480474,2
10135,9788185749754,5
10135,9789388642101,4
10135,9789350121665,4
10135,9781119770763,3
10135,9780071775304,5
10135,9789313197133,3
10135,9781118476734,5
10135,9789325798014,3
10135,9788121939096,3
10135,9789356344846,3
10135,9789352036592,5
10135,9789350123485,5
10135,9781292420080,3
10135,9789324192660,5
10135,9788131710265,5
10135,9789386298225,4
10135,9788993055030,3
10135,9780670090433,3
10135,9781408378458,2
10135,9781982137274,3
10135,9789356997790,3
10135,9780375703768,2
10135,9780385468473,3
10135,9781668045572,2
10136,9789354928956,5
10136,9789355219244,4
10136,9789351860839,5
10136,9781591845324,4
10136,9783956763182,5
10136,9789353456443,5
10136,9789354409660,4
10136,9788120725249,4
10136,9781849545433,3
10136,9788174368942,5
10136,9789389243123,5
10136,9780743200400,3
10136,9781501135910,4
10136,9781953953247,3
10136,9781846046384,5
10136,9791041985326,5
10136,9789351187301,5
10136,9780385484510,4
10136,9780670090303,3
10136,9798893310962,5
10136,9780143464617,5
10136,9789362053206,5
10136,9781848317680,4
10136,9789391149291,5
10136,9789354928703,4
10136,9780718188863,5
10136,9781471411465,5
10136,9781881373070,5
10136,9789354926709,4
10136,9781401937539,5
10136,9789386651600,3
10136,9789353050337,4
10136,9780143443155,5
10136,9780241996324,5
10136,9781804090633,3
10136,9789358560572,5
10136,9789354923678,5
10136,9789380676371,3
10136,9789389647242,4
10136,9781846048395,5
10136,9781471411533,5
10136,9788190256209,4
10136,9789390652457,5
10136,9780353275195,5
10136,9789388369046,5
10136,9789351180555,5
10136,9789354894459,3
10136,9780143474296,4
10136,9789354928284,4
10136,9780143423928,3
10136,9780369348906,5
10136,9789354927041,5
10136,9789365693102,4
10136,9780141910819,4
10136,9789389178111,4
10136,9789356618060,5
10136,9781509852840,4
10136,9780691208015,4
10136,9781528774888,4
10136,9789392510366,5
10136,9788187107583,4
10136,9781844670208,4
10136,9780670090433,4
10136,9780785850724,2
10136,9788184750348,2
10136,9781603293525,4
10136,9781611806885,2
10136,9781605203287,2
10136,9781613824009,4
10136,9781089356400,4
10136,9780465072996,1
10136,9781839647338,2
10136,9789353451882,3
10136,9780241583159,2
10136,9780141355412,3
10136,9781472154644,3
10136,9781803144382,3
10136,9781416502494,3
10136,9781785040443,3
10137,9789357787888,5
10137,9789364551090,3
10137,9789364550161,5
10137,9789356226623,5
10137,9789357781831,3
10137,9789357788496,4
10137,9789364554435,5
10137,9789371262255,5
10137,9789371268844,4
10137,9789364555166,4
10137,9789364552424,4
10137,9789364559249,5
10137,9789364551854,5
10137,9789375615668,5
10137,9789364558594,4
10137,9789371268219,4
10137,9781635576818,5
10137,9781492032618,5
10137,9780143425656,2
10137,9789359585314,5
10137,9789357080248,4
10137,9781737475712,3
10137,9789389647242,2
10137,9780141321288,3
10137,9780241982297,2
10137,9781442430105,2
10138,9789357083003,4
10138,9798643660491,4
10138,9780349132860,5
10138,9781501190117,5
10138,9781803144382,5
10138,9781472154644,3
10138,9780008474362,4
10138,9789356291379,4
10138,9781627792127,5
10138,9789895648269,4
10138,9789353768966,5
10138,9781925480535,4
10138,9789356999848,5
10138,9789814954853,4
10138,9789355430601,4
10138,9780062868954,5
10138,9789357087797,4
10138,9781542040464,5
10138,9781681958071,5
10138,9789395192224,5
10138,9781501143106,3
10138,9798317901462,3
10138,9780385535502,3
10138,9782280600705,3
10138,9781785766886,5
10138,9781780874005,5
10138,9780008123208,4
10138,9789362140258,3
10138,9781607742456,1
10138,9789357084987,3
10138,9780545331326,1
10138,9789391234263,2
10139,9780723296232,4
10139,9781444958171,5
10139,9781547614486,3
10139,9780143497639,5
10139,9781338554274,5
10139,9788993055030,4
10139,9780241252673,4
10139,9789354402937,5
10139,9781471418297,5
10139,9789388369794,5
10139,9781536462142,5
10139,9781481422192,4
10139,9780593178751,4
10139,9781943330737,5
10139,9781442451322,5
10139,9781536208689,5
10139,9780143446019,5
10139,9789327197396,5
10139,9781101916988,5
10139,9781432869496,5
10139,9789354404689,5
10139,9780694011100,4
10139,9781442430105,5
10139,9780140326710,3
10139,9789354404542,4
10139,9780143453260,3
10139,9780241558300,3
10139,9780545415606,4
10139,9789326191074,4
10139,9781509851553,5
10139,9780553151749,4
10139,9780545520492,4
10139,9780008472320,5
10139,9798738395635,4
10139,9781526626691,5
10139,9789391924690,5
10139,9780545393805,5
10139,9789327197402,4
10139,9780739350331,3
10139,9788129141996,4
10139,9780702348839,4
10139,9789354921360,5
10139,9781408855911,3
10139,9781338848007,5
10139,9789354402463,3
10139,9798295206443,5
10139,9780307957733,4
10139,9781603293525,3
10139,9781607742456,4
10139,9781408866115,4
10139,9781087318844,3
10139,9789388810609,4
10139,9781925307443,4
10139,9780008123208,4
10139,9789362055026,5
10139,9781509852840,3
10139,9788122300338,5
10139,9781433832161,4
10139,9781580628556,4
10139,9780998203492,4
10139,9780062250506,4
10139,9781472298409,4
10139,9781785139949,2
10139,9781647825621,1
10139,9788121906548,2
10139,9781846046384,2
10139,9781472154644,3
10139,9786155643071,3
10139,9789359981185,3
10139,9781803144382,1
10139,9789391724948,3
10140,9789354927041,5
10140,9789356618060,4
10140,9788187107583,5
10140,9780691208015,5
10140,9781613824009,5
10140,9789354582233,5
10140,9788184750348,4
10140,9780140449280,4
10140,9780141910819,5
10140,9780670086399,3
10140,9781844670208,5
10140,9780143029892,5
10140,9789389178111,5
10140,9781605203287,5
10140,9789392510366,4
10140,9781611806885,5
10140,9780140455113,5
10140,9780349122380,5
10140,9781405944465,4
10140,9780871138002,3
10140,9780670090433,4
10140,9781528774888,5
10140,9789358568172,4
10140,9780691148182,5
10140,9780785850724,5
10140,9780143433163,4
10140,9780141914527,5
10140,9789354928703,5
10140,9798893310962,4
10140,9781401937539,5
10140,9780353275195,4
10140,9788174368942,4
10140,9788122300338,4
10140,9781848317680,2
10140,9789351180555,4
10140,9789354409660,3
10140,9780998203492,3
10140,9781953953247,3
10140,9788122300260,4
10140,9789354894459,5
10140,9781089356400,4
10140,9789354923678,4
10140,9783804639126,3
10140,9780671461492,2
10140,9781780936383,2
10140,9781760295608,1
10140,9781509806102,3
10140,9781473680371,2
10140,9780190078973,1
10140,9798995567004,3
10141,9781603293525,4
10141,9781925307443,4
10141,9780998203492,5
10141,9789387779297,5
10141,9781408866115,5
10141,9781433832161,4
10141,9780062250506,5
10141,9781643990026,4
10141,9781399809665,5
10141,9789388810609,5
10141,9788122300260,4
10141,9780743421041,4
10141,9789388810623,5
10141,9781464234255,5
10141,9780062031525,5
10141,9780671741907,5
10141,9788122300338,4
10141,9781089356400,5
10141,9781472298409,5
10141,9781607742456,3
10141,9781580628556,5
10141,9780063087774,5
10141,9789362055026,5
10141,9781457431210,5
10141,9781804182529,4
10141,9786067892864,3
10141,9781506721705,4
10141,9781615931712,5
10141,9780062905154,4
10141,9780981951249,2
10141,9798880920662,2
10141,9781444958171,1
10141,9791041985326,3
10142,9780060391683,5
10142,9789392837258,5
10142,9789354929748,5
10142,9786067892864,5
10142,9780141036731,4
10142,9798654359599,3
10142,9780883960165,5
10142,9788194525974,4
10142,9780874776942,5
10142,9789391149758,5
10142,9781781105528,5
10142,9780307830630,5
10142,9781938938160,4
10142,9780008276973,5
10142,9780747548409,3
10142,9789394168244,4
10142,9789354922251,4
10142,9789356811621,3
10142,9781457431210,3
10142,9781472290694,4
10142,9781802805567,5
10142,9781848420496,5
10142,9781647291495,4
10142,9781786013453,5
10142,9780198723097,3
10142,9781615931712,5
10142,9781733989633,5
10142,9781444724585,5
10142,9780525506287,3
10142,9781593306458,5
10142,9780525506263,4
10142,9780143444626,4
10142,9780241283912,5
10142,9780752265629,4
10142,9781780286136,4
10142,9789354927911,5
10142,9781984856623,4
10142,9781956769005,2
10142,9781643990026,2
10142,9780143333388,2
10142,9781780896410,2
10142,9789327198010,3
10142,9780609504239,1
10142,9781408834985,3
10143,9789895648962,5
10143,9781938938160,5
10143,9780874776942,4
10143,9781510054585,4
10143,9780525658146,5
10143,9788194898832,5
10143,9780141906270,4
10143,9789388070973,5
10143,9780141035819,4
10143,9781035031580,4
10143,9781472288561,4
10143,9789357086226,4
10143,9781506721705,3
10143,9781781105528,3
10143,9789392837258,5
10143,9781472290694,5
10143,9780593500774,4
10143,9788194525974,5
10143,9780399179006,3
10143,9780060391683,5
10143,9781440571541,3
10143,9789354929748,4
10143,9789356810822,4
10143,9780671604295,5
10143,9781439107393,3
10143,9781444724585,5
10143,9798652464264,5
10143,9783526528227,5
10143,9781472297068,3
10143,9780747548409,5
10143,9781472261281,4
10143,9781409181620,4
10143,9781401229894,3
10143,9780593449240,4
10143,9783836531542,4
10143,9780008276942,4
10143,9789387669253,4
10143,9780786860708,5
10143,9781848420496,5
10143,9781476845623,5
10143,9781460710876,5
10143,9789356812116,5
10143,9781524798666,4
10143,9798654359599,3
10143,9781786013453,5
10143,9780144000265,4
10143,9781501187636,5
10143,9781608685486,5
10143,9781953884992,4
10143,9780883960165,3
10143,9781616770969,5
10143,9789395101004,5
10143,9789395101752,5
10143,9781419743191,5
10143,9780063087774,4
10143,9789356291713,4
10143,9780571235568,4
10143,9780525505105,4
10143,9781668045572,2
10143,9781529401325,4
10143,9798848621181,3
10143,9789354923968,4
10143,9781898130017,3
10143,9781925307443,3
10143,9781805222088,2
10143,9789354895579,5
10143,9780143452485,3
10143,9781668002841,3
10143,9781530728855,3
10143,9781603293525,4
10143,9781419764394,5
10143,9781399809665,4
10143,9780743421041,4
10143,9781593306458,3
10143,9780671741907,3
10143,9780008564834,5
10143,9789354923500,2
10143,9780062250506,5
10143,9780399579721,4
10143,9789327197402,3
10143,9781492032618,1
10143,9789358568264,2
10143,9789895648269,3
10143,9788026837169,2
10143,9786155643071,3
10143,9789359981185,3
10143,9780975601464,3
10143,9781668069530,3
10144,9789325794917,5
10144,9780071775304,5
10144,9789389480481,5
10144,9789350125175,4
10144,9789389480511,4
10144,9789359585314,5
10144,9789352036592,5
10144,9789355216403,3
10144,9781393638063,5
10144,9789355558930,5
10144,9781260467369,5
10144,9789359584362,4
10144,9789390297306,5
10144,9789313197133,3
10144,9789350121665,5
10144,9789368402695,5
10144,9789362258601,5
10144,9789350121276,4
10144,9789358897920,5
10144,9789350127353,4
10144,9789368900924,5
10144,9789356344846,5
10144,9788178125367,3
10144,9789388642101,4
10144,9788121924375,5
10144,9780078022098,4
10144,9780349426129,4
10144,9780134610993,5
10144,9781935785132,4
10144,9781328662057,4
10144,9780521779135,4
10144,9780534422004,3
10144,9780486434841,5
10144,9798998891816,3
10144,9788187108948,3
10144,9789388689786,1
10144,9780723296232,2
10145,9780385484510,5
10145,9781591845324,5
10145,9781501135910,5
10145,9780369348906,4
10145,9789353050337,5
10145,9781401937539,4
10145,9789388369046,4
10145,9789354926709,5
10145,9781846046384,5
10145,9780143423928,5
10145,9789389647242,5
10145,9789386651600,5
10145,9789351860839,5
10145,9781846048395,3
10145,9780353275195,5
10145,9789390652457,4
10145,9789353456443,3
10145,9789354928956,3
10145,9781471411632,3
10145,9781953953247,4
10145,9781849545433,5
10145,9780141986005,3
10145,9781848317680,3
10145,9781471411465,5
10145,9788120725249,5
10145,9789354928703,5
10145,9788190256209,5
10145,9781925307443,5
10145,9788122300260,4
10145,9781607742456,4
10145,9788187107583,4
10145,9781464234255,5
10145,9780062031525,3
10145,9789392510366,5
10145,9780670086399,5
10145,9781528774888,4
10145,9781433832161,4
10145,9780857360007,3
10145,9781491950333,3
10145,9780375968488,1
10145,9789357082594,2
10145,9780241440667,3
10145,9789389802559,3
10146,9780141908762,5
10146,9798552053032,5
10146,9780241371862,5
10146,9781913682118,5
10146,9789356994744,3
10146,9781529401325,4
10146,9780718156848,4
10146,9781520975672,5
10146,9780857199539,5
10146,9780525505105,5
10146,9780008305550,4
10146,9781786898562,4
10146,9780525506287,5
10146,9781743791714,5
10146,9780593582268,5
10146,9780241283912,3
10146,9780141986395,5
10146,9781426215889,5
10146,9781785040443,5
10146,9780062820341,5
10146,9781805222088,5
10146,9789063695330,4
10146,9781944515683,3
10146,9780143452485,5
10146,9781526645951,5
10146,9789354929762,4
10146,9781949651638,4
10146,9781780286136,5
10146,9780465072996,3
10146,9780525506263,4
10146,9781784745011,5
10146,9780241552063,4
10146,9789063697174,4
10146,9781471729034,4
10146,9798652408466,5
10146,9781668045572,5
10146,9780380718153,5
10146,9781398717206,4
10146,9780399579745,5
10146,9789354923500,5
10146,9789360876357,4
10146,9780062748805,5
10146,9781524744311,4
10146,9781956769005,5
10146,9788179251287,5
10146,9789355208842,5
10146,9781668002841,3
10146,9781787830783,4
10146,9781802804966,5
10146,9788196011802,3
10146,9781984856623,4
10146,9780615978628,5
10146,9789356991354,5
10146,9781804091043,4
10146,9780801563669,4
10146,9781625274496,4
10146,9781846140556,4
10146,9780062359803,4
10146,9789388241908,5
10146,9789083023861,5
10146,9789358569018,4
10146,9781482850888,4
10146,9780593512296,4
10146,9780670069323,2
10146,9788184951332,5
10146,9789389109849,5
10146,9788119153442,5
10146,9781529902402,4
10146,9780671472122,3
10146,9789773772598,4
10146,9781785766886,2
10146,9789354929564,3
10146,9781457420641,3
10146,9789395101752,3
10146,9780349437057,2
10146,9781881373070,3
10146,9780993203008,1
10146,9780205982578,2
10146,9781491952009,3
10147,9798894755557,4
10147,9780241400708,4
10147,9780399179006,3
10147,9780671604295,3
10147,9789895648962,5
10147,9781608685486,5
10147,9789354929748,5
10147,9789356810822,3
10147,9781780936383,5
10147,9789395101677,4
10147,9781401229894,4
10147,9789395101028,4
10147,9781495011351,5
10147,9780063087774,5
10147,9780486811246,5
10147,9781615931712,5
10147,9783836531542,5
10147,9781457420641,5
10147,9781949651638,4
10147,9780141908762,4
10147,9789388810623,4
10147,9781089356400,4
10147,9780143444626,5
10147,9781476744872,4
10147,9780241283912,5
10147,9789390924219,2
10147,9789356995260,3
10147,9780385468473,1
10147,9780141321288,3
10148,9781260467369,4
10148,9788178125046,4
10148,9780071775304,5
10148,9788194742616,5
10148,9789387604513,5
10148,9789390239207,3
10148,9789350125175,4
10148,9789355558930,5
10148,9789324192660,3
10148,9789350123485,5
10148,9789359584362,5
10148,9789325798014,5
10148,9789390711956,5
10148,9789348203168,3
10148,9789359587615,3
10148,9789356344846,4
10148,9789386845641,5
10148,9789350121276,4
10148,9781393638063,4
10148,9789327198010,5
10148,9789354881008,5
10148,9788174822413,4
10148,9789389480511,3
10148,9788173158759,4
10148,9789358897920,5
10148,9789389480474,5
10148,9789352036592,3
10148,9789389480481,4
10148,9789386298225,5
10148,9789313197133,4
10148,9789350121665,3
10148,9789359981185,3
10148,9789359585314,4
10148,9798630240729,5
10148,9788178123684,4
10148,9789362258601,5
10148,9788178125367,3
10148,9788173177941,5
10148,9789327196504,4
10148,9789350127353,4
10148,9789355641250,4
10148,9789355216403,4
10148,9789390297306,5
10148,9789350127643,4
10148,9789387604209,5
10148,9789368402695,5
10148,9789325792708,3
10148,9781264842292,4
10148,9789368900924,4
10148,9789325794917,5
10148,9789325797567,4
10148,9789388642101,4
10148,9789386298195,4
10148,9789386298836,3
10148,9789350128121,5
10148,9781718502703,3
10148,9788131721018,3
10148,9789356994713,4
10148,9789355014467,4
10148,9781594205071,2
10148,9781118476734,5
10148,9788190619509,4
10148,9780063142381,4
10148,9789357080248,5
10148,9781403930897,3
10148,9781847651310,4
10148,9780007547999,4
10148,9780486434841,3
10148,9781250404855,4
10148,9781957999043,3
10148,9781935785132,3
10148,9780199678112,3
10148,9781473575608,3
10148,9788131710265,5
10148,9780262046305,5
10148,9781644210697,4
10148,9789362143495,5
10148,9780062748805,2
10148,9789394168244,3
10148,9780593512296,2
10148,9780753550663,3
10148,9789354407086,2
10148,9789353456443,3
10148,9780670069323,3
10148,9788993055030,2
10148,9781938938160,2
10148,9781250902450,1
10149,9781250902450,4
10149,9781916277182,5
10149,9781473227996,4
10149,9789354407338,5
10149,9781623651442,5
10149,9781324095323,5
10149,9789353451882,4
10149,9789362140258,5
10149,9780349436982,5
10149,9781408826133,5
10149,9798317901462,3
10149,9780349437057,4
10149,9781250343178,5
10149,9780525559733,3
10149,9781408865415,4
10149,9781409181682,5
10149,9781943330614,4
10149,9781943330737,5
10149,9781537911137,3
10149,9780141321288,2
10149,9788993055030,4
10149,9789388810630,4
10149,9781509852840,2
10149,9780241982297,3
10149,9789368900924,1
10149,9789389243123,2
10150,9789895648269,4
10150,9789355430601,4
10150,9789814954853,4
10150,9781982179014,4
10150,9781472154644,3
10150,9781627792127,5
10150,9781681958071,5
10150,9780062868954,5
10150,9781529022049,5
10150,9798643660491,5
10150,9789357083003,5
10150,9789395192224,5
10150,9789356291379,5
10150,9789354929564,4
10150,9780008474362,3
10150,9781780896410,5
10150,9780349132860,4
10150,9789353768966,3
10150,9781542040464,3
10150,9789357087797,5
10150,9781925480535,4
10150,9781803144382,5
10150,9789373034386,4
10150,9781501190117,4
10150,9789354926716,4
10150,9789356999848,5
10150,9789354921490,4
10150,9788129144973,5
10150,9786020633916,5
10150,9781250902450,4
10150,9781681445038,3
10150,9789362055026,2
10150,9781501143106,3
10150,9780375703768,5
10150,9781623651442,5
10150,9781916277182,5
10150,9781680307672,5
10150,9781408826133,4
10150,9781442408944,4
10150,9781760788629,5
10150,9781087318844,3
10150,9781785139949,4
10150,9789356995697,3
10150,9780525559733,4
10150,9782280600705,4
10150,9781780874005,4
10150,9781471406454,4
10150,9789354407338,4
10150,9781473227996,4
10150,9780349437057,3
10150,9789356294561,2
10150,9781958388204,2
10150,9781509806102,3
10150,9789353050337,1
10150,9781571315991,2
10150,9780857360007,2
10150,9789395101028,2
10150,9780008276973,3
10150,9781607742456,3
10150,9781881373070,3
10150,9789063697174,3
10151,9789364554435,3
10151,9789357788496,5
10151,9789357787888,5
10151,9789356226623,4
10151,9789364550161,3
10151,9789364558594,4
10151,9789364555166,4
10151,9789364559584,5
10151,9789364557948,5
10151,9789364551090,5
10151,9789371268844,3
10151,9789364552424,5
10151,9789364559249,5
10151,9789356994713,2
10151,9781250880949,4
10151,9789387284944,3
10151,9789359584362,4
10151,9781264842292,5
10151,9781292420080,2
10151,9789373034386,1
10151,9781844775316,3
10152,9798675385850,5
10152,9780349437057,5
10152,9789356995697,4
10152,9781408865415,5
10152,9788193655603,5
10152,9789354402173,4
10152,9781250343178,5
10152,9781442408944,5
10152,9781760788629,5
10152,9780593438374,5
10152,9781471406454,5
10152,9781473227996,5
10152,9781387282258,4
10152,9781250902450,3
10152,9781408826133,5
10152,9781409181682,5
10152,9781780874005,4
10152,9780751583694,3
10152,9780671461492,5
10152,9789389931891,3
10152,9780349436982,5
10152,9789358568226,3
10152,9781916277182,5
10152,9780525559733,3
10152,9782280600705,5
10152,9781250855145,3
10152,9781681445038,5
10152,9781623651442,5
10152,9781635577716,4
10152,9781473228801,4
10152,9781471407772,4
10152,9781324095323,5
10152,9798855007664,3
10152,9780241502334,2
10152,9788027343164,5
10152,9781613125885,4
10152,9789354404771,3
10152,9780241379103,3
10152,9781943330973,3
10152,9789390093625,3
10152,9789388810630,3
10152,9781943330737,3
10152,9780141385259,2
10152,9789388369794,3
10152,9780140455113,1
10152,9780521779135,3
10152,9788194525974,3
10152,9780008564834,2
10152,9780071752114,2
10152,9781846046384,3
10153,9789354408380,5
10153,9780061899874,5
10153,9780190078973,5
10153,9788184007558,5
10153,9781612680569,5
10153,9798896327271,5
10153,9789355201287,5
10153,9781932429350,5
10153,9781647825621,5
10153,9780557083206,4
10153,9781804091043,5
10153,9789348098559,4
10153,9798995567004,4
10153,9788119792597,5
10153,9780975601464,5
10153,9780801563669,3
10153,9788128400483,4
10153,9780345472328,5
10153,9789390166275,4
10153,9780609504239,5
10153,9786155643071,5
10153,9789356400320,5
10153,9789352140046,5
10153,9789773772598,3
10153,9788119153442,3
10153,9781530830657,4
10153,9781982137274,5
10153,9780552167833,5
10153,9780385676519,5
10153,9781760985240,5
10153,9781400225415,5
10153,9781529350104,4
10153,9781846140556,5
10153,9780241983881,3
10153,9798556993747,3
10153,9781473535169,4
10153,9781509866113,4
10153,9780691263632,5
10153,9781982172008,5
10153,9798998801228,3
10153,9789362141613,4
10153,9781510019430,5
10153,9781473680371,4
10153,9781443460712,3
10153,9780486478999,5
10153,9780061745171,5
10153,9781473575608,2
10153,9781585095568,4
10153,9780141982410,4
10153,9781736049129,4
10153,9781260723106,3
10153,9781524704551,3
10153,9781492041108,4
10153,9789358569568,5
10153,9780063142381,4
10153,9780078022159,5
10153,9780857199096,5
10153,9798986406510,4
10153,9780771010439,5
10153,9789352837328,2
10153,9780593238295,5
10153,9781760630737,4
10153,9780199678112,5
10153,9780593653661,3
10153,9789350106013,3
10153,9789380658797,2
10153,9789353052058,1
10153,9798998582875,1
10153,9798894410067,2
10153,9789389931891,3
10153,9781471411632,3
10153,9780486811246,2
10154,9789390297306,4
10154,9789359981185,5
10154,9789327198010,5
10154,9789387604209,5
10154,9789313197133,5
10154,9789325798014,5
10154,9788173158759,5
10154,9789356344846,5
10154,9789390711956,4
10154,9789389480481,5
10154,9789325792708,3
10154,9789386298195,5
10154,9788178125367,4
10154,9789324192660,4
10154,9789359585314,5
10154,9789352036592,4
10154,9789355558930,4
10154,9789362258601,5
10154,9788173177941,3
10154,9789350127643,5
10154,9788178125046,5
10154,9789368402695,4
10154,9789350121665,5
10154,9789355641250,4
10154,9788178123684,3
10154,9798630240729,3
10154,9789389480474,5
10154,9789368900924,3
10154,9789359584362,5
10154,9780071775304,5
10154,9789325794917,5
10154,9781393638063,4
10154,9789386298225,5
10154,9788174822413,4
10154,9789359587615,5
10154,9789348203168,5
10154,9789350125175,3
10154,9781264842292,5
10154,9789386845641,5
10154,9789350127353,4
10154,9789387604513,5
10154,9789389480511,4
10154,9789327196504,5
10154,9789354881008,5
10154,9789388642101,5
10154,9789355216403,5
10154,9781260467369,4
10154,9789350123485,5
10154,9789390239207,3
10154,9789358897920,5
10154,9789350121276,5
10154,9788194742616,4
10154,9780534422004,4
10154,9780133356038,3
10154,9781621291657,4
10154,9780205982578,5
10154,9780593653661,3
10154,9788192107547,4
10154,9789357088978,4
10154,9789387284944,2
10154,9781328662057,4
10154,9780143456476,4
10154,9780349426129,4
10154,9780141982410,5
10154,9789357080248,4
10154,9781644295533,4
10154,9780198089131,4
10154,9781491952009,4
10154,9780521779135,3
10154,9780262046305,5
10154,9788175994140,4
10154,9781492032618,3
10154,9780747573616,1
10154,9781760295608,2
10154,9783526528227,1
10154,9781616770969,3
10154,9781440571541,3
10154,9789389243123,1
10154,9789364554435,1
10154,9789356994782,3
10154,9789895648962,3
10155,9781615931712,5
10155,9780786860708,5
10155,9789356813632,5
10155,9780992550714,4
10155,9789895648962,5
10155,9798652464264,3
10155,9789354922251,5
10155,9780307830630,5
10155,9780593449240,4
10155,9789354929748,5
10155,9789395101752,5
10155,9780399179006,5
10155,9781506721705,5
10155,9781476845623,4
10155,9798894755557,5
10155,9781472241467,4
10155,9781848420496,4
10155,9781477303733,4
10155,9781472297068,4
10155,9781524798666,4
10155,9781472261281,5
10155,9780671604295,5
10155,9780385339032,5
10155,9780198723097,4
10155,9781419743191,4
10155,9781472288561,5
10155,9781786013453,3
10155,9781472290694,4
10155,9789394168244,5
10155,9780144000265,5
10155,9780486811246,5
10155,9789354895845,4
10155,9783526528227,5
10155,9781408824856,5
10155,9781529413113,3
10155,9781938938160,4
10155,9789395101004,5
10155,9780525658146,5
10155,9780060391683,5
10155,9780874776942,3
10155,9781608685486,3
10155,9781616770969,4
10155,9781444724585,5
10155,9781338325591,5
10155,9789394168596,5
10155,9781501187636,5
10155,9780143452485,5
10155,9781089356400,3
10155,9789354927911,4
10155,9781648287510,5
10155,9781743791714,3
10155,9789356295384,5
10155,9780062748805,3
10155,9781509852840,4
10155,9780241283912,4
10155,9781399809665,5
10155,9789387779297,2
10155,9781593306458,4
10155,9781925307443,4
10155,9781419766374,5
10155,9789354929762,3
10155,9781405932677,4
10155,9781585429196,2
10155,9789354404528,1
10155,9781613125885,2
10155,9789352838363,1
10155,9789354928956,3
10155,9780133522853,3
10155,9781846048395,3
10155,9780205982578,3
10155,9780743200400,1
10156,9789362055026,5
10156,9781785139949,4
10156,9788026837169,5
10156,9780008123208,5
10156,9781087318844,4
10156,9780307957733,4
10156,9780486114132,4
10156,9789354402173,5
10156,9781846046384,5
10156,9789386651600,2
10156,9780385535502,4
10156,9780369348906,3
10156,9789354928284,4
10156,9780071433341,1
10156,9789389717303,1
10156,9789325794917,3
10156,9780747574477,1
10157,9780061745171,5
10157,9789355217103,5
10157,9789313168805,5
10157,9789390924219,4
10157,9781473535169,5
10157,9781804091043,4
10157,9780671472122,3
10157,9780231555074,4
10157,9780670069323,5
10157,9780984358106,4
10157,9781760985240,5
10157,9781982137274,5
10157,9781473680371,5
10157,9780307887917,3
10157,9789362141613,4
10157,9781846140556,5
10157,9781647825621,5
10157,9798893312010,5
10157,9788175994409,3
10157,9780975601464,3
10157,9781585426591,5
10157,9788119792597,5
10157,9780609504239,4
10157,9780241983881,5
10157,9780691263632,5
10157,9781509866113,4
10157,9780385676519,5
10157,9798556993747,4
10157,9789356991354,5
10157,9798896327271,4
10157,9781530830657,4
10157,9780552167833,5
10157,9798995567004,4
10157,9780063356733,5
10157,9786155643071,5
10157,9780593467428,5
10157,9780063497474,5
10157,9781625274502,5
10157,9789356296572,4
10157,9780615978628,5
10157,9781447261261,5
10157,9781510019430,4
10157,9780801563669,4
10157,9781491903117,5
10157,9781524704551,5
10157,9780349426129,5
10157,9781957999043,4
10157,9789356993327,3
10157,9789391028589,5
10157,9789357084987,4
10157,9789083023847,2
10157,9781847651310,4
10157,9788190619509,4
10157,9789358569568,3
10157,9780593715833,3
10157,9781548318468,4
10157,9781718502703,3
10157,9781473575608,4
10157,9780205982578,3
10157,9781594205071,2
10157,9780981951249,4
10157,9789390093625,2
10157,9781445158938,2
10157,9789380658797,1
10157,9780143474296,1
10157,9781408865415,3
10157,9781457420641,2
10157,9781399809665,1
10158,9780141321288,4
10158,9780141382913,5
10158,9780008411312,4
10158,9789388144025,5
10158,9780747573616,4
10158,9780008256944,5
10158,9798885782678,5
10158,9789354406522,5
10158,9789391234263,5
10158,9781250898456,5
10158,9789313196488,5
10158,9780593175002,3
10158,9781035034581,4
10158,9781631980138,4
10158,9781423162797,5
10158,9781526626691,5
10158,9798648372467,5
10158,9780143331513,4
10158,9780008588816,5
10158,9781368051446,4
10158,9780747574477,5
10158,9780545659024,3
10158,9781760295608,5
10158,9781958388204,5
10158,9780141347721,4
10158,9780141375663,3
10158,9789354404603,4
10158,9780241396957,5
10158,9781408834985,5
10158,9789352661190,3
10158,9780439128452,5
10158,9780694011100,5
10158,9781408354414,4
10158,9798295206443,3
10158,9780008333799,4
10158,9780143458005,3
10158,9789354403033,5
10158,9789354405167,5
10158,9780375968488,4
10158,9780141347752,4
10158,9781665904964,4
10158,9781984835376,3
10158,9780545030106,5
10158,9788194525905,5
10158,9781399809665,4
10158,9789388810609,3
10158,9781785139949,5
10158,9781580628556,3
10158,9781464234255,5
10158,9780671741907,5
10158,9781087318844,4
10158,9780307957733,3
10158,9781472298409,4
10158,9789365693102,3
10158,9781607742456,4
10158,9781408866115,5
10158,9789387779297,5
10158,9781603293525,3
10158,9789362055026,4
10158,9788026837169,2
10158,9780008123208,4
10158,9789393757029,3
10158,9789388369046,3
10158,9789395101752,3
10158,9789351860839,2
10158,9798652408466,2
10158,9781594205071,1
10158,9780557083206,3
10158,9780486478999,3
10159,9781805222088,5
10159,9780141986395,4
10159,9780525505105,5
10159,9798652408466,4
10159,9780525506287,3
10159,9780008564834,5
10159,9780465072996,5
10159,9781956769005,3
10159,9781944515683,4
10159,9781526645951,5
10159,9781668045572,5
10159,9781743791714,4
10159,9781839909979,4
10159,9789354923968,4
10159,9781612438634,4
10159,9798581186916,4
10159,9780399579721,5
10159,9789354895579,4
10159,9781419766374,3
10159,9781524744311,5
10159,9780008305550,4
10159,9798886500479,5
10159,9781426215889,5
10159,9789354927911,3
10159,9789353052058,5
10159,9780143452485,5
10159,9780857199539,5
10159,9781423662617,5
10159,9781668002841,4
10159,9781984861641,5
10159,9789354923500,5
10159,9781398717206,5
10159,9780752265629,5
10159,9780593582268,4
10159,9789063695330,4
10159,9780241552063,5
10159,9780062748805,5
10159,9780399579745,4
10159,9798894410067,5
10159,9798552053032,5
10159,9781784745011,4
10159,9780141908762,5
10159,9780062820341,5
10159,9781593306458,5
10159,9781984856623,5
10159,9781476744872,5
10159,9780525506263,3
10159,9789382573036,5
10159,9789354925931,4
10159,9781785040443,3
10159,9789356994782,4
10159,9781591842804,4
10159,9781443460712,4
10159,9781250865045,4
10159,9780691263632,3
10159,9781647825621,5
10159,9798998891816,3
10159,9789390924219,4
10159,9780670069323,3
10159,9789352140046,5
10159,9798893312010,3
10159,9781797221311,5
10159,9781982172008,3
10159,9789355201287,4
10159,9781625274502,3
10159,9781530830657,4
10159,9781491903117,5
10159,9780609504239,4
10159,9780801563669,4
10159,9780241396957,2
10159,9789327197402,2
10159,9781847651310,3
10159,9781510054585,2
10159,9780349122380,2
10159,9798893310962,3
10159,9780385484510,1
10159,9781611806885,2
10159,9781409181620,3
10160,9781802804966,3
10160,9781784745011,4
10160,9781419766374,3
10160,9781612438634,5
10160,9780752265629,3
10160,9781785040443,5
10160,9781847651402,5
10160,9781956769005,4
10160,9780380718153,5
10160,9781984856623,5
10160,9798552053032,4
10160,9781913682118,5
10160,9780399579721,4
10160,9780399579745,5
10160,9780062748805,4
10160,9780141908762,5
10160,9781743791714,5
10160,9789355208842,5
10160,9781780286136,4
10160,9780241371862,4
10160,9781524744311,5
10160,9781585429196,5
10160,9780143444626,5
10160,9780062820341,4
10160,9781944515683,5
10160,9789063697174,5
10160,9798894410067,4
10160,9781787830783,3
10160,9780718156848,5
10160,9781786898562,5
10160,9781398717206,4
10160,9780486272986,4
10160,9780593582268,5
10160,9780241283912,5
10160,9781405932677,5
10160,9781668045572,4
10160,9780241552063,4
10160,9798886500479,5
10160,9788120792128,5
10160,9789354923968,5
10160,9789354923500,4
10160,9781530728855,5
10160,9781520975672,5
10160,9780525505105,4
10160,9789354927911,4
10160,9781529401325,4
10160,9789390260041,5
10160,9780525506287,4
10160,9780857199096,3
10160,9791222454405,3
10160,9780061899874,5
10160,9781482850888,5
10160,9788184006490,3
10160,9780071433341,2
10160,9788175994409,3
10160,9789313168805,3
10160,9781473535169,4
10160,9780552167833,4
10160,9798896327271,3
10160,9788184007527,3
10160,9781647825621,3
10160,9788119153442,2
10160,9780557083206,4
10160,9798995567004,5
10160,9780385676519,2
10160,9781529350104,5
10160,9781681958071,2
10160,9789351035497,1
10160,9780143423928,3
10160,9780747570738,1
10160,9789388144025,3
10160,9789313197133,1
10160,9780241400708,3
10160,9781477303733,2
10161,9780871138002,5
10161,9780141910819,3
10161,9780691148182,4
10161,9781605203287,4
10161,9789358568172,5
10161,9789354927041,5
10161,9789354582233,4
10161,9780785850724,4
10161,9780143433163,4
10161,9788187107583,5
10161,9780670086399,3
10161,9789356618060,3
10161,9780670090433,4
10161,9781613824009,5
10161,9780140455113,4
10161,9781528774888,5
10161,9781405944465,4
10161,9789392510366,4
10161,9780140449280,5
10161,9781844670208,4
10161,9780141914527,5
10161,9781611806885,3
10161,9780143029892,5
10161,9788184750348,5
10161,9780691208015,3
10161,9780349122380,5
10161,9789389178111,4
10161,9780143474296,4
10161,9789354928284,4
10161,9781846046384,4
10161,9789354928703,4
10161,9789380676371,2
10161,9781399809665,5
10161,9789388810609,4
10161,9791041985326,4
10161,9798893310962,4
10161,9780743421041,4
10161,9780062250506,5
10161,9789358560572,2
10161,9781591845324,4
10161,9780241996324,4
10161,9781849545433,4
10161,9781881373070,5
10161,9789389647242,5
10161,9780062031525,5
10161,9789353050337,5
10161,9780143464617,5
10161,9780353275195,4
10161,9781580628556,4
10161,9781101970317,2
10161,9789358568264,3
10161,9789359584362,1
10161,9780786860708,1
10161,9781542040464,1
10161,9780199480173,3
10161,9789358566000,2
10161,9781805222088,3
10161,9789394407015,1
10161,9780231555074,3
10162,9780349132860,4
10162,9780062868954,5
10162,9781627792127,5
10162,9789395192224,4
10162,9789895648269,4
10162,9789354921490,3
10162,9798643660491,5
10162,9781529022049,3
10162,9781803144382,5
10162,9789356999848,5
10162,9781542040464,5
10162,9780008474362,5
10162,9789357083003,4
10162,9789814954853,5
10162,9781780896410,3
10162,9781925480535,4
10162,9789356291379,3
10162,9788129144973,5
10162,9781472154644,4
10162,9789373034386,5
10162,9781982179014,5
10162,9781681958071,4
10162,9789355430601,5
10162,9789357087797,5
10162,9789354926716,4
10162,9789353768966,5
10162,9789354929564,5
10162,9781501190117,5
10162,9786020633916,5
10162,9780349436982,3
10162,9781635577716,5
10162,9789354406249,4
10162,9780751583694,4
10162,9781681445038,3
10162,9781087318844,3
10162,9789380658797,4
10162,9798317901462,4
10162,9781442408944,5
10162,9781780874005,4
10162,9781760788629,5
10162,9781785766886,3
10162,9789362055026,3
10162,9780307957733,4
10162,9780593438374,4
10162,9780486784755,5
10162,9781501143106,3
10162,9780375703768,3
10162,9781250902450,4
10162,9781250343178,4
10162,9780008211905,3
10162,9780008724764,3
10162,9789358569568,3
10162,9789393757029,2
10162,9780393351385,3
10162,9781737475712,3
10162,9789327198010,3
10162,9780385676519,3
10162,9780141036731,2
10163,9780801563669,4
10163,9780241982280,4
10163,9788119153442,5
10163,9781473535169,5
10163,9798995567004,5
10163,9781416502494,4
10163,9780385676519,3
10163,9781591842804,4
10163,9780552167833,3
10163,9780670069323,5
10163,9788184007558,4
10163,9780063356733,3
10163,9789313168805,4
10163,9781510019430,3
10163,9781444792478,4
10163,9781529350104,5
10163,9789390166268,5
10163,9798556993747,4
10163,9788119792597,3
10163,9780345472328,5
10163,9780061899874,4
10163,9781932429350,4
10163,9780190078973,5
10163,9781846140556,5
10163,9789353043551,5
10163,9788184951332,5
10163,9780671472122,5
10163,9789355201287,5
10163,9781635576818,5
10163,9788190619509,4
10163,9789389802559,3
10163,9788186775219,3
10163,9780007547999,4
10163,9781492041917,2
10163,9789362143495,3
10163,9789387918573,2
10163,9780593653661,4
10163,9789356995260,3
10163,9781585095568,3
10163,9781405932677,3
10163,9780063087774,3
10163,9781460710876,2
10163,9789387669253,3
10163,9789357781831,3
10164,9781668002841,5
10164,9789354923500,5
10164,9789353056469,5
10164,9781847651402,3
10164,9780241552063,4
10164,9789354925931,5
10164,9789354927911,4
10164,9780525505105,5
10164,9781743791714,3
10164,9781981390816,5
10164,9780143444626,5
10164,9781913682118,5
10164,9780380718153,5
10164,9780465072996,5
10164,9789354923968,5
10164,9780718156848,3
10164,9781802804966,3
10164,9781419766374,4
10164,9781530728855,3
10164,9788196011802,3
10164,9781612438634,4
10164,9780752265629,5
10164,9781984861641,3
10164,9798581186916,4
10164,9781593306458,5
10164,9781944515683,5
10164,9780141908762,5
10164,9798886500479,3
10164,9781529401325,4
10164,9798652408466,3
10164,9780307887917,3
10164,9780670093946,4
10164,9789388241908,3
10164,9789358560381,5
10164,9780231555074,4
10164,9789083023861,3
10164,9780486478999,4
10164,9789356994782,3
10164,9780241982297,4
10164,9788119792597,3
10164,9781250865045,5
10164,9789395192224,2
10164,9786067892864,2
10164,9780241558300,2
10164,9780399179006,3
10164,9789388144971,3
10164,9789353063191,2
10165,9789352661190,4
10165,9781952535963,4
10165,9780141375663,4
10165,9780141352015,3
10165,9780008256944,5
10165,9781760295646,4
10165,9781943330744,3
10165,9780099470434,5
10165,9781509851577,5
10165,9781419751660,4
10165,9798885782678,3
10165,9788171672882,5
10165,9780143432845,5
10165,9781442430105,5
10165,9781965347126,5
10165,9781368024136,5
10165,9780241535141,4
10165,9780141339184,3
10165,9781338064520,4
10165,9780241787410,5
10165,9780140326710,3
10165,9780143497639,4
10165,9789354921360,5
10165,9781774882986,5
10165,9789388810630,4
10165,9780747574477,4
10165,9781796684834,4
10165,9789354406430,5
10165,9780008588816,4
10165,9789389053135,5
10165,9789389717303,4
10165,9789354405068,4
10165,9780547248288,5
10165,9789354405167,5
10165,9781943330058,5
10165,9781368051446,5
10165,9788183896771,5
10165,9789385990175,4
10165,9780141380933,4
10165,9781444935189,4
10165,9798648372467,4
10165,9781101916988,4
10165,9789390183555,3
10165,9789358568264,5
10165,9789357085885,4
10165,9781408834985,5
10165,9780143331513,5
10165,9781597020145,4
10165,9781524741730,5
10165,9789390183586,4
10165,9780143446019,5
10165,9789326191074,5
10165,9781524714758,3
10165,9789354407062,5
10165,9789388369138,5
10165,9789313196488,5
10165,9781338801934,3
10165,9781471418297,5
10165,9798855007664,5
10165,9780141373034,4
10165,9781760295608,4
10165,9789387779297,3
10165,9780062250506,4
10165,9780486114132,2
10165,9780062031525,3
10165,9780307957733,4
10165,9789388810609,4
10165,9781089356400,2
10165,9781509852840,3
10165,9789388810623,4
10165,9781643990026,3
10165,9781087318844,4
10165,9781464234255,5
10165,9781408866115,4
10165,9781472298409,4
10165,9780008123208,5
10165,9781433832161,4
10165,9781399809665,3
10165,9781785139949,5
10165,9781603293525,5
10165,9789365693102,3
10165,9781925307443,4
10165,9781580628556,5
10165,9788122300338,3
10165,9788194898832,2
10165,9781737475712,3
10165,9780751583694,3
10165,9781627792127,3
10165,9789391103231,1
10165,9789353456443,2
10165,9781264842292,2
10165,9780785850724,1
10165,9780062359803,3
10165,9781615931712,3
10166,9780143029892,4
10166,9789389178111,4
10166,9781405944465,5
10166,9781528774888,3
10166,9781844670208,4
10166,9780871138002,5
10166,9789392510366,5
10166,9780141914527,5
10166,9781613824009,5
10166,9788187107583,3
10166,9780143433163,5
10166,9780140449280,3
10166,9780691208015,5
10166,9780141910819,5
10166,9780785850724,3
10166,9789354582233,5
10166,9780691148182,4
10166,9781611806885,3
10166,9781605203287,3
10166,9780140455113,4
10166,9789358568172,3
10166,9788184750348,4
10166,9789356618060,5
10166,9780670086399,4
10166,9789354927041,3
10166,9780349122380,5
10166,9780670090433,5
10166,9789388810623,4
10166,9781501135910,3
10166,9789354926136,5
10166,9789354928703,3
10166,9781603293525,4
10166,9781849545433,4
10166,9781580628556,4
10166,9791041985326,5
10166,9788174368942,4
10166,9781643990026,4
10166,9781846048395,4
10166,9788190256209,4
10166,9789357027519,4
10166,9783956763182,4
10166,9780718188863,2
10166,9789353050337,3
10166,9789358560572,3
10166,9781472298409,4
10166,9780143464617,4
10166,9789391149291,5
10166,9780385484510,3
10166,9789386651600,4
10166,9781492041108,2
10166,9789362143495,2
10166,9780134610993,3
10166,9789388070973,3
10166,9780857199539,1
10166,9789352140046,3
10166,9789390166275,3
10166,9788178123684,1
10166,9789389432688,2
10166,9789394407015,3
10167,9789388144957,5
10167,9780545935456,4
10167,9789350105702,5
10167,9781250898456,5
10167,9781509851553,4
10167,9781509808328,4
10167,9780241244432,5
10167,9789389717259,5
10167,9789354404542,5
10167,9781368024136,4
10167,9781101916988,5
10167,9781408349045,5
10167,9780593485019,5
10167,9781444924848,4
10167,9780747591085,4
10167,9781780552491,5
10167,9789390183548,5
10167,9789358569865,4
10167,9780143432845,3
10167,9789387779723,4
10167,9780241252673,3
10167,9780143455370,5
10167,9780141347684,5
10167,9789387779761,5
10167,9780141321288,5
10167,9780747573616,5
10167,9789354403668,5
10167,9780140326710,5
10167,9780545030106,5
10167,9781409306689,3
10167,9789357085885,5
10167,9789354406430,5
10167,9788194525905,5
10167,9780545393461,4
10167,9780747574477,4
10167,9781952535963,5
10167,9788129141996,5
10167,9798523085741,4
10167,9781665904964,5
10167,9781087318844,2
10167,9781607742456,4
10167,9781472298409,5
10167,9781408866115,3
10167,9781603293525,4
10167,9788026837169,4
10167,9780008123208,4
10167,9780307957733,3
10167,9780671741907,5
10167,9789388810609,4
10167,9788122300338,5
10167,9781925307443,3
10167,9781433832161,4
10167,9789362055026,5
10167,9789388810623,4
10167,9780063497474,2
10167,9781846048395,1
10167,9781398717206,3
10167,9781786013453,1
10167,9781520975672,2
10167,9789356991354,3
10168,9780141335742,5
10168,9781952535963,5
10168,9789389717303,4
10168,9781726216777,5
10168,9789352661190,3
10168,9780141380933,5
10168,9781509851553,5
10168,9780141373034,5
10168,9781444958201,5
10168,9781984835376,4
10168,9789388369022,4
10168,9780141381497,4
10168,9789354404924,5
10168,9789385273896,3
10168,9781408855911,5
10168,9780008156312,3
10168,9781464234255,5
10168,9789387779297,3
10168,9789388810623,4
10168,9781433832161,4
10168,9781399809665,5
10168,9789362055026,4
10168,9789355014467,3
10168,9780143464617,2
10168,9780143445258,2
10168,9780718156848,2
10169,9798998891816,5
10169,9780857199096,3
10169,9781588361738,3
10169,9789358569018,3
10169,9781797221311,4
10169,9789356993327,5
10169,9789353451714,5
10169,9780981951249,5
10169,9781668069530,4
10169,9789351772071,5
10169,9781647390983,4
10169,9789388241908,3
10169,9789083023861,3
10169,9781668065969,5
10169,9789083023847,5
10169,9781529902402,4
10169,9789390914227,5
10169,9789354928758,4
10169,9789358560381,3
10169,9781760630737,5
10169,9789358569568,5
10169,9781548318468,5
10169,9780593512296,4
10169,9781524704551,5
10169,9798986406510,4
10169,9788186775219,3
10169,9781585095568,5
10169,9789387944763,3
10169,9789356997790,4
10169,9789357084987,3
10169,9780385468473,5
10169,9789773772598,4
10169,9798893312010,4
10169,9798894410067,4
10169,9798896327271,5
10169,9781419764394,3
10169,9780557083206,4
10169,9781529350104,2
10169,9781982137274,4
10169,9780525506287,5
10169,9781804091043,4
10169,9781423662617,2
10169,9780141908762,4
10169,9791222454405,5
10169,9781473535169,2
10169,9781786898562,5
10169,9781530728855,3
10169,9781585426591,4
10169,9780241983881,4
10169,9781509866113,4
10169,9788120725249,1
10169,9781958388952,1
10169,9780198089131,2
10169,9780063087774,3
10169,9781737475712,3
10169,9781613824009,3
10169,9780133489903,2
10169,9781635576818,3
10169,9781444724585,3
10170,9789391818715,5
10170,9780470695197,5
10170,9781394251575,5
10170,9788177588989,5
10170,9788131710265,5
10170,9780321972101,5
10170,9788185749754,3
10170,9788131721018,5
10170,9788131762189,3
10170,9780387310732,3
10170,9788121924375,5
10170,9781524748258,5
10170,9781718502345,4
10170,9789352838363,4
10170,9781292023946,3
10170,9780133356038,4
10170,9783950485417,5
10170,9781118476734,5
10170,9780073380575,3
10170,9780198089131,4
10170,9780077496128,3
10170,9781292026565,4
10170,9789355014467,5
10170,9781119770763,3
10170,9781292420080,3
10170,9781316632932,5
10170,9780486434841,5
10170,9788121924962,5
10170,9781644295533,4
10170,9788121939096,5
10170,9789363486317,5
10170,9780593238295,4
10170,9781847651310,4
10170,9781718502703,4
10170,9789356995536,4
10170,9781957999043,3
10170,9780007547999,4
10170,9781101970317,3
10170,9781594205071,3
10170,9788194742616,4
10170,9789325792708,4
10170,9788176561068,4
10170,9789356994287,4
10170,9789356993082,2
10170,9780771010439,3
10170,9789688802052,4
10170,9789350125175,2
10170,9781449331443,3
10170,9780199480173,2
10170,9789354881008,5
10170,9781571315991,3
10170,9780593715833,4
10170,9781447261261,2
10170,9781742624068,3
10170,9789356294561,2
10170,9789354404689,2
10170,9780593582268,1
10170,9780349132860,1
10170,9780743421041,3
10170,9789353768966,3
10170,9781529401325,2
10170,9780349436982,2
10171,9781482850888,5
10171,9780753550663,4
10171,9780552167833,5
10171,9798893312010,5
10171,9780753555637,5
10171,9789356994782,5
10171,9788119153442,3
10171,9780063356733,3
10171,9789356991354,4
10171,9789389109849,3
10171,9789390378548,4
10171,9791222454405,5
10171,9781804091043,5
10171,9780071433341,4
10171,9781647825621,5
10171,9781585426591,5
10171,9789390924219,4
10171,9781668065969,5
10171,9781585095568,5
10171,9780593593967,5
10171,9780349426129,4
10171,9789390914227,4
10171,9780078022098,4
10171,9781405932677,3
10171,9789350106013,2
10171,9781484469064,3
10171,9781925480535,1
10172,9788185749754,5
10172,9788131710265,5
10172,9780073380575,5
10172,9789352838363,4
10172,9788121939096,5
10172,9789391818715,4
10172,9781292420080,4
10172,9789355014467,5
10172,9780198089131,5
10172,9781718502345,5
10172,9781316632932,4
10172,9781118476734,3
10172,9788131721018,5
10172,9781119770763,4
10172,9780133356038,5
10172,9780321972101,5
10172,9781292023946,5
10172,9780387310732,4
10172,9780077496128,3
10172,9781492032618,3
10172,9780593593967,5
10172,9789325794917,4
10172,9788192107547,5
10172,9780199480173,5
10172,9781260723106,5
10172,9789389480481,4
10172,9780062868954,2
10172,9781409306689,2
10172,9789393757029,1
10172,9781623651442,3
10173,9789364554435,5
10173,9789364551090,5
10173,9789357781831,4
10173,9789364550161,5
10173,9789357787888,4
10173,9789364551854,5
10173,9789357788496,3
10173,9789364555166,3
10173,9789364559249,4
10173,9789364552424,5
10173,9789364558594,5
10173,9789356225985,3
10173,9789356226623,4
10173,9789364559584,4
10173,9789375615668,5
10173,9789371268844,5
10173,9789371268219,5
10173,9789357785556,5
10173,9789357785952,4
10173,9789371262255,4
10173,9789364550093,5
10173,9789364557948,4
10173,9789368402695,3
10173,9780593238295,3
10173,9789325794917,4
10173,9789324192660,4
10173,9789394407015,3
10173,9780199678112,4
10173,9789358897920,3
10173,9781492032618,3
10173,9789350127353,3
10173,9781635576818,2
10173,9789354404191,2
10173,9789390924219,3
10173,9780140455113,3
10173,9780141380933,3
10173,9789358560572,3
10173,9789355014467,3
10174,9789354402173,3
10174,9781760788629,4
10174,9781250343178,3
10174,9788193655603,5
10174,9780375703768,4
10174,9780751583694,5
10174,9789353451882,5
10174,9782280600705,5
10174,9781635577716,5
10174,9789389931891,5
10174,9780385535502,3
10174,9781916277182,4
10174,9798317901462,3
10174,9789380658797,3
10174,9781785766886,5
10174,9781623651442,5
10174,9781250902450,5
10174,9780593438374,5
10174,9780671461492,4
10174,9789358568226,5
10174,9781471406454,5
10174,9781409181682,5
10174,9781681445038,5
10174,9781542046152,5
10174,9780349436982,3
10174,9781473227996,5
10174,9780349437057,5
10174,9780525559733,5
10174,9789362145369,4
10174,9789354406249,5
10174,9780486784755,5
10174,9781408826133,5
10174,9789362140258,3
10174,9789357316354,3
10174,9781501143106,5
10174,9781471407772,4
10174,9781780874005,5
10174,9789356995697,5
10174,9798675385850,5
10174,9781387282258,5
10174,9781408865415,4
10174,9781680307672,3
10174,9789356294561,5
10174,9781473228801,5
10174,9781442408944,5
10174,9783689951016,4
10174,9781324095323,3
10174,9789354407338,3
10174,9781250855145,4
10174,9789354407062,4
10174,9789391234263,3
10174,9781408855911,5
10174,9780307957733,2
10174,9780545030106,5
10174,9781444958201,4
10174,9781481422192,5
10174,9780747573616,4
10174,9780141347684,4
10174,9780241379141,3
10174,9789388369060,3
10174,9789362055026,4
10174,9780573700323,4
10174,9781534451360,3
10174,9798855068740,3
10174,9780723296232,5
10174,9798217124541,3
10174,9781432869496,2
10174,9781984835376,4
10174,9798217042760,4
10174,9789385273896,4
10174,9780008123208,4
10174,9789354405365,3
10174,9781943330614,4
10174,9780992550714,1
10174,9798643660491,2
10174,9788186775219,3
10174,9780071433341,2
10174,9789388642101,3
10174,9781501135910,3
10174,9789358560381,3
10174,9781250880949,3
10174,9788184007558,1
10174,9789389647242,2
10175,9798317901462,5
10175,9780349437057,5
10175,9780375703768,5
10175,9780385535502,5
10175,9781681445038,5
10175,9781680307672,4
10175,9789389931891,5
10175,9781542046152,4
10175,9781471406454,5
10175,9781780874005,4
10175,9788193655603,5
10175,9782280600705,4
10175,9781408865415,4
10175,9781501143106,5
10175,9781635577716,5
10175,9781473228801,5
10175,9781623651442,4
10175,9781760788629,4
10175,9789356995697,4
10175,9780593438374,5
10175,9789358568226,5
10175,9780671461492,5
10175,9781408826133,5
10175,9780525559733,5
10175,9781473227996,5
10175,9789362140258,4
10175,9780486784755,5
10175,9789354406249,5
10175,9781250855145,4
10175,9789356294561,4
10175,9780349436982,4
10175,9789354402173,5
10175,9798885780889,3
10175,9788993055030,2
10175,9780008333799,4
10175,9789390183548,5
10175,9789354921360,3
10175,9789313196488,2
10175,9781338554274,5
10175,9789354403033,5
10175,9789352769261,3
10175,9781524741730,4
10175,9781443124911,2
10175,9781771672450,5
10175,9789388241908,1
10175,9789394168596,3
10175,9781802805567,3
10175,9781668065969,1
10175,9780063142381,3
10175,9798986406510,3
10176,9789354923678,3
10176,9798893310962,4
10176,9788190256209,4
10176,9788120725249,4
10176,9780369348906,3
10176,9781846046384,5
10176,9781471411533,4
10176,9789354928284,5
10176,9780743200400,5
10176,9789358560572,5
10176,9789354409660,4
10176,9780143443155,5
10176,9781846048395,5
10176,9781401937539,5
10176,9789386651600,5
10176,9789354926136,4
10176,9789380676371,5
10176,9780718188863,5
10176,9789354926709,5
10176,9789356993563,5
10176,9789351180555,5
10176,9781804090633,3
10176,9781580628556,3
10176,9781408866115,4
10176,9781433832161,4
10176,9781925307443,2
10176,9781528774888,5
10176,9780998203492,4
10176,9789388810609,4
10176,9781613824009,3
10176,9789356296572,1
10176,9788178125367,3
10176,9789371262255,2
10176,9780140326710,2
10176,9780143456476,1
10177,9781785139949,4
10177,9780307957733,5
10177,9789362055026,3
10177,9780008123208,5
10177,9788026837169,5
10177,9781087318844,5
10177,9780486114132,4
10177,9789354923678,5
10177,9780349437057,4
10177,9789353769819,4
10177,9781623651442,5
10177,9789357027519,4
10177,9789354407338,4
10177,9791041985326,4
10177,9789356997110,4
10177,9781846046384,4
10177,9781681445038,4
10177,9781408865415,5
10177,9781409181682,5
10177,9781408826133,5
10177,9789354926709,3
10177,9782280600705,4
10177,9781881373070,4
10177,9789358560572,3
10177,9781250343178,4
10177,9781501135910,4
10177,9789362053206,5
10177,9789389931891,3
10177,9789354402173,3
10177,9780385535502,3
10177,9780241440667,1
10177,9781585095568,1
10177,9781368098281,1
10177,9781635576818,3
10177,9789394168596,3
10177,9781529413113,1
10177,9781529937381,1
10177,9780063087774,2
10177,9789354927041,3
10177,9789350125175,1
10178,9780393351385,5
10178,9781501187636,5
10178,9781780936383,5
10178,9781472290694,5
10178,9781495011351,4
10178,9789395101011,4
10178,9786067892864,4
10178,9789356810822,4
10178,9789394168244,3
10178,9780141035819,3
10178,9781984897398,3
10178,9781781105528,5
10178,9780141906270,5
10178,9789395101752,5
10178,9781616770969,5
10178,9789390678587,5
10178,9781529413113,5
10178,9781472288561,3
10178,9781733989633,5
10178,9781472261281,5
10178,9789357086882,5
10178,9781848420496,4
10178,9781636406886,5
10178,9781647291495,5
10178,9789394168596,3
10178,9781408824856,4
10178,9789356811621,4
10178,9789395101028,3
10178,9780241400708,5
10178,9780008276973,4
10178,9789388689786,5
10178,9789387669253,4
10178,9781524798666,5
10178,9781457420641,5
10178,9781409181620,5
10178,9798894755557,5
10178,9781786013453,5
10178,9781802805567,5
10178,9780063087774,4
10178,9780786860708,5
10178,9789356813472,5
10178,9781035031580,4
10178,9781608685486,4
10178,9780593500774,5
10178,9789391149758,5
10178,9781447439332,4
10178,9780992550714,5
10178,9780140127225,5
10178,9780883960165,5
10178,9780144000265,3
10178,9781476845623,5
10178,9780571235568,5
10178,9781510054585,3
10178,9780143448990,5
10178,9781444724585,5
10178,9780874776942,5
10178,9789356811096,3
10178,9781506721705,4
10178,9781338325591,4
10178,9780198604181,5
10178,9781472241467,5
10178,9780718156848,4
10178,9781509852840,4
10178,9789354929762,4
10178,9780486272986,4
10178,9781476744872,3
10178,9780008305550,4
10178,9781743791714,4
10178,9798652408466,3
10178,9781956769005,4
10178,9781580628556,3
10178,9781529401325,5
10178,9781593306458,3
10178,9781786898562,2
10178,9788122300260,4
10178,9780525506263,4
10178,9781464234255,5
10178,9780141986395,4
10178,9780380718153,4
10178,9780752265629,5
10178,9789354925931,3
10178,9781784745011,3
10178,9789353052058,2
10178,9780857199539,4
10178,9789390924219,2
10178,9781529350104,1
10178,9781368002073,3
10178,9789388369022,2
10178,9788175994409,2
10178,9781529937381,3
10178,9798986406510,3
10178,9780984358106,3
10178,9789356291379,2
10178,9780670090433,2
10179,9789390914227,5
10179,9789354928758,5
10179,9780857199096,4
10179,9780593512296,5
10179,9789083023861,5
10179,9781585095568,5
10179,9781529902402,4
10179,9781588361738,4
10179,9789387944763,5
10179,9781668065969,3
10179,9789353451714,3
10179,9789083023847,5
10179,9789388241908,4
10179,9781524704551,5
10179,9789356993327,3
10179,9789358569568,5
10179,9780241283912,2
10179,9781529401325,5
10179,9780670069323,4
10179,9781982137274,3
10179,9798848621181,3
10179,9789354923968,3
10179,9780141347752,1
10179,9781408869161,2
10179,9789357082594,2
10180,9780593512296,3
10180,9789354928758,5
10180,9789083023847,5
10180,9781529902402,3
10180,9781585095568,5
10180,9789356993327,5
10180,9789388241908,4
10180,9780857199096,5
10180,9781668065969,5
10180,9789351772071,3
10180,9788186775219,5
10180,9798986406510,4
10180,9781797221311,5
10180,9789358560381,5
10180,9781668069530,5
10180,9789083023861,5
10180,9781588361738,5
10180,9780981951249,5
10180,9789353451714,5
10180,9781491903117,3
10180,9781786898562,5
10180,9791222454405,4
10180,9780557083206,3
10180,9781898130017,4
10180,9781944515683,3
10180,9781508672197,4
10180,9781492041917,1
10180,9781718502703,3
10180,9780670086399,1
10180,9789354403033,2
10181,9789351180555,5
10181,9781846048395,5
10181,9789356993563,5
10181,9789354923678,5
10181,9789354928284,4
10181,9789351187301,4
10181,9789351860839,3
10181,9781804090633,5
10181,9781401937539,5
10181,9781471411465,5
10181,9780369348906,3
10181,9789362053206,5
10181,9789380676371,5
10181,9789388369046,5
10181,9780385484510,5
10181,9781849545433,5
10181,9780670090303,5
10181,9781501135910,5
10181,9788190256209,5
10181,9789386651600,4
10181,9789353050337,4
10181,9780143423928,4
10181,9780143474296,5
10181,9781591845324,5
10181,9788174368942,4
10181,9789357027519,5
10181,9781471411533,5
10181,9780143443155,3
10181,9781471411632,3
10181,9789354928956,3
10181,9789391149291,3
10181,9780353275195,3
10181,9789389647242,4
10181,9781848317680,5
10181,9789389243123,3
10181,9789354926709,3
10181,9789353456443,5
10181,9798893310962,5
10181,9780241996324,5
10181,9789354409660,3
10181,9781953953247,4
10181,9783956763182,5
10181,9789358560572,5
10181,9781846046384,3
10181,9788120725249,4
10181,9789354928703,5
10181,9780143464617,5
10181,9789354926136,5
10181,9781881373070,5
10181,9780718188863,4
10181,9789353769819,5
10181,9789355219244,5
10181,9789390652457,4
10181,9791041985326,5
10181,9789354894459,3
10181,9780743200400,5
10181,9780141986005,5
10181,9789356997110,5
10181,9788119989898,5
10181,9789356618060,5
10181,9788184750348,4
10181,9780691208015,3
10181,9781605203287,4
10181,9781433832161,4
10181,9780062031525,2
10181,9780998203492,4
10181,9780670086399,3
10181,9780143433163,5
10181,9780349122380,5
10181,9788122300260,4
10181,9789389178111,5
10181,9781509852840,2
10181,9780140455113,5
10181,9789387779297,4
10181,9781405944465,4
10181,9788122300338,5
10181,9780671741907,3
10181,9781611806885,4
10181,9780743421041,3
10181,9789354582233,3
10181,9781603293525,4
10181,9781408866115,4
10181,9780571235568,3
10181,9789356995260,3
10181,9781419743191,3
10181,9780141347721,1
10181,9780321972101,2
10181,9789350127353,3
10181,9789356999848,3
10181,9780874776942,3
10181,9789773772598,3
10181,9780007547999,3
10182,9789388241908,3
10182,9788186775219,5
10182,9780981951249,5
10182,9789354928758,5
10182,9789390914227,5
10182,9781668065969,5
10182,9789358569568,5
10182,9780857199096,5
10182,9789083023847,5
10182,9780593512296,5
10182,9789387944763,5
10182,9789358560381,4
10182,9781647390983,5
10182,9798998891816,5
10182,9789358569018,3
10182,9781529902402,4
10182,9781585095568,5
10182,9781588361738,4
10182,9789356993327,4
10182,9789351772071,5
10182,9781668069530,5
10182,9781548318468,4
10182,9798986406510,5
10182,9789356997790,5
10182,9781797221311,5
10182,9781524704551,5
10182,9781760630737,3
10182,9789083023861,5
10182,9789357084987,5
10182,9789353451714,4
10182,9781984856623,4
10182,9780670069323,4
10182,9781913682118,4
10182,9780062359803,4
10182,9780486478999,3
10182,9789352140046,5
10182,9789390924219,4
10182,9781805222088,2
10182,9781982172008,5
10182,9780062820341,4
10182,9780241983881,5
10182,9789389109849,5
10182,9789362141613,4
10182,9781944515683,5
10182,9780486272986,5
10182,9780984358106,4
10182,9789313168805,5
10182,9781471729034,3
10182,9781743791714,3
10182,9798995567004,4
10182,9781780286136,2
10182,9781443124911,2
10182,9789354926709,2
10182,9789357080248,3
10182,9781943330737,1
10182,9781457420641,1
10182,9780593083888,3
10182,9798317901462,2
10182,9781476845623,2
10182,9789389647242,3
10182,9781405944465,2
10183,9789362143495,5
10183,9789356994287,3
10183,9781621291657,5
10183,9780141982410,5
10183,9780133522853,5
10183,9780063142381,4
10183,9781492041917,4
10183,9788192107547,5
10183,9788175994140,5
10183,9788126579907,3
10183,9781328662057,4
10183,9780071752114,3
10183,9780199678112,5
10183,9781847651310,4
10183,9789387918573,4
10183,9788177587654,5
10183,9780205982578,4
10183,9781492041108,5
10183,9789356994713,4
10183,9780984782857,4
10183,9783804639126,5
10183,9789353063191,4
10183,9789390327539,5
10183,9788177228366,4
10183,9780593715833,5
10183,9781292405513,5
10183,9781594205071,5
10183,9789357080248,5
10183,9780143456476,4
10183,9789387284944,4
10183,9788121906548,5
10183,9789391724948,5
10183,9781260723106,5
10183,9781635576818,4
10183,9789325794917,4
10183,9781524748258,4
10183,9781718502345,4
10183,9789313197133,4
10183,9788177588989,5
10183,9789389480511,5
10183,9789350125175,4
10183,9781260467369,5
10183,9788178125367,4
10183,9789358897920,5
10183,9789355216403,4
10183,9789391818715,4
10183,9780071775304,4
10183,9789387779730,1
10183,9789354926709,2
10183,9789388144940,2
10183,9789360876357,2
10183,9786155643071,3
10183,9781405932677,3
10184,9781615931712,5
10184,9780786860708,5
10184,9781781105528,5
10184,9781444724585,5
10184,9783836531542,5
10184,9789356811058,4
10184,9780465093069,5
10184,9781472290694,5
10184,9789395101011,4
10184,9781839647338,4
10184,9781472241467,4
10184,9789394168510,5
10184,9781510054585,4
10184,9780486811246,5
10184,9780008276973,4
10184,9789356810822,5
10184,9780385339032,5
10184,9781910695050,4
10184,9780399179006,5
10184,9781804182529,5
10184,9789395101677,4
10184,9781803093178,5
10184,9781472297068,4
10184,9781419743191,4
10184,9781035031580,5
10184,9780060391683,5
10184,9781733989633,3
10184,9781457420641,5
10184,9781338325591,4
10184,9780008276942,5
10184,9781616770969,3
10184,9781953884992,5
10184,9780992550714,4
10184,9781780936383,5
10184,9781529413113,4
10184,9781472288561,5
10184,9780144000265,4
10184,9780307830630,5
10184,9780593500774,5
10184,9781785040443,3
10184,9780752265629,4
10184,9781423662617,5
10184,9780062250506,4
10184,9789360876357,2
10184,9780525505105,5
10184,9780241552063,5
10184,9798894410067,4
10184,9781433832161,4
10184,9789354923968,4
10184,9780399579745,3
10184,9780008305550,5
10184,9780593582268,3
10184,9780525506287,4
10184,9780486272986,2
10184,9780349426129,1
10184,9781250898456,2
10184,9781881373070,2
10184,9788184754179,2
10184,9789354402173,3
10184,9780670069323,3
10185,9780241400708,4
10185,9780747548409,5
10185,9781938938160,5
10185,9789395101752,5
10185,9780451527318,4
10185,9780144000265,4
10185,9781408824856,3
10185,9786067892864,4
10185,9780593449240,5
10185,9789356810822,5
10185,9781803093178,4
10185,9789895648962,4
10185,9781439107393,5
10185,9781035031580,5
10185,9781786013521,4
10185,9780008276973,5
10185,9781647291495,3
10185,9781440571541,4
10185,9789356811096,5
10185,9781506721705,5
10185,9781472297068,4
10185,9781472290694,4
10185,9781781105528,4
10185,9781510054585,4
10185,9780883960165,4
10185,9780307830630,5
10185,9780874776942,3
10185,9781780936383,5
10185,9781477303733,5
10185,9783526528227,5
10185,9780198723097,5
10185,9788194898832,5
10185,9780671604295,4
10185,9789388070973,5
10185,9781593306458,3
10185,9781471729034,4
10185,9781898130017,4
10185,9781426215889,4
10185,9781668002841,4
10185,9780241371862,5
10185,9781520975672,5
10185,9789353052058,5
10185,9781913682118,4
10185,9781925307443,5
10185,9781433832161,5
10185,9780380718153,3
10185,9781805222088,4
10185,9789354402005,2
10185,9789354400889,3
10185,9781087318844,3
10185,9780771010439,2
10185,9781250343178,3
10185,9789358560381,3
10186,9789354926709,4
10186,9780385484510,4
10186,9789351860839,3
10186,9791041985326,4
10186,9788120725249,4
10186,9781401937539,5
10186,9789354926136,5
10186,9781849545433,3
10186,9780670090303,5
10186,9789353769819,4
10186,9780141986005,5
10186,9789353050337,5
10186,9789390652457,5
10186,9780143423928,5
10186,9781471411533,3
10186,9781804090633,3
10186,9789354928284,5
10186,9789389647242,4
10186,9788190256209,4
10186,9781881373070,4
10186,9781471411632,4
10186,9789354928703,5
10186,9781501135910,5
10186,9781607742456,4
10186,9780998203492,2
10186,9789389178111,3
10186,9788122300260,3
10186,9780671741907,3
10186,9781528774888,4
10186,9780670090433,3
10186,9788122300338,4
10186,9781844670208,4
10186,9781328662057,1
10186,9789354926716,3
10186,9789360876357,3
10186,9781444792478,2
10187,9789354921490,5
10187,9798643660491,3
10187,9789357087797,4
10187,9780062868954,5
10187,9789373034386,3
10187,9780008474362,5
10187,9789357083003,5
10187,9789356999848,5
10187,9781542040464,4
10187,9789355430601,5
10187,9781627792127,4
10187,9789356291379,4
10187,9781501190117,5
10187,9789354929564,5
10187,9781803144382,4
10187,9788129144973,4
10187,9781472154644,5
10187,9781780896410,5
10187,9780349132860,5
10187,9781925480535,5
10187,9781681958071,5
10187,9789895648269,5
10187,9789354926716,4
10187,9781529022049,5
10187,9789395192224,4
10187,9781982179014,4
10187,9789814954853,5
10187,9789353768966,4
10187,9786020633916,5
10187,9780593438374,3
10187,9780307957733,5
10187,9781408826133,4
10187,9780525559733,4
10187,9781087318844,5
10187,9789380658797,5
10187,9780008123208,4
10187,9781681445038,4
10187,9788026837169,3
10187,9780751583694,5
10187,9780349437057,4
10187,9780671461492,4
10187,9781916277182,4
10187,9789354402173,4
10187,9781938938160,3
10187,9781805222088,1
10187,9780753550663,2
10187,9781846048395,3
10187,9781529350104,2
10187,9780140449280,2
10187,9781718502703,3
10188,9789389480511,5
10188,9789386298225,4
10188,9781393638063,5
10188,9789325792708,4
10188,9788178123684,5
10188,9789313197133,5
10188,9788174822413,5
10188,9780071775304,3
10188,9789325798014,5
10188,9789390711956,5
10188,9789389480481,4
10188,9788178125367,5
10188,9789355641250,5
10188,9789368900924,5
10188,9781260467369,4
10188,9789327198010,3
10188,9788173158759,5
10188,9789359584362,4
10188,9789325794917,5
10188,9781264842292,4
10188,9788194742616,5
10188,9789350127353,5
10188,9789355558930,4
10188,9789350123485,5
10188,9789386298195,5
10188,9789368402695,3
10188,9788173177941,3
10188,9789350125175,5
10188,9789362258601,4
10188,9789350121276,4
10188,9798630240729,5
10188,9789359585314,3
10188,9789324192660,4
10188,9789390297306,4
10188,9789350121665,5
10188,9789359587615,5
10188,9789386845641,5
10188,9789388642101,5
10188,9789390239207,5
10188,9780593238295,5
10188,9789391103231,5
10188,9780078022098,5
10188,9788122415520,5
10188,9780141982410,4
10188,9789347231902,4
10188,9789352837328,4
10188,9781571315991,4
10188,9789356994669,2
10188,9781292023946,4
10188,9781101970317,3
10188,9780007547999,2
10188,9788190619509,5
10188,9781250404855,4
10188,9781492032618,4
10188,9789356295513,3
10188,9789386651600,3
10188,9780241552063,1
10188,9780062250506,3
10188,9789354406522,1
10188,9780465072996,1
10189,9780307957733,3
10189,9789362055026,4
10189,9780008123208,5
10189,9781087318844,5
10189,9780486114132,3
10189,9788026837169,3
10189,9781785139949,5
10189,9789380676371,2
10189,9780349436982,3
10189,9781623651442,2
10189,9789357027519,3
10189,9781542046152,3
10189,9781250902450,3
10189,9781471411533,5
10189,9780992550714,1
10189,9798523085741,3
10189,9789354403385,2
10189,9788178125367,1
10190,9789354401596,3
10190,9798855068740,5
10190,9781534451360,3
10190,9781771672450,4
10190,9780723296232,5
10190,9781780555409,5
10190,9781035034581,3
10190,9789354400889,4
10190,9789354921360,5
10190,9781631980138,5
10190,9781408354414,4
10190,9781101916988,5
10190,9781732626508,5
10190,9780008411312,4
10190,9780345453747,4
10190,9780316480802,5
10190,9789350106013,3
10190,9789389432428,4
10190,9781368098281,3
10190,9781443124911,5
10190,9789354406430,5
10190,9781965347676,5
10190,9781419741999,5
10190,9781250076977,3
10190,9789354403514,3
10190,9781960507938,4
10190,9789358569865,5
10190,9788171672882,4
10190,9789358568264,4
10190,9780007260478,5
10190,9789353057640,5
10190,9781408834985,4
10190,9789354403279,5
10190,9789389432350,5
10190,9780723281221,5
10190,9798217124541,4
10190,9789354404498,5
10190,9789390183005,4
10190,9780141321288,5
10190,9789388144056,5
10190,9789388810746,4
10190,9781405298612,5
10190,9789389717259,5
10190,9789354404771,3
10190,9789388369060,5
10190,9798855015096,3
10190,9781742624068,5
10190,9780241379103,5
10190,9780241583159,4
10190,9781742768670,5
10190,9789387779297,5
10190,9781087318844,5
10190,9781607742456,5
10190,9781472298409,3
10190,9781089356400,3
10190,9781580628556,3
10190,9781603293525,4
10190,9780062250506,3
10190,9789388810609,5
10190,9780008123208,4
10190,9781433832161,3
10190,9780307957733,5
10190,9780671741907,2
10190,9780743421041,3
10190,9781464234255,3
10190,9788026837169,3
10190,9781509852840,3
10190,9789388810623,2
10190,9780062031525,3
10190,9781416502494,3
10190,9781591842804,2
10190,9789354926716,3
10190,9781529022049,1
10190,9780609504239,1
10190,9781473575608,2
10190,9789352140046,1
10190,9781443460712,1
10190,9781472290694,3
10191,9798986406510,5
10191,9789358560381,5
10191,9789351772071,4
10191,9781668069530,5
10191,9781797221311,4
10191,9789354928758,5
10191,9781529902402,5
10191,9781585095568,5
10191,9789388241908,4
10191,9781524704551,5
10191,9788186775219,4
10191,9789083023847,4
10191,9789387944763,5
10191,9798998891816,5
10191,9780593512296,5
10191,9781760630737,4
10191,9781588361738,4
10191,9789356993327,5
10191,9789358569018,5
10191,9780857199096,5
10191,9781548318468,5
10191,9781647390983,5
10191,9781668065969,5
10191,9789390914227,5
10191,9789083023861,5
10191,9789358569568,5
10191,9789356997790,5
10191,9780981951249,5
10191,9789353451714,5
10191,9789357084987,5
10191,9789389109849,5
10191,9780399579721,5
10191,9789354923500,5
10191,9781529401325,5
10191,9780241283912,4
10191,9780062820341,5
10191,9798893312010,4
10191,9789356295384,4
10191,9781898130017,4
10191,9789354927911,3
10191,9781913682118,4
10191,9780753555637,5
10191,9780486272986,5
10191,9781804091043,5
10191,9780190078973,4
10191,9780718156848,5
10191,9789353052058,4
10191,9781780286136,3
10191,9789354408380,5
10191,9781647825621,2
10191,9781585429196,3
10191,9780071433341,3
10191,9780063497474,3
10191,9789388810623,3
10191,9781509808328,3
10191,9780143464617,3
10191,9789358562033,3
10191,9789354922251,3
10191,9781611806885,1
10191,9789354928956,3
10191,9789357087797,3
10191,9789356995260,2
10191,9781447439332,3
10192,9781408865415,3
10192,9781780874005,5
10192,9798675385850,4
10192,9781387282258,3
10192,9781542046152,3
10192,9780349436982,4
10192,9780751583694,5
10192,9781635577716,5
10192,9781916277182,4
10192,9781473228801,4
10192,9789354402173,4
10192,9781623651442,5
10192,9789356995697,5
10192,9780486784755,5
10192,9789354406249,3
10192,9781785766886,5
10192,9780385535502,4
10192,9781408826133,3
10192,9789393267030,4
10192,9780143446019,3
10192,9781471418297,3
10192,9780062250933,5
10192,9781481422192,4
10192,9781760295608,3
10192,9781958388204,4
10192,9781643990026,2
10192,9798893310962,2
10192,9789390652457,3
10192,9781585429196,2
10193,9789355014467,3
10193,9781718502345,3
10193,9789352838363,5
10193,9788177588989,5
10193,9781524748258,4
10193,9780321972101,5
10193,9781316632932,5
10193,9780198089131,5
10193,9781394251575,5
10193,9781119770763,5
10193,9780486434841,5
10193,9789391818715,5
10193,9781118476734,4
10193,9780470695197,4
10193,9780073380575,3
10193,9788185749754,5
10193,9781292420080,5
10193,9788121924375,5
10193,9780077496128,4
10193,9781292026565,4
10193,9788131762189,5
10193,9789363486317,3
10193,9788131721018,5
10193,9788121939096,5
10193,9780133356038,4
10193,9781292023946,5
10193,9788131710265,5
10193,9781644295533,5
10193,9780387310732,4
10193,9788121924962,4
10193,9780071775304,4
10193,9780071752114,2
10193,9789325798014,5
10193,9788121906548,4
10193,9780134610993,4
10193,9788176561068,3
10193,9788177587654,4
10193,9789359585314,3
10193,9781101970317,2
10193,9789389802559,3
10193,9789355216403,5
10193,9781457431210,1
10193,9781643990026,2
10193,9780141352015,3
10193,9780723296232,3
10193,9789354928284,2
10193,9781591842804,3
10194,9788121924962,5
10194,9788131710265,3
10194,9780486434841,3
10194,9780077496128,5
10194,9789391818715,3
10194,9788121924375,3
10194,9788121939096,5
10194,9781292023946,5
10194,9781644295533,5
10194,9788131762189,5
10194,9780321972101,4
10194,9781292420080,5
10194,9780198089131,3
10194,9780133356038,3
10194,9780387310732,5
10194,9788185749754,5
10194,9781118476734,4
10194,9781292026565,4
10194,9781316632932,5
10194,9788131721018,5
10194,9781524748258,5
10194,9780073380575,5
10194,9789355014467,3
10194,9781718502345,5
10194,9788177588989,5
10194,9789352838363,4
10194,9781119770763,5
10194,9781394251575,5
10194,9780470695197,4
10194,9783950485417,4
10194,9789363486317,5
10194,9789325798014,4
10194,9789390239207,4
10194,9788175994140,4
10194,9788190619509,3
10194,9789359585314,4
10194,9780534422004,4
10194,9789356995833,3
10194,9780521779135,2
10194,9781292405513,3
10194,9780133489903,4
10194,9788122415520,4
10194,9780141982410,4
10194,9780771010439,3
10194,9789388369022,1
10194,9780143458005,3
10194,9781925307443,3
10194,9780671461492,3
10194,9781405932677,3
10194,9780198723097,1
10195,9780062359803,5
10195,9780061745171,5
10195,9781760985240,5
10195,9789354408380,4
10195,9789348098559,3
10195,9781585426591,4
10195,9781473535169,4
10195,9781625274496,4
10195,9781509866113,3
10195,9789390924219,4
10195,9781932429350,5
10195,9780385468473,4
10195,9791222454405,5
10195,9781250865045,3
10195,9789353043551,5
10195,9781529937381,5
10195,9780345472328,5
10195,9780670069323,4
10195,9780063356733,5
10195,9781625274502,3
10195,9780609504239,5
10195,9789355201287,5
10195,9781447261261,5
10195,9781399804455,5
10195,9781982137274,5
10195,9780984358106,5
10195,9798896327271,5
10195,9798995567004,5
10195,9798893312010,5
10195,9788184007527,4
10195,9781443460712,5
10195,9780671472122,5
10195,9780061899874,5
10195,9788184951332,4
10195,9781783085200,5
10195,9781982172008,4
10195,9789356296572,3
10195,9788184006490,5
10195,9781482850888,5
10195,9789362141613,5
10195,9798556993747,5
10195,9789356993327,5
10195,9781847651310,4
10195,9781718502703,2
10195,9781647390983,5
10195,9788121906548,4
10195,9780593512296,3
10195,9789354928758,5
10195,9789083023847,5
10195,9789688802052,4
10195,9780981951249,5
10195,9781621291657,3
10195,9780062968722,5
10195,9789387918573,4
10195,9789356995833,3
10195,9780205982578,5
10195,9780593653661,5
10195,9789395101677,3
10195,9781785139949,1
10195,9789388369138,2
10195,9781250855145,3
10195,9781925307443,2
10195,9780747574477,2
10195,9780883960165,1
10196,9780008123208,5
10196,9781785139949,5
10196,9789362055026,4
10196,9788026837169,5
10196,9781087318844,3
10196,9780307957733,3
10196,9780486114132,3
10196,9780718188863,4
10196,9789354928956,4
10196,9780349436982,3
10196,9789354926136,3
10196,9791041985326,3
10196,9781250902450,4
10196,9783956763182,3
10196,9789348203168,2
10196,9781631592966,2
10196,9780545030106,1
10197,9780008123208,5
10197,9780307957733,4
10197,9789362055026,5
10197,9788026837169,5
10197,9781785139949,3
10197,9781087318844,5
10197,9780486114132,4
10197,9789362140258,3
10197,9789380676371,4
10197,9789390652457,5
10197,9789389931891,3
10197,9780385484510,4
10197,9780751583694,5
10197,9789358560572,3
10197,9781409181682,4
10197,9781401937539,4
10197,9780593438374,4
10197,9789389647242,3
10197,9789386651600,4
10197,9781510019430,3
10197,9781943330201,2
10197,9781774882986,2
10197,9789391103231,1
10197,9781472154644,2
10197,9788119792597,2
10198,9781403930897,5
10198,9780062968722,4
10198,9780199678112,3
10198,9780133522853,5
10198,9780063142381,5
10198,9780205982578,5
10198,9780262046305,5
10198,9788190619509,3
10198,9780593238295,3
10198,9788122415520,4
10198,9781935785132,4
10198,9788177228366,4
10198,9781101970317,5
10198,9781473575608,5
10198,9789389802559,5
10198,9781492032618,4
10198,9789347231902,5
10198,9780593653661,5
10198,9781737475712,5
10198,9788176561068,4
10198,9788126579907,3
10198,9781957999043,5
10198,9781847651310,4
10198,9788192107547,5
10198,9781492041108,4
10198,9780593083888,5
10198,9781644210697,5
10198,9780134610993,5
10198,9789356995536,5
10198,9789391103231,3
10198,9781594205071,3
10198,9781718502703,5
10198,9780071752114,5
10198,9789357312660,4
10198,9780199480173,5
10198,9781492041917,5
10198,9788131721018,5
10198,9789350127643,3
10198,9788131762189,3
10198,9788178123684,3
10198,9788121939096,4
10198,9789350121276,3
10198,9789350127353,4
10198,9789386845641,4
10198,9789325798014,3
10198,9781718502345,2
10198,9781118476734,3
10198,9789386298195,3
10198,9789327196504,3
10198,9788131710265,3
10198,9788187107583,1
10198,9781444724585,2
10198,9780141339184,3
10198,9789389567403,1
10198,9789354923500,1
10198,9781760630737,3
10199,9781783085200,5
10199,9780345472328,5
10199,9789389109849,5
10199,9780670069323,4
10199,9780671472122,4
10199,9780190078973,5
10199,9781529350104,5
10199,9781399804455,5
10199,9781760985240,4
10199,9780071433341,4
10199,9781250865045,5
10199,9781625274502,4
10199,9780061899874,5
10199,9781982137274,4
10199,9781473535169,5
10199,9798896327271,3
10199,9781491903117,5
10199,9789390166268,4
10199,9789355217103,5
10199,9789353043551,5
10199,9780557083206,5
10199,9781647825621,5
10199,9780385676519,4
10199,9788119153442,5
10199,9780691263632,4
10199,9780552167833,4
10199,9788184007527,5
10199,9780615978628,5
10199,9780801563669,3
10199,9788175994409,5
10199,9781443460712,5
10199,9781625274496,4
10199,9781932429350,5
10199,9788184007558,5
10199,9781473680371,5
10199,9789390924219,3
10199,9781982172008,5
10199,9781846140556,3
10199,9780984358106,5
10199,9789390166275,5
10199,9781591842804,3
10199,9780753550663,5
10199,9781585426591,5
10199,9791222454405,5
10199,9780753555637,3
10199,9798556993747,5
10199,9780975601464,4
10199,9788184951332,5
10199,9780241982280,5
10199,9789351772071,5
10199,9780593653661,2
10199,9788126579907,3
10199,9781647390983,3
10199,9781847651310,4
10199,9789352837328,5
10199,9789391724948,3
10199,9780071752114,4
10199,9798998891816,3
10199,9788175994140,4
10199,9789357084987,2
10199,9781718502703,5
10199,9788192107547,5
10199,9781548318468,2
10199,9780857199096,4
10199,9780349426129,4
10199,9789354928758,3
10199,9781473575608,4
10199,9781492041917,5
10199,9781506721705,2
10199,9780670090303,3
10199,9789388144056,3
10199,9781473228801,3
10199,9798643660491,2
10199,9781635577716,3
10199,9781405266512,1
10199,9781292023946,2
10200,9789364551090,4
10200,9789364552424,3
10200,9789364555166,3
10200,9789364551854,4
10200,9789364550161,4
10200,9789357787888,5
10200,9789357788496,5
10200,9789357781831,3
10200,9789364554435,5
10200,9789364558594,5
10200,9789356226623,5
10200,9789364559249,5
10200,9789357785952,5
10200,9789371268219,5
10200,9789364550093,5
10200,9789371268844,5
10200,9789371262255,5
10200,9789364559584,3
10200,9789357785556,4
10200,9789356225985,4
10200,9789375615668,4
10200,9789364557948,5
10200,9780199678112,3
10200,9789356995536,2
10200,9789362143495,5
10200,9789352036592,5
10200,9781492078005,3
10200,9781847651310,5
10200,9789688802052,2
10200,9780984782857,3
10200,9780141982410,4
10200,9789356993082,4
10200,9780071775304,3
10200,9781328662057,5
10200,9781571315991,3
10200,9780143456476,5
10200,9789359584362,2
10200,9780133489903,5
10200,9788178123684,3
10200,9781957999043,5
10200,9781491950333,4
10200,9789325792708,4
10200,9781491952009,5
10200,9781635576818,4
10200,9781405298612,3
10200,9780241400708,2
10200,9798855015096,2
10200,9781550924794,1
10200,9781846048395,3
10200,9780143443155,3
10200,9789353050337,2
10200,9781585426591,1
10200,9780061745171,1
10200,9781529022049,2
10201,9780140455113,3
10201,9788184750348,3
10201,9789356618060,3
10201,9780143029892,3
10201,9780785850724,5
10201,9780691208015,4
10201,9789392510366,5
10201,9781528774888,3
10201,9781613824009,4
10201,9789354927041,5
10201,9780143433163,5
10201,9780670090433,5
10201,9780871138002,5
10201,9781611806885,3
10201,9781605203287,3
10201,9780691148182,5
10201,9781405944465,5
10201,9789389178111,5
10201,9780670086399,3
10201,9780141910819,3
10201,9780140449280,4
10201,9789358568172,4
10201,9781844670208,4
10201,9788187107583,5
10201,9789354582233,3
10201,9780141914527,5
10201,9780349122380,5
10201,9780143474296,4
10201,9781471411632,4
10201,9789353050337,4
10201,9781580628556,3
10201,9781804090633,3
10201,9781464234255,3
10201,9798893310962,4
10201,9789354409660,4
10201,9789362053206,4
10201,9781408866115,4
10201,9788190256209,4
10201,9788122300260,2
10201,9788120725249,2
10201,9780369348906,5
10201,9780062748805,1
10201,9781338554274,2
10201,9780241400708,1
10201,9789390297306,2
10201,9780486856629,2
10201,9780399179006,2
10201,9781476845623,3
10202,9789388241908,5
10202,9781529902402,4
10202,9780857199096,3
10202,9781797221311,4
10202,9798998891816,5
10202,9781588361738,5
10202,9789356993327,4
10202,9789083023847,5
10202,9789358560381,5
10202,9788186775219,4
10202,9781647390983,5
10202,9789351772071,3
10202,9780981951249,3
10202,9789356997790,5
10202,9789353451714,4
10202,9789390914227,4
10202,9789357084987,5
10202,9789358569568,5
10202,9789354928758,5
10202,9789358569018,3
10202,9789083023861,5
10202,9781668065969,5
10202,9798986406510,5
10202,9780593512296,5
10202,9781524704551,5
10202,9781760630737,5
10202,9781668069530,5
10202,9781585095568,4
10202,9781548318468,4
10202,9789387944763,4
10202,9798556993747,4
10202,9781982172008,4
10202,9781802804966,4
10202,9780385468473,4
10202,9788184951332,4
10202,9788184006490,4
10202,9781847651402,5
10202,9789390260041,5
10202,9781398717206,4
10202,9781444792478,4
10202,9781804091043,4
10202,9780975601464,2
10202,9780231552110,4
10202,9781760985240,3
10202,9789353052058,4
10202,9798896327271,5
10202,9780552167833,2
10202,9780486272986,3
10202,9798652408466,4
10202,9780071433341,5
10202,9781491903117,5
10202,9789354404764,1
10202,9781881373070,3
10202,9789352661190,2
10202,9781925480535,2
10202,9789387779297,3
10202,9781780874005,2
10202,9781953953247,2
10202,9781529413113,3
10202,9788190256209,2
10202,9788174368942,1
10203,9780439128452,5
10203,9789390183784,5
10203,9789391924294,5
10203,9780241502334,4
10203,9781780556178,5
10203,9781481422192,5
10203,9781965347935,4
10203,9789354405419,4
10203,9789313196488,5
10203,9788993055030,5
10203,9780241535141,4
10203,9780241379141,3
10203,9789354403033,5
10203,9781444932386,5
10203,9789388369060,5
10203,9781408855911,4
10203,9781368098281,4
10203,9781742768670,5
10203,9789390183005,5
10203,9780747589945,3
10203,9781958388952,4
10203,9780008256944,3
10203,9789354404498,4
10203,9781509808328,5
10203,9780143331513,5
10203,9789389717259,4
10203,9780008588816,5
10203,9780593485019,5
10203,9780545393461,5
10203,9781613125885,3
10203,9780694011100,5
10203,9798648372467,5
10203,9789389567403,4
10203,9789352769261,3
10203,9780593178751,3
10203,9789354401596,4
10203,9780062250933,5
10203,9780141339184,5
10203,9781943330973,3
10203,9789387779815,5
10203,9789387779266,4
10203,9781984835376,5
10203,9780679812685,5
10203,9780141381497,4
10203,9798855015096,4
10203,9781401940652,3
10203,9789386538604,4
10203,9780316480802,4
10203,9781526626691,4
10203,9781537911137,4
10203,9780008724764,5
10203,9780143453260,3
10203,9789354400124,5
10203,9789358569865,3
10203,9781965322543,4
10203,9798998582875,5
10203,9789354402388,5
10203,9781665904964,5
10203,9781433832161,4
10203,9780743421041,4
10203,9781408866115,4
10203,9780008123208,4
10203,9780062250506,5
10203,9789365693102,2
10203,9781580628556,4
10203,9789388810623,3
10203,9781399809665,5
10203,9781603293525,3
10203,9780671741907,5
10203,9780062031525,3
10203,9789388810609,3
10203,9780486114132,2
10203,9781643990026,4
10203,9781464234255,5
10203,9789362055026,3
10203,9788026837169,4
10203,9781607742456,5
10203,9781089356400,4
10203,9789387779297,5
10203,9780998203492,4
10203,9789355201287,3
10203,9780992550714,3
10203,9780143474296,2
10203,9780984782857,3
10203,9798643660491,1
10203,9780143443155,1
10203,9798848621181,3
10203,9781439107393,1
10203,9780451527318,1
10203,9780133522853,2
10204,9781984861641,4
10204,9780465072996,5
10204,9780241283912,5
10204,9780241552063,5
10204,9789354923968,5
10204,9780062820341,5
10204,9781612438634,4
10204,9780593582268,3
10204,9781529401325,4
10204,9781648287510,4
10204,9781668002841,5
10204,9780525505105,4
10204,9781398717206,4
10204,9781743791714,4
10204,9780525506287,5
10204,9798552053032,4
10204,9781956769005,4
10204,9781426215889,5
10204,9780486272986,5
10204,9798848621181,4
10204,9781520975672,4
10204,9781524704551,3
10204,9780231552110,5
10204,9780061899874,5
10204,9780486478999,5
10204,9789388241908,4
10204,9781797221311,4
10204,9789354408380,3
10204,9781804091043,3
10204,9789351035497,1
10204,9781338325591,3
10204,9789688802052,3
10204,9780241558300,3
10205,9780307957733,5
10205,9781087318844,5
10205,9788026837169,5
10205,9789362055026,4
10205,9780008123208,5
10205,9781785139949,3
10205,9780486114132,5
10205,9781471407772,3
10205,9780593438374,4
10205,9788174368942,3
10205,9789354928703,5
10205,9781681445038,3
10205,9789354928956,4
10205,9789354926136,4
10205,9789391149291,5
10205,9780349437057,3
10205,9780735200661,3
10205,9789388642101,3
10205,9789354404702,3
10205,9789354405167,3
10206,9780525506287,5
10206,9789063697174,5
10206,9781956769005,3
10206,9780465072996,3
10206,9781668002841,5
10206,9781419766374,4
10206,9780525505105,3
10206,9780241283912,5
10206,9780752265629,5
10206,9780008305550,5
10206,9781944515683,5
10206,9780525506263,4
10206,9781426215889,5
10206,9780141986395,5
10206,9789360876357,5
10206,9789354929762,4
10206,9780062748805,4
10206,9798848621181,4
10206,9798886500479,3
10206,9789353056469,5
10206,9781593306458,4
10206,9781550924794,4
10206,9780063497474,5
10206,9781591842804,5
10206,9781510019430,4
10206,9789356296572,3
10206,9780231552110,3
10206,9789351772071,4
10206,9780801563669,5
10206,9781447261261,2
10206,9780241801574,3
10206,9789354928703,2
10206,9789325794917,1
10206,9781804182529,3
10207,9780307957733,3
10207,9789362055026,4
10207,9788026837169,5
10207,9780008123208,3
10207,9781087318844,5
10207,9781785139949,5
10207,9780486114132,3
10207,9781250343178,5
10207,9781804090633,3
10207,9781542046152,3
10207,9789380658797,4
10207,9781471411465,5
10207,9781250855145,5
10207,9789362053206,5
10207,9780241996324,3
10207,9780007323272,2
10207,9780141910819,3
10207,9789354406539,2
10207,9781803093178,3
10208,9780785850724,5
10208,9780143029892,4
10208,9780140449280,5
10208,9789389178111,4
10208,9781613824009,3
10208,9788187107583,4
10208,9789354582233,5
10208,9780670086399,4
10208,9789354927041,4
10208,9789392510366,5
10208,9781605203287,4
10208,9780140455113,5
10208,9781528774888,4
10208,9780349122380,5
10208,9789358568172,3
10208,9780691208015,4
10208,9780141910819,5
10208,9781405944465,5
10208,9780871138002,5
10208,9788184750348,5
10208,9780141914527,5
10208,9789356618060,5
10208,9781611806885,5
10208,9780670090433,5
10208,9781844670208,5
10208,9780143433163,4
10208,9780691148182,5
10208,9788120725249,5
10208,9781399809665,5
10208,9798893310962,4
10208,9780998203492,5
10208,9780369348906,4
10208,9781501135910,4
10208,9780241996324,5
10208,9780385484510,4
10208,9783956763182,4
10208,9789353050337,3
10208,9789351180555,3
10208,9789354928703,2
10208,9781881373070,4
10208,9781607742456,4
10208,9781471411465,2
10208,9781591845324,4
10208,9789380676371,4
10208,9789391149291,4
10208,9789354923678,4
10208,9781471411632,5
10208,9781804090633,3
10208,9791041985326,2
10208,9788131710265,3
10208,9780007547999,1
10208,9780071752114,3
10208,9780593512296,3
10208,9789355558930,2
10208,9789387779761,3
10208,9780525658146,2
10208,9789326191074,3
10208,9780857364319,2
10208,9788026837169,2
10209,9789352140046,5
10209,9789360452964,4
10209,9781250865045,4
10209,9780557083206,3
10209,9780615978628,5
10209,9781510019430,5
10209,9781585426591,5
10209,9781482850888,3
10209,9780063497474,4
10209,9780593467428,4
10209,9780190078973,5
10209,9781444792478,5
10209,9798893312010,5
10209,9788128400483,4
10209,9781804091043,4
10209,9786155643071,5
10209,9798896327271,5
10209,9781416502494,4
10209,9780609504239,5
10209,9789356296572,3
10209,9791222454405,5
10209,9789390378548,5
10209,9798998801228,4
10209,9780486478999,4
10209,9780552167833,5
10209,9781509866113,3
10209,9789390166275,3
10209,9789390166268,5
10209,9798556993747,4
10209,9780975601464,4
10209,9780385676519,5
10209,9780061899874,3
10209,9781119523260,5
10209,9781473680371,5
10209,9780063356733,3
10209,9781491950333,5
10209,9780134610993,3
10209,9789688802052,5
10209,9781635576818,2
10209,9788176561068,3
10209,9780205982578,2
10209,9781548318468,2
10209,9798998891816,5
10209,9780771010439,4
10209,9781737475712,4
10209,9788121906548,3
10209,9780349426129,5
10209,9789356997790,2
10209,9781965347935,3
10209,9789353766382,1
10209,9781613824009,2
10209,9789395101677,2
10209,9780143443155,3
10209,9780241400708,3
10210,9781668045572,4
10210,9780525505105,4
10210,9781780286136,5
10210,9789354895579,4
10210,9789356295384,5
10210,9781426215889,5
10210,9780718156848,5
10210,9789353052058,5
10210,9780752265629,4
10210,9781913682118,3
10210,9781839909979,5
10210,9781423662617,4
10210,9780241283912,3
10210,9780141908762,5
10210,9788179251287,5
10210,9780525506287,5
10210,9789354923968,4
10210,9781944515683,4
10210,9781550924794,4
10210,9780241371862,5
10210,9780141986395,4
10210,9781785040443,5
10210,9798652408466,3
10210,9780143444626,5
10210,9781805222088,5
10210,9798886500479,3
10210,9781989120989,4
10210,9781593306458,4
10210,9781398717206,5
10210,9781847651402,4
10210,9789063697174,4
10210,9781526645951,4
10210,9781981390816,3
10210,9789354925931,5
10210,9789355208842,5
10210,9781956769005,4
10210,9788196011802,5
10210,9781802804966,5
10210,9781668002841,5
10210,9781471729034,4
10210,9781530728855,5
10210,9798552053032,5
10210,9789382573036,5
10210,9781786898562,5
10210,9781949651638,5
10210,9798894410067,5
10210,9789354923500,3
10210,9781524744311,5
10210,9781743791714,4
10210,9780399579721,4
10210,9780465072996,4
10210,9780593582268,5
10210,9789353056469,3
10210,9780525506263,5
10210,9789356994744,5
10210,9781787830783,5
10210,9789357087223,5
10210,9781612438634,5
10210,9781984861641,5
10210,9789390260041,5
10210,9780486272986,4
10210,9781529401325,3
10210,9780062820341,5
10210,9780345472328,4
10210,9781473680371,3
10210,9789362141613,4
10210,9780981951249,4
10210,9780857199096,3
10210,9789387944763,3
10210,9798893312010,4
10210,9789356296572,5
10210,9781625274496,4
10210,9780984358106,4
10210,9789390166268,4
10210,9781783085200,4
10210,9780975601464,4
10210,9780241981344,4
10210,9781982137274,5
10210,9780691263632,2
10210,9789388241908,3
10210,9781647825621,3
10210,9781529902402,4
10210,9789352140046,4
10210,9789354928758,3
10210,9780486478999,4
10210,9781510019430,4
10210,9789351772071,5
10210,9789313196488,2
10210,9781743433744,1
10210,9780008123208,3
10210,9781101970317,3
10210,9780525658146,2
10210,9781250880949,2
10210,9789362143495,3
10210,9789325798014,1
10210,9788178125046,3
10210,9781635577716,1
10211,9781408824856,4
10211,9781501187636,5
10211,9780883960165,4
10211,9781631592966,5
10211,9781984897398,4
10211,9781444724585,4
10211,9781472241467,5
10211,9781338325591,4
10211,9780144000265,5
10211,9781510054585,5
10211,9789354922251,3
10211,9789391149758,5
10211,9781608685486,5
10211,9781447439332,5
10211,9780671604295,5
10211,9781804182529,3
10211,9780874776942,5
10211,9781839647338,5
10211,9780062905154,5
10211,9789356813472,5
10211,9780786860708,4
10211,9780141906270,4
10211,9781524798666,5
10211,9789395101028,3
10211,9789357086882,5
10211,9789387669253,5
10211,9780399179006,3
10211,9780140127225,4
10211,9788194898832,4
10211,9781472288561,4
10211,9781472261281,5
10211,9780451527318,4
10211,9781476845623,5
10211,9781636406886,4
10211,9780385339032,5
10211,9789390678587,3
10211,9789356812116,4
10211,9781472297068,5
10211,9780593500774,5
10211,9789895648962,5
10211,9780141908762,3
10211,9781398717206,4
10211,9780743421041,4
10211,9781668002841,2
10211,9781426215889,2
10211,9789388810623,2
10211,9798886500479,5
10211,9781847651402,3
10211,9781612438634,2
10211,9780062820341,4
10211,9781423662617,5
10211,9780143444626,3
10211,9780671741907,3
10211,9781643990026,3
10211,9781408866115,4
10211,9789356991491,3
10211,9789356995697,2
10211,9781408378458,2
10211,9780349437057,2
10211,9789390183784,3
10211,9789391149291,3
10211,9780307887917,3
10211,9781101970317,3
10212,9781529413113,5
10212,9781524798666,4
10212,9798654359599,3
10212,9781409181620,4
10212,9788194525974,4
10212,9780486811246,3
10212,9789394168510,5
10212,9781447439332,3
10212,9789357086226,5
10212,9781477303733,5
10212,9780593500774,5
10212,9781338325591,5
10212,9781457420641,5
10212,9780992550714,5
10212,9781510054585,5
10212,9781408824856,5
10212,9789356813632,5
10212,9781472261281,4
10212,9780393351385,5
10212,9781472290694,5
10212,9780307830630,5
10212,9789356811621,5
10212,9780883960165,3
10212,9781910695050,4
10212,9780241400708,4
10212,9781781105528,5
10212,9781506721705,5
10212,9789053496794,5
10212,9780140127225,4
10212,9789356812116,4
10212,9780144000265,3
10212,9781848420496,5
10212,9781457431210,5
10212,9780465093069,5
10212,9780486272986,3
10212,9780062748805,4
10212,9780241283912,4
10212,9780241552063,2
10212,9789354925931,3
10212,9781984861641,5
10212,9780593582268,5
10212,9780141986395,3
10212,9781398717206,4
10212,9781944515683,3
10212,9780998203492,5
10212,9780062031525,3
10212,9780399579721,3
10212,9788184754179,1
10212,9781387282258,3
10212,9781401937539,3
10212,9780241427361,3
10212,9781482850888,1
10212,9780141910819,3
10213,9781718502345,4
10213,9781118476734,3
10213,9781524748258,4
10213,9780486434841,5
10213,9781119770763,5
10213,9788131762189,5
10213,9781292023946,5
10213,9780077496128,4
10213,9788131721018,4
10213,9789391818715,3
10213,9789355014467,4
10213,9780198089131,5
10213,9788185749754,4
10213,9781316632932,4
10213,9788121939096,5
10213,9781292026565,4
10213,9780073380575,5
10213,9781644295533,5
10213,9781292420080,5
10213,9780133356038,5
10213,9788131710265,5
10213,9788177588989,5
10213,9789352838363,3
10213,9780321972101,3
10213,9788121924375,3
10213,9780387310732,3
10213,9781394251575,3
10213,9783950485417,4
10213,9788121924962,3
10213,9789363486317,4
10213,9780470695197,4
10213,9789368900924,5
10213,9788173177941,3
10213,9780141982410,2
10213,9780134610993,4
10213,9780143425656,5
10213,9789356994287,4
10213,9780521779135,3
10213,9781718502703,3
10213,9780349426129,4
10213,9781491952009,5
10213,9780078022098,2
10213,9789389802559,3
10213,9780071752114,4
10213,9781935785132,3
10213,9789350125175,4
10213,9780063142381,4
10213,9788174822413,3
10213,9780771010439,3
10213,9780593238295,4
10213,9780133522853,5
10213,9789351772071,3
10213,9781982172008,1
10213,9781408869161,1
10213,9789390183586,2
10213,9781647825621,3
10213,9789390166268,3
10213,9781605203287,1
10213,9780008564834,3
10213,9780143445258,2
10214,9780525506263,5
10214,9780399579721,5
10214,9781944515683,3
10214,9781419764394,5
10214,9780525506287,4
10214,9789354891670,3
10214,9781530728855,5
10214,9780486272986,4
10214,9780062748805,5
10214,9781476744872,5
10214,9781847651402,5
10214,9780380718153,4
10214,9781593306458,5
10214,9781520975672,5
10214,9780718156848,5
10214,9789353052058,5
10214,9781585426591,3
10214,9798986406510,4
10214,9789390166268,2
10214,9781942788300,3
10214,9780552167833,3
10214,9786155643071,4
10214,9780141385259,3
10214,9780144000265,2
10214,9781536462142,2
10214,9781621291657,2
10215,9789354407338,5
10215,9781680307672,3
10215,9780671461492,3
10215,9781473227996,3
10215,9781623651442,4
10215,9780349436982,4
10215,9780349437057,4
10215,9789380658797,5
10215,9789354402173,5
10215,9781681445038,5
10215,9781250343178,4
10215,9781501143106,4
10215,9789353451882,4
10215,9781250902450,4
10215,9781542046152,4
10215,9781473228801,4
10215,9783689951016,5
10215,9781408865415,5
10215,9781471406454,5
10215,9781409181682,5
10215,9780486784755,5
10215,9781785766886,4
10215,9782280600705,5
10215,9781780874005,5
10215,9781635577716,4
10215,9780593438374,5
10215,9780525559733,4
10215,9781408826133,3
10215,9780375703768,4
10215,9780751583694,4
10215,9781760788629,4
10215,9781916277182,5
10215,9781324095323,4
10215,9788193655603,5
10215,9781471407772,5
10215,9789362140258,5
10215,9798675385850,4
10215,9781442408944,4
10215,9789358568226,3
10215,9789356294561,5
10215,9789389931891,5
10215,9781250855145,4
10215,9798317901462,4
10215,9789354406249,5
10215,9789362145369,5
10215,9780385535502,5
10215,9789357316354,5
10215,9781387282258,4
10215,9789358565164,4
10215,9781368078351,5
10215,9781526626691,5
10215,9798998582875,2
10215,9780141347721,5
10215,9781368098281,5
10215,9789391234263,3
10215,9789350105702,3
10215,9781250076977,4
10215,9780241583159,4
10215,9781613125885,2
10215,9781965322543,5
10215,9781526620293,4
10215,9781952535963,4
10215,9789389432350,5
10215,9780141342566,4
10215,9780241558300,3
10215,9780141373034,4
10215,9781524744311,1
10215,9781508672197,2
10215,9781447439332,1
10215,9789355208842,1
10215,9781631592966,2
10215,9780190078973,2
10215,9780874776942,2
10215,9781492041917,2
10216,9789356226623,5
10216,9789357788496,5
10216,9789364555166,5
10216,9789371262255,5
10216,9789375615668,3
10216,9789364551090,4
10216,9789364552424,4
10216,9789357781831,4
10216,9789364551854,4
10216,9789364559249,4
10216,9789364554435,5
10216,9789371268844,5
10216,9789364550161,4
10216,9789364558594,4
10216,9789357787888,5
10216,9789371268219,5
10216,9789357785556,5
10216,9789356225985,5
10216,9789364550093,5
10216,9789364559584,4
10216,9789357785952,5
10216,9789364557948,5
10216,9788178123684,5
10216,9789362258601,4
10216,9781718502703,5
10216,9789389480474,4
10216,9780078022098,4
10216,9789352837328,4
10216,9780199480173,5
10216,9789327198010,3
10216,9780521779135,4
10216,9789354881008,4
10216,9788126579907,4
10216,9780063142381,4
10216,9781935785132,4
10216,9789389717006,1
10216,9780241283912,1
10216,9781647390983,2
10216,9780385676519,2
10216,9789389432886,3
10216,9781426215889,3
10216,9781409181620,2
10217,9781338554274,5
10217,9781965322543,5
10217,9788184754179,5
10217,9781368078351,4
10217,9789352769261,5
10217,9781534451360,5
10217,9781943330201,5
10217,9789388144049,5
10217,9781484469064,4
10217,9781368051446,5
10217,9798855068740,5
10217,9780345453747,5
10217,9781771672450,5
10217,9781925307443,5
10217,9781399809665,3
10217,9781089356400,4
10217,9780008123208,5
10217,9788026837169,4
10217,9789362145369,2
10217,9789063697174,2
10218,9789362143495,4
10218,9789391724948,3
10218,9780534422004,3
10218,9781492032618,5
10218,9789688802052,5
10218,9781935785132,5
10218,9781328662057,5
10218,9781491952009,5
10218,9780349426129,4
10218,9780062968722,5
10218,9781492041108,5
10218,9780199678112,5
10218,9780262046305,3
10218,9789356995260,5
10218,9780078022159,3
10218,9788121906548,5
10218,9781644210697,4
10218,9781260723106,5
10218,9789387918573,5
10218,9788177228366,3
10218,9780071752114,5
10218,9788175994140,5
10218,9789390327539,4
10218,9789389480481,3
10218,9789390297306,2
10218,9781264842292,3
10218,9789359584362,4
10218,9789352036592,4
10218,9780073380575,4
10218,9788131710265,4
10218,9780198089131,5
10218,9789350121665,3
10218,9789390678587,3
10218,9780241787410,2
10218,9789354402463,3
10218,9780743200400,3
10219,9781627792127,5
10219,9789895648269,4
10219,9789354926716,5
10219,9781803144382,4
10219,9789814954853,5
10219,9789356999848,5
10219,9781780896410,4
10219,9789357083003,3
10219,9780062868954,4
10219,9781501190117,4
10219,9780008474362,4
10219,9789354929564,5
10219,9781982179014,5
10219,9788129144973,3
10219,9780349132860,3
10219,9789354921490,5
10219,9781529022049,5
10219,9789395192224,3
10219,9798643660491,4
10219,9789355430601,5
10219,9781542040464,5
10219,9781472154644,3
10219,9781681958071,5
10219,9789357087797,5
10219,9789356291379,5
10219,9781925480535,5
10219,9789353768966,5
10219,9789373034386,5
10219,9786020633916,5
10219,9781780874005,3
10219,9781760788629,4
10219,9781250902450,4
10219,9781680307672,4
10219,9780385535502,5
10219,9781635577716,5
10219,9781471406454,3
10219,9781087318844,5
10219,9781501143106,4
10219,9781785139949,3
10219,9781408865415,4
10219,9781250855145,4
10219,9781409181682,3
10219,9781444958201,1
10219,9789387779723,1
10219,9789350127643,2
10219,9781464234255,1
10219,9789364558594,1
10219,9789355641250,2
10220,9781473680371,5
10220,9798998801228,5
10220,9781482850888,5
10220,9780062359803,5
10220,9788119153442,5
10220,9781250865045,4
10220,9780557083206,4
10220,9780975601464,3
10220,9781585426591,4
10220,9780061899874,5
10220,9781529937381,4
10220,9780231555074,5
10220,9781530830657,5
10220,9780345472328,3
10220,9781529350104,4
10220,9788184951332,4
10220,9780552167833,5
10220,9789773772598,3
10220,9798896327271,4
10220,9789355217103,5
10220,9780063497474,5
10220,9781399804455,5
10220,9781473535169,5
10220,9780753550663,4
10220,9781804091043,5
10220,9789355201287,3
10220,9780593467428,4
10220,9789390166275,5
10220,9780801563669,5
10220,9780486478999,5
10220,9780615978628,5
10220,9781444792478,5
10220,9798893312010,5
10220,9781625274496,3
10220,9780385468473,3
10220,9788119792597,4
10220,9789393757029,4
10220,9781932429350,3
10220,9780385676519,5
10220,9786155643071,5
10220,9788184007527,4
10220,9780691263632,3
10220,9780241982280,5
10220,9789390166268,5
10220,9780735200661,5
10220,9781942788300,5
10220,9781416502494,5
10220,9788128400483,5
10220,9798870369396,3
10220,9780593593967,3
10220,9780593512296,2
10220,9780349426129,5
10220,9781760630737,5
10220,9780133522853,5
10220,9780141982410,2
10220,9780857199096,5
10220,9780593653661,4
10220,9781259004612,5
10220,9789352837328,5
10220,9789358569568,5
10220,9789356994713,3
10220,9789388241908,5
10220,9781449331443,5
10220,9781644210697,4
10220,9781492078005,3
10220,9780593238295,4
10220,9781529902402,2
10220,9781647390983,4
10220,9789353769819,3
10220,9780008305550,2
10220,9789354921360,2
10220,9781409306689,1
10220,9789814954853,1
10220,9780525506287,1
10220,9781623651442,3
10220,9780141908762,3
10221,9781316632932,5
10221,9780321972101,4
10221,9781524748258,3
10221,9781292023946,3
10221,9788177588989,4
10221,9788185749754,5
10221,9788131710265,5
10221,9781118476734,5
10221,9780198089131,5
10221,9788121924375,5
10221,9780486434841,5
10221,9783950485417,5
10221,9781292026565,5
10221,9780073380575,5
10221,9781644295533,5
10221,9780133356038,4
10221,9789391818715,5
10221,9781718502345,4
10221,9789355014467,3
10221,9780077496128,5
10221,9781119770763,3
10221,9781292420080,4
10221,9788131721018,5
10221,9781394251575,5
10221,9788121939096,3
10221,9788121924962,4
10221,9789352838363,5
10221,9788131762189,3
10221,9780387310732,4
10221,9780470695197,4
10221,9789363486317,3
10221,9781492041108,3
10221,9781264842292,4
10221,9788192107547,4
10221,9789327196504,3
10221,9780593083888,5
10221,9789389480474,5
10221,9789350121665,5
10221,9781621291657,5
10221,9788177228366,5
10221,9781491952009,3
10221,9789389480481,3
10221,9789387604513,5
10221,9789391103231,3
10221,9781250404855,4
10221,9781803093543,4
10221,9781492041917,5
10221,9788176561068,4
10221,9789394407015,3
10221,9789353766382,3
10221,9780063087774,3
10221,9789388144940,3
10221,9780241371862,1
10221,9781760788629,1
10221,9781338325591,2
10221,9780008276973,1
10221,9789353050337,3
10222,9788121939096,4
10222,9780198089131,4
10222,9781292026565,5
10222,9781524748258,5
10222,9780133356038,5
10222,9781292420080,5
10222,9780321972101,3
10222,9780486434841,5
10222,9781118476734,4
10222,9780077496128,4
10222,9789391818715,5
10222,9788121924962,4
10222,9780387310732,5
10222,9788178123684,4
10222,9781292405513,2
10222,9780062968722,5
10222,9789368900924,4
10222,9781449331443,3
10222,9780190078973,2
10222,9798886500479,2
10222,9798986406510,1
10223,9781760788629,5
10223,9798317901462,4
10223,9788193655603,5
10223,9781471406454,4
10223,9780385535502,4
10223,9789362140258,4
10223,9781785766886,5
10223,9781542046152,5
10223,9780486784755,5
10223,9781501143106,5
10223,9781250902450,5
10223,9780349436982,5
10223,9781408826133,4
10223,9783689951016,5
10223,9780349437057,3
10223,9781408865415,5
10223,9781250343178,4
10223,9780525559733,5
10223,9780008333799,2
10223,9781444924848,5
10223,9781771672504,5
10223,9780486856629,5
10223,9780241379141,5
10223,9781484469064,4
10223,9789354406539,3
10223,9789354926709,3
10223,9781913682118,2
10223,9798893312010,1
10223,9780007547999,1
10224,9789362055026,5
10224,9780008123208,5
10224,9781087318844,4
10224,9780486114132,5
10224,9788026837169,4
10224,9780307957733,5
10224,9781785139949,5
10224,9780349437057,5
10224,9789389931891,4
10224,9781409181682,3
10224,9789354402173,3
10224,9789351860839,4
10224,9781442408944,3
10224,9780385535502,5
10224,9782280600705,5
10224,9781785766886,3
10224,9789354408380,3
10224,9781338670837,2
10224,9781492041108,3
10224,9780141347721,3
10224,9781399809665,2
10225,9781118476734,5
10225,9789355014467,5
10225,9788185749754,5
10225,9780198089131,4
10225,9781119770763,4
10225,9788121924375,5
10225,9780133356038,4
10225,9788131710265,4
10225,9780077496128,5
10225,9788131721018,5
10225,9781292420080,5
10225,9781524748258,5
10225,9780486434841,5
10225,9781718502345,5
10225,9781394251575,3
10225,9789356994713,5
10225,9780534422004,4
10225,9789387604209,5
10225,9789355641250,3
10225,9780133522853,3
10225,9788177587654,3
10225,9780062868954,2
10225,9781898130017,2
10225,9780143444626,2
10226,9789364551854,4
10226,9789364550161,5
10226,9789364552424,5
10226,9789357787888,3
10226,9789364559249,3
10226,9789356226623,5
10226,9789356225985,5
10226,9789364554435,4
10226,9789364551090,5
10226,9789357788496,5
10226,9789364558594,5
10226,9789364555166,5
10226,9789357781831,4
10226,9789371268219,5
10226,9789371262255,5
10226,9789371268844,3
10226,9789364550093,3
10226,9789364559584,5
10226,9789364557948,5
10226,9789375615668,4
10226,9789357785556,5
10226,9789357785952,5
10226,9780007547999,4
10226,9781250880949,2
10226,9780593715833,2
10226,9780071752114,3
10226,9780521779135,3
10226,9781393638063,3
10226,9780062968722,4
10226,9780534422004,4
10226,9789357082594,4
10226,9789386298195,3
10226,9789350121276,5
10226,9780143456476,5
10226,9781250404855,2
10226,9780593593967,4
10226,9780133522853,4
10226,9789387284944,4
10226,9788183896771,3
10226,9780786860708,3
10226,9781524714758,3
10226,9780486272986,2
10226,9781506721705,3
10226,9780369348906,2
10226,9789392510366,3
10226,9780525506287,3
10227,9781760630737,5
10227,9789351772071,4
10227,9788186775219,5
10227,9789388241908,4
10227,9789083023861,5
10227,9789390914227,4
10227,9781529902402,5
10227,9798986406510,5
10227,9789083023847,3
10227,9789354928758,5
10227,9780857199096,3
10227,9781668065969,5
10227,9781668069530,5
10227,9789358569018,5
10227,9789358569568,3
10227,9789356993327,3
10227,9781548318468,5
10227,9781524704551,5
10227,9780593512296,4
10227,9781588361738,3
10227,9789358560381,4
10227,9780981951249,3
10227,9781585095568,5
10227,9789353451714,4
10227,9781797221311,4
10227,9789356997790,5
10227,9798998891816,4
10227,9789387944763,3
10227,9789357084987,3
10227,9781647390983,5
10227,9781471729034,4
10227,9780525506263,4
10227,9780486478999,5
10227,9789354923500,2
10227,9780241283912,5
10227,9781846140556,3
10227,9781529401325,4
10227,9780691263632,4
10227,9780241982297,5
10227,9780718156848,5
10227,9789356400320,4
10227,9781786898562,3
10227,9781612680569,3
10227,9780557083206,5
10227,9780399579745,5
10227,9780385676519,3
10227,9781473535169,3
10227,9781743791714,5
10227,9781398717206,5
10227,9781529937381,5
10227,9780345472328,5
10227,9780670069323,5
10227,9780143447078,2
10227,9781509852840,1
10227,9781960927026,3
10227,9780262046305,1
10227,9788121924375,2
10227,9781449331443,1
10227,9788175994140,1
10227,9780349122380,1
10227,9788184750348,2
10227,9781644210697,1
10228,9780557083206,5
10228,9780801563669,5
10228,9781612680569,4
10228,9780241981344,3
10228,9789354408380,5
10228,9780670093946,3
10228,9780486478999,5
10228,9781591842804,4
10228,9788184951332,3
10228,9780671472122,4
10228,9780231552110,5
10228,9781416502494,5
10228,9781942788300,4
10228,9781400225415,5
10228,9781982137274,4
10228,9789390166268,5
10228,9780385468473,5
10228,9780241982280,4
10228,9780231555074,4
10228,9780753555637,4
10228,9781982172008,5
10228,9781625274496,5
10228,9789355201287,5
10228,9780062359803,4
10228,9789773772598,4
10228,9780061745171,3
10228,9780757316029,5
10228,9781119523260,3
10228,9781399804455,4
10228,9780241983881,4
10228,9781783085200,5
10228,9791222454405,5
10228,9780385676519,4
10228,9781473680371,4
10228,9781491903117,5
10228,9781509866113,5
10228,9798995567004,4
10228,9780063356733,3
10228,9781443460712,5
10228,9789356994782,5
10228,9780753550663,3
10228,9781846140556,4
10228,9789355217103,5
10228,9788119153442,5
10228,9781444792478,4
10228,9780190078973,5
10228,9780345472328,5
10228,9780071433341,4
10228,9789391724948,4
10228,9789387918573,4
10228,9781668065969,4
10228,9780593715833,3
10228,9781491950333,4
10228,9783804639126,5
10228,9781260723106,4
10228,9789688802052,5
10228,9781250880949,3
10228,9789356994287,2
10228,9781594205071,3
10228,9780521779135,4
10228,9788192107547,5
10228,9798986406510,5
10228,9789356995260,5
10228,9789356995833,4
10228,9781847651310,5
10228,9781529902402,3
10228,9786067892864,1
10228,9789388810746,2
10228,9781442408944,3
10228,9781089356400,1
10228,9780241552063,3
10228,9780747548409,3
10228,9780143448990,3
10228,9789350105702,2
10228,9781785139949,3
10229,9789773772598,5
10229,9798998801228,4
10229,9780552167833,4
10229,9789355201287,3
10229,9798995567004,5
10229,9788175994409,5
10229,9789390166268,5
10229,9781585426591,5
10229,9781416502494,3
10229,9780757316029,3
10229,9781529350104,3
10229,9789356991354,5
10229,9789390378548,4
10229,9781942788300,5
10229,9781510019430,3
10229,9781444792478,5
10229,9780857199096,5
10229,9781847651310,3
10229,9781492041917,3
10229,9789357082594,3
10229,9781760630737,5
10229,9781259004612,3
10229,9781965347935,2
10229,9781447200611,2
10229,9781849545433,2
10230,9789354929762,5
10230,9788196011802,5
10230,9780486272986,5
10230,9781784745011,5
10230,9780143452485,4
10230,9780399579745,5
10230,9781585429196,5
10230,9789354923968,3
10230,9789063697174,5
10230,9780593582268,5
10230,9798552053032,5
10230,9781668045572,5
10230,9780525505105,4
10230,9780143444626,5
10230,9781419764394,4
10230,9780857199539,4
10230,9780525506287,5
10230,9789356295384,5
10230,9781668002841,5
10230,9780752265629,3
10230,9789353056469,5
10230,9781520975672,5
10230,9780241283912,3
10230,9781476744872,5
10230,9781405932677,5
10230,9781780286136,4
10230,9781529401325,5
10230,9780465072996,5
10230,9781802804966,4
10230,9781524744311,5
10230,9789355208842,5
10230,9780380718153,5
10230,9781785040443,4
10230,9781981390816,4
10230,9781423662617,5
10230,9780241371862,5
10230,9789354891670,4
10230,9781786898562,5
10230,9781398717206,5
10230,9781743791714,5
10230,9781612438634,5
10230,9780141986395,5
10230,9781416502494,3
10230,9780975601464,4
10230,9780385676519,4
10230,9781668065969,5
10230,9791222454405,5
10230,9781668069530,5
10230,9781982172008,5
10230,9781591842804,4
10230,9789352140046,4
10230,9781760630737,4
10230,9798893312010,2
10230,9789353043551,4
10230,9781447261261,3
10230,9780231555074,5
10230,9781548318468,5
10230,9780757316029,4
10230,9781965347935,3
10230,9780723296232,3
10230,9798652464264,3
10230,9781608685486,3
10230,9789389647242,2
10230,9780062031525,2
10230,9789351180555,3
10231,9781087318844,5
10231,9780486114132,5
10231,9789362055026,4
10231,9788026837169,5
10231,9781785139949,5
10231,9780307957733,5
10231,9780008123208,5
10231,9789354926136,5
10231,9781846048395,4
10231,9781953953247,5
10231,9781680307672,4
10231,9788190256209,5
10231,9789354409660,2
10231,9789356995833,1
10231,9780486856629,3
10231,9789358560381,3
10232,9789362055026,4
10232,9781785139949,5
10232,9780307957733,4
10232,9780486114132,5
10232,9788026837169,4
10232,9781087318844,5
10232,9780008123208,5
10232,9781408865415,5
10232,9789389647242,4
10232,9780143423928,2
10232,9781635577716,5
10232,9781849545433,4
10232,9781501143106,3
10232,9791041985326,5
10232,9781409181682,5
10232,9789389243123,5
10232,9781473227996,4
10232,9789353050337,2
10232,9789354406249,3
10232,9789356993563,2
10232,9781250902450,4
10232,9781591845324,2
10232,9798893310962,4
10232,9789387918573,2
10232,9789354405419,3
10232,9789385273896,3
10232,9781529937381,1
10232,9789391724948,3
10232,9780190078973,2
10232,9789355430601,2
10233,9781938938160,5
10233,9786067892864,3
10233,9780874776942,5
10233,9780241400708,5
10233,9781472288561,5
10233,9780571235568,5
10233,9789391149758,5
10233,9781472297068,4
10233,9781408824856,5
10233,9789356813632,5
10233,9781460710876,4
10233,9780008276942,4
10233,9780143445258,3
10233,9781524798666,5
10233,9781608685486,5
10233,9781409181620,5
10233,9788194525974,3
10233,9781476845623,5
10233,9781419743191,3
10233,9789388070973,3
10233,9789356810822,4
10233,9780385339032,5
10233,9781338325591,5
10233,9780143448990,5
10233,9781616770969,4
10233,9789351035497,5
10233,9789395101677,4
10233,9781786013453,5
10233,9789354922251,5
10233,9789895648962,5
10233,9781780936383,4
10233,9781472290694,5
10233,9780063087774,4
10233,9781607742456,3
10233,9789354923968,2
10233,9798652408466,3
10233,9781529401325,4
10233,9781419766374,3
10233,9789063695330,4
10233,9781419764394,4
10233,9781785040443,4
10233,9789387779297,4
10233,9780062031525,3
10233,9780399579721,4
10233,9781784745011,4
10233,9780349436982,3
10233,9781408855911,1
10233,9789354406539,3
10233,9781647825621,3
10233,9788190256209,1
10233,9780071433341,3
10234,9789357087797,5
10234,9781529022049,4
10234,9789354921490,5
10234,9781501190117,5
10234,9781982179014,4
10234,9789373034386,5
10234,9789895648269,4
10234,9789354929564,3
10234,9781803144382,5
10234,9781542040464,4
10234,9780008474362,5
10234,9789357083003,5
10234,9781780896410,4
10234,9789356291379,4
10234,9780349132860,4
10234,9780062868954,4
10234,9781925480535,5
10234,9781472154644,4
10234,9789814954853,4
10234,9781627792127,5
10234,9781681958071,3
10234,9780349437057,4
10234,9789353451882,3
10234,9781760788629,3
10234,9789389931891,4
10234,9789380658797,5
10234,9781250902450,4
10234,9781681445038,5
10234,9780375703768,4
10234,9789358560572,3
10234,9781802805567,2
10234,9789388810623,3
10234,9780573700323,3
10235,9780007547999,5
10235,9781491952009,5
10235,9789387918573,5
10235,9781847651310,5
10235,9788192107547,5
10235,9781250880949,4
10235,9788177587654,5
10235,9789394407015,4
10235,9780262046305,4
10235,9789356994669,4
10235,9788175994140,5
10235,9781260723106,3
10235,9789347231902,4
10235,9781292405513,5
10235,9781718502703,3
10235,9780063142381,5
10235,9781957999043,4
10235,9789688802052,5
10235,9781473575608,4
10235,9781491950333,4
10235,9780071752114,5
10235,9780771010439,4
10235,9789391724948,4
10235,9780141982410,5
10235,9788122415520,3
10235,9788121906548,5
10235,9780984782857,3
10235,9789362143495,4
10235,9780205982578,5
10235,9789387284944,5
10235,9789356994287,5
10235,9788176561068,3
10235,9789356994713,5
10235,9788177228366,5
10235,9781403930897,5
10235,9788190619509,5
10235,9780199678112,5
10235,9781737475712,5
10235,9781101970317,3
10235,9783804639126,4
10235,9780133489903,4
10235,9781250404855,4
10235,9780521779135,5
10235,9781621291657,3
10235,9781935785132,5
10235,9780534422004,5
10235,9781492032618,5
10235,9789353063191,5
10235,9781644210697,5
10235,9780133522853,4
10235,9781492041108,3
10235,9789356993082,4
10235,9780593083888,5
10235,9789356995260,4
10235,9780143425656,3
10235,9781594205071,5
10235,9780593238295,5
10235,9780062968722,5
10235,9789391028589,5
10235,9788131710265,3
10235,9789386298225,3
10235,9789387604513,4
10235,9780387310732,3
10235,9788185749754,4
10235,9789386845641,4
10235,9788178123684,5
10235,9789350121276,4
10235,9789352036592,4
10235,9783950485417,3
10235,9788177588989,3
10235,9789350125175,4
10235,9789362258601,5
10235,9789389480474,3
10235,9781292420080,4
10235,9781718502345,5
10235,9788178125046,5
10235,9789325798014,5
10235,9788178125367,4
10235,9788121924375,4
10235,9789324192660,3
10235,9789313197133,2
10235,9781613824009,3
10235,9789354403385,3
10235,9780975601464,3
10235,9789355430601,2
10235,9780385339032,2
10235,9781585426591,3
10235,9780794533779,3
10235,9780063356733,2
10235,9781399804455,1
10235,9780670093946,3
10236,9789362055026,4
10236,9780008123208,5
10236,9781087318844,4
10236,9788026837169,5
10236,9781785139949,5
10236,9780307957733,5
10236,9780486114132,5
10236,9789390652457,5
10236,9791041985326,4
10236,9789391149291,4
10236,9781635577716,5
10236,9781471411533,4
10236,9798893310962,4
10236,9781442408944,4
10236,9789362140258,4
10236,9789362145369,3
10236,9780349437057,5
10236,9789351180555,4
10236,9781473228801,3
10236,9781501135910,5
10236,9781681445038,4
10236,9781471411465,4
10236,9780525559733,5
10236,9789356995697,4
10236,9789354407338,3
10236,9781250880949,2
10236,9789364552424,3
10236,9789356812116,1
10236,9781338554274,2
10236,9789391924294,3
10236,9780593500774,2
10236,9789354895579,2
10236,9780140449280,3
10237,9789083023847,5
10237,9789357084987,4
10237,9780857199096,3
10237,9781588361738,5
10237,9789356993327,5
10237,9789390914227,4
10237,9789358569568,4
10237,9789388241908,3
10237,9788186775219,5
10237,9798986406510,4
10237,9781548318468,5
10237,9789351772071,4
10237,9781529902402,5
10237,9780593512296,3
10237,9798998891816,5
10237,9789356997790,4
10237,9781585095568,5
10237,9789353451714,4
10237,9789083023861,4
10237,9781668069530,5
10237,9789358560381,5
10237,9781668065969,5
10237,9780981951249,5
10237,9789387944763,5
10237,9781524704551,5
10237,9780557083206,3
10237,9781847651402,3
10237,9781416502494,5
10237,9786155643071,4
10237,9781444792478,3
10237,9780465072996,4
10237,9789348098559,5
10237,9780008305550,4
10237,9781944515683,4
10237,9789391924690,3
10237,9789355430601,1
10237,9780141382913,3
10237,9780143474296,1
10237,9789387779297,1
10238,9788026837169,3
10238,9781087318844,5
10238,9780008123208,5
10238,9781785139949,4
10238,9789362055026,5
10238,9780307957733,5
10238,9780486114132,4
10238,9781471406454,3
10238,9781408826133,4
10238,9780486784755,5
10238,9789380676371,3
10238,9789354894459,3
10238,9780143443155,5
10238,9781846048395,3
10238,9789390652457,2
10238,9780718188863,5
10238,9789389931891,4
10238,9781881373070,3
10238,9789354406249,5
10238,9780007547999,1
10238,9780241379127,1
10238,9780141382913,1
10238,9781625274502,3
10238,9780071433341,1
10238,9789388241908,2
10239,9789364551090,5
10239,9789357788496,5
10239,9789371268844,5
10239,9789364554435,4
10239,9789357787888,5
10239,9789364558594,5
10239,9789364550161,5
10239,9789357781831,5
10239,9789364555166,4
10239,9789364559249,3
10239,9789364551854,5
10239,9789356226623,4
10239,9789364552424,4
10239,9789371268219,4
10239,9789357785556,3
10239,9789371262255,5
10239,9789375615668,3
10239,9789356225985,3
10239,9789364550093,5
10239,9789364557948,5
10239,9789364559584,4
10239,9789357785952,5
10239,9780141982410,3
10239,9780593715833,4
10239,9789350121665,5
10239,9789387604209,3
10239,9789387284944,2
10239,9788121906548,5
10239,9781491950333,3
10239,9789390297306,4
10239,9788178125367,4
10239,9788173158759,4
10239,9780981951249,2
10239,9780061899874,2
10239,9781925480535,1
10239,9780399179006,2
10240,9781399809665,4
10240,9781464234255,5
10240,9781509852840,4
10240,9781089356400,4
10240,9781607742456,4
10240,9780062250506,5
10240,9781580628556,4
10240,9780998203492,5
10240,9780671741907,4
10240,9789388810609,5
10240,9789365693102,5
10240,9780743421041,4
10240,9781925307443,5
10240,9780062031525,3
10240,9789388810623,5
10240,9788122300338,3
10240,9781433832161,5
10240,9789387779297,5
10240,9781643990026,5
10240,9788122300260,5
10240,9781603293525,5
10240,9781408866115,5
10240,9781472298409,5
10240,9781472261281,5
10240,9780671604295,4
10240,9789391800475,4
10240,9789354895845,4
10240,9780143433002,5
10240,9780786860708,2
10240,9781408824856,4
10240,9789356813632,4
10240,9780393351385,5
10240,9780525658146,4
10240,9789354403514,3
10240,9781408869161,1
10240,9780369348906,1
10240,9780718156848,2
10240,9780133522853,1
10241,9780307957733,5
10241,9789362055026,5
10241,9788026837169,4
10241,9781087318844,5
10241,9780486114132,4
10241,9780008123208,5
10241,9781785139949,4
10241,9781401937539,4
10241,9780486784755,4
10241,9781849545433,2
10241,9781785766886,4
10241,9781542046152,3
10241,9781848317680,4
10241,9781250343178,5
10241,9780143443155,3
10241,9783956763182,4
10241,9780385484510,3
10241,9789362053206,4
10241,9788190256209,4
10241,9788174368942,4
10241,9781471411632,3
10241,9781635577716,4
10241,9789354894459,3
10241,9781501135910,5
10241,9789351180555,3
10241,9781433832161,3
10241,9798295206443,2
10241,9781585429196,3
10241,9781529937381,3
10241,9789356810822,2
10241,9781368024136,3
10241,9781403930897,1
10241,9789355217103,2
10242,9781509851553,5
10242,9780679812685,3
10242,9780723296232,5
10242,9789354404603,4
10242,9781960507921,4
10242,9789390183548,5
10242,9789353056933,5
10242,9780141321288,5
10242,9789354404634,4
10242,9781445158938,5
10242,9780241765876,5
10242,9781405282789,5
10242,9789388369022,5
10242,9781780552491,5
10242,9780141382913,5
10242,9781443124393,5
10242,9780399242861,4
10242,9789358565065,5
10242,9780141385259,4
10242,9781408869161,4
10242,9789327197402,3
10242,9781631980138,5
10242,9781444932386,5
10242,9789354404771,3
10242,9789354404924,4
10242,9781732626508,5
10242,9781943330058,5
10242,9780743421041,3
10242,9781433832161,5
10242,9781087318844,3
10242,9788026837169,2
10242,9781464234255,5
10242,9781580628556,3
10242,9781089356400,4
10242,9780998203492,3
10242,9780062031525,4
10242,9781925307443,5
10242,9780143423928,2
10242,9789389480481,3
10242,9781647825621,1
10242,9781492041108,2
10242,9789354926716,3
10243,9780785850724,3
10243,9780140455113,5
10243,9780141914527,5
10243,9780143029892,3
10243,9789354927041,5
10243,9788187107583,4
10243,9789356618060,5
10243,9780691148182,5
10243,9780691208015,5
10243,9781605203287,5
10243,9780349122380,4
10243,9780141910819,5
10243,9781405944465,5
10243,9780871138002,4
10243,9781844670208,5
10243,9788184750348,4
10243,9789392510366,5
10243,9780670090433,3
10243,9780143433163,5
10243,9789389178111,5
10243,9781611806885,5
10243,9780670086399,3
10243,9781528774888,3
10243,9781613824009,5
10243,9780140449280,4
10243,9789354582233,5
10243,9789358568172,5
10243,9780671741907,3
10243,9788122300260,5
10243,9789388369046,5
10243,9789388810623,4
10243,9781471411632,3
10243,9788120725249,5
10243,9780062250506,5
10243,9789391149291,5
10243,9789387779297,5
10243,9789354926709,5
10243,9788174368942,2
10243,9781471411465,5
10243,9781501135910,4
10243,9781089356400,2
10243,9781580628556,4
10243,9781524798666,3
10243,9788027343164,2
10243,9798217042760,1
10243,9780593238295,3
10243,9788185749754,3
10243,9789773772598,3
10243,9781760985240,2
10244,9780062031525,5
10244,9781580628556,3
10244,9789388810623,4
10244,9781607742456,5
10244,9781089356400,3
10244,9789365693102,3
10244,9781433832161,4
10244,9781408866115,3
10244,9780671741907,4
10244,9781399809665,4
10244,9781925307443,5
10244,9789388810609,5
10244,9781643990026,5
10244,9780062250506,4
10244,9781603293525,5
10244,9788122300338,5
10244,9780743421041,5
10244,9781509852840,5
10244,9781464234255,5
10244,9789387779297,4
10244,9781472298409,3
10244,9788122300260,3
10244,9780998203492,4
10244,9781087318844,2
10244,9781419743191,4
10244,9780883960165,4
10244,9780060391683,4
10244,9781608685486,3
10244,9781460710876,5
10244,9789390678587,4
10244,9781524798666,3
10244,9781439107393,4
10244,9781338325591,5
10244,9780385339032,4
10244,9781780936383,3
10244,9781848420496,5
10244,9781501187636,3
10244,9783836531542,3
10244,9780008276973,2
10244,9789356813632,4
10244,9780141036731,5
10244,9780984358106,2
10244,9789083023847,2
10244,9788177228366,1
10244,9789389178111,1
10244,9781250902450,1
10244,9781621291657,2
10244,9780385535502,2
10244,9780062968722,3
10245,9781607742456,5
10245,9780998203492,5
10245,9781464234255,3
10245,9781433832161,4
10245,9781603293525,5
10245,9780062031525,5
10245,9780743421041,4
10245,9781089356400,5
10245,9789387779297,4
10245,9788122300338,4
10245,9781925307443,5
10245,9781472298409,4
10245,9789388810609,4
10245,9781408866115,5
10245,9788122300260,5
10245,9781643990026,4
10245,9781509852840,5
10245,9780062250506,4
10245,9780671741907,3
10245,9789365693102,3
10245,9781399809665,5
10245,9789388810623,4
10245,9781580628556,3
10245,9780571235568,5
10245,9780307830630,5
10245,9781472297068,4
10245,9781780936383,3
10245,9781910695050,4
10245,9780393351385,4
10245,9789356811621,3
10245,9781506721705,4
10245,9781440571541,5
10245,9781408824856,4
10245,9798652464264,4
10245,9788026837169,4
10245,9789390183784,2
10245,9781398717206,2
10245,9781529401325,1
10245,9781408354414,2
10245,9789356995260,2
10245,9781408865415,1
10246,9780241283912,4
10246,9780241371862,5
10246,9780486272986,5
10246,9780465072996,5
10246,9781471729034,4
10246,9780141986395,5
10246,9781785040443,5
10246,9781405932677,5
10246,9781847651402,5
10246,9781786898562,5
10246,9789063695330,4
10246,9781526645951,5
10246,9781529401325,5
10246,9780008305550,5
10246,9798652408466,3
10246,9798552053032,5
10246,9780143444626,3
10246,9780143452485,4
10246,9781944515683,5
10246,9781949651638,4
10246,9798886500479,5
10246,9781743791714,4
10246,9781668002841,4
10246,9781913682118,4
10246,9781423662617,5
10246,9781984861641,4
10246,9780062359803,3
10246,9781510019430,4
10246,9789360452964,2
10246,9781524704551,5
10246,9789358569568,2
10246,9781530830657,3
10246,9788119792597,3
10246,9789358569018,3
10246,9781982137274,3
10246,9781473680371,4
10246,9798523085741,2
10246,9789389717259,3
10246,9789357087797,2
10246,9780593238295,1
10247,9781925307443,5
10247,9780671741907,4
10247,9780743421041,4
10247,9781408866115,3
10247,9781607742456,5
10247,9789388810623,4
10247,9781399809665,5
10247,9781433832161,5
10247,9781509852840,5
10247,9781643990026,4
10247,9781464234255,5
10247,9789387779297,3
10247,9780062250506,4
10247,9781580628556,5
10247,9781603293525,5
10247,9780998203492,5
10247,9789365693102,4
10247,9788122300260,4
10247,9780062031525,5
10247,9788122300338,5
10247,9781089356400,4
10247,9780144000265,4
10247,9789895648962,4
10247,9781647291495,3
10247,9780060391683,5
10247,9780008123208,2
10247,9780593500774,3
10247,9789388070973,5
10247,9780571235568,3
10247,9781982137274,1
10247,9780545393812,1
10247,9780349436982,2
10247,9781423162797,1
10248,9798893310962,5
10248,9789354928284,5
10248,9789380676371,4
10248,9789351860839,5
10248,9781881373070,5
10248,9789357027519,5
10248,9781471411465,5
10248,9789358560572,5
10248,9788174368942,4
10248,9789390652457,5
10248,9780718188863,4
10248,9780369348906,4
10248,9781804090633,5
10248,9789354926709,4
10248,9780143474296,4
10248,9781611806885,3
10248,9781925307443,3
10248,9789388810609,4
10248,9780691148182,5
10248,9781509852840,4
10248,9781472298409,5
10248,9780486856629,3
10248,9781585429196,1
10248,9789354406522,2
10249,9789364554435,4
10249,9789364551090,5
10249,9789364555166,4
10249,9789357781831,5
10249,9789375615668,5
10249,9789364550161,5
10249,9789364558594,5
10249,9789357787888,5
10249,9789371268844,5
10249,9789364551854,3
10249,9789364559249,4
10249,9789364552424,4
10249,9789356226623,3
10249,9789357785556,5
10249,9789357788496,5
10249,9789357785952,3
10249,9789364557948,4
10249,9789371262255,3
10249,9789356225985,4
10249,9789364559584,4
10249,9789364550093,3
10249,9789371268219,4
10249,9789352837328,4
10249,9780007547999,4
10249,9789355558930,3
10249,9788173177941,3
10249,9781718502703,4
10249,9789356994713,4
10249,9789368900924,4
10249,9789356993082,5
10249,9781644210697,5
10249,9780593083888,4
10249,9780143456476,3
10249,9780593593967,4
10249,9789390327539,4
10249,9781571315991,3
10249,9780199678112,4
10249,9789389480481,5
10249,9781260467369,2
10249,9780984782857,3
10249,9780593653661,5
10249,9781492032618,3
10249,9781982137274,1
10249,9789387779778,1
10249,9781848420496,3
10249,9781457431210,2
10249,9781960927101,2
10249,9780593449240,3
10249,9781520975672,3
10249,9781913682118,3
10250,9780451527318,4
10250,9781495011351,4
10250,9781938938160,4
10250,9781409181620,4
10250,9781457431210,4
10250,9783526528227,4
10250,9781656470997,4
10250,9789895648962,3
10250,9780307830630,3
10250,9780399179006,5
10250,9789388689786,3
10250,9781984897398,5
10250,9781477303733,3
10250,9789355209825,4
10250,9780144000265,4
10250,9781803093178,5
10250,9781338325591,5
10250,9789395101677,5
10250,9781506721705,3
10250,9781419743191,5
10250,9780671604295,4
10250,9780140127225,3
10250,9780385339032,5
10250,9780241400708,4
10250,9780063087774,5
10250,9781804182529,5
10250,9780143448990,3
10250,9789389310733,4
10250,9798652464264,5
10250,9780718156848,4
10250,9789354929762,3
10250,9789354895579,5
10250,9781743791714,4
10250,9780008564834,3
10250,9781585429196,3
10250,9781399809665,3
10250,9789354925931,4
10250,9798652408466,4
10250,9780743421041,3
10250,9798894410067,5
10250,9798556993747,2
10250,9780984782857,2
10250,9789356294561,1
10250,9781780874005,3
10250,9781943330201,3
10251,9789364559584,5
10251,9789364552424,5
10251,9789364558594,5
10251,9789364551090,5
10251,9789364550161,5
10251,9789371268844,5
10251,9789364555166,5
10251,9789364551854,3
10251,9789357781831,5
10251,9789364554435,4
10251,9789364559249,5
10251,9789356226623,3
10251,9789357788496,4
10251,9789357787888,5
10251,9789371268219,5
10251,9789364550093,4
10251,9789371262255,4
10251,9789356225985,3
10251,9789364557948,5
10251,9789357785556,3
10251,9789357785952,5
10251,9789375615668,5
10251,9780141982410,4
10251,9781328662057,5
10251,9789387604513,3
10251,9780071752114,2
10251,9780593715833,2
10251,9780593083888,4
10251,9780534422004,4
10251,9788177587654,2
10251,9781594205071,4
10251,9789352837328,2
10251,9783804639126,2
10251,9789386845641,4
10251,9781250404855,5
10251,9788178125046,4
10251,9789327198010,3
10251,9781492078005,3
10251,9789387918573,4
10251,9781101970317,5
10251,9789325798014,5
10251,9781591842804,1
10251,9781846046384,2
10251,9780231555074,2
10251,9781447439332,1
10251,9788184007527,1
10251,9780723281221,2
10251,9780141339184,2
10251,9781938938160,2
10251,9789354928703,3
10252,9780133522853,5
10252,9781847651310,5
10252,9783804639126,3
10252,9789356995536,4
10252,9780143425656,3
10252,9780007547999,5
10252,9789387284944,5
10252,9789357080248,3
10252,9781101970317,5
10252,9781492041108,3
10252,9781328662057,4
10252,9789389802559,3
10252,9781492032618,4
10252,9781449331443,4
10252,9781957999043,5
10252,9789391028589,3
10252,9781492041917,5
10252,9780262046305,5
10252,9781292405513,5
10252,9780593715833,4
10252,9781737475712,4
10252,9789353063191,5
10252,9780071752114,4
10252,9789394407015,4
10252,9781473575608,4
10252,9780199678112,5
10252,9789356994287,4
10252,9789362143495,3
10252,9780593653661,3
10252,9780063142381,5
10252,9789387918573,5
10252,9780984782857,5
10252,9788121906548,5
10252,9781492078005,5
10252,9788176561068,5
10252,9780078022159,4
10252,9780134610993,5
10252,9781718502703,5
10252,9789355014467,4
10252,9781292023946,5
10252,9788131721018,3
10252,9789324192660,4
10252,9789350121276,4
10252,9789352036592,4
10252,9781524748258,4
10252,9780321972101,4
10252,9788131762189,5
10252,9780198089131,4
10252,9788177588989,5
10252,9789358897920,4
10252,9788121939096,3
10252,9781316632932,4
10252,9798855145168,2
10252,9781982137274,3
10252,9780241244432,3
10252,9781509866113,3
10252,9781387282258,3
10252,9781593306458,2
10252,9789388369046,2
10253,9789364558594,5
10253,9789364555166,5
10253,9789364552424,4
10253,9789364554435,5
10253,9789364551090,5
10253,9789364551854,5
10253,9789364559249,3
10253,9789364550161,4
10253,9789357781831,5
10253,9789371268844,3
10253,9789375615668,3
10253,9789357788496,4
10253,9789357787888,5
10253,9789356226623,4
10253,9789364559584,5
10253,9789356225985,5
10253,9789371262255,5
10253,9789364550093,5
10253,9789364557948,5
10253,9789371268219,4
10253,9789357785556,5
10253,9789357785952,4
10253,9789358897920,3
10253,9780593653661,5
10253,9781292405513,3
10253,9789387284944,5
10253,9788178123684,3
10253,9789355641250,4
10253,9789389480481,4
10253,9781737475712,4
10253,9789350121665,5
10253,9780133522853,5
10253,9789347231902,3
10253,9780262046305,4
10253,9781526612960,1
10253,9780671741907,1
10253,9781787830783,1
10253,9788122300338,2
10253,9780062748805,3
10253,9780545393461,1
10254,9781444724585,5
10254,9781786013521,5
10254,9781631592966,5
10254,9781786013453,5
10254,9781460710876,4
10254,9781495011351,5
10254,9781984897398,4
10254,9781804182529,3
10254,9781656470997,4
10254,9789354922251,5
10254,9781472290694,4
10254,9789387669253,5
10254,9781524798666,4
10254,9781938938160,5
10254,9789355208842,3
10254,9781585429196,3
10254,9780380718153,4
10254,9780399579745,4
10254,9780525505105,5
10254,9789354403385,2
10254,9780593715833,2
10254,9781328662057,2
10254,9781394251575,2
10255,9780349132860,5
10255,9781925480535,5
10255,9789395192224,4
10255,9789354926716,4
10255,9788129144973,3
10255,9789354929564,5
10255,9780062868954,4
10255,9781542040464,4
10255,9798643660491,5
10255,9789895648269,4
10255,9781627792127,5
10255,9781803144382,4
10255,9780008474362,4
10255,9789814954853,5
10255,9789373034386,4
10255,9781681958071,5
10255,9789356999848,4
10255,9789357083003,4
10255,9781501190117,4
10255,9789355430601,3
10255,9789357087797,5
10255,9781982179014,5
10255,9781780896410,3
10255,9789353768966,4
10255,9781529022049,3
10255,9781472154644,5
10255,9789356291379,4
10255,9789354921490,3
10255,9788193655603,3
10255,9782280600705,3
10255,9781501143106,5
10255,9781408865415,4
10255,9780751583694,5
10255,9781442408944,5
10255,9781250902450,4
10255,9780671461492,2
10255,9781250343178,4
10255,9781471407772,3
10255,9780349436982,2
10255,9789313197133,3
10255,9780615978628,3
10255,9781588361738,3
10255,9780723281221,2
10255,9789388810623,3
10256,9781471411465,5
10256,9780143474296,5
10256,9789380676371,4
10256,9780743200400,5
10256,9789356993563,4
10256,9781471411533,5
10256,9781401937539,5
10256,9781846048395,5
10256,9789354928956,4
10256,9780369348906,5
10256,9789351860839,5
10256,9798893310962,5
10256,9789358560572,5
10256,9789362053206,3
10256,9788190256209,5
10256,9780143443155,5
10256,9791041985326,5
10256,9781881373070,5
10256,9788174368942,5
10256,9780670090303,5
10256,9781471411632,3
10256,9789390652457,5
10256,9781953953247,4
10256,9789353050337,3
10256,9780353275195,3
10256,9789351180555,5
10256,9789386651600,3
10256,9789351187301,4
10256,9781846046384,5
10256,9788120725249,3
10256,9789391149291,5
10256,9788119989898,5
10256,9781849545433,4
10256,9789354894459,4
10256,9789357027519,3
10256,9780718188863,4
10256,9789354928703,5
10256,9789354926136,5
10256,9789354923678,4
10256,9783956763182,4
10256,9789358568172,5
10256,9789388810623,5
10256,9781607742456,5
10256,9781611806885,4
10256,9781408866115,5
10256,9780785850724,5
10256,9780143029892,4
10256,9781605203287,5
10256,9780140455113,5
10256,9781089356400,2
10256,9781643990026,3
10256,9789388810609,4
10256,9788122300338,3
10256,9780871138002,4
10256,9781603293525,4
10256,9781509806102,3
10256,9781982137274,1
10256,9780525506263,3
10256,9780747574477,3
10256,9781594205071,2
10256,9781472154644,2
10256,9780061745171,2
10257,9781529401325,4
10257,9781508672197,3
10257,9781405932677,5
10257,9781847651402,5
10257,9781612438634,5
10257,9798552053032,5
10257,9780241283912,4
10257,9798652408466,4
10257,9781785040443,5
10257,9780241552063,5
10257,9780008305550,4
10257,9781786898562,5
10257,9780857199539,4
10257,9789063697174,5
10257,9798886500479,4
10257,9789355208842,4
10257,9798894410067,4
10257,9780241371862,5
10257,9789356296572,3
10257,9789358560381,4
10257,9789362141613,3
10257,9781625274496,4
10257,9780385468473,5
10257,9788186775219,3
10257,9781647825621,4
10257,9789354400889,2
10257,9780723281221,2
10257,9789352838363,2
10258,9781089356400,4
10258,9781925307443,5
10258,9781433832161,4
10258,9780998203492,4
10258,9781607742456,4
10258,9789388810609,5
10258,9780062250506,5
10258,9781399809665,4
10258,9781408866115,4
10258,9781464234255,5
10258,9780671741907,5
10258,9789387779297,5
10258,9780743421041,5
10258,9781580628556,5
10258,9781603293525,5
10258,9788122300260,5
10258,9781472298409,5
10258,9780062031525,4
10258,9789365693102,5
10258,9788122300338,4
10258,9789388810623,5
10258,9781509852840,5
10258,9781643990026,5
10258,9781409181620,3
10258,9781656470997,3
10258,9788194525974,5
10258,9780857360007,4
10258,9780465093069,4
10258,9789394168596,3
10258,9780141035819,4
10258,9780451527318,3
10258,9780141036731,4
10258,9781781105528,3
10258,9789394168510,2
10258,9781408824856,2
10258,9781472261281,4
10258,9781509851553,1
10258,9789354402463,3
10258,9798870369396,3
10258,9788128400483,2
10258,9788177587654,1
10258,9781542040464,2
10258,9788184007527,3
10259,9788121906548,5
10259,9780593715833,5
10259,9788177228366,3
10259,9789357080248,5
10259,9780984782857,5
10259,9781594205071,4
10259,9781449331443,4
10259,9781847651310,4
10259,9781491950333,3
10259,9781328662057,5
10259,9780143425656,5
10259,9789356993082,4
10259,9780071752114,5
10259,9781957999043,4
10259,9789356995260,4
10259,9780134610993,4
10259,9780073523408,4
10259,9781935785132,5
10259,9780063142381,4
10259,9789387918573,4
10259,9781473575608,4
10259,9781250404855,5
10259,9781492041917,5
10259,9780521779135,5
10259,9780534422004,3
10259,9789362143495,5
10259,9780078022098,4
10259,9780262046305,5
10259,9780349426129,4
10259,9789688802052,5
10259,9780593238295,3
10259,9789356995536,3
10259,9789357082594,5
10259,9780141982410,4
10259,9780199480173,4
10259,9780007547999,4
10259,9788190619509,4
10259,9780771010439,3
10259,9789389802559,5
10259,9781492078005,5
10259,9780062968722,4
10259,9788177587654,4
10259,9780593083888,5
10259,9789390327539,5
10259,9781737475712,4
10259,9789391103231,4
10259,9780133489903,5
10259,9780205982578,3
10259,9788126579907,5
10259,9780593593967,5
10259,9781259004612,5
10259,9781491952009,3
10259,9789391028589,4
10259,9780133522853,5
10259,9781621291657,5
10259,9789352036592,3
10259,9789325792708,4
10259,9789355641250,2
10259,9788174822413,3
10259,9789389480474,5
10259,9781718502345,3
10259,9780387310732,4
10259,9789359587615,2
10259,9789359981185,5
10259,9789352838363,5
10259,9788121939096,4
10259,9789390239207,5
10259,9789324192660,4
10259,9789350121665,4
10259,9780073380575,4
10259,9798630240729,4
10259,9789355014467,3
10259,9789386298225,4
10259,9789358897920,2
10259,9789386298195,5
10259,9789359584362,4
10259,9780735229358,2
10259,9788120725249,3
10259,9781529937381,3
10259,9789358568172,1
10259,9781613122488,2
10259,9789353451714,3
10259,9781839647338,1
10259,9781526645951,3
10259,9780141035819,2
10260,9789354928956,5
10260,9789354928703,4
10260,9780143474296,4
10260,9781846048395,5
10260,9780718188863,5
10260,9789354926136,5
10260,9789388369046,3
10260,9780743200400,4
10260,9780241996324,5
10260,9789353050337,3
10260,9789351180555,5
10260,9781881373070,5
10260,9789386651600,5
10260,9789353456443,5
10260,9781401937539,5
10260,9781953953247,5
10260,9781804090633,3
10260,9781848317680,5
10260,9789391149291,5
10260,9789390652457,4
10260,9789355219244,4
10260,9789362053206,3
10260,9780143464617,5
10260,9798893310962,4
10260,9788174368942,5
10260,9780143443155,5
10260,9789351860839,5
10260,9781591845324,5
10260,9781471411632,5
10260,9781501135910,4
10260,9781846046384,5
10260,9783956763182,3
10260,9789389647242,3
10260,9788190256209,5
10260,9781471411533,4
10260,9780670090303,5
10260,9781849545433,5
10260,9789358560572,3
10260,9789356993563,5
10260,9789389243123,5
10260,9781471411465,5
10260,9789354926709,4
10260,9789353769819,5
10260,9780369348906,3
10260,9788120725249,5
10260,9780353275195,3
10260,9789354409660,3
10260,9789351187301,4
10260,9780385484510,4
10260,9791041985326,5
10260,9780143423928,3
10260,9789354923678,4
10260,9789354894459,5
10260,9789354928284,5
10260,9789380676371,5
10260,9789356997110,4
10260,9780141986005,5
10260,9781408866115,3
10260,9781509852840,3
10260,9780141914527,4
10260,9780785850724,2
10260,9789354582233,3
10260,9789388810609,4
10260,9780140449280,2
10260,9780743421041,3
10260,9780670086399,3
10260,9780691148182,5
10260,9780141910819,4
10260,9780671741907,3
10260,9781433832161,4
10260,9780062250506,4
10260,9781399809665,2
10260,9781580628556,5
10260,9781089356400,5
10260,9789387779297,3
10260,9789389178111,5
10260,9789354927041,4
10260,9781605203287,2
10260,9781611806885,3
10260,9789063695330,2
10260,9780144000265,2
10260,9781981390816,3
10260,9781960507617,2
10260,9781405282789,2
10260,9781260467369,3
10260,9781250880949,1
10260,9789325798014,3
10260,9781542040464,3
10261,9789356995260,5
10261,9781491950333,5
10261,9780062968722,3
10261,9780134610993,4
10261,9780349426129,5
10261,9781737475712,5
10261,9781492041917,5
10261,9789356994287,4
10261,9781621291657,5
10261,9789391103231,5
10261,9789356995833,4
10261,9781644210697,5
10261,9781635576818,5
10261,9789688802052,3
10261,9780077496128,5
10261,9788121939096,3
10261,9789352838363,2
10261,9780321972101,5
10261,9781292420080,3
10261,9780747589945,2
10261,9781529350104,1
10261,9788183896771,3
10261,9781398717206,1
10262,9781542046152,4
10262,9781501143106,3
10262,9781409181682,3
10262,9781681445038,5
10262,9780349437057,3
10262,9781635577716,5
10262,9781442408944,3
10262,9789354402173,5
10262,9781785766886,4
10262,9789380658797,5
10262,9781473227996,3
10262,9781623651442,4
10262,9780593438374,5
10262,9780671461492,5
10262,9780385535502,5
10262,9781680307672,5
10262,9781471407772,5
10262,9781408865415,5
10262,9781471406454,4
10262,9781408826133,3
10262,9789354406249,5
10262,9780375703768,5
10262,9781250343178,5
10262,9781387282258,5
10262,9789389931891,4
10262,9780486784755,5
10262,9798317901462,4
10262,9789358568226,5
10262,9788193655603,4
10262,9780349436982,3
10262,9789356995697,5
10262,9781250855145,3
10262,9780751583694,5
10262,9781780874005,5
10262,9780007260478,2
10262,9780141381497,3
10262,9780241959565,5
10262,9780747573616,4
10262,9781405282789,4
10262,9789354404603,3
10262,9781952535963,3
10262,9780241621639,5
10262,9781035067022,3
10262,9789389567380,4
10262,9780241765876,4
10262,9780141342566,4
10262,9780143497639,4
10262,9780521779135,3
10262,9789357312660,2
10262,9798652464264,3
10262,9781472290694,3
10262,9780385468473,3
10262,9789356997790,3
10263,9780671472122,5
10263,9781443460712,5
10263,9789356296572,3
10263,9789393757029,4
10263,9781982137274,4
10263,9789355201287,4
10263,9780307887917,3
10263,9789773772598,5
10263,9781482850888,5
10263,9781416502494,5
10263,9798995567004,4
10263,9781399804455,5
10263,9780801563669,4
10263,9798896327271,5
10263,9780061745171,4
10263,9788119153442,4
10263,9781591842804,5
10263,9781473535169,5
10263,9781530830657,4
10263,9780753550663,4
10263,9781447261261,4
10263,9789390166275,5
10263,9781529350104,3
10263,9781119523260,4
10263,9789313168805,5
10263,9780615978628,5
10263,9788175994409,4
10263,9781783085200,5
10263,9789390924219,3
10263,9780241982280,4
10263,9788128400483,5
10263,9781982172008,3
10263,9789390378548,5
10263,9780552167833,5
10263,9798893312010,4
10263,9780975601464,4
10263,9780385676519,5
10263,9781846140556,5
10263,9786155643071,5
10263,9780063497474,4
10263,9781647825621,4
10263,9781585426591,4
10263,9798870369396,4
10263,9798556993747,5
10263,9789390166268,4
10263,9780753555637,5
10263,9788184951332,5
10263,9780691263632,4
10263,9781612680569,5
10263,9780061899874,5
10263,9781509866113,5
10263,9780062359803,5
10263,9781529937381,5
10263,9780593467428,5
10263,9789352140046,5
10263,9789360452964,5
10263,9788184006490,5
10263,9780385468473,5
10263,9791222454405,4
10263,9789348098559,5
10263,9780231552110,4
10263,9780521779135,5
10263,9781403930897,5
10263,9798998891816,4
10263,9781492041108,4
10263,9780071752114,5
10263,9780143456476,4
10263,9781760630737,5
10263,9781847651310,3
10263,9789387284944,4
10263,9788175994140,5
10263,9789688802052,3
10263,9789388241908,5
10263,9789390914227,4
10263,9781571315991,4
10263,9781668069530,4
10263,9789356994713,5
10263,9780141982410,2
10263,9781292405513,3
10263,9789358560381,4
10263,9781621291657,4
10263,9780062968722,4
10263,9781594205071,4
10263,9780199678112,3
10263,9781542040464,2
10263,9780241427347,3
10263,9780008305550,3
10263,9781442408944,1
10263,9781603293525,3
10263,9781925480535,1
10263,9788173177941,2
10263,9789388369794,2
10263,9780321972101,3
10263,9788129144973,3
10264,9781648287510,5
10264,9780525506287,5
10264,9789354927911,5
10264,9780062748805,5
10264,9781419766374,5
10264,9789354929762,4
10264,9789353056469,4
10264,9780857199539,5
10264,9781530728855,3
10264,9781476744872,4
10264,9781426215889,5
10264,9789354895579,5
10264,9781668002841,5
10264,9780141908762,4
10264,9781593306458,5
10264,9789358569018,5
10264,9780593467428,4
10264,9781548318468,3
10264,9781529902402,4
10264,9780062359803,4
10264,9781585426591,5
10264,9781526626691,2
10264,9780375703768,3
10264,9789391924294,2
10265,9781250343178,5
10265,9780593438374,5
10265,9780349437057,3
10265,9781623651442,5
10265,9781471406454,3
10265,9789362140258,5
10265,9781408826133,5
10265,9788193655603,3
10265,9781250902450,4
10265,9781780874005,4
10265,9789389931891,3
10265,9781473228801,3
10265,9781387282258,5
10265,9798675385850,5
10265,9781442408944,5
10265,9780751583694,4
10265,9781760788629,5
10265,9780385535502,4
10265,9782280600705,3
10265,9781916277182,4
10265,9781635577716,5
10265,9781471407772,5
10265,9781681445038,5
10265,9781501143106,5
10265,9780671461492,5
10265,9781409181682,5
10265,9781473227996,4
10265,9781542046152,3
10265,9781324095323,3
10265,9781408865415,5
10265,9780486784755,4
10265,9789354402173,4
10265,9789354407338,4
10265,9780525559733,4
10265,9789357316354,3
10265,9789358568226,5
10265,9798317901462,4
10265,9789356294561,4
10265,9781785766886,5
10265,9789354406249,5
10265,9789380658797,5
10265,9780349436982,3
10265,9780375703768,3
10265,9781250855145,4
10265,9781680307672,5
10265,9789353451882,5
10265,9789356995697,4
10265,9789362145369,5
10265,9783689951016,5
10265,9781771672504,3
10265,9789354404528,4
10265,9798855015096,4
10265,9781509851577,5
10265,9781534451360,4
10265,9781408855911,3
10265,9780679812685,5
10265,9780747589945,4
10265,9789354405068,4
10265,9780008156312,4
10265,9780694011100,4
10265,9780141321288,4
10265,9781597020145,4
10265,9789389432350,5
10265,9780143331513,5
10265,9780573700323,3
10265,9781647004163,4
10265,9798855007664,4
10265,9781444935189,4
10265,9780008724764,5
10265,9789354403033,5
10265,9780553151749,4
10265,9780747570738,4
10265,9789354404603,4
10265,9780349132860,3
10265,9789355430601,3
10265,9781647390983,3
10265,9789359585314,3
10265,9788190619509,1
10265,9789895648962,3
10265,9781585426591,1
10265,9780981951249,1
10265,9780078022098,2
10265,9781846048395,2
10266,9788174368942,4
10266,9781501135910,5
10266,9788120725249,3
10266,9789354928956,5
10266,9789389243123,5
10266,9789380676371,4
10266,9781881373070,5
10266,9781953953247,3
10266,9789354894459,5
10266,9789389647242,3
10266,9781471411632,5
10266,9780743200400,4
10266,9781846048395,3
10266,9781401937539,5
10266,9789351860839,5
10266,9789388369046,5
10266,9789358560572,3
10266,9789355219244,5
10266,9789354926136,5
10266,9780369348906,4
10266,9781849545433,4
10266,9798893310962,5
10266,9789351180555,3
10266,9788190256209,5
10266,9789354923678,4
10266,9780143474296,5
10266,9789351187301,5
10266,9780385484510,3
10266,9780143443155,5
10266,9780241996324,5
10266,9780143423928,4
10266,9789354926709,4
10266,9781846046384,5
10266,9789354928703,4
10266,9789386651600,4
10266,9789391149291,3
10266,9781591845324,5
10266,9791041985326,5
10266,9780353275195,5
10266,9789390652457,5
10266,9781471411465,5
10266,9788184750348,5
10266,9788187107583,2
10266,9781433832161,3
10266,9788122300338,4
10266,9789358568172,5
10266,9780141914527,5
10266,9789354927041,4
10266,9780785850724,2
10266,9789356618060,4
10266,9781580628556,3
10266,9780140455113,4
10266,9781528774888,4
10266,9780062250506,4
10266,9781844670208,5
10266,9780998203492,4
10266,9780143029892,3
10266,9789354406522,2
10266,9780061745171,2
10266,9781956769005,2
10266,9781612680569,3
10266,9781635577716,2
10266,9780702348839,3
10266,9789391028589,1
10267,9789389178111,4
10267,9780141910819,5
10267,9781528774888,5
10267,9788187107583,5
10267,9781405944465,4
10267,9780143433163,3
10267,9780140449280,5
10267,9780785850724,5
10267,9789354582233,4
10267,9781611806885,5
10267,9788184750348,3
10267,9780140455113,5
10267,9781844670208,5
10267,9789356618060,5
10267,9781605203287,4
10267,9780670090433,5
10267,9789392510366,5
10267,9780349122380,4
10267,9780691148182,5
10267,9780670086399,5
10267,9781613824009,3
10267,9780871138002,4
10267,9780691208015,5
10267,9780143029892,5
10267,9789354927041,5
10267,9789358568172,4
10267,9780141914527,4
10267,9781846048395,4
10267,9781471411632,3
10267,9781471411533,5
10267,9789358560572,5
10267,9788120725249,3
10267,9780718188863,4
10267,9788174368942,3
10267,9781643990026,4
10267,9781591845324,4
10267,9781580628556,3
10267,9780143423928,3
10267,9789386651600,3
10267,9780385484510,3
10267,9781401937539,4
10267,9789353050337,2
10267,9781780552491,1
10267,9788186775219,3
10267,9781797221311,1
10267,9789352661190,1
10267,9780199480173,2
10267,9781644210697,2
10268,9781849545433,5
10268,9789380676371,5
10268,9788190256209,5
10268,9780143423928,5
10268,9789354926709,4
10268,9798893310962,3
10268,9781591845324,4
10268,9789386651600,4
10268,9781471411533,5
10268,9780143464617,5
10268,9783956763182,3
10268,9780670090303,4
10268,9781881373070,5
10268,9789357027519,5
10268,9780241996324,5
10268,9789354409660,4
10268,9789354928703,5
10268,9789354928956,5
10268,9789351860839,4
10268,9781501135910,4
10268,9789391149291,5
10268,9789358560572,5
10268,9789354926136,4
10268,9780353275195,5
10268,9789351180555,5
10268,9781953953247,3
10268,9781846048395,4
10268,9780743200400,4
10268,9781804090633,4
10268,9780718188863,5
10268,9780143443155,3
10268,9789389243123,3
10268,9781401937539,4
10268,9789389647242,4
10268,9791041985326,4
10268,9789390652457,4
10268,9788174368942,5
10268,9780385484510,5
10268,9789356993563,5
10268,9781471411632,5
10268,9789362053206,5
10268,9789351187301,5
10268,9780141986005,4
10268,9789388369046,5
10268,9781846046384,4
10268,9780369348906,5
10268,9789353050337,5
10268,9789354923678,4
10268,9781471411465,5
10268,9789356997110,4
10268,9780143474296,4
10268,9789354928284,5
10268,9789354894459,5
10268,9788120725249,5
10268,9781848317680,4
10268,9789353769819,4
10268,9789353456443,4
10268,9789355219244,5
10268,9788119989898,5
10268,9781399809665,5
10268,9781405944465,5
10268,9780671741907,4
10268,9780670086399,5
10268,9789387779297,3
10268,9780670090433,2
10268,9789356618060,5
10268,9781605203287,3
10268,9780743421041,3
10268,9780141914527,3
10268,9781528774888,5
10268,9788187107583,2
10268,9780140449280,2
10268,9780141910819,2
10268,9789354582233,3
10268,9781643990026,5
10268,9780349122380,5
10268,9781509852840,2
10268,9781408866115,5
10268,9780871138002,4
10268,9789388810609,5
10268,9781613824009,4
10268,9780998203492,4
10268,9789365693102,2
10268,9780008276942,1
10268,9780307887917,2
10268,9788175994409,2
10268,9789353056933,2
10268,9781780286136,3
10268,9781597020145,1
10268,9781846140556,2
10268,9780071775304,2
10268,9798675385850,3
10268,9789356291713,2
10269,9788131721018,4
10269,9780073380575,5
10269,9780486434841,5
10269,9781118476734,5
10269,9789352838363,4
10269,9781119770763,3
10269,9781292026565,3
10269,9781394251575,4
10269,9781718502345,5
10269,9780387310732,4
10269,9789355014467,4
10269,9781292420080,5
10269,9780198089131,4
10269,9788121924375,5
10269,9780077496128,3
10269,9788177588989,5
10269,9781524748258,5
10269,9780133356038,5
10269,9788131710265,4
10269,9788185749754,5
10269,9780321972101,5
10269,9781292023946,4
10269,9781449331443,4
10269,9780143425656,4
10269,9789390711956,4
10269,9781328662057,3
10269,9781492041917,4
10269,9781264842292,3
10269,9780593715833,3
10269,9780593593967,5
10269,9781783085200,2
10269,9781534451360,3
10269,9789373034386,3
10269,9780399242861,2
10270,9789354923678,5
10270,9789354928703,4
10270,9780369348906,5
10270,9789354894459,5
10270,9780353275195,5
10270,9789354926136,4
10270,9781846046384,4
10270,9781471411632,3
10270,9789386651600,5
10270,9781846048395,5
10270,9780143464617,3
10270,9780143474296,4
10270,9780743200400,3
10270,9789354409660,5
10270,9780718188863,5
10270,9781591845324,5
10270,9789353769819,5
10270,9780143423928,5
10270,9781848317680,5
10270,9781804090633,5
10270,9781401937539,4
10270,9789354928956,5
10270,9789380676371,5
10270,9789391149291,3
10270,9781471411533,5
10270,9783956763182,5
10270,9789357027519,4
10270,9788190256209,5
10270,9789354928284,4
10270,9780241996324,4
10270,9788174368942,5
10270,9780385484510,3
10270,9789356993563,4
10270,9789358560572,4
10270,9789388369046,5
10270,9789351180555,5
10270,9791041985326,5
10270,9781471411465,5
10270,9780141986005,5
10270,9789362053206,5
10270,9781953953247,5
10270,9789353050337,5
10270,9789390652457,5
10270,9781849545433,4
10270,9789353456443,5
10270,9780143443155,5
10270,9789355219244,5
10270,9789351187301,4
10270,9789354926709,4
10270,9798893310962,3
10270,9781881373070,4
10270,9789389647242,5
10270,9788120725249,5
10270,9789351860839,4
10270,9789389243123,5
10270,9781501135910,5
10270,9780670090303,4
10270,9789356997110,5
10270,9788119989898,3
10270,9781089356400,4
10270,9780998203492,4
10270,9788184750348,2
10270,9780691208015,3
10270,9781408866115,4
10270,9780140449280,3
10270,9789387779297,4
10270,9780062250506,4
10270,9780691148182,3
10270,9781433832161,5
10270,9781844670208,4
10270,9781611806885,4
10270,9781643990026,3
10270,9780871138002,5
10270,9789392510366,3
10270,9781464234255,4
10270,9781607742456,5
10270,9789354927041,2
10270,9780671741907,5
10270,9789388810609,4
10270,9780743421041,5
10270,9781580628556,3
10270,9780143029892,3
10270,9781444929706,1
10270,9789371268844,3
10270,9781400225415,2
10270,9781805222088,2
10270,9788178125046,2
10270,9781529902402,2
10270,9789354404702,1
10270,9780984358106,3
10270,9789352140046,3
10270,9781668045572,2
10271,9781786013453,3
10271,9780593500774,5
10271,9789895648962,5
10271,9781495011351,5
10271,9780008276942,5
10271,9780393351385,3
10271,9781608685486,3
10271,9780671604295,5
10271,9789356813472,5
10271,9789394168596,5
10271,9798652464264,4
10271,9781524798666,5
10271,9780399179006,5
10271,9781444724585,5
10271,9781338325591,5
10271,9781938938160,4
10271,9789356291713,5
10271,9789394168244,5
10271,9781631592966,4
10271,9780307830630,4
10271,9789390678587,5
10271,9789356811621,5
10271,9780141906270,4
10271,9781472261281,5
10271,9781439107393,4
10271,9780993203008,5
10271,9780857364319,5
10271,9789354895845,5
10271,9780992550714,5
10271,9781408824856,5
10271,9781472297068,3
10271,9786067892864,5
10271,9781409181620,4
10271,9780062250506,3
10271,9780062748805,4
10271,9781984861641,3
10271,9780486272986,3
10271,9781399809665,4
10271,9780671741907,5
10271,9780241552063,2
10271,9781472298409,4
10271,9780008305550,3
10271,9781529401325,3
10271,9781580628556,4
10271,9780593582268,4
10271,9781509852840,2
10271,9789354400124,2
10271,9789390391608,1
10271,9789390924219,2
10271,9781443460712,1
10271,9789354927041,2
10271,9780307957733,2
10272,9780545030106,5
10272,9789390183784,5
10272,9781965347935,4
10272,9788184754179,5
10272,9781368002073,4
10272,9781509808328,3
10272,9781481422192,4
10272,9789389432688,5
10272,9781443124393,5
10272,9780486856629,5
10272,9780593178751,5
10272,9788187107460,4
10272,9789393267030,5
10272,9781943330744,5
10272,9780141342566,5
10272,9780008283308,3
10272,9781547614486,5
10272,9780702348839,4
10272,9781035034581,4
10272,9780593092934,4
10272,9789388810630,3
10272,9780747589945,5
10272,9781943330973,5
10272,9789354404603,4
10272,9781368024136,3
10272,9780241765876,5
10272,9789350106013,5
10272,9789389717303,5
10272,9781965322543,4
10272,9789387779266,3
10272,9788187108948,5
10272,9781484469064,5
10272,9781774882986,5
10272,9781526666321,4
10272,9781631980138,3
10272,9789390183005,4
10272,9780399242861,4
10272,9788194525905,5
10272,9781444929706,3
10272,9789354400889,4
10272,9789354404764,5
10272,9781408869161,4
10272,9780573700323,5
10272,9789354401121,4
10272,9789390183586,3
10272,9780694011100,5
10272,9780316480802,4
10272,9789390183555,4
10272,9780998203492,2
10272,9780307957733,5
10272,9781509852840,3
10272,9781399809665,5
10272,9781433832161,5
10272,9780062031525,4
10272,9781087318844,4
10272,9781603293525,2
10272,9789388810609,5
10272,9781580628556,5
10272,9780062250506,5
10272,9781607742456,4
10272,9789365693102,5
10272,9780008123208,2
10272,9789362055026,4
10272,9780671741907,3
10272,9781785139949,3
10272,9781925307443,3
10272,9789388070973,1
10272,9789388369046,1
10272,9781501135910,3
10272,9781668045572,1
10272,9789354923678,2
10272,9780141986395,3
10272,9789354923500,2
10272,9781250343178,3
10272,9780593653661,2
10273,9780747574477,5
10273,9780723296232,4
10273,9789389178463,4
10273,9780723281221,4
10273,9789389432695,5
10273,9781419751660,4
10273,9781408834985,5
10273,9781368051446,5
10273,9789354405389,4
10273,9781943330614,4
10273,9780573700323,4
10273,9780375968488,5
10273,9789354406522,3
10273,9789354404191,3
10273,9781742624068,5
10273,9781368078351,3
10273,9789350334423,5
10273,9789354404009,5
10273,9789390093960,3
10273,9780547248288,5
10273,9789358567403,5
10273,9780141339184,5
10273,9781771672504,5
10273,9789391924690,5
10273,9798885782678,4
10273,9780545935456,5
10273,9780545393812,5
10273,9781443124393,5
10273,9780241379103,4
10273,9781536462142,4
10273,9781780556178,4
10273,9789389432886,5
10273,9789354406430,5
10273,9780141347752,4
10273,9789389717303,5
10273,9781408378458,4
10273,9789389567380,5
10273,9780241801574,5
10273,9789388144971,5
10273,9781524741730,5
10273,9780316480802,5
10273,9781419741999,5
10273,9781484758601,3
10273,9780553151749,3
10273,9781405298612,4
10273,9789354405419,3
10273,9781726216777,4
10273,9781509851577,5
10273,9788171672882,4
10273,9789386538604,5
10273,9788187108948,4
10273,9789390183586,5
10273,9781444924848,4
10273,9780008411312,4
10273,9789354921360,5
10273,9781925307443,3
10273,9781089356400,3
10273,9781785139949,3
10273,9788122300260,3
10273,9781433832161,3
10273,9789388810609,4
10273,9780998203492,5
10273,9780671741907,4
10273,9781087318844,4
10273,9789388810623,4
10273,9788122300338,4
10273,9780743421041,5
10273,9789362055026,5
10273,9781607742456,3
10273,9780008123208,5
10273,9781509852840,5
10273,9780062031525,4
10273,9781643990026,5
10273,9781603293525,2
10273,9788026837169,3
10273,9780062250506,4
10273,9789350127353,3
10273,9780857199096,3
10273,9781119523260,2
10273,9789389647242,1
10273,9781260723106,2
10273,9788119153442,2
10273,9789364552424,3
10273,9780486784755,2
10273,9789354881008,3
10273,9781510054585,3
10274,9780008123208,5
10274,9781087318844,5
10274,9788026837169,5
10274,9781785139949,4
10274,9789362055026,4
10274,9780307957733,4
10274,9780486114132,5
10274,9789362145369,3
10274,9789380658797,5
10274,9789354928703,5
10274,9789362140258,4
10274,9781409181682,4
10274,9780718188863,5
10274,9781760788629,5
10274,9780349436982,4
10274,9781408865415,4
10274,9780143443155,5
10274,9781501143106,4
10274,9781471406454,4
10274,9780141986005,4
10274,9789356995697,2
10274,9798675385850,4
10274,9781471407772,2
10274,9780241996324,5
10274,9789388369046,5
10274,9788190256209,3
10274,9781780874005,3
10274,9789353050337,4
10274,9789354923678,4
10274,9781471418297,1
10274,9780099470434,1
10274,9781591842804,1
10274,9780141906270,2
10274,9789390924219,2
10274,9789347231902,1
10274,9781529022049,1
10274,9781457431210,1
10274,9781802804966,1
10275,9781501190117,5
10275,9781472154644,5
10275,9781627792127,5
10275,9781529022049,4
10275,9780349132860,4
10275,9789354926716,4
10275,9789357087797,4
10275,9789355430601,5
10275,9789814954853,5
10275,9781925480535,3
10275,9789895648269,5
10275,9781982179014,4
10275,9789354929564,5
10275,9781681958071,5
10275,9789395192224,5
10275,9781803144382,4
10275,9781780896410,4
10275,9781542040464,4
10275,9789356291379,3
10275,9780062868954,5
10275,9798643660491,5
10275,9788129144973,5
10275,9789373034386,5
10275,9780008474362,3
10275,9789354921490,3
10275,9789356999848,4
10275,9789357083003,4
10275,9789353768966,3
10275,9786020633916,4
10275,9780008123208,5
10275,9788026837169,3
10275,9781471406454,3
10275,9789362145369,4
10275,9789356294561,4
10275,9781760788629,4
10275,9781681445038,4
10275,9781471407772,5
10275,9781250902450,4
10275,9789380658797,5
10275,9781623651442,4
10275,9789389567403,3
10275,9798581186916,1
10275,9781616770969,3
10275,9781419741999,2
10275,9781501135910,3
10276,9781737475712,3
10276,9781260723106,5
10276,9780143456476,5
10276,9780133522853,5
10276,9780071752114,5
10276,9788177228366,5
10276,9781594205071,5
10276,9781571315991,5
10276,9780199480173,5
10276,9781635576818,4
10276,9780205982578,5
10276,9781492078005,4
10276,9789356993082,3
10276,9780262046305,3
10276,9789362143495,5
10276,9780593653661,4
10276,9789356994287,5
10276,9788122415520,5
10276,9789357080248,3
10276,9781292405513,5
10276,9781935785132,5
10276,9789394407015,4
10276,9783804639126,5
10276,9781328662057,3
10276,9781259004612,5
10276,9780349426129,4
10276,9781492041108,3
10276,9789387918573,4
10276,9781250404855,3
10276,9781250880949,5
10276,9789357312660,5
10276,9781491950333,4
10276,9789356995833,4
10276,9789347231902,5
10276,9781957999043,4
10276,9780593593967,5
10276,9781803093543,5
10276,9788190619509,5
10276,9788192107547,4
10276,9781473575608,3
10276,9780063142381,4
10276,9780521779135,4
10276,9780199678112,5
10276,9780133489903,5
10276,9780984782857,4
10276,9789357082594,5
10276,9789391028589,4
10276,9781718502703,5
10276,9789325798014,4
10276,9788185749754,3
10276,9789386298225,3
10276,9780077496128,4
10276,9781292026565,5
10276,9780387310732,2
10276,9789313197133,3
10276,9789390711956,3
10276,9789359584362,5
10276,9789390297306,4
10276,9789350127643,5
10276,9780071775304,5
10276,9789355641250,5
10276,9789359981185,4
10276,9798630240729,2
10276,9789350123485,4
10276,9789327196504,3
10276,9781260467369,2
10276,9780141342603,3
10276,9789354928703,3
10276,9789390183005,3
10276,9780140127225,1
10276,9781476845623,2
10276,9781471406454,2
10276,9780753555637,1
10276,9781591842804,3
10276,9780385676519,3
10277,9780385535502,5
10277,9781409181682,5
10277,9780349437057,3
10277,9781408826133,4
10277,9781250343178,4
10277,9780349436982,5
10277,9780375703768,3
10277,9789358568226,4
10277,9789354402173,5
10277,9781250902450,4
10277,9780525559733,5
10277,9781785766886,4
10277,9781635577716,5
10277,9781250855145,4
10277,9781442408944,4
10277,9781760788629,4
10277,9781623651442,4
10277,9781473227996,3
10277,9789354406249,5
10277,9788193655603,5
10277,9780486784755,5
10277,9780593438374,5
10277,9781473228801,5
10277,9781681445038,4
10277,9798317901462,5
10277,9781471406454,3
10277,9781916277182,5
10277,9789380658797,5
10277,9798675385850,5
10277,9780671461492,5
10277,9789354407338,5
10277,9781780874005,4
10277,9789389931891,5
10277,9789362145369,5
10277,9789356294561,5
10277,9781387282258,5
10277,9782280600705,4
10277,9781680307672,5
10277,9781542046152,5
10277,9789353451882,5
10277,9788027343164,2
10277,9798885782678,4
10277,9798855015096,4
10277,9781965322543,4
10277,9789391924294,3
10277,9781447200611,5
10277,9781526626691,4
10277,9789354404436,3
10277,9789390183784,5
10277,9789354406522,2
10277,9780141382913,4
10277,9781952535963,4
10277,9780143458005,2
10277,9789354404498,5
10277,9789385990175,3
10277,9780369348906,1
10277,9789354929564,2
10277,9780071752114,3
10277,9789063697174,2
10277,9780063356733,3
10277,9781668045572,2
10277,9781524798666,2
10278,9781524704551,3
10278,9789083023847,4
10278,9781585095568,4
10278,9781760630737,5
10278,9789388241908,3
10278,9780857199096,4
10278,9789356993327,4
10278,9780593512296,3
10278,9788186775219,3
10278,9789083023861,5
10278,9798998891816,5
10278,9789358569568,5
10278,9781668069530,5
10278,9789357084987,3
10278,9781588361738,5
10278,9798986406510,5
10278,9789390914227,5
10278,9780981951249,3
10278,9789354928758,4
10278,9789351772071,4
10278,9781668065969,4
10278,9781529902402,4
10278,9789358569018,4
10278,9781548318468,5
10278,9789358560381,4
10278,9789356997790,4
10278,9789387944763,4
10278,9781797221311,5
10278,9781647390983,3
10278,9789353451714,4
10278,9780593467428,4
10278,9780241371862,3
10278,9780063497474,4
10278,9789390166268,4
10278,9780241982280,4
10278,9781400225415,4
10278,9786155643071,5
10278,9781476744872,3
10278,9781443460712,3
10278,9781482850888,4
10278,9798893312010,4
10278,9798896327271,4
10278,9781473680371,2
10278,9781529350104,3
10278,9789353043551,4
10278,9781796684834,2
10278,9781529022049,3
10278,9780747573616,3
10278,9781118476734,3
10278,9789354928956,3
10278,9781938938160,2
10279,9781501190117,4
10279,9781472154644,5
10279,9789373034386,3
10279,9789895648269,5
10279,9781780896410,5
10279,9788129144973,5
10279,9789354921490,5
10279,9789814954853,5
10279,9789353768966,4
10279,9781803144382,4
10279,9781627792127,4
10279,9789355430601,4
10279,9789395192224,5
10279,9789354926716,5
10279,9798643660491,4
10279,9781529022049,4
10279,9789356291379,4
10279,9780349132860,5
10279,9780062868954,5
10279,9789357083003,3
10279,9781542040464,4
10279,9789357087797,5
10279,9781408865415,4
10279,9781501143106,4
10279,9781623651442,4
10279,9781409181682,4
10279,9798675385850,4
10279,9781785766886,2
10279,9781250343178,3
10279,9780486784755,3
10279,9789325792708,2
10279,9789354402784,3
10279,9798648372467,2
10279,9781982137274,2
10279,9780143474296,1
10280,9780691148182,4
10280,9789354927041,5
10280,9789356618060,3
10280,9780670086399,4
10280,9789392510366,5
10280,9781613824009,5
10280,9780143433163,5
10280,9781611806885,5
10280,9781528774888,5
10280,9780141910819,5
10280,9780140455113,4
10280,9780349122380,5
10280,9780140449280,5
10280,9781605203287,5
10280,9789358568172,4
10280,9781844670208,5
10280,9780691208015,5
10280,9780141914527,5
10280,9780785850724,4
10280,9789389178111,5
10280,9789354582233,4
10280,9788187107583,5
10280,9781405944465,4
10280,9780670090433,4
10280,9780143029892,4
10280,9788184750348,4
10280,9780871138002,5
10280,9781471411465,4
10280,9780743421041,3
10280,9789386651600,4
10280,9789356993563,5
10280,9780143464617,3
10280,9798893310962,4
10280,9789354926709,5
10280,9781471411632,4
10280,9780718188863,3
10280,9789365693102,3
10280,9781471411533,4
10280,9788190256209,5
10280,9781408866115,3
10280,9780241996324,4
10280,9781292026565,3
10280,9780557083206,1
10280,9798648372467,3
10280,9780486478999,3
10280,9789387284944,3
10280,9789362141613,1
10280,9789352769261,3
10281,9788131721018,5
10281,9780486434841,5
10281,9780073380575,5
10281,9781718502345,5
10281,9788131710265,5
10281,9781292023946,4
10281,9788121924375,5
10281,9780387310732,5
10281,9788177588989,5
10281,9780133356038,5
10281,9781316632932,3
10281,9781292026565,4
10281,9781292420080,4
10281,9780321972101,5
10281,9780198089131,5
10281,9789352838363,5
10281,9789355014467,4
10281,9781119770763,5
10281,9781644295533,4
10281,9788185749754,5
10281,9780077496128,5
10281,9781524748258,4
10281,9780470695197,5
10281,9788121924962,5
10281,9788131762189,5
10281,9781394251575,4
10281,9789391818715,5
10281,9781118476734,4
10281,9788121939096,3
10281,9783950485417,5
10281,9789363486317,5
10281,9780133489903,4
10281,9789352837328,5
10281,9789359981185,5
10281,9781847651310,5
10281,9789386298225,5
10281,9780593715833,3
10281,9789388642101,3
10281,9780062968722,4
10281,9789359585314,3
10281,9781328662057,3
10281,9780521779135,4
10281,9780984782857,5
10281,9789390239207,3
10281,9781473575608,4
10281,9780149053846,3
10281,9780140455113,3
10281,9780874776942,3
10281,9798885782678,2
10281,9780757316029,3
10281,9780525559733,2
10281,9781447439332,3
10282,9781501190117,4
10282,9781472154644,5
10282,9789895648269,3
10282,9781542040464,5
10282,9781803144382,5
10282,9781627792127,5
10282,9798643660491,5
10282,9788129144973,5
10282,9780349132860,4
10282,9781529022049,4
10282,9781780896410,5
10282,9789354921490,5
10282,9789355430601,5
10282,9781982179014,3
10282,9789357083003,5
10282,9789395192224,4
10282,9789357087797,5
10282,9780008474362,5
10282,9781681958071,3
10282,9789373034386,5
10282,9789354926716,4
10282,9780062868954,4
10282,9781925480535,4
10282,9789354929564,4
10282,9789356291379,4
10282,9789814954853,5
10282,9789356999848,3
10282,9789353768966,3
10282,9786020633916,5
10282,9781680307672,4
10282,9782280600705,4
10282,9780593438374,4
10282,9781501143106,5
10282,9789354406249,4
10282,9789356294561,3
10282,9798317901462,4
10282,9781408826133,3
10282,9780349436982,3
10282,9781408865415,4
10282,9781785139949,5
10282,9789362055026,4
10282,9781542046152,2
10282,9781250855145,3
10282,9780671461492,3
10282,9781387282258,3
10282,9789358568226,4
10282,9781471406454,5
10282,9781035034581,3
10282,9788174368942,2
10282,9781408869161,3
10282,9781495011351,1
10282,9789354408380,3
10282,9781847651310,3
10282,9781471729034,1
10282,9781718502345,2
10283,9780984782857,5
10283,9781250880949,4
10283,9781491950333,5
10283,9780534422004,5
10283,9780063142381,3
10283,9781935785132,5
10283,9789356993082,4
10283,9788190619509,3
10283,9789390327539,5
10283,9788122415520,4
10283,9780593083888,5
10283,9789391724948,5
10283,9781737475712,4
10283,9781449331443,3
10283,9780133489903,5
10283,9780593653661,5
10283,9788177228366,5
10283,9781101970317,3
10283,9781403930897,3
10283,9781621291657,5
10283,9789356994287,4
10283,9781644210697,4
10283,9781491952009,5
10283,9780521779135,5
10283,9781473575608,5
10283,9780078022159,3
10283,9781328662057,5
10283,9789394407015,3
10283,9780262046305,3
10283,9780071752114,5
10283,9789357082594,4
10283,9780593715833,5
10283,9789391103231,3
10283,9780593238295,4
10283,9781847651310,4
10283,9789357312660,3
10283,9788121906548,5
10283,9789352837328,5
10283,9788175994140,4
10283,9788126579907,5
10283,9780133522853,3
10283,9780134610993,4
10283,9781718502703,5
10283,9781292405513,5
10283,9780593593967,5
10283,9781250404855,5
10283,9780133356038,4
10283,9780198089131,3
10283,9789387604513,4
10283,9789359584362,4
10283,9789313197133,4
10283,9789352036592,5
10283,9788173158759,2
10283,9789350127353,5
10283,9781292026565,4
10283,9789359585314,3
10283,9789348203168,4
10283,9789355558930,4
10283,9788131710265,2
10283,9781292023946,4
10283,9788178125367,4
10283,9780077496128,3
10283,9789386845641,5
10283,9781444958171,2
10283,9780062031525,1
10283,9781771672450,1
10283,9781444724585,3
10283,9781760630737,3
10283,9789395101028,2
10283,9798556993747,1
10283,9781399804455,2
10284,9780691208015,5
10284,9789356618060,5
10284,9780140455113,5
10284,9780670090433,3
10284,9780785850724,4
10284,9780141910819,5
10284,9789354927041,3
10284,9781611806885,4
10284,9780670086399,5
10284,9780349122380,5
10284,9789358568172,5
10284,9781605203287,4
10284,9780871138002,5
10284,9780691148182,5
10284,9789389178111,4
10284,9781528774888,3
10284,9780143029892,3
10284,9789392510366,5
10284,9788187107583,4
10284,9781405944465,3
10284,9780140449280,4
10284,9789354582233,3
10284,9781844670208,3
10284,9780143433163,4
10284,9788184750348,5
10284,9781613824009,5
10284,9780141914527,5
10284,9789358560572,3
10284,9789353456443,4
10284,9780062250506,4
10284,9789386651600,4
10284,9789357027519,2
10284,9780143474296,4
10284,9780143423928,5
10284,9781089356400,5
10284,9781925307443,5
10284,9780743421041,2
10284,9783956763182,2
10284,9780241996324,4
10284,9781401937539,4
10284,9781591845324,3
10284,9781432869496,3
10284,9780062868954,3
10284,9781847651402,2
10284,9780141342566,1
10284,9781585429196,2
10284,9789388070973,3
10285,9781316632932,3
10285,9788121939096,4
10285,9781292026565,5
10285,9780321972101,3
10285,9789355014467,5
10285,9781118476734,5
10285,9780387310732,4
10285,9788177588989,3
10285,9788131721018,5
10285,9780077496128,4
10285,9781718502345,3
10285,9781292420080,5
10285,9781644295533,5
10285,9780133356038,5
10285,9788185749754,4
10285,9781292023946,4
10285,9780198089131,5
10285,9788121924375,5
10285,9781119770763,5
10285,9789391818715,4
10285,9780470695197,4
10285,9788121924962,5
10285,9788131710265,5
10285,9788177228366,5
10285,9781847651310,3
10285,9788178125046,3
10285,9780262046305,3
10285,9781594205071,5
10285,9781260723106,4
10285,9789362143495,3
10285,9789350125175,3
10285,9781259004612,3
10285,9789353056933,3
10285,9781528774888,3
10285,9789354923678,2
10285,9780144000265,2
10286,9780063087774,5
10286,9781495011351,3
10286,9780198604181,5
10286,9781780936383,4
10286,9780385339032,5
10286,9781984897398,5
10286,9788194898832,4
10286,9780857364319,5
10286,9780241400708,4
10286,9780060391683,5
10286,9780571235568,3
10286,9789395101011,5
10286,9780857360007,4
10286,9780525658146,3
10286,9789389310733,5
10286,9780786860708,5
10286,9780140127225,5
10286,9781524798666,4
10286,9780593500774,4
10286,9781444724585,4
10286,9781506721705,5
10286,9789392837258,3
10286,9781477303733,5
10286,9783836531542,4
10286,9781409181620,5
10286,9780451527318,5
10286,9798654359599,5
10286,9780393351385,5
10286,9780198723097,5
10286,9781338325591,5
10286,9781786013453,5
10286,9789390678587,5
10286,9781938938160,5
10286,9781631592966,5
10286,9789355209825,3
10286,9789895648962,5
10286,9781615931712,5
10286,9781529413113,5
10286,9780141035819,4
10286,9780144000265,5
10286,9789391149758,5
10286,9789388070973,4
10286,9789394168596,5
10286,9780008276973,5
10286,9789394168510,5
10286,9783526528227,5
10286,9789387669253,5
10286,9781476744872,4
10286,9781408866115,3
10286,9780241371862,4
10286,9781398717206,4
10286,9781785040443,4
10286,9781784745011,4
10286,9781787830783,4
10286,9780525506263,3
10286,9780399579721,5
10286,9789353056469,4
10286,9781529401325,3
10286,9788122300338,4
10286,9780743421041,3
10286,9781520975672,4
10286,9788196011802,4
10286,9781524744311,5
10286,9781593306458,5
10286,9798581186916,5
10286,9780723296232,1
10286,9781529022049,2
10286,9780735200661,1
10286,9780984782857,3
10286,9789354404436,1
10286,9781627792127,3
10286,9781118476734,3
10286,9780981951249,2
10287,9789357087797,3
10287,9781472154644,5
10287,9789353768966,5
10287,9789357083003,4
10287,9789356291379,4
10287,9789354921490,4
10287,9780062868954,5
10287,9780008474362,5
10287,9781803144382,5
10287,9789395192224,4
10287,9781501190117,5
10287,9789373034386,5
10287,9781681958071,5
10287,9789355430601,3
10287,9781982179014,4
10287,9781529022049,5
10287,9798643660491,5
10287,9781542040464,5
10287,9789354929564,5
10287,9789895648269,4
10287,9781780896410,4
10287,9781627792127,4
10287,9789356999848,3
10287,9788129144973,5
10287,9781925480535,3
10287,9780349132860,4
10287,9789354926716,5
10287,9789814954853,3
10287,9786020633916,3
10287,9781409181682,3
10287,9780671461492,5
10287,9789362145369,5
10287,9781680307672,2
10287,9781408865415,4
10287,9780375703768,3
10287,9781473228801,3
10287,9788026837169,3
10287,9780349437057,5
10287,9780349436982,4
10287,9781442408944,3
10287,9781408826133,4
10287,9781542046152,3
10287,9781471407772,3
10287,9781501143106,5
10287,9780525559733,5
10287,9781780874005,3
10287,9780307830630,3
10287,9781524798666,3
10287,9780077496128,1
10287,9780241396957,2
10287,9789354406539,1
10287,9780743421041,3
10287,9781409181620,2
10288,9780349132860,3
10288,9781803144382,3
10288,9781982179014,4
10288,9789814954853,4
10288,9789355430601,5
10288,9789895648269,3
10288,9789357083003,3
10288,9781627792127,4
10288,9788129144973,5
10288,9781925480535,4
10288,9798643660491,5
10288,9781542040464,5
10288,9781529022049,4
10288,9780062868954,3
10288,9781472154644,5
10288,9789356999848,5
10288,9781501190117,5
10288,9789395192224,3
10288,9789357087797,4
10288,9781780896410,4
10288,9789354926716,5
10288,9789354921490,5
10288,9789354929564,5
10288,9781681958071,5
10288,9789356291379,4
10288,9780008474362,5
10288,9789353768966,5
10288,9781680307672,4
10288,9780751583694,5
10288,9781250343178,4
10288,9789358568226,5
10288,9781387282258,3
10288,9781785139949,4
10288,9781760788629,4
10288,9781681445038,3
10288,9788026837169,3
10288,9781785766886,4
10288,9780573700323,3
10288,9781423162797,1
10288,9789354408380,3
10288,9780984358106,2
10288,9781780936383,1
10289,9781588361738,5
10289,9781585095568,5
10289,9789357084987,5
10289,9780593512296,5
10289,9781524704551,5
10289,9781797221311,4
10289,9780981951249,4
10289,9789351772071,5
10289,9781529902402,5
10289,9789356997790,4
10289,9789083023861,5
10289,9780857199096,4
10289,9789387944763,4
10289,9789388241908,5
10289,9789083023847,5
10289,9789353451714,5
10289,9789354928758,5
10289,9781548318468,4
10289,9789358569018,5
10289,9789390914227,5
10289,9781668069530,3
10289,9781760630737,5
10289,9788186775219,4
10289,9781668065969,4
10289,9789358560381,5
10289,9789358569568,5
10289,9781647390983,4
10289,9798998891816,4
10289,9798986406510,5
10289,9789356993327,5
10289,9780984358106,3
10289,9789356296572,2
10289,9781760985240,3
10289,9789389109849,3
10289,9781787830783,2
10289,9781668002841,4
10289,9781944515683,5
10289,9781982137274,4
10289,9781423662617,2
10289,9789390378548,3
10289,9789354925931,5
10289,9781942788300,4
10289,9781491903117,5
10289,9781509866113,3
10289,9780241982297,4
10289,9780801563669,2
10289,9789360452964,5
10289,9780465072996,3
10289,9781405932677,4
10289,9789354923500,4
10289,9780525506287,4
10289,9781585426591,4
10289,9781913682118,4
10289,9789354881008,2
10289,9781440571541,2
10289,9781443124911,3
10289,9781408865415,2
10289,9789350125175,2
10289,9780785850724,3
10289,9781938938160,2
10289,9789354404436,1
10289,9780786860708,1
10289,9780525559733,3
10290,9789354923968,5
10290,9781405932677,3
10290,9781550924794,5
10290,9781530728855,3
10290,9789063695330,5
10290,9789354925931,3
10290,9781668002841,5
10290,9780399579745,5
10290,9781419766374,5
10290,9789390260041,3
10290,9789355208842,5
10290,9781780286136,4
10290,9781593306458,5
10290,9781944515683,3
10290,9780525506287,5
10290,9781956769005,5
10290,9780380718153,5
10290,9780141908762,4
10290,9781805222088,5
10290,9780593582268,5
10290,9798552053032,4
10290,9781913682118,5
10290,9780399579721,5
10290,9781785040443,5
10290,9780857199539,5
10290,9780141986395,5
10290,9781476744872,4
10290,9780525506263,5
10290,9781847651402,4
10290,9781668045572,5
10290,9789354929762,5
10290,9781989120989,3
10290,9781529401325,5
10290,9780752265629,5
10290,9780062748805,5
10290,9780525505105,3
10290,9781419764394,5
10290,9781984856623,3
10290,9780008564834,5
10290,9780465072996,5
10290,9798652408466,5
10290,9781585429196,5
10290,9780486272986,5
10290,9780143444626,4
10290,9781844775316,4
10290,9781426215889,5
10290,9788119792597,3
10290,9780593467428,3
10290,9780984358106,5
10290,9781588361738,4
10290,9780609504239,5
10290,9781647390983,5
10290,9780593512296,3
10290,9788184951332,4
10290,9781585095568,4
10290,9789354408380,3
10290,9789390166268,4
10290,9788186775219,4
10290,9789390914227,4
10290,9798998801228,5
10290,9781982172008,3
10290,9789356296572,4
10290,9788128400483,3
10290,9789352837328,1
10290,9781547614486,2
10290,9781732626508,3
10290,9781338325591,3
10290,9789356226623,3
10290,9781292026565,1
10290,9788185749754,3
10290,9789386845641,3
10291,9788131710265,5
10291,9780198089131,5
10291,9788177588989,5
10291,9788131721018,5
10291,9788185749754,4
10291,9780486434841,4
10291,9780077496128,5
10291,9789355014467,5
10291,9781118476734,3
10291,9789363486317,4
10291,9780321972101,5
10291,9780133356038,5
10291,9783950485417,5
10291,9789356994287,3
10291,9781594205071,4
10291,9789391724948,4
10291,9780593083888,3
10291,9781473575608,3
10291,9780747573616,3
10291,9788993055030,3
10292,9781743791714,5
10292,9781787830783,4
10292,9780241283912,4
10292,9781956769005,3
10292,9780857199539,5
10292,9781780286136,3
10292,9780593582268,5
10292,9781784745011,5
10292,9780008305550,5
10292,9789382573036,5
10292,9781526645951,5
10292,9780486272986,5
10292,9781786898562,4
10292,9798886500479,3
10292,9789355208842,4
10292,9798894410067,5
10292,9780525505105,5
10292,9789354923968,5
10292,9781529401325,4
10292,9780241371862,4
10292,9780141986395,4
10292,9789354895579,5
10292,9780141908762,5
10292,9780399579745,4
10292,9798652408466,4
10292,9789353052058,5
10292,9789354923500,5
10292,9781805222088,3
10292,9798848621181,5
10292,9780525506287,4
10292,9781585429196,5
10292,9789354891670,4
10292,9789063697174,5
10292,9780399579721,5
10292,9781398717206,5
10292,9781944515683,5
10292,9798998891816,4
10292,9798870369396,4
10292,9781447261261,4
10292,9789358560381,4
10292,9780552167833,5
10292,9789083023861,3
10292,9789083023847,3
10292,9781647825621,3
10292,9780061899874,4
10292,9781612680569,4
10292,9780241981344,3
10292,9789388241908,4
10292,9780307887917,3
10292,9798986406510,5
10292,9780141347721,2
10292,9780141382913,1
10292,9781786013453,2
10292,9789354921490,2
10292,9781492078005,1
10292,9781780874005,3
10293,9781401229894,5
10293,9780486811246,5
10293,9781780936383,5
10293,9781781105528,5
10293,9781608685486,3
10293,9780393351385,5
10293,9781510054585,5
10293,9789387669253,3
10293,9781035031580,5
10293,9781636406886,4
10293,9780857360007,4
10293,9781472241467,5
10293,9780143433002,5
10293,9788194525974,3
10293,9780874776942,5
10293,9781786013453,5
10293,9798652464264,5
10293,9781803093178,5
10293,9780143448990,5
10293,9781631592966,5
10293,9780671604295,5
10293,9780241400708,5
10293,9781984897398,5
10293,9780307830630,5
10293,9798894755557,5
10293,9780883960165,5
10293,9789392837258,5
10293,9780141036731,5
10293,9780385339032,5
10293,9781938938160,4
10293,9780992550714,5
10293,9781544687476,5
10293,9789356291713,3
10293,9781615931712,5
10293,9781472261281,5
10293,9780857364319,3
10293,9781495011351,5
10293,9781733989633,3
10293,9789355209825,5
10293,9781439107393,4
10293,9781408824856,5
10293,9781647291495,3
10293,9789356813472,4
10293,9789394168596,5
10293,9780747548409,4
10293,9781529413113,5
10293,9781524798666,4
10293,9780571235568,4
10293,9781471729034,3
10293,9780525505105,4
10293,9781984861641,2
10293,9789356994744,4
10293,9780143444626,5
10293,9789388810609,5
10293,9781529401325,3
10293,9781944515683,3
10293,9789360876357,3
10293,9780241552063,4
10293,9781643990026,5
10293,9789353056469,4
10293,9781785040443,5
10293,9789388810623,4
10293,9780241283912,4
10293,9781524744311,4
10293,9781847651402,4
10293,9781419764394,4
10293,9789390183005,2
10293,9789354404283,2
10293,9781510019430,1
10293,9789353769819,2
10293,9780199678112,3
10293,9781881373070,1
10293,9789356995833,2
10293,9781846140556,1
10293,9780593653661,1
10294,9781433832161,5
10294,9780998203492,5
10294,9781607742456,4
10294,9780062031525,4
10294,9781089356400,5
10294,9781399809665,4
10294,9781464234255,5
10294,9781509852840,5
10294,9781580628556,3
10294,9780743421041,3
10294,9789387779297,5
10294,9780062250506,4
10294,9788122300338,5
10294,9780671741907,5
10294,9781925307443,5
10294,9788122300260,5
10294,9789365693102,4
10294,9781603293525,5
10294,9781408866115,5
10294,9789388810623,5
10294,9781472298409,5
10294,9789388810609,4
10294,9781643990026,4
10294,9780241400708,5
10294,9781781105528,3
10294,9798894755557,4
10294,9789355209825,4
10294,9789387669253,5
10294,9781802805567,3
10294,9781938938160,4
10294,9781338325591,4
10294,9788194525974,4
10294,9781506721705,5
10294,9789391149758,3
10294,9781439107393,4
10294,9780307830630,4
10294,9781510054585,5
10294,9789395101004,4
10294,9781780936383,4
10294,9780593500774,4
10294,9788026837169,5
10294,9798652464264,3
10294,9780144000265,5
10294,9780874776942,3
10294,9780060391683,3
10294,9781656470997,2
10294,9781982172008,1
10294,9780143433163,1
10294,9780241983881,1
10294,9781473228801,3
10294,9789389053135,2
10294,9781743791714,3
10294,9781509806102,2
10294,9788186775219,2
10294,9789356295384,1
10294,9781647390983,1
10295,9780857199096,5
10295,9798986406510,5
10295,9780593512296,5
10295,9789358569568,5
10295,9781524704551,3
10295,9780981951249,5
10295,9781529902402,5
10295,9789358569018,5
10295,9789351772071,5
10295,9789356997790,5
10295,9789083023847,5
10295,9798998891816,3
10295,9788186775219,5
10295,9781647390983,4
10295,9789357084987,5
10295,9781668069530,5
10295,9789358560381,4
10295,9781585095568,4
10295,9789390914227,5
10295,9789387944763,5
10295,9789083023861,5
10295,9781760630737,5
10295,9781668065969,3
10295,9781548318468,5
10295,9789354928758,3
10295,9789388241908,5
10295,9781797221311,4
10295,9789356993327,5
10295,9781588361738,4
10295,9789353451714,5
10295,9780063356733,3
10295,9780752265629,4
10295,9780691263632,4
10295,9789354923968,4
10295,9780801563669,3
10295,9780241983881,5
10295,9780061899874,4
10295,9781668002841,4
10295,9789390924219,4
10295,9789390260041,4
10295,9781784745011,2
10295,9781491903117,2
10295,9788184951332,4
10295,9781949651638,3
10295,9781802804966,3
10295,9788178123684,3
10295,9781785766886,2
10295,9789394168244,1
10295,9781613122488,2
10295,9789395101004,3
10295,9781925307443,2
10295,9781472154644,3
10296,9789389480474,3
10296,9788178125046,4
10296,9789350127353,5
10296,9789386845641,5
10296,9789386298195,5
10296,9789355641250,4
10296,9789352036592,4
10296,9789350121665,3
10296,9798630240729,5
10296,9789324192660,5
10296,9789359585314,3
10296,9789350123485,5
10296,9789350125175,5
10296,9789356344846,5
10296,9789355558930,5
10296,9789368900924,5
10296,9789359587615,5
10296,9789327196504,3
10296,9789390297306,4
10296,9789359981185,5
10296,9788194742616,5
10296,9788178125367,3
10296,9789325798014,5
10296,9789359584362,4
10296,9789387604513,5
10296,9789387604209,5
10296,9789390711956,5
10296,9789390239207,4
10296,9788174822413,5
10296,9789389480481,3
10296,9789327198010,5
10296,9780071775304,4
10296,9789368402695,5
10296,9789350127643,4
10296,9789355216403,3
10296,9789358897920,5
10296,9789354881008,5
10296,9789362258601,5
10296,9788178123684,4
10296,9789388642101,4
10296,9789389480511,5
10296,9789386298225,5
10296,9789325794917,5
10296,9788173177941,5
10296,9789348203168,5
10296,9781393638063,5
10296,9788173158759,5
10296,9789313197133,3
10296,9781264842292,5
10296,9789352837328,4
10296,9788131721018,4
10296,9781594205071,2
10296,9780534422004,3
10296,9780007547999,5
10296,9789347231902,3
10296,9780199678112,3
10296,9781118476734,2
10296,9789356995260,3
10296,9788121924375,5
10296,9780387310732,4
10296,9780143425656,3
10296,9789391028589,2
10296,9781292405513,5
10296,9780521779135,4
10296,9788192107547,4
10296,9780134610993,4
10296,9781292026565,4
10296,9789362143495,4
10296,9780486272986,1
10296,9781481422192,1
10296,9789354923678,2
10296,9780486478999,2
10296,9789351035497,1
10296,9781965347676,3
10296,9780691148182,3
10296,9781760985240,1
10297,9789324192660,5
10297,9789389480474,5
10297,9781260467369,4
10297,9789327198010,3
10297,9798630240729,4
10297,9789388642101,4
10297,9789389480481,5
10297,9781393638063,5
10297,9789325792708,5
10297,9789390711956,5
10297,9789354881008,5
10297,9789368900924,5
10297,9789350121665,4
10297,9789325794917,3
10297,9789358897920,4
10297,9789390297306,5
10297,9788173158759,5
10297,9789368402695,5
10297,9788178125046,5
10297,9789325798014,5
10297,9788178123684,4
10297,9789362258601,5
10297,9789313197133,5
10297,9789348203168,4
10297,9789325797567,5
10297,9789350127353,4
10297,9789389480511,5
10297,9780071775304,5
10297,9789352036592,5
10297,9788173177941,5
10297,9789356995536,5
10297,9780199678112,5
10297,9780078022159,4
10297,9789355014467,3
10297,9783950485417,4
10297,9789688802052,5
10297,9788177587654,4
10297,9781935785132,3
10297,9788185749754,4
10297,9781594205071,4
10297,9780593593967,4
10297,9781952535963,3
10297,9781524704551,2
10297,9781960507617,2
10297,9781780896410,2
10297,9789351772071,3
10297,9781656470997,1
10298,9780387310732,4
10298,9780133356038,5
10298,9788131710265,5
10298,9789352838363,4
10298,9781316632932,5
10298,9781718502345,5
10298,9788185749754,3
10298,9780077496128,5
10298,9788177588989,4
10298,9789355014467,5
10298,9788121924375,4
10298,9783950485417,4
10298,9781118476734,3
10298,9788121939096,5
10298,9788131721018,5
10298,9781524748258,4
10298,9780470695197,3
10298,9780321972101,5
10298,9780198089131,5
10298,9781292023946,5
10298,9780073380575,5
10298,9781119770763,4
10298,9781644295533,4
10298,9781292420080,5
10298,9780486434841,4
10298,9789391818715,4
10298,9781394251575,5
10298,9788121924962,4
10298,9788131762189,4
10298,9781292026565,5
10298,9789363486317,3
10298,9788178123684,5
10298,9789356995536,2
10298,9789387604209,3
10298,9781718502703,3
10298,9780071752114,5
10298,9780593083888,2
10298,9789356994713,4
10298,9789355641250,3
10298,9781259004612,3
10298,9781594205071,5
10298,9781328662057,2
10298,9789356995260,4
10298,9789350121665,3
10298,9789394407015,2
10298,9788176561068,4
10298,9789357312660,4
10298,9780007547999,4
10298,9780071775304,4
10298,9789387604513,5
10298,9780063142381,5
10298,9781916277182,3
10298,9781591845324,3
10298,9780143458005,2
10298,9780062250933,3
10298,9789356400320,3
10298,9780140127225,2
10298,9780241996324,1
10298,9781603293525,3
10299,9789388810609,5
10299,9781607742456,3
10299,9781089356400,5
10299,9781399809665,5
10299,9780671741907,4
10299,9780743421041,3
10299,9781433832161,3
10299,9781464234255,4
10299,9789387779297,5
10299,9789365693102,5
10299,9781580628556,5
10299,9781925307443,5
10299,9789388810623,4
10299,9780062250506,5
10299,9781472298409,4
10299,9781408866115,5
10299,9780998203492,5
10299,9781603293525,5
10299,9781509852840,5
10299,9788122300338,5
10299,9780062031525,5
10299,9781643990026,5
10299,9788122300260,4
10299,9781476845623,4
10299,9781803093178,5
10299,9788194898832,4
10299,9789354922251,4
10299,9781035031580,5
10299,9781457431210,5
10299,9780141906270,5
10299,9783836531542,5
10299,9781529413113,5
10299,9789354895845,4
10299,9789358567403,3
10299,9780984358106,1
10299,9781526612960,3
10299,9788119153442,3
10299,9780199678112,3
10300,9781982179014,4
10300,9789373034386,4
10300,9781627792127,5
10300,9780008474362,5
10300,9781681958071,4
10300,9781803144382,3
10300,9789357083003,4
10300,9781780896410,4
10300,9789895648269,5
10300,9781542040464,4
10300,9781529022049,4
10300,9788129144973,4
10300,9781501190117,4
10300,9781925480535,5
10300,9781472154644,4
10300,9789354926716,5
10300,9789814954853,5
10300,9789355430601,4
10300,9798643660491,5
10300,9781409181682,4
10300,9781408865415,2
10300,9783689951016,5
10300,9781916277182,5
10300,9781760788629,3
10300,9789362055026,5
10300,9780375703768,3
10300,9780552167833,3
10300,9781848420496,1
10300,9788121924375,3
10300,9780874776942,1
10301,9780008305550,4
10301,9781784745011,4
10301,9781520975672,5
10301,9781476744872,5
10301,9780486272986,5
10301,9781419766374,5
10301,9781530728855,5
10301,9789357087223,5
10301,9789354923500,5
10301,9781398717206,3
10301,9781984856623,5
10301,9781471729034,3
10301,9780399579721,5
10301,9781423662617,4
10301,9780008564834,4
10301,9789063697174,5
10301,9781844775316,3
10301,9781949651638,5
10301,9781913682118,5
10301,9781585429196,5
10301,9780241552063,5
10301,9798652408466,5
10301,9781805222088,3
10301,9780525506263,5
10301,9789353052058,4
10301,9789354923968,3
10301,9781802804966,5
10301,9780399579745,5
10301,9781956769005,3
10301,9781984861641,4
10301,9780465072996,3
10301,9781668002841,5
10301,9798848621181,4
10301,9781405932677,5
10301,9780525505105,3
10301,9798894410067,3
10301,9780752265629,5
10301,9789354891670,5
10301,9781847651402,5
10301,9781668045572,4
10301,9781786898562,5
10301,9781526645951,4
10301,9781787830783,5
10301,9781780286136,3
10301,9780241283912,5
10301,9780143444626,5
10301,9781839909979,5
10301,9780593582268,5
10301,9781426215889,5
10301,9789390260041,4
10301,9781529401325,3
10301,9781612438634,5
10301,9780141986395,4
10301,9780141908762,5
10301,9789356994744,4
10301,9789356997790,4
10301,9789083023847,5
10301,9789358569568,4
10301,9781524704551,3
10301,9780307887917,5
10301,9780241981344,5
10301,9781529350104,3
10301,9781588361738,3
10301,9781585095568,3
10301,9781399804455,5
10301,9788186775219,3
10301,9781416502494,4
10301,9789356993327,3
10301,9781510019430,5
10301,9781473680371,3
10301,9781668069530,3
10301,9789356991354,4
10301,9798995567004,5
10301,9781529902402,3
10301,9781591842804,4
10301,9789358569018,3
10301,9789395101004,2
10301,9781965347676,2
10301,9789390183586,3
10301,9780008276973,1
10301,9780141982410,1
10301,9789356994287,3
10301,9789390327539,2
10301,9780385535502,3
10301,9789327196504,1
10302,9789895648269,5
10302,9781982179014,5
10302,9781627792127,4
10302,9789354926716,5
10302,9781529022049,3
10302,9781925480535,5
10302,9781542040464,4
10302,9781681958071,4
10302,9798643660491,5
10302,9781501190117,5
10302,9780349132860,5
10302,9781803144382,4
10302,9788129144973,5
10302,9781472154644,5
10302,9780008474362,5
10302,9781780896410,5
10302,9789355430601,5
10302,9780062868954,5
10302,9789814954853,5
10302,9789356291379,5
10302,9789373034386,4
10302,9789357087797,5
10302,9789357083003,5
10302,9789353768966,4
10302,9789354929564,3
10302,9789356999848,5
10302,9789395192224,5
10302,9789354921490,4
10302,9786020633916,3
10302,9782280600705,4
10302,9781409181682,3
10302,9781473227996,4
10302,9781542046152,4
10302,9780307957733,3
10302,9780751583694,4
10302,9781471407772,4
10302,9781324095323,5
10302,9780486784755,3
10302,9781635577716,3
10302,9780375703768,5
10302,9780349436982,3
10302,9789389931891,5
10302,9780008123208,4
10302,9781408865415,2
10302,9780671461492,4
10302,9781681445038,4
10302,9780349437057,3
10302,9789356294561,3
10302,9781250902450,4
10302,9781623651442,3
10302,9781785139949,2
10302,9780593438374,4
10302,9781471406454,5
10302,9780486434841,2
10302,9780133489903,2
10302,9798998582875,3
10302,9781473680371,3
10302,9780316480802,3
10302,9781491950333,3
10302,9781615931712,2
10302,9781913682118,3
10302,9789356991491,2
10302,9781433832161,3
10302,9789354408380,1
10303,9789387284944,5
10303,9780593715833,4
10303,9789387918573,4
10303,9780134610993,5
10303,9781491952009,5
10303,9780143425656,4
10303,9780078022159,5
10303,9780205982578,3
10303,9781101970317,4
10303,9789391103231,4
10303,9789362143495,4
10303,9788175994140,5
10303,9789356995260,3
10303,9781935785132,3
10303,9780984782857,5
10303,9780133489903,4
10303,9781250880949,4
10303,9781260723106,4
10303,9780143456476,5
10303,9781328662057,5
10303,9788185749754,3
10303,9789324192660,3
10303,9780321972101,4
10303,9789368402695,4
10303,9789354881008,2
10303,9789389480474,4
10303,9788131762189,3
10303,9780718156848,2
10303,9788194898832,3
10303,9780486478999,2
10303,9789390924219,1
10304,9789357781831,5
10304,9789357788496,5
10304,9789357787888,5
10304,9789364559249,4
10304,9789364550161,5
10304,9789364555166,5
10304,9789364554435,4
10304,9789364552424,5
10304,9789364551090,4
10304,9789371268844,3
10304,9789364557948,4
10304,9789356226623,4
10304,9789364551854,5
10304,9789364558594,5
10304,9789371268219,5
10304,9789357785556,4
10304,9789357785952,5
10304,9789371262255,5
10304,9789364559584,5
10304,9789356225985,4
10304,9789375615668,4
10304,9789364550093,5
10304,9789390297306,3
10304,9789347231902,3
10304,9789359587615,5
10304,9789688802052,4
10304,9781259004612,3
10304,9780984782857,4
10304,9781260467369,3
10304,9789350127643,5
10304,9780078022159,5
10304,9789353063191,5
10304,9780133522853,2
10304,9781635576818,5
10304,9781408826133,1
10304,9780141382913,3
10304,9780143474296,3
10304,9781613125885,3
10304,9789388689786,2
10304,9780144000265,3
10305,9798643660491,5
10305,9781529022049,4
10305,9781803144382,5
10305,9780008474362,5
10305,9789357083003,5
10305,9781982179014,5
10305,9788129144973,4
10305,9780062868954,5
10305,9780349132860,5
10305,9781501190117,5
10305,9789357087797,5
10305,9781472154644,4
10305,9789356291379,4
10305,9789373034386,4
10305,9789354926716,4
10305,9781681958071,5
10305,9789814954853,3
10305,9789395192224,5
10305,9789895648269,4
10305,9781780896410,3
10305,9781925480535,5
10305,9789355430601,5
10305,9781627792127,4
10305,9789354921490,4
10305,9789353768966,5
10305,9781542040464,4
10305,9789356999848,5
10305,9789354929564,3
10305,9786020633916,5
10305,9789354406249,4
10305,9781471406454,4
10305,9781324095323,4
10305,9781760788629,4
10305,9788193655603,4
10305,9798317901462,3
10305,9780349436982,3
10305,9781087318844,4
10305,9789362055026,4
10305,9781785766886,3
10305,9780385535502,3
10305,9789354407338,4
10305,9780593438374,3
10305,9781542046152,4
10305,9781846046384,3
10305,9780801563669,3
10305,9781786013453,2
10305,9781774882986,1
10305,9798998801228,1
10305,9781943330744,3
10305,9788177587654,2
10306,9789387669253,3
10306,9798654359599,5
10306,9780063087774,5
10306,9788194898832,5
10306,9781656470997,4
10306,9781409181620,5
10306,9781477303733,5
10306,9781338325591,5
10306,9789354895845,3
10306,9780451527318,3
10306,9781472290694,5
10306,9781501187636,5
10306,9781804182529,5
10306,9781472297068,3
10306,9781616770969,5
10306,9781938938160,5
10306,9780008276942,5
10306,9780393351385,3
10306,9781781105528,4
10306,9781472241467,4
10306,9780241400708,4
10306,9780141906270,4
10306,9781495011351,4
10306,9780593500774,5
10306,9780008276973,4
10306,9780307830630,4
10306,9780143433002,4
10306,9781786013453,5
10306,9780747548409,5
10306,9780752265629,2
10306,9781464234255,3
10306,9781524744311,3
10306,9781593306458,3
10306,9789355208842,5
10306,9788196011802,5
10306,9798652408466,4
10306,9780062250506,4
10306,9781509852840,3
10306,9789387779297,5
10306,9781408866115,4
10306,9780143453260,3
10306,9781101653876,3
10306,9781491950333,3
10306,9788185749754,3
10306,9781328662057,3
10307,9789356991354,4
10307,9798556993747,5
10307,9780231552110,5
10307,9789356296572,5
10307,9781443460712,3
10307,9780691263632,3
10307,9780385468473,4
10307,9780063356733,5
10307,9789389109849,4
10307,9780061899874,5
10307,9781804091043,4
10307,9781416502494,5
10307,9780671472122,5
10307,9789356991491,5
10307,9788177587654,4
10307,9781548318468,3
10307,9780593653661,5
10307,9798998891816,3
10307,9788121906548,3
10307,9788183896771,2
10307,9780008724764,2
10307,9780073380575,3
10307,9789356291379,1
10308,9780141347684,5
10308,9789389178463,4
10308,9780143432845,5
10308,9781943330614,3
10308,9780747591085,5
10308,9789389432886,5
10308,9780547248288,3
10308,9780723281221,5
10308,9780062250933,5
10308,9781444924848,5
10308,9780399242861,4
10308,9781471418297,5
10308,9789358565164,5
10308,9780241959565,3
10308,9781444935189,5
10308,9780747570738,4
10308,9780545935456,5
10308,9780143447078,5
10308,9798217124541,4
10308,9781443124393,5
10308,9780694011100,5
10308,9781408869161,4
10308,9780007260478,5
10308,9781965347676,4
10308,9780007323272,5
10308,9781473598140,4
10308,9789354921360,5
10308,9781960507921,4
10308,9780593175002,4
10308,9781101916988,4
10308,9780141381497,5
10308,9789389432688,5
10308,9789354404436,4
10308,9781580628556,2
10308,9788122300338,5
10308,9781408866115,3
10308,9788026837169,5
10308,9780008123208,4
10308,9781399809665,2
10308,9789388810623,2
10308,9781509852840,4
10308,9780743421041,5
10308,9781464234255,5
10308,9781087318844,4
10308,9781089356400,5
10308,9788174822413,3
10308,9781944515683,3
10308,9789356291379,3
10308,9780241996324,1
10308,9789354929762,2
10308,9781542046152,3
10309,9788174822413,5
10309,9781260467369,3
10309,9789368402695,5
10309,9789325798014,3
10309,9789354881008,5
10309,9781393638063,5
10309,9788173177941,3
10309,9789359981185,3
10309,9789362258601,5
10309,9798630240729,3
10309,9780071775304,3
10309,9789359584362,3
10309,9789389480511,4
10309,9788178125367,3
10309,9788178123684,4
10309,9789358897920,3
10309,9789352036592,5
10309,9789390239207,5
10309,9789350125175,3
10309,9789389480474,4
10309,9789386298195,4
10309,9789386298225,3
10309,9789313197133,4
10309,9789387604513,5
10309,9789359585314,5
10309,9789348203168,5
10309,9788178125046,4
10309,9789350127643,5
10309,9789386845641,5
10309,9789355558930,5
10309,9789350121276,3
10309,9788194742616,5
10309,9789327198010,5
10309,9789350121665,4
10309,9789387604209,5
10309,9789350123485,5
10309,9789355641250,5
10309,9789324192660,4
10309,9789389480481,5
10309,9789325792708,3
10309,9789368900924,5
10309,9788173158759,3
10309,9789390297306,4
10309,9789327196504,4
10309,9789350127353,5
10309,9789388642101,4
10309,9781264842292,4
10309,9789355216403,4
10309,9789356344846,4
10309,9789359587615,5
10309,9789325794917,5
10309,9789390711956,5
10309,9789325797567,3
10309,9789350128121,4
10309,9789386298836,5
10309,9781260723106,4
10309,9789387284944,4
10309,9781492078005,5
10309,9781328662057,3
10309,9789352838363,5
10309,9788177228366,4
10309,9780073380575,4
10309,9781524748258,4
10309,9780771010439,4
10309,9789357082594,3
10309,9789391028589,4
10309,9789356994713,3
10309,9789356995260,3
10309,9781492041108,5
10309,9780134610993,5
10309,9780198089131,3
10309,9781250404855,4
10309,9781492032618,3
10309,9789352837328,5
10309,9780143456476,3
10309,9781644210697,5
10309,9780486434841,3
10309,9781847651310,3
10309,9780071752114,4
10309,9780241371862,2
10309,9781804091043,3
10309,9789364559249,3
10309,9789380658797,2
10309,9781585429196,2
10309,9780141342566,1
10309,9780975601464,1
10309,9780143474296,2
10309,9781943330973,2
10309,9780670090303,3
10309,9780615978628,2
10310,9789364554435,4
10310,9789364550093,5
10310,9789364550161,3
10310,9789364552424,5
10310,9789364551090,5
10310,9789357787888,5
10310,9789364559249,4
10310,9789364558594,5
10310,9789364555166,3
10310,9789357781831,5
10310,9789371268844,5
10310,9789357788496,5
10310,9789356226623,5
10310,9789364551854,5
10310,9789364559584,4
10310,9789357785556,5
10310,9789357785952,5
10310,9789364557948,5
10310,9788176561068,4
10310,9789356344846,4
10310,9780593083888,4
10310,9789325792708,5
10310,9789388642101,3
10310,9789358897920,3
10310,9789688802052,4
10310,9781250076977,2
10310,9780008333799,1
10310,9781529350104,3
10310,9781529937381,1
10311,9789348203168,3
10311,9789325798014,5
10311,9780071775304,3
10311,9789368402695,4
10311,9789386298225,5
10311,9781264842292,4
10311,9788173158759,5
10311,9789324192660,5
10311,9789359981185,5
10311,9789362258601,5
10311,9788178125046,4
10311,9789389480511,5
10311,9789313197133,3
10311,9789350127353,5
10311,9789358897920,4
10311,9789368900924,3
10311,9789327196504,5
10311,9789325797567,5
10311,9789350121276,5
10311,9789359587615,3
10311,9789355641250,4
10311,9789386298195,5
10311,9789390297306,5
10311,9789325792708,4
10311,9781260467369,4
10311,9789352036592,5
10311,9789350127643,4
10311,9789350123485,3
10311,9781393638063,5
10311,9789389480474,5
10311,9789390711956,4
10311,9789389480481,4
10311,9789386845641,3
10311,9789355558930,3
10311,9788173177941,5
10311,9789359585314,4
10311,9788174822413,4
10311,9789388642101,5
10311,9788178125367,5
10311,9789325794917,4
10311,9788178123684,5
10311,9789354881008,5
10311,9789350125175,5
10311,9789350121665,4
10311,9789356344846,5
10311,9789355216403,3
10311,9788194742616,5
10311,9789353063191,3
10311,9781473575608,4
10311,9781292023946,4
10311,9789387284944,4
10311,9789688802052,3
10311,9788192107547,3
10311,9781957999043,3
10311,9780141982410,4
10311,9780078022159,4
10311,9781524748258,4
10311,9789387918573,2
10311,9781492041917,4
10311,9780534422004,2
10311,9780062968722,4
10311,9780349426129,3
10311,9789391028589,3
10311,9789390327539,3
10311,9780593083888,3
10311,9781472261281,2
10311,9780593178751,2
10311,9780573700323,1
10311,9781846046384,2
10311,9789351187301,1
10311,9781982172008,3
10311,9781949651638,3
10311,9789357087797,2
10312,9781785139949,5
10312,9781087318844,3
10312,9788026837169,5
10312,9780307957733,4
10312,9789362055026,4
10312,9780008123208,5
10312,9780486114132,4
10312,9780751583694,4
10312,9781501143106,4
10312,9789391149291,4
10312,9781401937539,5
10312,9789358560572,4
10312,9780349437057,4
10312,9788193655603,4
10312,9798317901462,2
10312,9789380676371,4
10312,9789354928956,3
10312,9780486784755,2
10312,9789390652457,3
10312,9781760788629,5
10312,9781804090633,3
10312,9789354406249,5
10312,9789388369046,4
10312,9789386651600,2
10312,9780353275195,4
10312,9788190256209,3
10312,9781501135910,4
10312,9780143474296,4
10312,9789354409660,4
10312,9781473227996,2
10312,9781849545433,4
10312,9789362140258,5
10312,9781423162797,3
10312,9780141339184,3
10312,9781593306458,3
10312,9781585429196,3
10312,9780307887917,2
10312,9789358569568,3
10312,9781797221311,2
10312,9781250865045,3
10312,9781681958071,1
10312,9780349426129,3
10313,9781585095568,5
10313,9789390914227,4
10313,9789354928758,3
10313,9781588361738,4
10313,9781524704551,5
10313,9780593512296,5
10313,9789358569568,4
10313,9789358560381,5
10313,9788186775219,5
10313,9789356997790,5
10313,9781797221311,4
10313,9789351772071,5
10313,9789387944763,4
10313,9780981951249,4
10313,9789083023847,5
10313,9798998891816,5
10313,9789388241908,3
10313,9781668065969,4
10313,9798986406510,4
10313,9789358569018,5
10313,9781668069530,5
10313,9781760630737,4
10313,9781647390983,4
10313,9789083023861,5
10313,9780857199096,5
10313,9781548318468,5
10313,9781529902402,5
10313,9789353451714,3
10313,9780801563669,5
10313,9780984358106,4
10313,9781419766374,3
10313,9780465072996,4
10313,9781508672197,4
10313,9780735200661,3
10313,9789390166275,5
10313,9781785040443,2
10313,9788119153442,5
10313,9789390260041,5
10313,9781529401325,4
10313,9781250404855,2
10313,9781471418297,3
10313,9788026837169,3
10313,9789354403033,3
10313,9780078022159,3
10314,9781611806885,5
10314,9780670086399,4
10314,9780143029892,5
10314,9781613824009,5
10314,9781605203287,4
10314,9780785850724,5
10314,9789354927041,5
10314,9780349122380,3
10314,9780143433163,5
10314,9789392510366,4
10314,9781405944465,5
10314,9780141910819,3
10314,9789358568172,4
10314,9789356618060,3
10314,9781844670208,4
10314,9780670090433,5
10314,9780691208015,3
10314,9788184750348,4
10314,9789389178111,4
10314,9788187107583,5
10314,9781528774888,5
10314,9780691148182,5
10314,9780871138002,5
10314,9780140455113,3
10314,9780140449280,5
10314,9780141914527,5
10314,9789354582233,4
10314,9789354923678,5
10314,9789365693102,4
10314,9780670090303,5
10314,9781408866115,4
10314,9783956763182,4
10314,9789358560572,2
10314,9789351187301,4
10314,9781399809665,4
10314,9789354926709,2
10314,9789354928284,5
10314,9780062031525,4
10314,9791041985326,4
10314,9781471411465,5
10314,9780353275195,2
10314,9780718188863,3
10314,9781607742456,3
10314,9781848317680,2
10314,9780345453747,2
10314,9789313196488,1
10314,9798998801228,2
10314,9780609504239,1
10314,9781250404855,3
10314,9780143456476,3
10314,9780753550663,3
10314,9781621291657,3
10315,9789359981185,5
10315,9789327196504,5
10315,9789390297306,5
10315,9789368900924,5
10315,9789355641250,5
10315,9789389480481,4
10315,9789348203168,5
10315,9788178125367,5
10315,9789350127643,5
10315,9789355558930,4
10315,9789325794917,4
10315,9789386845641,4
10315,9781260467369,5
10315,9789368402695,5
10315,9789327198010,4
10315,9789359584362,4
10315,9789389480511,5
10315,9789387604209,5
10315,9789389480474,3
10315,9788178123684,5
10315,9789350121276,3
10315,9798630240729,5
10315,9788173158759,5
10315,9789358897920,5
10315,9789325798014,5
10315,9781264842292,4
10315,9789386298225,4
10315,9789359587615,5
10315,9788173177941,5
10315,9789388642101,5
10315,9789325792708,3
10315,9780071775304,5
10315,9789352036592,5
10315,9789350121665,5
10315,9789313197133,4
10315,9789325797567,3
10315,9789390711956,5
10315,9789324192660,5
10315,9789390239207,5
10315,9781393638063,5
10315,9789356344846,5
10315,9788178125046,5
10315,9789359585314,3
10315,9789355216403,4
10315,9789354881008,4
10315,9788194742616,4
10315,9789356995260,5
10315,9788192107547,5
10315,9788121924375,3
10315,9788126579907,4
10315,9788121924962,3
10315,9780262046305,3
10315,9781118476734,2
10315,9781635576818,4
10315,9780198089131,4
10315,9789347231902,5
10315,9781524748258,4
10315,9788121939096,3
10315,9788176561068,4
10315,9781594205071,5
10315,9788121906548,2
10315,9780984782857,4
10315,9789357312660,5
10315,9789357788496,3
10315,9781733989633,1
10315,9789395192224,1
10315,9789395101752,2
10315,9780307887917,2
10315,9789390183586,1
10315,9781457420641,3
10315,9789358567403,2
10316,9780399179006,4
10316,9780593500774,5
10316,9781472297068,5
10316,9780062905154,5
10316,9781524798666,5
10316,9789395101752,5
10316,9781409181620,5
10316,9780060391683,5
10316,9780241400708,5
10316,9781608685486,4
10316,9780451527318,5
10316,9781938938160,3
10316,9780143445258,3
10316,9780008276973,3
10316,9788194525974,5
10316,9781615931712,5
10316,9781495011351,5
10316,9780883960165,3
10316,9780141036731,4
10316,9780385339032,5
10316,9781457420641,5
10316,9781408824856,5
10316,9780993203008,4
10316,9789394168596,4
10316,9781956769005,3
10316,9789353052058,5
10316,9780141908762,4
10316,9781612438634,4
10316,9781433832161,4
10316,9780593582268,3
10316,9789354929762,3
10316,9788196011802,4
10316,9781784745011,3
10316,9781536462142,3
10316,9780545331326,2
10316,9780353275195,2
10316,9780231555074,2
10316,9780757316029,3
10317,9781803144382,5
10317,9781501190117,5
10317,9789356999848,5
10317,9789814954853,5
10317,9781925480535,4
10317,9781982179014,5
10317,9781780896410,5
10317,9781472154644,5
10317,9781627792127,4
10317,9789354926716,5
10317,9789354929564,5
10317,9781542040464,5
10317,9789895648269,5
10317,9781409181682,3
10317,9782280600705,5
10317,9781087318844,5
10317,9781471407772,3
10317,9780593438374,5
10317,9781472297068,1
10317,9781524748258,2
10318,9789362055026,4
10318,9781087318844,5
10318,9781785139949,3
10318,9780307957733,3
10318,9780008123208,5
10318,9788026837169,5
10318,9780486114132,4
10318,9780375703768,4
10318,9789389243123,4
10318,9788174368942,4
10318,9781680307672,3
10318,9780241996324,4
10318,9780143443155,4
10318,9781849545433,4
10318,9780143474296,2
10318,9781328662057,2
10318,9780062359803,3
10318,9780534422004,3
10318,9789389717006,2
10319,9781580628556,4
10319,9781399809665,5
10319,9788122300338,5
10319,9780062250506,3
10319,9781603293525,3
10319,9788122300260,4
10319,9781643990026,4
10319,9781925307443,5
10319,9781408866115,5
10319,9781089356400,4
10319,9781472298409,5
10319,9789388810623,5
10319,9781464234255,4
10319,9780671741907,5
10319,9781433832161,4
10319,9789387779297,5
10319,9781509852840,5
10319,9780062031525,4
10319,9789388810609,4
10319,9780998203492,5
10319,9780743421041,3
10319,9781607742456,5
10319,9789365693102,5
10319,9798654359599,4
10319,9781910695050,4
10319,9788194898832,4
10319,9781460710876,3
10319,9780857360007,3
10319,9783836531542,2
10319,9780399179006,3
10319,9789354895845,2
10319,9781477303733,4
10319,9789388070973,4
10319,9780385339032,5
10319,9781839647338,5
10319,9780144000265,5
10319,9789356812116,3
10319,9781495011351,3
10319,9780857364319,4
10319,9781616770969,3
10319,9789356813632,4
10319,9798885782678,3
10319,9781473535169,3
10319,9781471407772,3
10319,9781443124911,3
10319,9781501135910,1
10319,9789350127643,1
10319,9789352036592,3
10319,9789358568172,3
10320,9781608685486,4
10320,9789392837258,5
10320,9783526528227,4
10320,9781472241467,4
10320,9789354922251,5
10320,9781409181620,5
10320,9789387669253,5
10320,9780307830630,5
10320,9781444724585,5
10320,9781529413113,4
10320,9781802805567,4
10320,9780143445258,5
10320,9780060391683,5
10320,9781472261281,5
10320,9780141036731,4
10320,9781631592966,4
10320,9780198604181,4
10320,9789394168596,4
10320,9789388070973,5
10320,9781848420496,3
10320,9789356291713,5
10320,9781472297068,5
10320,9781984897398,5
10320,9780874776942,5
10320,9781338325591,5
10320,9781615931712,4
10320,9781035031580,4
10320,9781785040443,5
10320,9781949651638,4
10320,9789063695330,4
10320,9780752265629,5
10320,9780465072996,3
10320,9798652408466,5
10320,9781944515683,3
10320,9789354923500,4
10320,9780857199539,5
10320,9781529401325,3
10320,9780545935456,2
10320,9789358560381,3
10320,9781982137274,1
10320,9789354409660,2
10320,9798880920662,3
10321,9789388810609,4
10321,9781603293525,5
10321,9781509852840,5
10321,9781399809665,5
10321,9781580628556,5
10321,9781472298409,5
10321,9781925307443,5
10321,9781464234255,4
10321,9780062031525,5
10321,9781433832161,5
10321,9789388810623,3
10321,9781089356400,5
10321,9780743421041,5
10321,9781408866115,5
10321,9781607742456,3
10321,9780998203492,5
10321,9780062250506,5
10321,9780671741907,4
10321,9789387779297,4
10321,9789365693102,3
10321,9781643990026,4
10321,9788122300338,5
10321,9788122300260,4
10321,9781444724585,4
10321,9781781105528,3
10321,9780671604295,4
10321,9780593449240,3
10321,9780593500774,5
10321,9780399179006,4
10321,9781472261281,4
10321,9781786013453,2
10321,9780486811246,5
10321,9781457420641,3
10321,9780747548409,5
10321,9780857364319,5
10321,9781447439332,4
10321,9781656470997,3
10321,9781409181620,3
10321,9781804182529,4
10321,9789354922251,3
10321,9781984897398,5
10321,9781524798666,4
10321,9781506721705,4
10321,9789354895845,3
10321,9780735229358,2
10321,9798675385850,3
10321,9788120725249,1
10321,9781250076977,1
10321,9798998891816,2
10321,9781635577716,2
10321,9780199480173,2
10321,9789353451714,3
10321,9781982179014,3
10321,9798556993747,1
10322,9789352036592,5
10322,9789324192660,4
10322,9781260467369,5
10322,9798630240729,5
10322,9789389480481,4
10322,9788178125367,3
10322,9789313197133,5
10322,9789354881008,4
10322,9789362258601,5
10322,9789368900924,5
10322,9789325798014,5
10322,9789356344846,4
10322,9789389480474,4
10322,9789388642101,4
10322,9789355216403,5
10322,9789359587615,5
10322,9780062968722,4
10322,9780143456476,3
10322,9789387284944,5
10322,9780593653661,5
10322,9780141982410,3
10322,9780521779135,2
10322,9781613122488,3
10322,9789395192224,2
10322,9780349132860,3
10322,9789083023861,3
10323,9781292026565,3
10323,9789352838363,5
10323,9789355014467,4
10323,9781394251575,5
10323,9788131762189,4
10323,9788131710265,5
10323,9788131721018,5
10323,9781118476734,4
10323,9788185749754,4
10323,9780133356038,4
10323,9788121924375,5
10323,9781292420080,5
10323,9780486434841,5
10323,9781292023946,4
10323,9780387310732,4
10323,9781524748258,4
10323,9781644295533,4
10323,9780077496128,5
10323,9788121939096,5
10323,9780321972101,5
10323,9781316632932,5
10323,9789391818715,5
10323,9781718502345,4
10323,9788177588989,5
10323,9780073380575,5
10323,9783950485417,5
10323,9780198089131,5
10323,9781119770763,4
10323,9780470695197,4
10323,9788121924962,4
10323,9789363486317,5
10323,9789350127643,4
10323,9783804639126,3
10323,9781449331443,2
10323,9780205982578,4
10323,9788121906548,4
10323,9789390711956,5
10323,9789354881008,3
10323,9789391103231,4
10323,9788174822413,2
10323,9789359584362,4
10323,9789350127353,4
10323,9780071752114,4
10323,9780307830630,1
10323,9780141382913,2
10323,9781408349045,3
10323,9780615978628,3
10323,9789358560572,3
10323,9781472154644,1
10324,9780307957733,5
10324,9780486114132,3
10324,9789362055026,4
10324,9781785139949,4
10324,9780008123208,3
10324,9781087318844,5
10324,9788026837169,4
10324,9781804090633,3
10324,9791041985326,2
10324,9781442408944,4
10324,9781408865415,4
10324,9780141986005,5
10324,9798893310962,5
10324,9782280600705,4
10324,9781881373070,5
10324,9789388070973,3
10324,9789355014467,1
10324,9781943330201,1
10324,9789354925931,3
10324,9798995567004,1
10325,9789325794917,5
10325,9789368402695,5
10325,9789390297306,5
10325,9788178125367,5
10325,9789387604513,5
10325,9789386845641,5
10325,9789359584362,4
10325,9780071775304,4
10325,9789352036592,5
10325,9789358897920,5
10325,9788178125046,5
10325,9789387604209,5
10325,9789350123485,4
10325,9788173158759,5
10325,9788174822413,3
10325,9789324192660,5
10325,9788173177941,4
10325,9789350127353,3
10325,9789354881008,3
10325,9789389480511,5
10325,9789390711956,5
10325,9789350121276,4
10325,9789389480474,5
10325,9789350127643,4
10325,9780199678112,3
10325,9789390327539,3
10325,9788131710265,4
10325,9781492041917,4
10325,9780143425656,5
10325,9780133489903,3
10325,9781737475712,4
10325,9780262046305,4
10325,9788177228366,3
10325,9789395101677,1
10325,9781338325591,2
10325,9780857360007,3
10325,9789354927041,2
10326,9781408866115,5
10326,9789387779297,5
10326,9789388810623,5
10326,9781464234255,5
10326,9781509852840,5
10326,9781433832161,3
10326,9788122300338,4
10326,9781399809665,3
10326,9780062250506,5
10326,9781643990026,3
10326,9789388810609,4
10326,9780998203492,3
10326,9781925307443,5
10326,9780743421041,4
10326,9781089356400,4
10326,9789365693102,5
10326,9781472298409,5
10326,9780062031525,4
10326,9781603293525,3
10326,9781607742456,4
10326,9780671741907,3
10326,9788122300260,5
10326,9781580628556,4
10326,9781338325591,4
10326,9789351035497,4
10326,9780399179006,3
10326,9781608685486,2
10326,9781733989633,3
10326,9780671604295,3
10326,9781647291495,4
10326,9781444724585,4
10326,9781785139949,3
10326,9789395101011,4
10326,9781035031580,5
10326,9781524798666,4
10326,9780307830630,4
10326,9780857364319,5
10326,9786067892864,4
10326,9780008276973,2
10326,9789395101028,3
10326,9780062905154,4
10326,9789354895845,3
10326,9781398717206,3
10326,9780061899874,1
10326,9781960927101,2
10326,9781982137274,2
10326,9788177588989,2
10326,9781444958171,3
10326,9789355219244,1
10326,9780552167833,2
10326,9780141982410,1
10327,9789895648269,4
10327,9781627792127,5
10327,9780349132860,5
10327,9789354929564,4
10327,9789357087797,3
10327,9788129144973,5
10327,9780008474362,5
10327,9781803144382,4
10327,9789356999848,3
10327,9781542040464,3
10327,9789395192224,5
10327,9781472154644,4
10327,9789373034386,4
10327,9781529022049,4
10327,9789356291379,4
10327,9789353768966,5
10327,9780062868954,4
10327,9789354921490,4
10327,9781925480535,4
10327,9789357083003,5
10327,9781982179014,5
10327,9781780896410,5
10327,9798643660491,5
10327,9789354926716,5
10327,9781501190117,4
10327,9789814954853,4
10327,9789355430601,4
10327,9781681958071,3
10327,9786020633916,5
10327,9781409181682,4
10327,9781408865415,4
10327,9789362140258,4
10327,9789358568226,4
10327,9780385535502,3
10327,9781387282258,5
10327,9789354407338,4
10327,9782280600705,4
10327,9781785139949,5
10327,9781250902450,3
10327,9781635577716,5
10327,9780375703768,4
10327,9781408826133,5
10327,9780349437057,5
10327,9781473228801,4
10327,9781681445038,4
10327,9798675385850,3
10327,9781780874005,4
10327,9780525559733,2
10327,9781471406454,3
10327,9780486784755,5
10327,9780399179006,3
10327,9781509866113,3
10327,9780140455113,3
10327,9780723296232,2
10327,9781536462142,3
10327,9788196011802,2
10327,9781588361738,2
10327,9780198723097,2
10327,9798995567004,2
10327,9781612680569,1
10328,9788121924375,4
10328,9780387310732,5
10328,9788131710265,5
10328,9788131721018,5
10328,9788121924962,4
10328,9789355014467,5
10328,9781292420080,4
10328,9781118476734,3
10328,9780321972101,4
10328,9780198089131,3
10328,9780077496128,4
10328,9788131762189,5
10328,9780486434841,3
10328,9789352838363,5
10328,9780133356038,3
10328,9781718502345,5
10328,9781524748258,3
10328,9788121939096,5
10328,9780073380575,5
10328,9781292023946,5
10328,9789363486317,5
10328,9788177588989,4
10328,9789391818715,5
10328,9781119770763,4
10328,9788185749754,4
10328,9781644295533,4
10328,9781394251575,4
10328,9781292026565,5
10328,9783950485417,5
10328,9781316632932,5
10328,9780470695197,5
10328,9780199480173,4
10328,9789355641250,2
10328,9798630240729,4
10328,9788126579907,4
10328,9789356993082,3
10328,9781635576818,2
10328,9780349426129,2
10328,9789391724948,3
10328,9781101970317,4
10328,9780984782857,5
10328,9781492041917,4
10328,9781259004612,5
10328,9780143456476,5
10328,9788122415520,2
10328,9789394407015,4
10328,9780134610993,4
10328,9781935785132,4
10328,9781393638063,4
10328,9789352036592,4
10328,9788177587654,2
10328,9781594205071,3
10328,9780593715833,5
10328,9781621291657,4
10328,9781473575608,3
10328,9781668065969,2
10328,9780786860708,1
10328,9789354922251,2
10328,9781984896711,2
10328,9781442408944,1
10328,9789387779266,1
10328,9781501190117,3
10328,9789356991491,1
10328,9780241400708,3
10328,9781447261261,1
10329,9783804639126,3
10329,9789391028589,5
10329,9789387918573,4
10329,9780771010439,5
10329,9781250880949,4
10329,9780078022098,4
10329,9781621291657,4
10329,9781492078005,3
10329,9781473575608,3
10329,9781250404855,5
10329,9781935785132,5
10329,9788177587654,4
10329,9788126579907,4
10329,9781635576818,5
10329,9781101970317,5
10329,9781492041108,4
10329,9789688802052,5
10329,9780133522853,5
10329,9788121906548,5
10329,9788177228366,5
10329,9780262046305,5
10329,9789347231902,4
10329,9781259004612,5
10329,9781328662057,4
10329,9780593653661,5
10329,9781492032618,5
10329,9780349426129,4
10329,9781847651310,5
10329,9780071752114,4
10329,9789356995536,3
10329,9781403930897,5
10329,9781292405513,5
10329,9781737475712,5
10329,9781491952009,5
10329,9780205982578,4
10329,9781644210697,5
10329,9788190619509,5
10329,9781718502703,5
10329,9789356994669,4
10329,9780199678112,4
10329,9789356995260,5
10329,9789356993082,5
10329,9789356994287,4
10329,9780143425656,5
10329,9788192107547,4
10329,9780984782857,3
10329,9780593083888,4
10329,9789394407015,5
10329,9780141982410,5
10329,9780133356038,4
10329,9781316632932,5
10329,9789352838363,3
10329,9781393638063,3
10329,9789368402695,3
10329,9788131762189,4
10329,9789350121276,3
10329,9789356344846,5
10329,9789325794917,5
10329,9781292420080,5
10329,9781260467369,5
10329,9781292026565,4
10329,9788178125367,4
10329,9789348203168,4
10329,9788131721018,5
10329,9788121939096,5
10329,9789386845641,3
10329,9788177588989,4
10329,9789355558930,5
10329,9789354405419,1
10329,9780545415606,2
10329,9781913682118,3
10329,9781925480535,3
10329,9781472298409,2
10329,9780385339032,2
10329,9780883960165,1
10329,9780063497474,3
10330,9789358569568,5
10330,9798986406510,5
10330,9781585095568,4
10330,9789354928758,5
10330,9789358569018,5
10330,9798998891816,4
10330,9780593512296,4
10330,9789358560381,3
10330,9789356993327,5
10330,9789083023847,4
10330,9781668069530,4
10330,9780981951249,4
10330,9780857199096,5
10330,9781524704551,5
10330,9781548318468,5
10330,9789388241908,4
10330,9789387944763,3
10330,9789083023861,4
10330,9781760630737,4
10330,9789351772071,5
10330,9781529902402,5
10330,9781797221311,5
10330,9788186775219,4
10330,9789390914227,5
10330,9781647390983,5
10330,9781668065969,5
10330,9789353451714,5
10330,9789357084987,5
10330,9789356997790,3
10330,9781588361738,5
10330,9781982137274,3
10330,9780735200661,2
10330,9788196011802,4
10330,9781591842804,2
10330,9780593582268,4
10330,9789356991354,2
10330,9781668002841,3
10330,9780615978628,3
10330,9780071433341,5
10330,9781846140556,3
10330,9780525506287,2
10330,9788175994409,3
10330,9780557083206,5
10330,9789355201287,5
10330,9780525505105,4
10330,9780975601464,3
10330,9781443460712,5
10330,9780141986395,2
10330,9781398717206,4
10330,9781785040443,4
10330,9781760985240,4
10330,9789388369022,2
10330,9781780552491,3
10330,9788193655603,3
10330,9789355430601,2
10330,9781419743191,2
10330,9780747548409,2
10330,9789389480511,3
10330,9789347231902,3
10330,9780718188863,2
10331,9789354928284,3
10331,9781471411632,5
10331,9789355219244,5
10331,9789390652457,5
10331,9789386651600,5
10331,9781953953247,5
10331,9798893310962,5
10331,9780385484510,5
10331,9789353456443,5
10331,9781471411533,5
10331,9789353050337,5
10331,9781881373070,4
10331,9789351860839,5
10331,9789354409660,5
10331,9789391149291,3
10331,9781846046384,5
10331,9780369348906,4
10331,9789354926136,4
10331,9781471411465,5
10331,9789354928703,3
10331,9789351180555,5
10331,9789354926709,4
10331,9789354923678,5
10331,9780143443155,5
10331,9781848317680,3
10331,9788190256209,4
10331,9789354928956,5
10331,9789389243123,5
10331,9781401937539,4
10331,9780143474296,5
10331,9780670090303,3
10331,9789388369046,3
10331,9789389647242,5
10331,9780143423928,4
10331,9789351187301,3
10331,9781804090633,5
10331,9789358560572,5
10331,9789354894459,5
10331,9789362053206,5
10331,9780241996324,3
10331,9791041985326,5
10331,9780718188863,5
10331,9780141986005,5
10331,9780143464617,5
10331,9781849545433,5
10331,9780353275195,4
10331,9781501135910,4
10331,9788120725249,5
10331,9789380676371,4
10331,9789356993563,3
10331,9783956763182,5
10331,9780743200400,5
10331,9781591845324,5
10331,9781846048395,5
10331,9788174368942,4
10331,9789356997110,4
10331,9788119989898,5
10331,9789353769819,5
10331,9780349122380,4
10331,9789388810609,5
10331,9789389178111,2
10331,9789387779297,3
10331,9781580628556,4
10331,9781528774888,5
10331,9788122300260,3
10331,9789365693102,4
10331,9780670090433,3
10331,9780743421041,5
10331,9789388810623,4
10331,9780143433163,4
10331,9781605203287,4
10331,9781603293525,4
10331,9781472298409,5
10331,9781433832161,4
10331,9780062031525,3
10331,9781509852840,5
10331,9780691208015,4
10331,9789392510366,4
10331,9781405944465,3
10331,9788184750348,5
10331,9780670093946,3
10331,9781443460712,3
10331,9780141380933,3
10331,9781491903117,2
10331,9780143425656,2
10331,9781760295646,1
10331,9780399579745,2
10331,9781529401325,3
10331,9781760985240,2
10331,9780133489903,1
10332,9789313197133,5
10332,9781260467369,4
10332,9798630240729,3
10332,9789390239207,3
10332,9789389480511,5
10332,9789325798014,5
10332,9789355216403,4
10332,9788178125367,3
10332,9789389480474,5
10332,9789327198010,5
10332,9789350125175,3
10332,9789359981185,5
10332,9789386845641,4
10332,9789359584362,5
10332,9788178123684,5
10332,9781264842292,5
10332,9789358897920,5
10332,9789352036592,3
10332,9788174822413,5
10332,9789355558930,5
10332,9789387604513,4
10332,9788178125046,5
10332,9780071775304,4
10332,9789386298225,5
10332,9788173158759,5
10332,9789354881008,5
10332,9781260723106,5
10332,9781718502703,2
10332,9780771010439,4
10332,9789394407015,4
10332,9789355014467,4
10332,9781737475712,3
10332,9788192107547,4
10332,9788121906548,3
10332,9783804639126,4
10332,9780143425656,4
10332,9789356618060,1
10332,9789354403279,3
10332,9781542046152,2
10332,9789387779730,3
10333,9789354927041,3
10333,9789389178111,4
10333,9780143029892,4
10333,9781611806885,5
10333,9780349122380,5
10333,9789358568172,5
10333,9788187107583,5
10333,9789354582233,3
10333,9780141910819,3
10333,9781405944465,5
10333,9781605203287,4
10333,9788184750348,5
10333,9780140455113,5
10333,9780691208015,5
10333,9780785850724,5
10333,9780691148182,5
10333,9781528774888,5
10333,9780871138002,4
10333,9789356618060,5
10333,9781613824009,5
10333,9780670090433,3
10333,9781844670208,5
10333,9780140449280,4
10333,9780670086399,5
10333,9789392510366,5
10333,9780143433163,5
10333,9780141914527,4
10333,9791041985326,3
10333,9789388810609,5
10333,9781089356400,4
10333,9781401937539,4
10333,9781846048395,4
10333,9789353456443,4
10333,9789362053206,4
10333,9788122300260,4
10333,9780743200400,4
10333,9781603293525,4
10333,9789354926709,4
10333,9789388810623,3
10333,9789351180555,3
10333,9789354923678,2
10333,9788120725249,5
10333,9788190256209,4
10333,9781925307443,4
10333,9780143443155,3
10333,9780143423928,3
10333,9789354928956,3
10333,9781526626691,2
10333,9781408869161,3
10333,9781492078005,3
10333,9781423662617,2
10333,9788192107547,3
10333,9789395101677,3
10333,9780063356733,1
10333,9781625274502,1
10334,9789389480511,4
10334,9789313197133,4
10334,9781260467369,4
10334,9789352036592,3
10334,9789359981185,3
10334,9789354881008,5
10334,9788178125046,5
10334,9789355558930,4
10334,9788174822413,4
10334,9789358897920,5
10334,9789386845641,4
10334,9789390239207,4
10334,9788173177941,3
10334,9781264842292,4
10334,9798630240729,4
10334,9789348203168,4
10334,9789350121665,5
10334,9789368402695,4
10334,9789386298195,5
10334,9789325797567,5
10334,9788178125367,4
10334,9789359585314,5
10334,9789324192660,5
10334,9789350127353,5
10334,9780071775304,5
10334,9789389480474,5
10334,9789390711956,5
10334,9788194742616,5
10334,9789356344846,5
10334,9789387604209,5
10334,9788173158759,3
10334,9789387604513,3
10334,9789350127643,5
10334,9789386298225,5
10334,9789391103231,4
10334,9780984782857,5
10334,9780078022098,2
10334,9780078022159,3
10334,9780143425656,5
10334,9781737475712,4
10334,9781250880949,4
10334,9789394407015,4
10334,9788177228366,4
10334,9780133522853,3
10334,9780349426129,4
10334,9789356994713,3
10334,9781847651310,2
10334,9781760630737,3
10334,9781804090633,3
10334,9781786013453,1
10334,9781529401325,3
10334,9789354402784,3
10334,9781846048395,1
10335,9781925307443,4
10335,9780062031525,5
10335,9780998203492,5
10335,9789388810609,5
10335,9789365693102,4
10335,9781399809665,3
10335,9781603293525,5
10335,9781580628556,5
10335,9781643990026,4
10335,9788122300338,5
10335,9781509852840,4
10335,9789387779297,5
10335,9781464234255,5
10335,9780743421041,4
10335,9781433832161,5
10335,9780671741907,5
10335,9781408866115,3
10335,9781607742456,5
10335,9781089356400,5
10335,9788122300260,5
10335,9780062250506,5
10335,9789388810623,5
10335,9781472298409,5
10335,9780883960165,4
10335,9781495011351,4
10335,9781501187636,3
10335,9789392837258,5
10335,9781440571541,3
10335,9780451527318,5
10335,9781803093178,5
10335,9780008123208,4
10335,9781733989633,3
10335,9780141906270,5
10335,9780874776942,4
10335,9789356291713,5
10335,9780141339184,2
10335,9780062868954,1
10335,9780241558300,3
10335,9781804091043,2
10335,9780486478999,2
10335,9780062820341,1
10336,9789364558594,5
10336,9789364550161,5
10336,9789364554435,5
10336,9789364551854,5
10336,9789364551090,4
10336,9789364552424,4
10336,9789356226623,4
10336,9789371268844,5
10336,9789364555166,5
10336,9789357781831,5
10336,9789357788496,4
10336,9789357785556,5
10336,9789364559249,4
10336,9789371268219,4
10336,9789357787888,3
10336,9789356225985,3
10336,9789364557948,4
10336,9789364559584,5
10336,9789375615668,3
10336,9789357785952,4
10336,9789371262255,4
10336,9789364550093,5
10336,9789387284944,4
10336,9780984782857,4
10336,9789352837328,4
10336,9781594205071,5
10336,9788176561068,4
10336,9781737475712,4
10336,9789356995536,5
10336,9789390297306,4
10336,9780593715833,5
10336,9788178125367,4
10336,9789387918573,4
10336,9781449331443,2
10336,9788178123684,5
10336,9781089356400,2
10336,9789354928956,3
10336,9781612680569,3
10336,9780141352015,3
10336,9789362145369,1
10336,9781530728855,3
10336,9781960507617,2
10337,9789388810623,5
10337,9789388810609,4
10337,9780062031525,5
10337,9789365693102,5
10337,9781509852840,4
10337,9780062250506,5
10337,9781433832161,4
10337,9781603293525,3
10337,9780743421041,5
10337,9781925307443,3
10337,9780671741907,5
10337,9781472298409,3
10337,9788122300338,3
10337,9781089356400,4
10337,9781643990026,5
10337,9781464234255,4
10337,9781399809665,3
10337,9780998203492,5
10337,9781607742456,5
10337,9781408866115,5
10337,9781580628556,4
10337,9788122300260,5
10337,9789387779297,4
10337,9781524798666,4
10337,9781472241467,3
10337,9781460710876,4
10337,9789395101011,2
10337,9781529413113,5
10337,9780993203008,5
10337,9780486811246,4
10337,9781472288561,4
10337,9781408824856,3
10337,9780198723097,3
10337,9780062905154,3
10337,9789390678587,2
10337,9788026837169,4
10337,9788194898832,2
10337,9789354895845,5
10337,9781608685486,3
10337,9780385339032,5
10337,9781631592966,4
10337,9781472261281,4
10337,9780008123208,3
10337,9781419743191,3
10337,9780008564834,2
10337,9781665904964,1
10337,9781526666321,1
10337,9789391028589,3
10337,9789356995536,1
10337,9788174822413,2
10337,9781529022049,1
10337,9781471411632,3
10337,9789773772598,3
10337,9798848621181,2
10338,9789389480481,4
10338,9789324192660,5
10338,9780071775304,4
10338,9789325798014,5
10338,9789355216403,5
10338,9789359584362,4
10338,9789368900924,4
10338,9789313197133,4
10338,9788178125046,4
10338,9789389480511,5
10338,9789389480474,4
10338,9789358897920,5
10338,9781393638063,5
10338,9781260467369,4
10338,9789354881008,4
10338,9788178123684,3
10338,9788173177941,4
10338,9789368402695,3
10338,9789352036592,4
10338,9798630240729,5
10338,9789390297306,5
10338,9789359585314,4
10338,9789356344846,4
10338,9789386298195,5
10338,9788173158759,5
10338,9789355558930,5
10338,9789359981185,5
10338,9789350121665,5
10338,9789350127643,5
10338,9789387604209,3
10338,9788178125367,3
10338,9789386845641,3
10338,9788174822413,4
10338,9789386298225,4
10338,9789325792708,3
10338,9781264842292,5
10338,9789390239207,5
10338,9788194742616,5
10338,9789350127353,4
10338,9789355641250,5
10338,9789387604513,5
10338,9789327196504,4
10338,9789350121276,4
10338,9789325794917,5
10338,9789359587615,4
10338,9789362258601,4
10338,9789390711956,5
10338,9789327198010,5
10338,9789350123485,5
10338,9789348203168,4
10338,9789350125175,4
10338,9789388642101,5
10338,9789325797567,5
10338,9789386298836,5
10338,9789350128121,5
10338,9780134610993,4
10338,9780007547999,4
10338,9789352837328,5
10338,9780771010439,5
10338,9781292420080,5
10338,9781292405513,3
10338,9781492032618,5
10338,9789389802559,5
10338,9780071752114,2
10338,9780141982410,5
10338,9788185749754,5
10338,9789394407015,4
10338,9780593083888,5
10338,9789352838363,4
10338,9780199678112,4
10338,9781250404855,5
10338,9788131710265,2
10338,9781935785132,4
10338,9781492041108,4
10338,9789390327539,3
10338,9788131762189,2
10338,9780593715833,4
10338,9781250880949,2
10338,9781492078005,3
10338,9780078022098,4
10338,9789354404009,2
10338,9780486811246,3
10338,9781471411533,2
10338,9781605203287,2
10338,9780141382913,3
10338,9780143444626,1
10338,9781681958071,3
10338,9780062905154,1
10338,9789063695330,3
10338,9780981951249,3
10339,9789356813472,4
10339,9780786860708,3
10339,9780883960165,3
10339,9789394168596,5
10339,9781510054585,5
10339,9781460710876,5
10339,9781733989633,3
10339,9789351035497,5
10339,9781472297068,4
10339,9789354895845,4
10339,9781440571541,5
10339,9780144000265,4
10339,9781338325591,5
10339,9781529413113,5
10339,9781781105528,5
10339,9789895648962,5
10339,9780143445258,5
10339,9780593500774,4
10339,9781506721705,3
10339,9780307830630,3
10339,9781608685486,5
10339,9781472288561,5
10339,9789395101677,5
10339,9781524798666,4
10339,9781447439332,5
10339,9780008276942,5
10339,9781839647338,5
10339,9781439107393,4
10339,9781616770969,5
10339,9798652464264,3
10339,9780393351385,4
10339,9789356291713,5
10339,9781615931712,5
10339,9781910695050,5
10339,9780874776942,5
10339,9781898130017,4
10339,9781585429196,3
10339,9781603293525,3
10339,9789063695330,5
10339,9780062820341,4
10339,9789354895579,2
10339,9798848621181,4
10339,9789355208842,2
10339,9781612438634,4
10339,9781423662617,4
10339,9780141908762,4
10339,9780525506263,2
10339,9781580628556,4
10339,9780615978628,1
10339,9781780556178,2
10339,9780593238295,3
10339,9780141380933,3
10339,9789354929564,3
10339,9781443460712,3
10339,9780063497474,2
10340,9789348203168,3
10340,9788173158759,5
10340,9789350121665,4
10340,9789354881008,5
10340,9788178125367,4
10340,9789390239207,5
10340,9789352036592,4
10340,9789368900924,3
10340,9788173177941,5
10340,9788178123684,5
10340,9788178125046,3
10340,9788194742616,5
10340,9789359981185,5
10340,9789390711956,5
10340,9789325797567,3
10340,9789325794917,4
10340,9789355558930,5
10340,9789390297306,5
10340,9780143456476,2
10340,9789347231902,4
10340,9788131710265,4
10340,9781718502703,4
10340,9781250404855,4
10340,9781957999043,4
10340,9780593715833,3
10340,9781944515683,1
10340,9789388810609,3
10340,9780141035819,2
10340,9789387779723,2
10341,9789389178111,5
10341,9780349122380,5
10341,9781611806885,5
10341,9788187107583,4
10341,9781528774888,4
10341,9780143029892,5
10341,9780670086399,5
10341,9781405944465,4
10341,9780140455113,3
10341,9780141914527,5
10341,9780691208015,4
10341,9781613824009,4
10341,9789354582233,5
10341,9781605203287,5
10341,9780143433163,5
10341,9780141910819,3
10341,9780785850724,4
10341,9788184750348,5
10341,9789356618060,5
10341,9781844670208,4
10341,9780140449280,5
10341,9780871138002,5
10341,9789392510366,5
10341,9780691148182,5
10341,9789354927041,5
10341,9780670090433,4
10341,9789358568172,4
10341,9780062250506,4
10341,9781408866115,3
10341,9789354928703,5
10341,9781399809665,4
10341,9781846046384,4
10341,9788120725249,5
10341,9798893310962,3
10341,9789390652457,4
10341,9780718188863,4
10341,9781643990026,4
10341,9780671741907,4
10341,9781501135910,4
10341,9781471411632,4
10341,9781607742456,4
10341,9780141982410,2
10341,9789354404191,2
10341,9781408826133,1
10341,9780241396957,3
10341,9780747548409,1
10341,9781472154644,3
10342,9780063087774,5
10342,9780451527318,4
10342,9789053496794,5
10342,9780399179006,4
10342,9781953884992,4
10342,9780307830630,3
10342,9780141906270,4
10342,9781938938160,5
10342,9781476845623,3
10342,9781444724585,5
10342,9781338325591,5
10342,9780143445258,5
10342,9789354922251,5
10342,9781495011351,5
10342,9781524798666,4
10342,9781616770969,5
10342,9781781105528,5
10342,9780874776942,5
10342,9781419743191,5
10342,9781457431210,5
10342,9781786013521,4
10342,9780883960165,5
10342,9780144000265,5
10342,9780393351385,5
10342,9781472241467,5
10342,9781409181620,5
10342,9780593500774,5
10342,9781510054585,5
10342,9781984897398,5
10342,9780141036731,5
10342,9789356291713,4
10342,9781457420641,5
10342,9780571235568,4
10342,9789356811621,4
10342,9789354895845,5
10342,9781603293525,4
10342,9781508672197,4
10342,9781471729034,4
10342,9789388810609,5
10342,9780141908762,4
10342,9789354895579,4
10342,9781984856623,4
10342,9781956769005,3
10342,9780380718153,4
10342,9781787830783,4
10342,9781668002841,3
10342,9781668045572,2
10342,9780399579721,3
10342,9781529350104,1
10342,9789351187301,3
10342,9781473227996,3
10342,9781399804455,3
10342,9789354404542,2
10342,9781804090633,3
10343,9788177228366,5
10343,9788192107547,4
10343,9781328662057,4
10343,9781635576818,5
10343,9789390327539,5
10343,9781737475712,3
10343,9781718502703,4
10343,9780593593967,5
10343,9789387284944,5
10343,9780593083888,5
10343,9789356995260,5
10343,9789356994287,5
10343,9780007547999,5
10343,9781935785132,5
10343,9780349426129,5
10343,9780984782857,4
10343,9781492032618,5
10343,9781250404855,4
10343,9781594205071,5
10343,9789352837328,5
10343,9789353063191,5
10343,9781847651310,5
10343,9781259004612,3
10343,9780262046305,5
10343,9781492078005,5
10343,9780534422004,5
10343,9780521779135,5
10343,9788177587654,4
10343,9789389802559,5
10343,9789357082594,5
10343,9780133522853,5
10343,9788190619509,5
10343,9780143425656,4
10343,9780199480173,5
10343,9781491952009,5
10343,9781101970317,5
10343,9780062968722,5
10343,9781957999043,3
10343,9788176561068,5
10343,9789325798014,4
10343,9789358897920,4
10343,9789350121665,4
10343,9788178125046,4
10343,9789352036592,3
10343,9781718502345,3
10343,9781524748258,4
10343,9781394251575,4
10343,9789390711956,3
10343,9789387604513,4
10343,9789355216403,2
10343,9789359981185,4
10343,9780077496128,4
10343,9789325792708,4
10343,9789350125175,4
10343,9780241502334,3
10343,9781510019430,3
10343,9789354401121,2
10343,9780141910819,1
10343,9789083023861,3
10343,9780593512296,3
10344,9788026837169,5
10344,9789362055026,5
10344,9780486114132,3
10344,9780307957733,5
10344,9781087318844,3
10344,9780008123208,4
10344,9781785139949,4
10344,9781250902450,4
10344,9781681445038,4
10344,9789391149291,3
10344,9788193655603,4
10344,9781501143106,4
10344,9780349437057,4
10344,9780143474296,5
10344,9789354928284,3
10344,9789354926709,3
10344,9781471411632,4
10344,9780143443155,3
10344,9781250343178,3
10344,9781635577716,4
10344,9780670090303,4
10344,9780369348906,4
10344,9789388369046,4
10344,9789354923678,4
10344,9780743200400,4
10344,9789386651600,5
10344,9788190256209,3
10344,9780385484510,4
10344,9781250855145,2
10344,9781408378458,3
10344,9781509806102,3
10344,9788192107547,2
10344,9781805222088,3
10344,9780133356038,2
10344,9789354928758,3
10344,9781760985240,2
10344,9780593500774,2
10344,9781409181620,2
10344,9789325792708,3
10345,9798317901462,5
10345,9798675385850,3
10345,9789380658797,5
10345,9781324095323,5
10345,9789356995697,4
10345,9789389931891,3
10345,9789353451882,4
10345,9781501143106,3
10345,9781623651442,5
10345,9781471407772,3
10345,9789356294561,5
10345,9780375703768,5
10345,9788193655603,4
10345,9781250343178,4
10345,9780349436982,5
10345,9781760788629,3
10345,9789354402173,5
10345,9781542046152,5
10345,9781681445038,4
10345,9780385535502,4
10345,9781635577716,4
10345,9780593438374,3
10345,9781680307672,5
10345,9789362140258,5
10345,9781774882986,2
10345,9789389432886,4
10345,9789388144988,2
10345,9781473598140,2
10345,9798295206443,3
10345,9789354407086,4
10345,9780747574477,4
10345,9780735229358,5
10345,9780141373034,3
10345,9789350121276,1
10345,9781419764394,2
10345,9780062868954,3
10345,9781846140556,3
10346,9780063356733,5
10346,9780984358106,4
10346,9780671472122,4
10346,9789390378548,5
10346,9786155643071,3
10346,9780345472328,4
10346,9789356991491,5
10346,9781473535169,4
10346,9781530830657,3
10346,9780063497474,4
10346,9781443460712,3
10346,9781416502494,5
10346,9781942788300,3
10346,9781509866113,5
10346,9781591842804,4
10346,9788184007558,5
10346,9780061899874,5
10346,9791222454405,3
10346,9780609504239,5
10346,9781119523260,3
10346,9780975601464,5
10346,9781783085200,4
10346,9798995567004,5
10346,9789355201287,4
10346,9780307887917,4
10346,9788119153442,4
10346,9789352140046,5
10346,9798893312010,5
10346,9780071433341,5
10346,9780753550663,4
10346,9788128400483,4
10346,9781529902402,4
10346,9780593083888,5
10346,9781718502703,4
10346,9783804639126,4
10346,9781449331443,5
10346,9781957999043,4
10346,9781524704551,5
10346,9789362143495,4
10346,9780534422004,4
10346,9781797221311,4
10346,9780133489903,5
10346,9789351772071,5
10346,9789895648962,3
10346,9781292026565,2
10346,9789354921490,3
10346,9789389178111,2
10346,9780486811246,2
10346,9780141342603,1
10347,9781501135910,5
10347,9789354928703,3
10347,9789380676371,5
10347,9789358560572,4
10347,9781471411632,4
10347,9781849545433,5
10347,9789388369046,5
10347,9798893310962,5
10347,9789353050337,4
10347,9781804090633,5
10347,9780670090303,5
10347,9788190256209,4
10347,9789351180555,5
10347,9780718188863,3
10347,9780369348906,4
10347,9788120725249,5
10347,9781591845324,5
10347,9781846048395,4
10347,9780241996324,5
10347,9780143464617,4
10347,9781848317680,5
10347,9780143443155,3
10347,9789354409660,4
10347,9789354923678,5
10347,9789354894459,3
10347,9788122300260,5
10347,9780140455113,4
10347,9781605203287,3
10347,9781089356400,2
10347,9781643990026,4
10347,9780998203492,3
10347,9781433832161,5
10347,9780691148182,5
10347,9781580628556,5
10347,9780321972101,2
10347,9788171672882,3
10347,9781447439332,3
10347,9788184951332,1
10347,9781585429196,3
10348,9789354927041,5
10348,9780691208015,5
10348,9780143029892,5
10348,9780670086399,5
10348,9781405944465,4
10348,9780349122380,5
10348,9781613824009,5
10348,9780140455113,5
10348,9780871138002,5
10348,9789392510366,3
10348,9781611806885,3
10348,9780140449280,3
10348,9781605203287,5
10348,9789354582233,4
10348,9789358568172,4
10348,9780143433163,5
10348,9780141914527,4
10348,9788187107583,3
10348,9780670090433,5
10348,9780691148182,4
10348,9780141910819,4
10348,9789389178111,5
10348,9781528774888,5
10348,9789356618060,5
10348,9781844670208,5
10348,9788184750348,5
10348,9780785850724,4
10348,9788122300338,3
10348,9781849545433,2
10348,9789353050337,5
10348,9798893310962,5
10348,9789355219244,4
10348,9781603293525,4
10348,9781401937539,5
10348,9781848317680,4
10348,9789391149291,4
10348,9791041985326,5
10348,9780743421041,3
10348,9780071775304,1
10348,9780375703768,3
10348,9789388369138,1
10348,9798885782678,2
10348,9781292026565,2
10348,9788119153442,2
10349,9781780874005,5
10349,9781409181682,5
10349,9781623651442,3
10349,9781680307672,5
10349,9781635577716,5
10349,9789353451882,5
10349,9780349436982,5
10349,9781324095323,4
10349,9789358568226,5
10349,9780751583694,5
10349,9781542046152,4
10349,9781442408944,5
10349,9789380658797,5
10349,9781760788629,5
10349,9780349437057,5
10349,9781408865415,5
10349,9781408826133,5
10349,9781471406454,5
10349,9780486784755,5
10349,9780385535502,5
10349,9781916277182,5
10349,9780671461492,5
10349,9781681445038,5
10349,9789389931891,4
10349,9789357316354,5
10349,9798317901462,4
10349,9781473228801,5
10349,9781250855145,5
10349,9789354402173,4
10349,9780593438374,5
10349,9781785766886,5
10349,9783689951016,4
10349,9789354406249,4
10349,9789356294561,5
10349,9781501143106,3
10349,9780525559733,4
10349,9789362145369,5
10349,9780375703768,4
10349,9789362140258,4
10349,9798675385850,5
10349,9781250902450,4
10349,9781387282258,5
10349,9781473227996,5
10349,9781471407772,4
10349,9788193655603,4
10349,9782280600705,4
10349,9781250343178,5
10349,9798880920662,3
10349,9789354401121,5
10349,9789354402388,3
10349,9780739350331,3
10349,9789357085885,4
10349,9789389432688,4
10349,9781943330201,3
10349,9780986444159,5
10349,9781444932386,3
10349,9780545935456,5
10349,9781401940652,4
10349,9789390183548,4
10349,9788171672882,3
10349,9781473598140,5
10349,9780141373034,4
10349,9780747570738,3
10349,9781481422192,4
10349,9788194525905,4
10349,9789354926136,2
10349,9780144000265,3
10349,9789350127353,1
10349,9781984897398,2
10349,9789327196504,3
10349,9789356991354,2
10349,9780063087774,3
10349,9781797221311,2
10350,9781849545433,4
10350,9781591845324,5
10350,9789362053206,5
10350,9789354923678,4
10350,9789354926709,5
10350,9798893310962,5
10350,9781846046384,4
10350,9789351860839,3
10350,9789358560572,5
10350,9781881373070,4
10350,9780718188863,5
10350,9789354894459,5
10350,9789390652457,5
10350,9788120725249,4
10350,9780143464617,3
10350,9781471411465,5
10350,9780141986005,4
10350,9789354928284,5
10350,9789354409660,3
10350,9789357027519,5
10350,9789354928956,4
10350,9781501135910,5
10350,9788190256209,3
10350,9780385484510,5
10350,9789389243123,5
10350,9791041985326,4
10350,9780369348906,3
10350,9780143423928,3
10350,9781953953247,5
10350,9781848317680,5
10350,9781401937539,3
10350,9780670090303,5
10350,9789353050337,4
10350,9781846048395,5
10350,9789354926136,4
10350,9789380676371,5
10350,9789351187301,4
10350,9783956763182,4
10350,9789388369046,4
10350,9781804090633,4
10350,9781399809665,4
10350,9780141914527,3
10350,9780871138002,3
10350,9781089356400,3
10350,9789387779297,3
10350,9780141910819,4
10350,9781643990026,3
10350,9781528774888,2
10350,9781613824009,4
10350,9781433832161,3
10350,9788187107583,4
10350,9781509852840,5
10350,9789356618060,4
10350,9781605203287,3
10350,9780670090433,4
10350,9780349132860,3
10350,9788194525905,3
10350,9789356994287,3
10350,9789388241908,2
10350,9789354404436,3
10350,9781804091043,1
10350,9780190078973,3
10351,9788131762189,3
10351,9788131721018,5
10351,9781292023946,5
10351,9781524748258,4
10351,9781118476734,5
10351,9789355014467,3
10351,9789391818715,5
10351,9780133356038,4
10351,9788185749754,5
10351,9788121924375,4
10351,9788177588989,5
10351,9780198089131,5
10351,9780321972101,3
10351,9781292026565,4
10351,9781718502345,3
10351,9780486434841,5
10351,9780077496128,4
10351,9780387310732,5
10351,9789352838363,5
10351,9781644295533,4
10351,9783950485417,5
10351,9781119770763,5
10351,9788131710265,5
10351,9781292420080,5
10351,9788121939096,5
10351,9780073380575,4
10351,9781394251575,5
10351,9788121924962,4
10351,9781316632932,5
10351,9780470695197,5
10351,9789363486317,4
10351,9781492041108,4
10351,9788174822413,5
10351,9789368402695,3
10351,9780593238295,3
10351,9781449331443,2
10351,9789357080248,4
10351,9781492078005,3
10351,9789354881008,3
10351,9781403930897,5
10351,9780593715833,3
10351,9780007547999,4
10351,9781473575608,3
10351,9781292405513,4
10351,9781935785132,4
10351,9781635576818,4
10351,9781491950333,3
10351,9780199678112,5
10351,9789390239207,3
10351,9789387284944,5
10351,9781443460712,3
10351,9789389567380,3
10351,9789388144025,3
10351,9789354928284,3
10351,9781473680371,3
10351,9780753550663,3
10351,9789395101752,1
10351,9781982137274,3
10351,9789394168244,2
10352,9783956763182,5
10352,9780670090303,5
10352,9781849545433,4
10352,9789351180555,5
10352,9789351860839,5
10352,9781471411533,5
10352,9789390652457,5
10352,9789351187301,4
10352,9780369348906,5
10352,9780353275195,5
10352,9798893310962,4
10352,9789353050337,5
10352,9781881373070,4
10352,9780385484510,5
10352,9791041985326,5
10352,9789386651600,5
10352,9789353456443,5
10352,9780140449280,4
10352,9781464234255,4
10352,9781844670208,4
10352,9781408866115,4
10352,9780691148182,4
10352,9789387779297,4
10352,9789389717259,1
10352,9789355209825,3
10352,9780794533779,3
10352,9789356993327,1
10353,9781457431210,4
10353,9789351035497,4
10353,9780593500774,5
10353,9780399179006,5
10353,9781495011351,4
10353,9781529413113,3
10353,9789895648962,4
10353,9781457420641,5
10353,9781804182529,5
10353,9780571235568,3
10353,9780307830630,5
10353,9789356291713,5
10353,9781938938160,4
10353,9789388689786,5
10353,9780241400708,5
10353,9781733989633,5
10353,9781035031580,3
10353,9781524798666,5
10353,9781802805567,3
10353,9781608685486,5
10353,9781615931712,4
10353,9786067892864,3
10353,9781616770969,5
10353,9781781105528,4
10353,9781476845623,5
10353,9780883960165,5
10353,9781460710876,4
10353,9781506721705,3
10353,9789392837258,4
10353,9789395101028,5
10353,9789395101004,5
10353,9780198723097,3
10353,9780008276973,5
10353,9781472241467,5
10353,9781910695050,5
10353,9780140127225,5
10353,9781839647338,5
10353,9780060391683,4
10353,9781501187636,4
10353,9780143433002,4
10353,9781444724585,4
10353,9781419743191,5
10353,9780525658146,5
10353,9789395101677,4
10353,9780385339032,3
10353,9780393351385,5
10353,9788194525974,3
10353,9780380718153,2
10353,9781612438634,5
10353,9781668045572,2
10353,9781398717206,3
10353,9781520975672,4
10353,9780486272986,4
10353,9781580628556,4
10353,9781476744872,3
10353,9781981390816,5
10353,9780752265629,4
10353,9781786898562,3
10353,9780143452485,5
10353,9780743421041,3
10353,9780062820341,2
10353,9789382573036,4
10353,9789388810623,5
10353,9789360876357,2
10353,9780465072996,3
10353,9781442451322,3
10353,9789390093625,2
10353,9780133489903,3
10353,9780385676519,3
10353,9780593715833,3
10353,9781408865415,3
10353,9789351860839,1
10353,9789356296572,3
10354,9789389647242,5
10354,9781401937539,4
10354,9780369348906,5
10354,9780143423928,3
10354,9781846048395,3
10354,9781846046384,3
10354,9781471411632,3
10354,9780385484510,3
10354,9789354926136,3
10354,9781848317680,5
10354,9781953953247,5
10354,9798893310962,3
10354,9789354928284,4
10354,9780353275195,3
10354,9789351187301,4
10354,9780670090303,5
10354,9789390652457,3
10354,9788120725249,4
10354,9781881373070,4
10354,9789362053206,5
10354,9789351180555,4
10354,9789358560572,5
10354,9789354928956,4
10354,9783956763182,3
10354,9791041985326,5
10354,9789354409660,5
10354,9789380676371,5
10354,9789357027519,4
10354,9781501135910,3
10354,9789386651600,5
10354,9780241996324,5
10354,9781471411533,3
10354,9780718188863,5
10354,9789391149291,5
10354,9780141986005,5
10354,9780743200400,3
10354,9789353050337,5
10354,9789353456443,5
10354,9789356993563,3
10354,9780143474296,5
10354,9781849545433,4
10354,9789354928703,5
10354,9788190256209,4
10354,9781804090633,5
10354,9789356997110,4
10354,9789354926709,5
10354,9780143443155,4
10354,9781471411465,4
10354,9789354894459,3
10354,9789388369046,5
10354,9781591845324,4
10354,9789389243123,3
10354,9789355219244,5
10354,9788174368942,5
10354,9780143464617,4
10354,9789351860839,5
10354,9789353769819,5
10354,9789354923678,5
10354,9788119989898,3
10354,9788122300338,5
10354,9780141910819,4
10354,9781603293525,5
10354,9780998203492,3
10354,9788184750348,5
10354,9781611806885,5
10354,9789388810609,2
10354,9780785850724,4
10354,9788122300260,3
10354,9781399809665,4
10354,9780062250506,4
10354,9781925307443,2
10354,9781509852840,2
10354,9780140455113,4
10354,9780691208015,2
10354,9781605203287,3
10354,9781405944465,4
10354,9781580628556,2
10354,9781607742456,5
10354,9789354582233,3
10354,9789356618060,4
10354,9781433832161,5
10354,9789388810623,3
10354,9780975601464,1
10354,9781943330744,3
10354,9780545415606,2
10354,9780241982280,2
10354,9789387284944,3
10354,9781472241467,3
10354,9789390914227,3
10354,9780062868954,2
10354,9781292405513,2
10354,9780141986395,3
10355,9780349122380,5
10355,9780141910819,5
10355,9780691148182,5
10355,9789392510366,4
10355,9781613824009,5
10355,9789356618060,5
10355,9781611806885,4
10355,9780670086399,4
10355,9780140455113,3
10355,9789354927041,5
10355,9781605203287,4
10355,9780143029892,3
10355,9780691208015,3
10355,9789358568172,5
10355,9781591845324,4
10355,9798893310962,2
10355,9789391149291,4
10355,9780718188863,3
10355,9781925307443,2
10355,9781472154644,2
10355,9780008276973,2
10355,9781447200611,3
10356,9789364551090,5
10356,9789364552424,4
10356,9789364557948,5
10356,9789364550161,5
10356,9789371262255,4
10356,9789364551854,5
10356,9789364559249,5
10356,9789357788496,4
10356,9789364558594,5
10356,9789364555166,5
10356,9789371268844,5
10356,9789357787888,4
10356,9789357781831,5
10356,9789356226623,3
10356,9789364554435,5
10356,9789357785952,5
10356,9789356225985,5
10356,9789364550093,4
10356,9789357785556,3
10356,9789364559584,5
10356,9789371268219,5
10356,9789375615668,5
10356,9789357312660,2
10356,9789325798014,4
10356,9788176561068,3
10356,9781935785132,4
10356,9780349426129,3
10356,9789327198010,3
10356,9789356995260,4
10356,9788190619509,2
10356,9780063142381,4
10356,9789356994287,2
10356,9788177587654,3
10356,9789358897920,3
10356,9789356994713,3
10356,9788178123684,5
10356,9788175994140,4
10356,9781250880949,5
10356,9789359585314,5
10356,9781635576818,2
10356,9780199480173,5
10356,9781328662057,4
10356,9789356344846,4
10356,9781803093543,4
10356,9788177228366,3
10356,9789380658797,2
10356,9781408826133,2
10356,9781780555409,2
10356,9780062820341,1
10356,9781526645951,3
10356,9781472297068,3
10356,9781443124911,1
10356,9780062868954,3
10356,9798552053032,1
10356,9788119153442,3
10357,9789354928703,5
10357,9781591845324,5
10357,9781471411465,5
10357,9789354928956,5
10357,9789354926136,5
10357,9789356997110,5
10357,9789351180555,5
10357,9780743200400,4
10357,9789353050337,5
10357,9789354923678,4
10357,9789388369046,5
10357,9789391149291,4
10357,9791041985326,5
10357,9780385484510,5
10357,9798893310962,5
10357,9781471411632,5
10357,9781501135910,5
10357,9781881373070,5
10357,9789354409660,5
10357,9788120725249,4
10357,9780369348906,5
10357,9781846046384,4
10357,9780143443155,5
10357,9789353769819,5
10357,9789390652457,5
10357,9780353275195,5
10357,9789389647242,4
10357,9789353456443,5
10357,9781849545433,5
10357,9789389243123,4
10357,9789380676371,3
10357,9781846048395,5
10357,9780718188863,4
10357,9780143423928,5
10357,9780143474296,4
10357,9780670090303,3
10357,9781953953247,4
10357,9789354928284,4
10357,9781804090633,5
10357,9789351860839,5
10357,9781848317680,4
10357,9789354926709,5
10357,9780143464617,4
10357,9788190256209,5
10357,9789354894459,4
10357,9788174368942,5
10357,9780141986005,3
10357,9783956763182,5
10357,9781471411533,5
10357,9789351187301,5
10357,9789386651600,5
10357,9780241996324,3
10357,9789389178111,3
10357,9781607742456,3
10357,9781433832161,5
10357,9788122300260,4
10357,9789388810623,3
10357,9781472298409,3
10357,9780670086399,2
10357,9781603293525,4
10357,9788184750348,5
10357,9781613824009,3
10357,9780743421041,2
10357,9789356618060,2
10357,9789392510366,3
10357,9781528774888,5
10357,9788187107583,5
10357,9780141914527,3
10357,9781464234255,5
10357,9789358568172,2
10357,9789388810609,4
10357,9780671741907,5
10357,9798552053032,3
10357,9780143444626,3
10357,9781647825621,2
10357,9781783085200,2
10357,9788183896771,3
10357,9780399579745,2
10357,9780679812685,3
10357,9788194898832,3
10357,9781530728855,2
10358,9781101916988,5
10358,9780573700323,5
10358,9789388369817,3
10358,9780593092934,4
10358,9780747591085,4
10358,9781444935189,5
10358,9780345453747,5
10358,9789354405167,5
10358,9789354400889,4
10358,9781444958171,5
10358,9789326191074,5
10358,9781368024136,3
10358,9788993055030,4
10358,9789352661190,4
10358,9781408834985,5
10358,9781409306689,5
10358,9780794533779,5
10358,9781958388952,3
10358,9789388369138,5
10358,9780553151749,4
10358,9781597020145,5
10358,9780241396957,4
10358,9781408855911,5
10358,9780241502334,5
10358,9780141385259,5
10358,9789389432428,5
10358,9780008283308,4
10358,9780241558300,5
10358,9798855007664,5
10358,9789390183548,4
10358,9789354404542,5
10358,9780008724764,5
10358,9789389567397,5
10358,9780008333799,4
10358,9780141321288,5
10358,9781405266512,5
10358,9789389432886,3
10358,9798998582875,5
10358,9780007423194,5
10358,9780141347752,4
10358,9780545659024,5
10358,9781965347126,5
10358,9789388810623,3
10358,9789362055026,2
10358,9780008123208,5
10358,9780062031525,4
10358,9780671741907,4
10358,9781925307443,5
10358,9781087318844,5
10358,9781464234255,4
10358,9780743421041,5
10358,9781472298409,3
10358,9780062250506,4
10358,9789365693102,4
10358,9781509852840,3
10358,9788122300338,4
10358,9781089356400,3
10358,9781408866115,5
10358,9781585429196,2
10358,9780992550714,1
10358,9798675385850,2
10358,9789359584362,3
10358,9780975601464,2
10358,9781529401325,2
10358,9780199678112,3
10359,9781984861641,5
10359,9781398717206,3
10359,9781786898562,4
10359,9781847651402,5
10359,9789356295384,5
10359,9798894410067,5
10359,9781526645951,5
10359,9780465072996,5
10359,9789354923968,4
10359,9781524744311,4
10359,9789354929762,5
10359,9781913682118,5
10359,9780525506287,5
10359,9781508672197,5
10359,9781839909979,5
10359,9789390260041,5
10359,9780062820341,5
10359,9780525505105,4
10359,9780486272986,5
10359,9781585429196,3
10359,9780718156848,5
10359,9780141986395,3
10359,9781785040443,4
10359,9781743791714,5
10359,9781423662617,5
10359,9781476744872,3
10359,9780008564834,5
10359,9798652408466,4
10359,9780143444626,4
10359,9798581186916,3
10359,9780241283912,5
10359,9798552053032,3
10359,9780752265629,3
10359,9781530728855,5
10359,9781648287510,4
10359,9781426215889,5
10359,9798886500479,5
10359,9780141908762,4
10359,9789063695330,4
10359,9780241552063,5
10359,9781405932677,4
10359,9788196011802,4
10359,9781471729034,5
10359,9780008305550,4
10359,9781482850888,4
10359,9789353043551,5
10359,9789356994782,5
10359,9781804091043,4
10359,9780063497474,3
10359,9789083023847,5
10359,9781250865045,5
10359,9781647825621,3
10359,9781529902402,2
10359,9798986406510,4
10359,9780241981344,4
10359,9780801563669,4
10359,9789351772071,5
10359,9780609504239,5
10359,9780231555074,5
10359,9789355201287,4
10359,9781443460712,2
10359,9781501187636,1
10359,9789313197133,2
10359,9789352837328,2
10359,9780241252673,2
10359,9788184750348,3
10359,9780143333388,3
10359,9780143464617,2
10359,9780205982578,2
10360,9789357781831,5
10360,9789364552424,5
10360,9789364558594,5
10360,9789364550161,5
10360,9789364554435,5
10360,9789364555166,4
10360,9789364551090,4
10360,9789357787888,4
10360,9789371262255,5
10360,9789364551854,4
10360,9789371268844,3
10360,9789357788496,5
10360,9789364559249,4
10360,9789356225985,4
10360,9789364559584,4
10360,9789356226623,5
10360,9789357785952,5
10360,9789357785556,5
10360,9789364557948,5
10360,9789371268219,3
10360,9789375615668,5
10360,9789364550093,4
10360,9789350127353,3
10360,9781328662057,4
10360,9788194742616,2
10360,9781393638063,3
10360,9789356994287,4
10360,9789688802052,4
10360,9781847651310,5
10360,9789350121276,4
10360,9780133489903,4
10360,9781635576818,3
10360,9789359585314,5
10360,9789386845641,3
10360,9781957999043,4
10360,9780062968722,4
10360,9780984782857,5
10360,9780205982578,2
10360,9780593653661,4
10360,9781621291657,3
10360,9781591845324,3
10360,9780008305550,3
10360,9781529413113,2
10360,9780375968488,1
10360,9781943330614,2
10360,9781250865045,2
10360,9780557083206,2
10360,9781477303733,3
10361,9788131721018,4
10361,9781718502345,5
10361,9780133356038,4
10361,9788185749754,5
10361,9781524748258,5
10361,9789355014467,5
10361,9780198089131,4
10361,9789352838363,4
10361,9780387310732,5
10361,9788177588989,5
10361,9780321972101,5
10361,9781118476734,3
10361,9781292420080,5
10361,9788121924962,5
10361,9780073380575,5
10361,9788121924375,5
10361,9781644295533,5
10361,9780077496128,5
10361,9780486434841,5
10361,9788131762189,5
10361,9781292026565,5
10361,9788121939096,5
10361,9788131710265,4
10361,9781119770763,5
10361,9781292023946,3
10361,9781316632932,4
10361,9789391818715,4
10361,9780470695197,5
10361,9781394251575,5
10361,9783950485417,3
10361,9789363486317,3
10361,9789350127643,4
10361,9789394407015,3
10361,9781847651310,5
10361,9780062968722,3
10361,9789358897920,4
10361,9788177228366,4
10361,9781491952009,4
10361,9788174822413,4
10361,9789348203168,5
10361,9789389480474,4
10361,9789352036592,5
10361,9781594205071,4
10361,9780063142381,5
10361,9780521779135,3
10361,9789362143495,4
10361,9780593238295,3
10361,9789391724948,4
10361,9781328662057,5
10361,9789390297306,4
10361,9788178123684,4
10361,9780262046305,4
10361,9781803093543,4
10361,9780545520492,3
10361,9789380676371,3
10361,9780857364319,1
10361,9789392510366,2
10361,9788119792597,1
10361,9780753550663,3
10361,9781742624068,2
10361,9780008474362,1
10361,9781529022049,3
10361,9781780896410,3
10362,9781464234255,3
10362,9789388810623,5
10362,9780743421041,4
10362,9789387779297,3
10362,9781925307443,3
10362,9781580628556,5
10362,9789388810609,5
10362,9781472298409,3
10362,9781643990026,5
10362,9781603293525,4
10362,9780062250506,3
10362,9781408866115,5
10362,9781089356400,5
10362,9781433832161,5
10362,9780062031525,3
10362,9781509852840,4
10362,9780998203492,5
10362,9780671741907,4
10362,9781607742456,5
10362,9788122300260,5
10362,9788122300338,5
10362,9781399809665,4
10362,9789365693102,4
10362,9780486114132,3
10362,9780241400708,5
10362,9781338325591,2
10362,9780671604295,4
10362,9781401229894,5
10362,9789356812116,4
10362,9789395101677,2
10362,9780143433002,4
10362,9788194898832,3
10362,9781781105528,5
10362,9780747548409,2
10362,9780141906270,4
10362,9781803093178,2
10362,9781419743191,3
10362,9781510054585,3
10362,9780008123208,3
10362,9780143448990,5
10362,9781472297068,4
10362,9781616770969,4
10362,9781472290694,4
10362,9798652464264,4
10362,9780593449240,2
10362,9789394168244,5
10362,9780874776942,4
10362,9789354405068,3
10362,9781524704551,1
10362,9780071775304,1
10362,9789352769261,2
10362,9789355558930,2
10362,9789362143495,1
10362,9789355430601,3
10362,9789347231902,2
10362,9780975601464,3
10362,9780199480173,1
10363,9781087318844,5
10363,9780008123208,4
10363,9781785139949,4
10363,9789362055026,4
10363,9788026837169,5
10363,9780307957733,4
10363,9780486114132,5
10363,9789356294561,3
10363,9781849545433,3
10363,9789354926136,4
10363,9789354406249,4
10363,9781250855145,4
10363,9780369348906,5
10363,9789356993563,4
10363,9780349437057,4
10363,9780743200400,3
10363,9781846048395,5
10363,9781501135910,5
10363,9789354926709,4
10363,9781408378458,2
10363,9781444958201,3
10363,9789354926716,3
10363,9781444724585,3
10363,9788194898832,1
10364,9780071775304,5
10364,9789354881008,5
10364,9788173177941,4
10364,9789327198010,5
10364,9789359981185,5
10364,9789325798014,5
10364,9789389480511,3
10364,9789350123485,5
10364,9789387604513,4
10364,9789348203168,3
10364,9789359587615,3
10364,9789352036592,4
10364,9789386845641,5
10364,9789387604209,5
10364,9789324192660,3
10364,9789359585314,5
10364,9789355558930,5
10364,9789358897920,5
10364,9789359584362,5
10364,9789327196504,4
10364,9788174822413,5
10364,9789368402695,5
10364,9789368900924,5
10364,9789325797567,4
10364,9788178123684,4
10364,9789390711956,5
10364,9788178125046,5
10364,9788173158759,5
10364,9789355641250,5
10364,9789389480481,3
10364,9781264842292,5
10364,9789347231902,3
10364,9789387918573,5
10364,9789356994713,4
10364,9781119770763,3
10364,9781250404855,4
10364,9780593715833,3
10364,9788121939096,5
10364,9789387284944,3
10364,9788131762189,3
10364,9780199678112,3
10364,9781492041917,4
10364,9789688802052,2
10364,9781944515683,2
10364,9780141321288,1
10364,9781780552491,3
10364,9789392837258,3
10364,9780451527318,1
10365,9780241371862,4
10365,9780241552063,5
10365,9789355208842,4
10365,9781426215889,3
10365,9781989120989,5
10365,9781949651638,5
10365,9780399579721,4
10365,9781984861641,3
10365,9780399579745,4
10365,9789354923968,4
10365,9781847651402,4
10365,9780143452485,5
10365,9780525506287,4
10365,9781585429196,5
10365,9781668002841,5
10365,9780593582268,4
10365,9781944515683,3
10365,9781984856623,3
10365,9780525506263,5
10365,9780008564834,4
10365,9780752265629,4
10365,9781787830783,5
10365,9781785040443,5
10365,9781956769005,5
10365,9781743791714,5
10365,9789354925931,4
10365,9780141986395,5
10365,9781593306458,5
10365,9781612438634,5
10365,9781398717206,5
10365,9780486272986,5
10365,9781524744311,5
10365,9781786898562,4
10365,9789063695330,5
10365,9789063697174,5
10365,9780465072996,4
10365,9789360876357,3
10365,9781471729034,4
10365,9781805222088,3
10365,9780525505105,3
10365,9780380718153,3
10365,9780062748805,3
10365,9788196011802,4
10365,9781419764394,3
10365,9781423662617,5
10365,9781648287510,5
10365,9781419766374,3
10365,9781405932677,5
10365,9781760985240,2
10365,9780385676519,4
10365,9780801563669,5
10365,9780063497474,3
10365,9781444792478,4
10365,9789355217103,3
10365,9781982172008,5
10365,9780190078973,2
10365,9780557083206,3
10365,9788184007527,5
10365,9789390166275,5
10365,9780670093946,4
10365,9781668069530,2
10365,9780061745171,4
10365,9789354408380,4
10365,9788184007558,2
10365,9789388241908,2
10365,9781585426591,3
10365,9781960507617,2
10365,9780008156312,3
10365,9781394251575,3
10365,9781408824856,1
10365,9780671461492,3
10365,9780593715833,3
10365,9780141982410,2
10365,9780008474362,2
10365,9786067892864,1
10366,9789327196504,4
10366,9788173177941,5
10366,9780071775304,3
10366,9798630240729,5
10366,9781393638063,4
10366,9789355558930,3
10366,9788174822413,5
10366,9788178123684,5
10366,9789389480474,4
10366,9789389480481,4
10366,9789350125175,3
10366,9788173158759,4
10366,9789352036592,5
10366,9789389480511,5
10366,9788185749754,3
10366,9781292420080,3
10366,9781492078005,5
10366,9780349426129,4
10366,9781492041917,2
10366,9789354405389,1
10366,9781529413113,3
10366,9781472297068,3
10366,9789356296572,2
10367,9781846046384,4
10367,9789356993563,5
10367,9788190256209,5
10367,9780143443155,3
10367,9789354409660,4
10367,9789354894459,4
10367,9780143474296,5
10367,9789357027519,5
10367,9780369348906,5
10367,9780670090303,5
10367,9789389243123,4
10367,9781953953247,4
10367,9781401937539,4
10367,9781471411465,4
10367,9781591845324,4
10367,9781846048395,4
10367,9789391149291,4
10367,9789386651600,5
10367,9780718188863,4
10367,9789388369046,4
10367,9789380676371,5
10367,9789358560572,5
10367,9789354926709,5
10367,9789353050337,5
10367,9789389647242,4
10367,9789354926136,3
10367,9789354923678,5
10367,9780353275195,4
10367,9789354928956,4
10367,9788120725249,3
10367,9780385484510,5
10367,9789354928703,5
10367,9780143423928,3
10367,9780241996324,4
10367,9781804090633,5
10367,9781471411533,4
10367,9780743200400,5
10367,9781848317680,4
10367,9789354928284,4
10367,9780141986005,5
10367,9780140455113,3
10367,9789354582233,5
10367,9781925307443,5
10367,9780691148182,4
10367,9781405944465,3
10367,9780670090433,5
10367,9781605203287,4
10367,9780691208015,3
10367,9780140449280,3
10367,9781509852840,4
10367,9780143029892,2
10367,9781643990026,4
10367,9780671741907,3
10367,9780670086399,4
10367,9789389178111,3
10367,9780143458005,2
10367,9780984358106,3
10367,9780615978628,3
10367,9789388810630,2
10367,9781443460712,3
10367,9781473535169,2
10367,9780144000265,2
10367,9780670093946,1
10368,9789353768966,5
10368,9780349132860,5
10368,9781780896410,5
10368,9781472154644,5
10368,9798643660491,5
10368,9789355430601,3
10368,9780008474362,3
10368,9789356291379,4
10368,9781681958071,5
10368,9789354929564,4
10368,9789354926716,3
10368,9789373034386,5
10368,9781925480535,5
10368,9789357083003,4
10368,9781982179014,4
10368,9781501190117,5
10368,9781542040464,3
10368,9781803144382,4
10368,9788129144973,5
10368,9789895648269,5
10368,9781529022049,3
10368,9789814954853,4
10368,9789395192224,5
10368,9789354921490,5
10368,9781627792127,5
10368,9789357087797,4
10368,9789356999848,5
10368,9780062868954,5
10368,9786020633916,5
10368,9780349437057,2
10368,9788193655603,3
10368,9781473228801,4
10368,9781471407772,4
10368,9781471406454,5
10368,9789362055026,4
10368,9781681445038,3
10368,9781760788629,3
10368,9780486784755,5
10368,9781250343178,3
10368,9781408826133,3
10368,9781387282258,5
10368,9781473227996,3
10368,9789357316354,3
10368,9780349436982,4
10368,9788026837169,3
10368,9781635577716,5
10368,9788174822413,2
10368,9789355208842,2
10368,9780141380933,1
10368,9780007547999,2
10368,9780143432845,2
10368,9781520975672,1
10368,9788121924962,1
10368,9781593306458,3
10369,9780141910819,4
10369,9780143029892,5
10369,9789356618060,5
10369,9781405944465,5
10369,9781611806885,5
10369,9789389178111,3
10369,9781605203287,5
10369,9780691148182,4
10369,9789354582233,3
10369,9781844670208,4
10369,9780691208015,5
10369,9780670090433,5
10369,9780670086399,3
10369,9789354927041,5
10369,9780143433163,3
10369,9780785850724,5
10369,9781528774888,5
10369,9788187107583,4
10369,9780140449280,4
10369,9788184750348,5
10369,9780140455113,5
10369,9780871138002,3
10369,9780349122380,5
10369,9789392510366,5
10369,9780141914527,5
10369,9781613824009,4
10369,9781881373070,2
10369,9789354928703,5
10369,9788190256209,5
10369,9780369348906,4
10369,9781501135910,3
10369,9780385484510,3
10369,9789358560572,4
10369,9789386651600,5
10369,9781433832161,4
10369,9788120725249,5
10369,9798855068740,3
10369,9781760788629,1
10369,9781680307672,3
10369,9780241244432,1
10369,9781802805567,2
10370,9789357781831,5
10370,9789357788496,5
10370,9789364550161,4
10370,9789364552424,5
10370,9789364551090,4
10370,9789357787888,5
10370,9789364551854,5
10370,9789356226623,5
10370,9789364559249,5
10370,9789364554435,3
10370,9789371268844,4
10370,9789364555166,5
10370,9789364558594,4
10370,9789371268219,3
10370,9789364557948,5
10370,9789371262255,5
10370,9789357785952,5
10370,9789357785556,5
10370,9789364550093,4
10370,9789356225985,4
10370,9789375615668,5
10370,9789364559584,3
10370,9781491950333,4
10370,9781847651310,3
10370,9789389480474,4
10370,9781101970317,4
10370,9780071775304,4
10370,9780593238295,4
10370,9789355558930,5
10370,9780593653661,2
10370,9783804639126,5
10370,9789353063191,4
10370,9788190619509,5
10370,9788126579907,2
10370,9789390239207,4
10370,9780078022159,3
10370,9780262046305,4
10370,9789359981185,3
10370,9781492041108,4
10370,9788192107547,4
10370,9780984782857,4
10370,9789083023847,3
10370,9781495011351,3
10370,9781401940652,1
10370,9780747574477,2
10370,9781786013453,1
10370,9781944515683,3
10370,9789388810609,2
10370,9781419764394,3
10370,9789895648269,2
10371,9788026837169,5
10371,9789362055026,5
10371,9781087318844,5
10371,9780307957733,4
10371,9780008123208,5
10371,9781785139949,5
10371,9780486114132,5
10371,9781635577716,3
10371,9789353050337,4
10371,9789356995697,5
10371,9789354923678,3
10371,9781250855145,4
10371,9781471406454,5
10371,9789362053206,4
10371,9781501143106,3
10371,9781387282258,5
10371,9789350105702,2
10371,9780545415606,2
10371,9781944515683,1
10371,9781119523260,1
10372,9789351772071,3
10372,9781585095568,5
10372,9780593512296,4
10372,9781588361738,5
10372,9781524704551,5
10372,9798998891816,5
10372,9781529902402,4
10372,9781760630737,5
10372,9781668065969,5
10372,9781647390983,5
10372,9798986406510,5
10372,9789083023847,3
10372,9780981951249,5
10372,9789358560381,3
10372,9789387944763,5
10372,9789388241908,4
10372,9789353451714,5
10372,9781668069530,5
10372,9780857199096,5
10372,9788186775219,4
10372,9789083023861,3
10372,9781797221311,5
10372,9789357084987,4
10372,9789390914227,4
10372,9789354928758,4
10372,9789356993327,5
10372,9789358569018,5
10372,9789356997790,5
10372,9789358569568,5
10372,9781548318468,5
10372,9781612680569,5
10372,9788184951332,4
10372,9781984861641,4
10372,9781444792478,2
10372,9781612438634,2
10372,9789355217103,4
10372,9781984856623,5
10372,9780385676519,2
10372,9798998801228,4
10372,9781250865045,2
10372,9780241552063,4
10372,9789390260041,3
10372,9781423662617,4
10372,9780063356733,4
10372,9781585429196,4
10372,9788184007558,5
10372,9781476744872,3
10372,9780385468473,5
10372,9780593582268,4
10372,9789354929762,3
10372,9789354895579,4
10372,9780062748805,5
10372,9789391149291,3
10372,9780241427347,3
10372,9789388144025,3
10372,9789390711956,3
10372,9780008123208,2
10372,9780143456476,2
10372,9781510054585,3
10372,9791041985326,2
10372,9781501143106,3
10373,9781965347935,4
10373,9789354404603,4
10373,9781338554274,4
10373,9789391924294,4
10373,9780679812685,5
10373,9781444924848,5
10373,9788027343164,5
10373,9789354400124,5
10373,9789354406522,5
10373,9789354405167,5
10373,9789389432688,4
10373,9789390183005,5
10373,9780747589945,5
10373,9789350106013,4
10373,9780747574477,4
10373,9780241427361,5
10373,9781524741730,5
10373,9781742768670,5
10373,9781965347126,5
10373,9781432869496,4
10373,9780794533779,5
10373,9789354404191,4
10373,9781960507938,4
10373,9781943330614,5
10373,9789354403385,5
10373,9781250076977,5
10373,9781447200611,5
10373,9789354404009,4
10373,9781368024136,5
10373,9798998582875,4
10373,9789386538604,3
10373,9781338801934,5
10373,9780241659670,5
10373,9781101653876,4
10373,9788183896788,5
10373,9780008283308,4
10373,9780241244432,3
10373,9780593094396,5
10373,9789350334423,5
10373,9788194525905,4
10373,9781958388952,5
10373,9781443124911,3
10373,9781471418297,3
10373,9788129141996,4
10373,9789385273896,5
10373,9781433832161,4
10373,9780062031525,4
10373,9781408866115,4
10373,9780307957733,5
10373,9781087318844,4
10373,9780671741907,4
10373,9781472298409,3
10373,9780062250506,2
10373,9781399809665,5
10373,9789362055026,5
10373,9780008123208,5
10373,9788026837169,2
10373,9780743421041,4
10373,9780998203492,2
10373,9780486114132,3
10373,9781925307443,5
10373,9781089356400,4
10373,9780486811246,3
10373,9780143433163,3
10373,9781443460712,2
10373,9781647291495,2
10373,9780144000265,1
10373,9789362258601,3
10373,9789324192660,3
10373,9781250404855,2
10374,9781548318468,3
10374,9789358560381,4
10374,9789357084987,4
10374,9781668065969,5
10374,9781797221311,4
10374,9789354928758,3
10374,9781647390983,4
10374,9789388241908,5
10374,9798986406510,4
10374,9781668069530,5
10374,9781529902402,4
10374,9788186775219,3
10374,9780857199096,5
10374,9780981951249,5
10374,9781760630737,5
10374,9789358569568,5
10374,9781588361738,5
10374,9789351772071,5
10374,9781585095568,3
10374,9789356993327,4
10374,9789358569018,5
10374,9798998891816,4
10374,9781524704551,4
10374,9780593512296,5
10374,9789353451714,3
10374,9789083023847,3
10374,9789083023861,5
10374,9789390914227,3
10374,9789387944763,4
10374,9789356997790,5
10374,9781785040443,3
10374,9780486272986,3
10374,9791222454405,3
10374,9788184007558,3
10374,9798886500479,2
10374,9781529401325,3
10374,9780062359803,5
10374,9780735200661,3
10374,9786155643071,3
10374,9781982172008,2
10374,9781591842804,3
10374,9780557083206,3
10374,9788196011802,5
10374,9781783085200,2
10374,9780385468473,5
10374,9789354895579,3
10374,9780063497474,2
10374,9781447261261,5
10374,9788184006490,2
10374,9780190078973,3
10374,9780399579745,2
10374,9781529937381,5
10374,9781648287510,3
10374,9780062250506,2
10374,9789395101028,3
10374,9781742768670,1
10374,9781635577716,2
10374,9789388810630,1
10374,9788122415520,2
10374,9780671604295,3
10374,9781444724585,3
10374,9781925480535,3
10374,9781101970317,3
10375,9781925480535,5
10375,9781529022049,4
10375,9781627792127,5
10375,9781780896410,5
10375,9780349132860,3
10375,9789353768966,4
10375,9780062868954,5
10375,9781681958071,5
10375,9781542040464,5
10375,9781982179014,5
10375,9789355430601,5
10375,9789895648269,4
10375,9789357083003,5
10375,9789354929564,5
10375,9780349437057,3
10375,9781635577716,3
10375,9798317901462,3
10375,9781408826133,5
10375,9781623651442,4
10375,9781849545433,1
10375,9788194898832,3
10375,9789354403514,1
10375,9780241427347,3
10376,9781442408944,3
10376,9789354406249,3
10376,9781250855145,5
10376,9781680307672,5
10376,9780751583694,5
10376,9781780874005,5
10376,9781408865415,5
10376,9781785766886,5
10376,9789362145369,5
10376,9789389931891,5
10376,9780593438374,4
10376,9781760788629,5
10376,9789358568226,4
10376,9780525559733,4
10376,9781408826133,4
10376,9789354402173,5
10376,9781250902450,5
10376,9780375703768,5
10376,9789353451882,5
10376,9781635577716,4
10376,9783689951016,4
10376,9789380658797,5
10376,9789357316354,4
10376,9789356294561,4
10376,9780671461492,5
10376,9781542046152,4
10376,9781623651442,4
10376,9781250343178,5
10376,9780349437057,4
10376,9781473228801,5
10376,9780385535502,5
10376,9781916277182,3
10376,9781501143106,4
10376,9780349436982,5
10376,9798317901462,5
10376,9781409181682,5
10376,9782280600705,5
10376,9781681445038,5
10376,9789354407338,4
10376,9781471406454,3
10376,9798675385850,4
10376,9789362140258,5
10376,9781387282258,3
10376,9789356995697,3
10376,9788193655603,4
10376,9781473227996,5
10376,9780486784755,5
10376,9781471407772,3
10376,9798855015096,4
10376,9781965347676,5
10376,9780141381497,3
10376,9789391924690,5
10376,9789354401121,2
10376,9789389567397,4
10376,9781613125885,4
10376,9781536462142,3
10376,9798295206443,5
10376,9780316480802,3
10376,9780241787410,4
10376,9781250898456,4
10376,9781444932386,5
10376,9781509851577,3
10376,9781965347935,4
10376,9781338801934,4
10376,9798217124541,5
10376,9798648372467,2
10376,9780871138002,3
10376,9789063695330,1
10376,9789394407015,3
10376,9780757316029,3
10376,9788126579907,2
10376,9780486811246,1
10376,9789356993563,2
10376,9781591842804,1
10377,9789390166268,5
10377,9781942788300,5
10377,9780385676519,5
10377,9781510019430,4
10377,9780801563669,5
10377,9780753555637,5
10377,9780552167833,5
10377,9781482850888,5
10377,9781932429350,5
10377,9781529937381,5
10377,9788184007558,5
10377,9780241981344,5
10377,9781612680569,5
10377,9788184951332,5
10377,9781647825621,5
10377,9780671472122,3
10377,9788175994409,4
10377,9780984358106,5
10377,9780615978628,5
10377,9789355201287,3
10377,9791222454405,5
10377,9781804091043,3
10377,9789362141613,4
10377,9780241982297,5
10377,9780241983881,4
10377,9780190078973,5
10377,9786155643071,4
10377,9780231552110,5
10377,9789356400320,5
10377,9780753550663,5
10377,9781399804455,5
10377,9798998801228,5
10377,9781250865045,5
10377,9798896327271,3
10377,9781625274496,5
10377,9798995567004,4
10377,9788128400483,3
10377,9798893312010,5
10377,9780609504239,5
10377,9798870369396,4
10377,9780486478999,4
10377,9780557083206,5
10377,9788119153442,5
10377,9781416502494,5
10377,9781585426591,4
10377,9781982172008,5
10377,9789354408380,4
10377,9789393757029,5
10377,9780241982280,4
10377,9789352140046,4
10377,9781625274502,4
10377,9780199678112,5
10377,9780133489903,2
10377,9781492032618,4
10377,9781492041917,3
10377,9788126579907,4
10377,9780593653661,4
10377,9780205982578,3
10377,9789354928758,5
10377,9781737475712,5
10377,9789356995260,5
10377,9780062968722,3
10377,9780071752114,2
10377,9781473575608,3
10377,9781635576818,2
10377,9781647390983,2
10377,9789353063191,4
10377,9788176561068,5
10377,9788186775219,4
10377,9798998891816,4
10377,9789388144056,3
10377,9789356812116,2
10377,9780545393461,3
10377,9780671741907,3
10377,9781925307443,2
10377,9781524744311,3
10377,9789357083003,3
10377,9781401937539,3
10377,9780857199539,2
10378,9789353043551,3
10378,9789360452964,4
10378,9788184006490,5
10378,9780753555637,5
10378,9781612680569,4
10378,9780615978628,3
10378,9789355201287,4
10378,9781529937381,4
10378,9781625274496,3
10378,9780062359803,4
10378,9780753550663,3
10378,9798893312010,5
10378,9780063356733,4
10378,9781982172008,4
10378,9788119153442,4
10378,9780061899874,5
10378,9789388241908,2
10378,9781328662057,4
10378,9789391028589,5
10378,9789083023861,3
10378,9780205982578,4
10378,9780143425656,4
10378,9788194898832,1
10378,9789354409660,3
10378,9780062868954,3
10378,9788178123684,3
10379,9789353056469,4
10379,9781426215889,5
10379,9780399579721,5
10379,9781785040443,4
10379,9781780286136,5
10379,9781984861641,5
10379,9798552053032,4
10379,9789063697174,5
10379,9789354923968,5
10379,9781787830783,5
10379,9781419764394,3
10379,9781419766374,4
10379,9780241371862,4
10379,9781784745011,5
10379,9789353052058,5
10379,9780399579745,5
10379,9781508672197,4
10379,9780008305550,4
10379,9798894410067,5
10379,9780141908762,5
10379,9780008564834,5
10379,9781398717206,5
10379,9789354895579,4
10379,9789360876357,4
10379,9780241552063,5
10379,9780241283912,3
10379,9780525506263,5
10379,9781526645951,3
10379,9781529401325,5
10379,9781984856623,5
10379,9780525506287,5
10379,9780857199539,3
10379,9789354923500,5
10379,9780062820341,4
10379,9780465072996,5
10379,9781956769005,3
10379,9781949651638,5
10379,9789354925931,4
10379,9781471729034,5
10379,9781668045572,4
10379,9781944515683,5
10379,9780525505105,5
10379,9781530728855,5
10379,9781847651402,3
10379,9781529350104,5
10379,9789356997790,2
10379,9781250865045,4
10379,9781804091043,5
10379,9781760630737,5
10379,9781760985240,4
10379,9781846140556,4
10379,9788128400483,4
10379,9780609504239,5
10379,9798995567004,4
10379,9788184951332,4
10379,9781548318468,3
10379,9781625274502,4
10379,9780753555637,4
10379,9780241983881,4
10379,9789313168805,3
10379,9781647825621,5
10379,9781957999043,1
10379,9789324192660,2
10379,9780140455113,3
10379,9780385339032,2
10379,9789354895845,1
10379,9789388369138,1
10379,9789352837328,3
10380,9780143425656,5
10380,9789389802559,5
10380,9789688802052,4
10380,9789362143495,4
10380,9781403930897,5
10380,9780073523408,5
10380,9781621291657,5
10380,9780593238295,3
10380,9789357080248,3
10380,9781737475712,5
10380,9781718502703,4
10380,9780262046305,5
10380,9780133489903,5
10380,9780534422004,4
10380,9780063142381,4
10380,9789356995260,5
10380,9780134610993,5
10380,9788192107547,5
10380,9781250404855,5
10380,9780593593967,3
10380,9780141982410,4
10380,9783804639126,4
10380,9781449331443,5
10380,9781635576818,4
10380,9780521779135,5
10380,9781571315991,4
10380,9788177587654,5
10380,9780593083888,5
10380,9788177228366,5
10380,9788190619509,5
10380,9789390711956,3
10380,9789355014467,3
10380,9788178125367,3
10380,9788131721018,5
10380,9789362258601,3
10380,9781393638063,4
10380,9780071775304,4
10380,9789355558930,4
10380,9789352838363,3
10380,9781718502345,5
10380,9789352036592,3
10380,9781760295608,1
10380,9780671604295,3
10380,9788129144973,1
10380,9780141373034,1
10380,9781786013453,2
10380,9788187107583,3
10381,9789359587615,5
10381,9789389480474,5
10381,9788178125367,4
10381,9789355216403,4
10381,9789325792708,5
10381,9789324192660,3
10381,9789350125175,4
10381,9789388642101,3
10381,9789390711956,5
10381,9788174822413,5
10381,9789387604209,4
10381,9789359584362,4
10381,9788178125046,5
10381,9788178123684,4
10381,9789359585314,3
10381,9789354881008,5
10381,9789390297306,4
10381,9789352036592,5
10381,9789327198010,5
10381,9789325798014,5
10381,9789350121276,4
10381,9781393638063,4
10381,9788173177941,5
10381,9788173158759,4
10381,9789390239207,4
10381,9789362258601,5
10381,9789359981185,3
10381,9789350127643,4
10381,9789355558930,3
10381,9789358897920,5
10381,9780071775304,3
10381,9789350123485,5
10381,9789389480511,5
10381,9789368402695,5
10381,9789327196504,5
10381,9789350127353,5
10381,9789368900924,5
10381,9789386298225,5
10381,9789387604513,3
10381,9781491952009,3
10381,9788177587654,3
10381,9789356994287,4
10381,9781847651310,4
10381,9781492041108,4
10381,9780593653661,4
10381,9780321972101,4
10381,9780199678112,5
10381,9780262046305,3
10381,9789391724948,4
10381,9781524748258,3
10381,9783950485417,2
10381,9788121924375,3
10381,9789356994713,3
10381,9788121924962,4
10381,9789390166268,3
10381,9781368024136,2
10381,9781802804966,3
10381,9780241427347,3
10381,9780525506287,2
10381,9789390378548,3
10381,9781408824856,1
10382,9780073523408,4
10382,9788176561068,4
10382,9780593083888,5
10382,9780199678112,3
10382,9780143425656,5
10382,9789352837328,5
10382,9780521779135,3
10382,9780063142381,4
10382,9780593715833,4
10382,9780133522853,4
10382,9781328662057,5
10382,9780984782857,5
10382,9780141982410,3
10382,9789387918573,5
10382,9781935785132,5
10382,9781644210697,5
10382,9781491950333,3
10382,9780262046305,5
10382,9788126579907,4
10382,9781492078005,5
10382,9788177228366,4
10382,9780205982578,5
10382,9789688802052,4
10382,9789387284944,5
10382,9781491952009,5
10382,9780534422004,5
10382,9781259004612,4
10382,9783804639126,4
10382,9780071752114,5
10382,9788177587654,4
10382,9780593593967,4
10382,9780771010439,5
10382,9781847651310,4
10382,9781594205071,5
10382,9788192107547,5
10382,9780133489903,5
10382,9788121906548,4
10382,9781718502703,5
10382,9781621291657,5
10382,9781957999043,4
10382,9781492041108,3
10382,9781736049129,4
10382,9780143456476,5
10382,9781803093543,5
10382,9780133356038,4
10382,9788121939096,4
10382,9781292026565,4
10382,9789356344846,3
10382,9789386845641,3
10382,9788178125046,3
10382,9789362258601,4
10382,9789355558930,4
10382,9788121924375,5
10382,9781264842292,3
10382,9789355641250,3
10382,9789350125175,4
10382,9788178123684,5
10382,9780387310732,3
10382,9789391818715,4
10382,9781718502345,5
10382,9789368900924,5
10382,9780190078973,1
10382,9781802804966,3
10382,9780743200400,3
10382,9780241396957,2
10382,9780385484510,2
10382,9780399179006,2
10382,9781338670837,1
10383,9781984861641,4
10383,9780143444626,3
10383,9781787830783,5
10383,9781426215889,5
10383,9781419766374,5
10383,9780465072996,5
10383,9781524744311,4
10383,9780380718153,5
10383,9780141986395,5
10383,9780525506287,4
10383,9781780286136,4
10383,9789354895579,4
10383,9780399579745,5
10383,9781398717206,4
10383,9780241552063,5
10383,9781898130017,5
10383,9780241283912,5
10383,9781984856623,5
10383,9788196011802,5
10383,9789356295384,5
10383,9789353052058,5
10383,9781476744872,5
10383,9781913682118,3
10383,9781529401325,5
10383,9780008305550,5
10383,9781956769005,5
10383,9781944515683,4
10383,9781585429196,5
10383,9781844775316,4
10383,9780593582268,4
10383,9781847651402,3
10383,9780141908762,5
10383,9789354927911,4
10383,9789354923968,4
10383,9788179251287,5
10383,9780525505105,4
10383,9781784745011,5
10383,9781612438634,5
10383,9798652408466,3
10383,9780857199539,5
10383,9781785040443,4
10383,9789382573036,5
10383,9781949651638,5
10383,9789360876357,3
10383,9798894410067,5
10383,9798886500479,5
10383,9781648287510,5
10383,9789313168805,4
10383,9789388241908,5
10383,9781932429350,4
10383,9788128400483,4
10383,9780609504239,4
10383,9781399804455,3
10383,9780345472328,4
10383,9780857199096,3
10383,9781585095568,3
10383,9781647390983,2
10383,9788184951332,5
10383,9789356296572,4
10383,9781668069530,4
10383,9780190078973,5
10383,9781797221311,2
10383,9781473535169,5
10383,9780981951249,4
10383,9781625274496,5
10383,9781471411533,2
10383,9789392510366,2
10383,9780671604295,1
10383,9789390391608,2
10383,9789388810746,1
10383,9789355216403,2
10383,9781471406454,1
10383,9788121906548,3
10384,9781524744311,5
10384,9781956769005,4
10384,9780008564834,4
10384,9780399579745,5
10384,9798894410067,3
10384,9789353056469,3
10384,9781780286136,4
10384,9781984856623,3
10384,9780062748805,5
10384,9781847651402,5
10384,9780143452485,5
10384,9788179251287,3
10384,9780486272986,4
10384,9780525506287,3
10384,9780062820341,5
10384,9780241283912,5
10384,9781786898562,5
10384,9781530728855,5
10384,9781612438634,3
10384,9798893312010,4
10384,9789388241908,3
10384,9781473680371,4
10384,9781524704551,4
10384,9789351772071,3
10384,9781447261261,4
10384,9780801563669,2
10384,9780451527318,2
10384,9781444929706,3
10384,9780534422004,2
10384,9780141347721,2
10385,9789390711956,3
10385,9789313197133,5
10385,9789386298195,4
10385,9789350127643,5
10385,9789356344846,5
10385,9789355641250,3
10385,9788174822413,4
10385,9781393638063,5
10385,9789352036592,4
10385,9789325798014,5
10385,9789324192660,5
10385,9789368900924,5
10385,9788178125367,5
10385,9798630240729,5
10385,9788121924375,4
10385,9781292420080,4
10385,9781119770763,4
10385,9788176561068,4
10385,9789357088978,4
10385,9781338848007,3
10385,9788184754179,1
10385,9781510054585,3
10386,9780670086399,5
10386,9789389178111,5
10386,9789358568172,5
10386,9780141910819,3
10386,9780785850724,5
10386,9780140455113,5
10386,9780670090433,5
10386,9780871138002,5
10386,9780691208015,5
10386,9789354927041,3
10386,9780349122380,5
10386,9780691148182,3
10386,9781605203287,5
10386,9788187107583,4
10386,9781528774888,4
10386,9781844670208,5
10386,9788184750348,4
10386,9789392510366,3
10386,9781405944465,5
10386,9780140449280,5
10386,9781613824009,4
10386,9789356618060,5
10386,9781611806885,4
10386,9780141914527,5
10386,9780143029892,4
10386,9780143433163,4
10386,9789354582233,4
10386,9789388810623,2
10386,9789387779297,5
10386,9789388810609,3
10386,9780743421041,4
10386,9791041985326,3
10386,9788190256209,4
10386,9789354409660,5
10386,9789388369046,3
10386,9781433832161,4
10386,9789380676371,4
10386,9788120725249,5
10386,9781401937539,3
10386,9789389647242,3
10386,9780241996324,2
10386,9781591845324,3
10386,9781846048395,3
10386,9780671741907,4
10386,9780743200400,4
10386,9789351860839,4
10386,9780369348906,5
10386,9789353769819,2
10386,9781607742456,3
10386,9781524714758,3
10386,9780143497639,1
10386,9789356811058,1
10386,9788119153442,1
10386,9789357787888,3
10386,9789354921490,3
10386,9789350125175,2
10386,9788126579907,3
10386,9780385676519,2
10386,9781530830657,3
10387,9798217042760,5
10387,9780547248288,3
10387,9781444958201,4
10387,9780747591085,4
10387,9780747573616,5
10387,9781443124393,5
10387,9789354404689,3
10387,9789388369817,5
10387,9789389432695,5
10387,9780545030106,5
10387,9789387779716,5
10387,9781526620293,4
10387,9789387779815,5
10387,9789357088220,3
10387,9788194525905,5
10387,9789353056933,5
10387,9781432869496,3
10387,9789391924294,4
10387,9789387779266,4
10387,9789350334423,5
10387,9780141375663,5
10387,9781965347676,3
10387,9780241578605,4
10387,9781338139082,5
10387,9789389432886,5
10387,9781984835376,5
10387,9781726216777,3
10387,9780143432845,4
10387,9789354405167,4
10387,9788187108948,4
10387,9781958388204,3
10387,9780375968488,4
10387,9781408354414,5
10387,9788183896788,5
10387,9789353057640,4
10387,9780141342603,5
10387,9781035034581,4
10387,9781338554274,5
10387,9780241801574,5
10387,9789354402715,5
10387,9789391924690,5
10387,9781580628556,4
10387,9789388810623,4
10387,9781472298409,5
10387,9789388810609,4
10387,9780062031525,3
10387,9781087318844,5
10387,9780008123208,4
10387,9780743421041,4
10387,9788122300338,3
10387,9781509852840,4
10387,9781464234255,4
10387,9789362055026,3
10387,9780307957733,4
10387,9780998203492,3
10387,9781925307443,4
10387,9781089356400,4
10387,9780486811246,2
10387,9789348098559,3
10387,9789357083003,3
10387,9789351860839,3
10387,9780008305550,2
10387,9789380658797,1
10387,9780857360007,3
10388,9781615931712,5
10388,9780992550714,5
10388,9781472297068,5
10388,9781408824856,3
10388,9780593449240,5
10388,9783836531542,4
10388,9789356811058,4
10388,9789388070973,5
10388,9781444724585,3
10388,9780008276942,5
10388,9780671604295,4
10388,9781780936383,5
10388,9781733989633,5
10388,9781472241467,3
10388,9780393351385,4
10388,9789391800475,4
10388,9780451527318,5
10388,9781472290694,5
10388,9781925307443,3
10388,9798894410067,4
10388,9781944515683,4
10388,9781524744311,4
10388,9781787830783,3
10388,9781580628556,3
10388,9780062820341,4
10388,9781447200611,1
10388,9798885795111,3
10388,9780061899874,1
10389,9781603293525,5
10389,9781580628556,4
10389,9780743421041,3
10389,9789388810623,4
10389,9781472298409,5
10389,9781399809665,4
10389,9781509852840,4
10389,9780998203492,4
10389,9788122300260,5
10389,9780062250506,5
10389,9781433832161,5
10389,9781607742456,4
10389,9781089356400,4
10389,9781925307443,5
10389,9789387779297,5
10389,9781464234255,5
10389,9781529413113,4
10389,9781656470997,4
10389,9780571235568,4
10389,9781439107393,2
10389,9781780936383,4
10389,9789391149758,5
10389,9781250855145,1
10389,9780141355412,3
10389,9789359981185,1
10390,9780062250506,4
10390,9781399809665,5
10390,9789388810623,5
10390,9781925307443,5
10390,9781089356400,3
10390,9780743421041,5
10390,9781509852840,5
10390,9789365693102,4
10390,9781580628556,5
10390,9781603293525,5
10390,9780671741907,5
10390,9788122300260,5
10390,9781433832161,3
10390,9781472298409,5
10390,9780198723097,5
10390,9781938938160,4
10390,9789388070973,4
10390,9780060391683,4
10390,9789356810822,4
10390,9789350121665,2
10390,9781501190117,3
10390,9789063697174,2
10390,9781292405513,1
10391,9780993203008,5
10391,9781786013521,5
10391,9780241400708,5
10391,9780883960165,5
10391,9780008276942,4
10391,9781733989633,5
10391,9781472241467,5
10391,9781984897398,3
10391,9780144000265,4
10391,9789356291713,5
10391,9781938938160,5
10391,9789391149758,5
10391,9789356813632,4
10391,9781472290694,5
10391,9781035031580,4
10391,9781444724585,4
10391,9789354922251,4
10391,9789895648962,5
10391,9789356811096,5
10391,9780307830630,5
10391,9780593449240,3
10391,9783836531542,5
10391,9781803093178,4
10391,9781780936383,3
10391,9781781105528,3
10391,9780451527318,5
10391,9781447439332,4
10391,9780008276973,4
10391,9789389310733,3
10391,9780008305550,5
10391,9781785040443,3
10391,9780141908762,4
10391,9788122300338,4
10391,9781944515683,3
10391,9788196011802,4
10391,9781780286136,5
10391,9780743421041,4
10391,9780671741907,4
10391,9789354929762,4
10391,9781426215889,2
10391,9789389178111,3
10391,9780241621639,3
10391,9781491952009,3
10391,9781444958171,2
10391,9788187107583,1
10392,9789357788496,4
10392,9789364551854,4
10392,9789364554435,4
10392,9789364555166,5
10392,9789357787888,4
10392,9789371268844,4
10392,9789364550093,4
10392,9789364550161,5
10392,9789364559249,5
10392,9789364552424,5
10392,9789364551090,4
10392,9789357785952,5
10392,9789364558594,5
10392,9789356226623,3
10392,9780071752114,5
10392,9789325792708,5
10392,9789350123485,2
10392,9789356995536,4
10392,9788173158759,3
10392,9780241996324,3
10392,9781471196867,3
10392,9780786860708,3
10393,9789356993327,5
10393,9789351772071,5
10393,9789083023861,4
10393,9781797221311,5
10393,9781585095568,5
10393,9781524704551,4
10393,9789357084987,5
10393,9781760630737,4
10393,9798986406510,3
10393,9789356997790,5
10393,9781668065969,5
10393,9789387944763,4
10393,9789354928758,3
10393,9789388241908,5
10393,9781548318468,5
10393,9781647390983,3
10393,9780857199096,5
10393,9781588361738,5
10393,9798998891816,5
10393,9788186775219,5
10393,9789358560381,4
10393,9780981951249,4
10393,9781529902402,3
10393,9780593512296,5
10393,9789390914227,4
10393,9780008564834,4
10393,9789354927911,3
10393,9780670069323,5
10393,9781405932677,3
10393,9781949651638,4
10393,9781783085200,4
10393,9788184007558,3
10393,9780063356733,4
10393,9780062820341,3
10393,9781492078005,2
10393,9780198089131,3
10393,9789394168510,3
10393,9781591845324,3
10393,9780553151749,2
10394,9781408824856,3
10394,9781409181620,4
10394,9780671604295,4
10394,9789388689786,4
10394,9780143448990,4
10394,9781035031580,4
10394,9780593449240,5
10394,9780140127225,5
10394,9781472290694,5
10394,9789356812116,5
10394,9780747548409,3
10394,9781447439332,5
10394,9789356813472,3
10394,9780883960165,5
10394,9781636406886,3
10394,9780198604181,5
10394,9780241400708,5
10394,9789354922251,5
10394,9781529413113,5
10394,9781338325591,5
10394,9781440571541,4
10394,9781506721705,5
10394,9781524798666,3
10394,9781408866115,3
10394,9780525505105,4
10394,9780743421041,4
10394,9781526645951,5
10394,9780857199539,4
10394,9781423662617,3
10394,9781668045572,5
10394,9780399579745,3
10394,9789354929762,4
10394,9789388144971,2
10394,9780547248288,2
10394,9789083023861,2
10394,9780349436982,3
10395,9789355558930,5
10395,9788173158759,5
10395,9789350121276,5
10395,9788178125046,4
10395,9789325792708,3
10395,9788178123684,5
10395,9789359585314,5
10395,9789390297306,5
10395,9789386845641,4
10395,9789350127643,4
10395,9789389480474,5
10395,9789386298195,5
10395,9789386298225,3
10395,9788194742616,4
10395,9789350123485,3
10395,9781393638063,5
10395,9788178125367,5
10395,9788173177941,4
10395,9789359584362,4
10395,9789387604209,3
10395,9789313197133,5
10395,9789390239207,3
10395,9780984782857,4
10395,9781250880949,4
10395,9789356995260,5
10395,9781292026565,3
10395,9780063142381,4
10395,9781594205071,4
10395,9788126579907,4
10395,9783804639126,4
10395,9788026837169,1
10395,9781656470997,3
10395,9781471418297,1
10395,9789389717303,2
10396,9789388241908,5
10396,9789351772071,3
10396,9780981951249,5
10396,9781529902402,5
10396,9798986406510,4
10396,9781585095568,5
10396,9789390914227,5
10396,9798998891816,5
10396,9789358560381,4
10396,9781588361738,4
10396,9781760630737,5
10396,9781524704551,3
10396,9780593512296,4
10396,9789083023861,4
10396,9789083023847,4
10396,9780857199096,5
10396,9781647390983,4
10396,9788186775219,5
10396,9789356993327,5
10396,9781668069530,5
10396,9781797221311,5
10396,9789356997790,3
10396,9789353451714,3
10396,9789387944763,5
10396,9789354928758,5
10396,9789358569018,5
10396,9781668065969,5
10396,9781548318468,4
10396,9789358569568,5
10396,9789357084987,4
10396,9780241981344,3
10396,9780557083206,5
10396,9780752265629,5
10396,9780753550663,5
10396,9781508672197,3
10396,9780385468473,5
10396,9781529401325,2
10396,9780062748805,5
10396,9798893312010,4
10396,9798995567004,5
10396,9789390166268,2
10396,9789356812116,3
10396,9780099470434,2
10396,9789895648269,1
10396,9789350121665,3
10396,9780008474362,2
10396,9781509806102,2
10397,9789359585314,3
10397,9788173177941,5
10397,9789352036592,3
10397,9789350125175,4
10397,9789355216403,5
10397,9789368402695,5
10397,9789355641250,5
10397,9781260467369,5
10397,9789386845641,5
10397,9789313197133,3
10397,9789325792708,5
10397,9789355558930,5
10397,9789390239207,3
10397,9780071775304,5
10397,9789354881008,4
10397,9789350127353,3
10397,9789350121665,4
10397,9789350123485,4
10397,9781393638063,4
10397,9789327198010,4
10397,9789324192660,4
10397,9788178125367,4
10397,9788173158759,5
10397,9789390711956,5
10397,9788178125046,5
10397,9789325798014,5
10397,9789359981185,4
10397,9789358897920,4
10397,9789362258601,4
10397,9788174822413,3
10397,9788178123684,4
10397,9789359587615,5
10397,9789325794917,5
10397,9780593238295,5
10397,9780521779135,2
10397,9788175994140,4
10397,9788131710265,3
10397,9789347231902,5
10397,9781571315991,3
10397,9789356994713,3
10397,9780387310732,3
10397,9781101970317,4
10397,9789362143495,3
10397,9781328662057,2
10397,9789353063191,2
10397,9781718502703,5
10397,9780008156312,2
10397,9781984835376,3
10397,9780975601464,1
10397,9781681958071,1
10397,9781603293525,2
10397,9780063356733,1
10398,9781580628556,4
10398,9781464234255,5
10398,9780743421041,3
10398,9781607742456,4
10398,9781509852840,4
10398,9781472298409,4
10398,9789388810609,5
10398,9789387779297,4
10398,9781643990026,3
10398,9781433832161,5
10398,9781399809665,5
10398,9780671741907,5
10398,9780062031525,5
10398,9780062250506,5
10398,9781925307443,3
10398,9781089356400,4
10398,9780998203492,4
10398,9781603293525,3
10398,9781408866115,4
10398,9788122300260,5
10398,9789388810623,5
10398,9788122300338,5
10398,9789365693102,5
10398,9781457420641,3
10398,9789389310733,3
10398,9781938938160,5
10398,9780992550714,4
10398,9781419743191,5
10398,9780786860708,5
10398,9788194525974,5
10398,9780307830630,2
10398,9789355209825,4
10398,9780883960165,2
10398,9780399179006,3
10398,9789356810822,3
10398,9789354895845,3
10398,9789895648962,5
10398,9781616770969,3
10398,9780671604295,4
10398,9789355014467,1
10398,9780241379103,1
10398,9781401937539,1
10398,9780007260478,1
10398,9789395192224,3
10398,9788119153442,1
10398,9781804091043,3
10398,9781250902450,2
10399,9781625274502,3
10399,9798896327271,4
10399,9780801563669,4
10399,9781399804455,5
10399,9780063356733,4
10399,9789355201287,4
10399,9780231552110,5
10399,9789356991491,4
10399,9780670093946,5
10399,9781447261261,5
10399,9789390924219,4
10399,9780552167833,5
10399,9789390378548,4
10399,9781482850888,4
10399,9781804091043,5
10399,9781400225415,3
10399,9780671472122,4
10399,9781510019430,3
10399,9798893312010,4
10399,9780984358106,5
10399,9789313168805,3
10399,9798998801228,3
10399,9780753555637,5
10399,9781443460712,5
10399,9780063497474,3
10399,9780345472328,5
10399,9780231555074,4
10399,9788175994409,5
10399,9798995567004,4
10399,9781444792478,4
10399,9789389109849,3
10399,9781529937381,4
10399,9780670069323,5
10399,9781591842804,5
10399,9789354408380,5
10399,9780071433341,4
10399,9780486478999,5
10399,9780557083206,5
10399,9781942788300,4
10399,9780241981344,5
10399,9781982172008,3
10399,9780061745171,5
10399,9780062359803,5
10399,9789356991354,4
10399,9781250865045,4
10399,9780753550663,4
10399,9780241982297,5
10399,9781529350104,4
10399,9780975601464,4
10399,9781932429350,5
10399,9791222454405,5
10399,9789393757029,4
10399,9781760985240,4
10399,9781473535169,5
10399,9789362141613,5
10399,9781846140556,5
10399,9789773772598,5
10399,9781491903117,4
10399,9781509866113,5
10399,9788184006490,5
10399,9781647825621,3
10399,9780593467428,5
10399,9786155643071,5
10399,9789390914227,2
10399,9789358560381,5
10399,9780143456476,2
10399,9780521779135,3
10399,9789362143495,4
10399,9780981951249,4
10399,9780141982410,4
10399,9780205982578,3
10399,9789351772071,5
10399,9789391103231,3
10399,9789353451714,2
10399,9789352837328,4
10399,9781548318468,5
10399,9780593083888,5
10399,9789353063191,4
10399,9780078022159,5
10399,9781524704551,5
10399,9781449331443,3
10399,9781588361738,4
10399,9789394407015,2
10399,9780857199096,4
10399,9781935785132,5
10399,9789354928758,5
10399,9781585095568,3
10399,9781472297068,2
10399,9780008588816,2
10399,9789354403668,3
10399,9781848420496,1
10399,9781476845623,3
10399,9781785766886,3
10399,9781472154644,2
10399,9780385484510,2
10399,9781087318844,2
10399,9781881373070,3
10400,9781529902402,5
10400,9781548318468,5
10400,9789083023847,3
10400,9788186775219,5
10400,9781668065969,5
10400,9789388241908,5
10400,9789357084987,5
10400,9789358569568,5
10400,9789351772071,5
10400,9781797221311,3
10400,9780857199096,5
10400,9789358569018,5
10400,9789356993327,5
10400,9781760630737,5
10400,9798986406510,3
10400,9781585095568,5
10400,9789354928758,5
10400,9781588361738,3
10400,9789390914227,5
10400,9789083023861,5
10400,9798998891816,3
10400,9780593512296,5
10400,9780385676519,4
10400,9781668002841,3
10400,9781982172008,4
10400,9789354929762,4
10400,9780399579745,3
10400,9780345472328,2
10400,9780718156848,4
10400,9781416502494,4
10400,9780141355412,3
10400,9780060391683,2
10400,9780785850724,3
10400,9781250902450,2
10401,9781580628556,5
10401,9789388810623,5
10401,9781089356400,4
10401,9781607742456,4
10401,9781472298409,4
10401,9789387779297,5
10401,9780998203492,5
10401,9781464234255,3
10401,9781433832161,5
10401,9780671741907,5
10401,9781603293525,5
10401,9789388810609,5
10401,9780062250506,5
10401,9780062031525,4
10401,9781408866115,4
10401,9780743421041,5
10401,9781643990026,3
10401,9788122300260,5
10401,9781509852840,4
10401,9781399809665,5
10401,9789365693102,5
10401,9781925307443,4
10401,9788122300338,4
10401,9781460710876,4
10401,9789895648962,3
10401,9788194898832,3
10401,9781616770969,2
10401,9781510054585,5
10401,9781501187636,5
10401,9781608685486,2
10401,9781457420641,4
10401,9788194525974,5
10401,9789394168596,5
10401,9789354403934,2
10401,9780465072996,2
10401,9781647004163,3
10401,9781250855145,3
10402,9780062748805,5
10402,9798894410067,5
10402,9780141908762,5
10402,9780465072996,4
10402,9780752265629,5
10402,9781524744311,4
10402,9781423662617,5
10402,9781944515683,5
10402,9780143444626,5
10402,9781956769005,5
10402,9780241371862,5
10402,9781593306458,5
10402,9781612438634,5
10402,9780525506287,4
10402,9798552053032,5
10402,9780718156848,3
10402,9781785040443,5
10402,9780399579745,4
10402,9789354895579,4
10402,9789353052058,5
10402,9789360876357,5
10402,9780241981344,4
10402,9789390166275,3
10402,9781591842804,4
10402,9781668065969,4
10402,9781783085200,5
10402,9781399804455,4
10402,9798870369396,4
10402,9780671472122,5
10402,9788122415520,1
10402,9780241787410,1
10402,9780573700323,3
10402,9781250902450,2
10403,9789358569568,4
10403,9781585095568,4
10403,9780593512296,3
10403,9781548318468,4
10403,9789358569018,5
10403,9789353451714,5
10403,9788186775219,5
10403,9798998891816,5
10403,9781647390983,5
10403,9789356997790,3
10403,9789390914227,4
10403,9781760630737,5
10403,9781797221311,5
10403,9780981951249,5
10403,9781743791714,4
10403,9780801563669,4
10403,9780141986395,4
10403,9789355217103,3
10403,9781482850888,5
10403,9780451527318,2
10403,9781292420080,2
10403,9789353056933,1
10403,9780062905154,2
10404,9781087318844,4
10404,9781785139949,4
10404,9780307957733,4
10404,9788026837169,4
10404,9789362055026,5
10404,9780008123208,5
10404,9780486114132,5
10404,9780486784755,3
10404,9781916277182,4
10404,9788120725249,2
10404,9781501143106,5
10404,9781471411632,4
10404,9781250902450,5
10404,9789356993563,4
10404,9789380676371,3
10404,9781473227996,3
10404,9789388369046,5
10404,9781471406454,2
10404,9781846046384,3
10404,9789389931891,2
10404,9781250343178,4
10404,9781510019430,2
10404,9780073523408,3
10404,9789352661190,3
10404,9781960507617,3
10404,9788128400483,1
10404,9789355641250,2
10404,9780141914527,3
10405,9780981951249,5
10405,9781585095568,4
10405,9789356993327,3
10405,9781797221311,5
10405,9789083023847,4
10405,9781668065969,5
10405,9789358569568,5
10405,9789358569018,3
10405,9780857199096,5
10405,9789353451714,5
10405,9780593512296,5
10405,9781760630737,5
10405,9788186775219,4
10405,9798998891816,3
10405,9789388241908,5
10405,9789351772071,5
10405,9789083023861,5
10405,9781668069530,3
10405,9789354928758,5
10405,9798986406510,5
10405,9781524704551,4
10405,9789356997790,5
10405,9781529902402,5
10405,9781647390983,5
10405,9781548318468,3
10405,9789387944763,5
10405,9789357084987,5
10405,9781588361738,4
10405,9789358560381,5
10405,9789390914227,4
10405,9781668002841,4
10405,9781426215889,5
10405,9781647825621,4
10405,9781530830657,2
10405,9781443460712,3
10405,9780241982297,2
10405,9780241552063,2
10405,9788119792597,3
10405,9789354923968,4
10405,9781471729034,3
10405,9781625274502,4
10405,9798893312010,4
10405,9780593467428,3
10405,9780241981344,5
10405,9781419766374,4
10405,9789356994744,2
10405,9781668045572,3
10405,9789350123485,3
10405,9789354926709,3
10405,9789354926716,2
10405,9789354404634,1
10405,9789354928284,1
10405,9781439107393,2
10405,9789395101677,3
10406,9781471411465,5
10406,9788174368942,4
10406,9789351860839,4
10406,9798893310962,5
10406,9789353769819,4
10406,9780143474296,3
10406,9789380676371,3
10406,9789354926136,4
10406,9780369348906,5
10406,9780143423928,5
10406,9789390652457,5
10406,9789353050337,4
10406,9781401937539,4
10406,9781471411533,4
10406,9788120725249,5
10406,9783956763182,5
10406,9780241996324,4
10406,9781471411632,5
10406,9781881373070,5
10406,9789355219244,5
10406,9789354409660,4
10406,9789389647242,4
10406,9789354928956,5
10406,9781846048395,5
10406,9789354894459,4
10406,9789358560572,3
10406,9789386651600,3
10406,9780743200400,5
10406,9789351180555,5
10406,9781925307443,4
10406,9781433832161,4
10406,9781089356400,5
10406,9780691148182,3
10406,9788184750348,5
10406,9781580628556,4
10406,9781405944465,3
10406,9780141910819,3
10406,9789356618060,4
10406,9789354927041,2
10406,9788122300260,5
10406,9798295206443,2
10406,9780439128452,3
10406,9781956769005,3
10406,9789386845641,2
10406,9789356995833,3
10407,9789354402173,5
10407,9781471406454,5
10407,9781471407772,5
10407,9781780874005,5
10407,9780593438374,4
10407,9798317901462,3
10407,9789356995697,5
10407,9781681445038,4
10407,9781408865415,5
10407,9781250343178,5
10407,9789354406249,5
10407,9780486784755,4
10407,9780375703768,3
10407,9780671461492,4
10407,9781760788629,5
10407,9781623651442,5
10407,9789389931891,5
10407,9781408826133,3
10407,9781542046152,4
10407,9781250902450,4
10407,9781473227996,4
10407,9783689951016,4
10407,9780751583694,4
10407,9789380658797,4
10407,9780385535502,4
10407,9781501143106,5
10407,9789354407338,3
10407,9781442408944,4
10407,9781785766886,5
10407,9780349437057,3
10407,9789358568226,4
10407,9789356294561,5
10407,9780349436982,4
10407,9781409181682,5
10407,9781324095323,5
10407,9781473228801,5
10407,9780525559733,5
10407,9782280600705,3
10407,9789362140258,5
10407,9781680307672,4
10407,9789362145369,5
10407,9781916277182,5
10407,9781250855145,5
10407,9781635577716,4
10407,9788193655603,4
10407,9798675385850,5
10407,9781387282258,3
10407,9789353451882,5
10407,9789357316354,4
10407,9780340678039,3
10407,9789354403279,4
10407,9781368078351,3
10407,9780008588816,4
10407,9780241396957,3
10407,9780241379103,3
10407,9789354404689,4
10407,9789389717006,4
10407,9781943330744,2
10407,9789354401121,5
10407,9789354403385,3
10407,9781965322543,4
10407,9798855015096,3
10407,9789327197402,4
10407,9780007260478,4
10407,9780739350331,5
10407,9780141355412,2
10407,9780008123208,5
10407,9781338801934,4
10407,9789387779266,4
10407,9780439128452,3
10407,9798880920662,4
10407,9780545415606,5
10407,9789350127353,2
10407,9789356618060,3
10407,9780141986395,3
10407,9789353456443,2
10407,9780141035819,3
10407,9780241982297,3
10407,9781942788300,3
10407,9798998801228,2
10407,9789355216403,1
10407,9780141908762,1
10407,9780670069323,3
10408,9781605203287,5
10408,9788187107583,3
10408,9789354582233,5
10408,9780140449280,4
10408,9789354927041,4
10408,9780670090433,3
10408,9781844670208,5
10408,9789389178111,4
10408,9781611806885,5
10408,9780140455113,4
10408,9780670086399,4
10408,9780143029892,5
10408,9789392510366,5
10408,9780691208015,5
10408,9780871138002,5
10408,9789356618060,4
10408,9780691148182,3
10408,9781528774888,4
10408,9780349122380,4
10408,9780141910819,3
10408,9781613824009,5
10408,9781405944465,5
10408,9780785850724,4
10408,9788184750348,5
10408,9789358568172,3
10408,9780141914527,3
10408,9780143433163,3
10408,9780743200400,5
10408,9789380676371,4
10408,9789388369046,4
10408,9789362053206,4
10408,9783956763182,3
10408,9780998203492,3
10408,9781846048395,4
10408,9789354926709,4
10408,9789358560572,3
10408,9781881373070,3
10408,9781433832161,3
10408,9789354928284,3
10408,9789353769819,2
10408,9780718188863,5
10408,9780670090303,2
10408,9789388810609,4
10408,9789387779297,4
10408,9789386651600,2
10408,9780143423928,4
10408,9789365693102,5
10408,9788190256209,4
10408,9780743421041,3
10408,9789354928956,4
10408,9780241996324,3
10408,9780143474296,3
10408,9789354406522,1
10408,9781839647338,3
10408,9789353043551,2
10408,9781938938160,3
10408,9789360876357,2
10408,9780008411312,3
10408,9781457431210,3
10408,9781510054585,1
10408,9789362258601,2
10408,9788179251287,3
10409,9780992550714,5
10409,9780307830630,4
10409,9781476845623,3
10409,9798894755557,3
10409,9781953884992,5
10409,9781460710876,3
10409,9780747548409,5
10409,9781733989633,3
10409,9798652464264,4
10409,9781839647338,3
10409,9789895648962,5
10409,9781647291495,4
10409,9781472290694,4
10409,9781786013453,5
10409,9780786860708,3
10409,9780008276942,5
10409,9780063087774,3
10409,9789354895845,4
10409,9781447439332,4
10409,9780062905154,5
10409,9780671604295,5
10409,9780718156848,3
10409,9781925307443,3
10409,9789388810609,2
10409,9781408866115,4
10409,9781580628556,3
10409,9781471729034,3
10409,9781913682118,2
10409,9781668045572,4
10409,9781621291657,2
10409,9780008474362,3
10409,9781943330614,2
10409,9780063356733,2
10410,9780785850724,5
10410,9780143029892,5
10410,9781405944465,4
10410,9780670090433,3
10410,9781613824009,5
10410,9789354927041,3
10410,9780141910819,4
10410,9781528774888,5
10410,9789392510366,4
10410,9788187107583,5
10410,9781611806885,5
10410,9781605203287,5
10410,9780691148182,5
10410,9789389178111,4
10410,9780140455113,3
10410,9780691208015,5
10410,9781844670208,5
10410,9780670086399,4
10410,9789354582233,4
10410,9789356618060,5
10410,9780143433163,5
10410,9780140449280,5
10410,9789358568172,4
10410,9788184750348,4
10410,9780871138002,5
10410,9780349122380,4
10410,9780141914527,5
10410,9789388369046,3
10410,9780062250506,3
10410,9781501135910,3
10410,9780369348906,3
10410,9780998203492,4
10410,9789389243123,4
10410,9781846046384,3
10410,9780062031525,3
10410,9789353050337,5
10410,9789354926709,2
10410,9780743200400,5
10410,9780671741907,4
10410,9781433832161,5
10410,9781953953247,2
10410,9781501187636,3
10410,9781482850888,1
10410,9789388689786,2
10410,9789354404542,3
10410,9780753550663,2
10410,9789354402463,1
10410,9780399579721,2
10411,9789357788496,5
10411,9789364551090,5
10411,9789364554435,4
10411,9789364552424,5
10411,9789357781831,3
10411,9789356226623,4
10411,9789364555166,5
10411,9789364558594,4
10411,9789364551854,5
10411,9789364550161,5
10411,9789364559249,4
10411,9789357787888,4
10411,9789356225985,3
10411,9789357785556,5
10411,9789375615668,5
10411,9789371268844,4
10411,9789364559584,5
10411,9789364550093,5
10411,9789357785952,4
10411,9789371262255,4
10411,9789371268219,4
10411,9789364557948,3
10411,9780593083888,4
10411,9789355641250,3
10411,9781101970317,5
10411,9788190619509,2
10411,9780071775304,2
10411,9781644210697,3
10411,9781403930897,4
10411,9781935785132,4
10411,9789359981185,5
10411,9780771010439,5
10411,9781492078005,4
10411,9789357088978,5
10411,9780133489903,4
10411,9788122415520,4
10411,9781491952009,4
10411,9789688802052,5
10411,9789390327539,4
10411,9781260723106,3
10411,9789356994669,4
10411,9789358897920,5
10411,9788175994140,3
10411,9781847651310,5
10411,9789362143495,3
10411,9789391103231,4
10411,9780008156312,3
10411,9789389178111,1
10411,9789354404849,3
10411,9780399579745,2
10411,9789356812116,2
10411,9798556993747,3
10411,9780062868954,2
10411,9781625274496,2
10411,9780241283912,1
10411,9781409181682,2
10412,9781433832161,5
10412,9780062250506,4
10412,9781408866115,3
10412,9789365693102,5
10412,9780998203492,5
10412,9789388810623,3
10412,9781925307443,4
10412,9780062031525,3
10412,9781399809665,3
10412,9781603293525,5
10412,9780743421041,4
10412,9781607742456,4
10412,9781643990026,4
10412,9789388810609,5
10412,9781464234255,4
10412,9781580628556,4
10412,9780671741907,5
10412,9781089356400,5
10412,9781472298409,5
10412,9781509852840,4
10412,9788122300260,5
10412,9789387779297,5
10412,9781781105528,4
10412,9780874776942,3
10412,9789395101011,4
10412,9781444724585,5
10412,9780307830630,3
10412,9781656470997,5
10412,9780008276942,5
10412,9789356810822,5
10412,9789362053206,2
10412,9798896327271,2
10412,9780241983881,1
10412,9781444792478,3
10412,9789351860839,1
10413,9781089356400,5
10413,9781433832161,4
10413,9780062250506,5
10413,9781399809665,4
10413,9781509852840,5
10413,9789388810623,5
10413,9781580628556,3
10413,9781603293525,4
10413,9780743421041,5
10413,9781925307443,4
10413,9781472298409,4
10413,9789388810609,5
10413,9781464234255,4
10413,9789387779297,5
10413,9781643990026,5
10413,9789365693102,3
10413,9780671741907,5
10413,9780062031525,5
10413,9780998203492,3
10413,9788122300260,3
10413,9788122300338,4
10413,9781408866115,4
10413,9781607742456,4
10413,9780747548409,4
10413,9780593500774,4
10413,9789390678587,4
10413,9781608685486,5
10413,9789356813632,3
10413,9780307830630,4
10413,9780786860708,3
10413,9781733989633,4
10413,9780060391683,4
10413,9780008123208,5
10413,9798894755557,4
10413,9781615931712,4
10413,9781529413113,2
10413,9781472290694,4
10413,9781938938160,4
10413,9781785139949,3
10413,9781457431210,4
10413,9798652464264,3
10413,9780399179006,4
10413,9781444724585,4
10413,9789356811058,4
10413,9781477303733,4
10413,9781781105528,5
10413,9781419741999,2
10413,9780747570738,3
10413,9781935785132,3
10413,9780486272986,2
10413,9781956769005,2
10413,9780387310732,2
10413,9789359585314,2
10413,9789347231902,3
10413,9780753550663,1
10413,9780691208015,2
10414,9789388810609,3
10414,9781925307443,5
10414,9780998203492,5
10414,9780743421041,4
10414,9781509852840,5
10414,9781472298409,4
10414,9788122300260,3
10414,9780671741907,5
10414,9780062031525,4
10414,9781408866115,3
10414,9788122300338,3
10414,9781603293525,5
10414,9781607742456,3
10414,9789387779297,4
10414,9781464234255,4
10414,9789388810623,5
10414,9781524798666,4
10414,9781529413113,5
10414,9780144000265,5
10414,9780857364319,4
10414,9789354895845,4
10414,9788026837169,4
10414,9780545393812,1
10414,9789350121665,3
10414,9789356994287,1
10415,9780349426129,5
10415,9788176561068,5
10415,9781718502703,5
10415,9789362143495,5
10415,9789391724948,4
10415,9788190619509,4
10415,9780262046305,3
10415,9789356994669,4
10415,9781847651310,5
10415,9781259004612,3
10415,9780141982410,4
10415,9781292405513,5
10415,9788121906548,5
10415,9780062968722,5
10415,9781328662057,3
10415,9780133522853,5
10415,9781491950333,5
10415,9789347231902,4
10415,9788177587654,3
10415,9780205982578,5
10415,9780134610993,3
10415,9781250404855,5
10415,9780063142381,4
10415,9789353063191,3
10415,9781635576818,4
10415,9780078022098,4
10415,9788126579907,4
10415,9780199678112,5
10415,9780771010439,5
10415,9780984782857,5
10415,9781644210697,3
10415,9788192107547,5
10415,9789387284944,4
10415,9781473575608,5
10415,9789352837328,4
10415,9781957999043,5
10415,9781260723106,5
10415,9780133489903,5
10415,9781491952009,3
10415,9780593238295,3
10415,9789688802052,3
10415,9780593653661,5
10415,9781492032618,3
10415,9781594205071,5
10415,9780078022159,5
10415,9789356995260,5
10415,9780143425656,3
10415,9781571315991,4
10415,9780593083888,5
10415,9788177228366,5
10415,9789356995536,4
10415,9781935785132,3
10415,9780521779135,5
10415,9781737475712,4
10415,9781492078005,5
10415,9781250880949,3
10415,9789394407015,4
10415,9781264842292,5
10415,9789356344846,5
10415,9789350125175,2
10415,9788121924375,4
10415,9789362258601,4
10415,9789390711956,5
10415,9780486434841,5
10415,9780071775304,3
10415,9781524748258,3
10415,9789390239207,3
10415,9788177588989,4
10415,9789390297306,4
10415,9789387604513,4
10415,9781292420080,4
10415,9789389480511,5
10415,9781118476734,2
10415,9788178125367,4
10415,9789327198010,5
10415,9780321972101,2
10415,9788131721018,2
10415,9780387310732,2
10415,9789352036592,3
10415,9798893310962,3
10415,9780141906270,1
10415,9781787830783,1
10415,9798855068740,2
10415,9780143474296,1
10415,9781484469064,3
10415,9789356993563,1
10415,9780008564834,2
10415,9780557083206,2
10416,9781471411632,5
10416,9789351180555,4
10416,9789351860839,5
10416,9781401937539,5
10416,9788190256209,5
10416,9781881373070,4
10416,9789390652457,5
10416,9780143423928,5
10416,9789355219244,5
10416,9788120725249,5
10416,9781848317680,4
10416,9781591845324,3
10416,9789354926709,5
10416,9789354894459,4
10416,9780241996324,5
10416,9781846048395,4
10416,9789358560572,4
10416,9780143443155,4
10416,9780369348906,5
10416,9781501135910,5
10416,9789354928284,5
10416,9789354923678,5
10416,9789356993563,5
10416,9781846046384,4
10416,9781471411465,5
10416,9780718188863,4
10416,9789354928956,5
10416,9789380676371,5
10416,9780670090303,5
10416,9789354928703,5
10416,9780141986005,3
10416,9781804090633,4
10416,9789362053206,3
10416,9798893310962,3
10416,9789388369046,4
10416,9780143474296,4
10416,9780143464617,5
10416,9789354409660,5
10416,9781849545433,4
10416,9789386651600,5
10416,9789353050337,4
10416,9780385484510,4
10416,9780743200400,4
10416,9780785850724,3
10416,9780670086399,4
10416,9781611806885,3
10416,9781613824009,2
10416,9789365693102,4
10416,9789358568172,5
10416,9781603293525,4
10416,9789356618060,4
10416,9780141910819,4
10416,9788122300260,5
10416,9780670090433,4
10416,9789388810609,3
10416,9780062031525,3
10416,9780691148182,2
10416,9780141914527,5
10416,9781925307443,2
10416,9781035034581,2
10416,9781526620293,2
10416,9788177588989,2
10416,9781510019430,2
10416,9781259004612,3
10416,9781447261261,1
10416,9780670069323,3
10416,9780385339032,3
10417,9781471406454,4
10417,9780525559733,5
10417,9788193655603,4
10417,9789362145369,3
10417,9781760788629,4
10417,9780349437057,4
10417,9781623651442,5
10417,9780751583694,5
10417,9780349436982,5
10417,9781250343178,3
10417,9789356995697,5
10417,9781681445038,4
10417,9781785766886,5
10417,9781635577716,4
10417,9781324095323,4
10417,9789354402173,5
10417,9789356294561,4
10417,9781387282258,4
10417,9781442408944,5
10417,9781409181682,3
10417,9780671461492,5
10417,9781408826133,5
10417,9781501143106,5
10417,9781916277182,5
10417,9781542046152,5
10417,9781408865415,5
10417,9781471407772,5
10417,9789353451882,4
10417,9789380658797,5
10417,9789389931891,3
10417,9789354407338,5
10417,9780385535502,5
10417,9782280600705,3
10417,9781680307672,5
10417,9789362140258,5
10417,9781780874005,3
10417,9780375703768,3
10417,9789354406249,5
10417,9798317901462,3
10417,9781473228801,5
10417,9781473227996,5
10417,9781250855145,5
10417,9780593438374,4
10417,9780486784755,5
10417,9798675385850,4
10417,9789358568226,5
10417,9789357316354,4
10417,9781250902450,5
10417,9783689951016,5
10417,9781408378458,2
10417,9780141355412,3
10417,9789389432367,4
10417,9780141385259,5
10417,9781444935189,4
10417,9781484469064,2
10417,9781665979542,4
10417,9780747570738,5
10417,9788993055030,2
10417,9789388144988,3
10417,9789354403934,4
10417,9781509806102,3
10417,9798855007664,5
10417,9781526612960,4
10417,9780375968488,5
10417,9780141339184,3
10417,9789354404016,2
10417,9780062250933,2
10417,9781943330973,4
10417,9780008588816,4
10417,9780739350331,2
10417,9789354926136,2
10417,9789356296572,3
10417,9789327196504,3
10417,9781529350104,1
10417,9798870369396,3
10417,9781881373070,3
10417,9781656470997,2
10417,9780525506287,1
10417,9781401937539,3
10418,9781542040464,3
10418,9781529022049,5
10418,9789354926716,5
10418,9798643660491,5
10418,9788129144973,5
10418,9789895648269,5
10418,9789354929564,5
10418,9789356291379,5
10418,9789373034386,3
10418,9781681958071,5
10418,9780008474362,5
10418,9789355430601,4
10418,9781803144382,3
10418,9781627792127,3
10418,9781925480535,5
10418,9789814954853,3
10418,9789395192224,5
10418,9789356999848,3
10418,9781780896410,5
10418,9789357083003,5
10418,9781501190117,5
10418,9781472154644,5
10418,9781982179014,3
10418,9789354921490,5
10418,9780349132860,5
10418,9789353768966,5
10418,9780062868954,5
10418,9789357087797,5
10418,9786020633916,5
10418,9789354406249,2
10418,9789362055026,4
10418,9781250902450,3
10418,9789380658797,4
10418,9781680307672,5
10418,9781635577716,4
10418,9781250343178,2
10418,9781408826133,4
10418,9789356294561,4
10418,9781623651442,3
10418,9781785139949,3
10418,9781408865415,4
10418,9781409181682,4
10418,9780349436982,5
10418,9780385535502,5
10418,9789386845641,2
10418,9781368078351,2
10418,9780143474296,3
10418,9789387779815,2
10418,9781338325591,3
10418,9780718156848,3
10418,9789356812116,3
10418,9781935785132,2
10419,9789358565164,3
10419,9780747573616,4
10419,9781536208689,5
10419,9789387779730,5
10419,9780547248288,5
10419,9789354404191,4
10419,9789354406522,3
10419,9780008156312,5
10419,9798885780889,5
10419,9789387779761,5
10419,9781965347935,5
10419,9781405298612,5
10419,9781471196867,4
10419,9781471418297,3
10419,9781101653876,5
10419,9780340678039,5
10419,9781760295646,4
10419,9780141342603,3
10419,9789354402005,4
10419,9789350105702,4
10419,9781613125885,4
10419,9781443124393,3
10419,9780062250933,4
10419,9780141355412,5
10419,9781368002073,3
10419,9789388144056,5
10419,9789393267030,4
10419,9781444958201,3
10419,9780141347721,4
10419,9781958388204,4
10419,9781338848007,5
10419,9781408349045,5
10419,9789389432688,4
10419,9789390391608,5
10419,9781665979542,4
10419,9781250076977,5
10419,9781536462142,4
10419,9781547614486,4
10419,9780141382913,5
10419,9789391924690,4
10419,9789354404603,4
10419,9781943330744,5
10419,9780140326710,4
10419,9789391234263,4
10419,9781952535963,5
10419,9780008472320,4
10419,9780593178751,4
10419,9780998203492,4
10419,9780062250506,3
10419,9781399809665,4
10419,9789388810609,4
10419,9780062031525,4
10419,9789362055026,3
10419,9781433832161,4
10419,9781464234255,4
10419,9781607742456,5
10419,9781925307443,4
10419,9781087318844,4
10419,9780008123208,5
10419,9780743421041,4
10419,9781089356400,3
10419,9789365693102,4
10419,9781472298409,4
10419,9781643990026,2
10419,9781603293525,3
10419,9781419766374,3
10419,9789356994287,1
10419,9789351772071,3
10419,9780063142381,3
10419,9789895648962,3
10419,9789353451882,2
10419,9781530830657,2
10419,9789387944763,1
10420,9789364550161,5
10420,9789357788496,3
10420,9789364551854,3
10420,9789364559249,4
10420,9789357781831,3
10420,9789364558594,5
10420,9789364554435,5
10420,9789357785952,5
10420,9789364552424,5
10420,9789364551090,4
10420,9789356226623,5
10420,9789371262255,5
10420,9789364555166,4
10420,9789364550093,5
10420,9789357787888,5
10420,9789371268844,5
10420,9789375615668,4
10420,9789371268219,3
10420,9789356225985,3
10420,9789357785556,5
10420,9789364557948,4
10420,9789364559584,5
10420,9780593238295,5
10420,9780771010439,4
10420,9780078022159,4
10420,9789391028589,5
10420,9788173158759,4
10420,9788177587654,4
10420,9789356993082,4
10420,9789356994669,4
10420,9788192107547,3
10420,9781737475712,4
10420,9781594205071,4
10420,9789325794917,5
10420,9789347231902,3
10420,9783804639126,3
10420,9789327198010,4
10420,9781449331443,4
10420,9780134610993,3
10420,9781403930897,4
10420,9781101970317,4
10420,9781492041108,5
10420,9781804091043,1
10420,9780140449280,3
10420,9781797221311,3
10420,9781457431210,2
10420,9789391924294,2
10420,9780007260478,2
10420,9781625274502,1
10420,9781627792127,3
10420,9781528774888,1
10421,9781409181682,5
10421,9780486784755,4
10421,9789380658797,5
10421,9780593438374,4
10421,9781785766886,3
10421,9781780874005,4
10421,9789354407338,5
10421,9780671461492,4
10421,9781408865415,5
10421,9780751583694,5
10421,9781542046152,4
10421,9789356995697,4
10421,9780385535502,5
10421,9780349436982,3
10421,9781501143106,5
10421,9781681445038,4
10421,9780375703768,3
10421,9789362145369,4
10421,9781387282258,5
10421,9781250855145,5
10421,9781680307672,5
10421,9781250902450,5
10421,9789358568226,5
10421,9789354406249,5
10421,9789354402173,4
10421,9781916277182,5
10421,9798675385850,4
10421,9789389931891,4
10421,9788193655603,4
10421,9781473228801,5
10421,9798317901462,5
10421,9789356294561,4
10421,9781635577716,5
10421,9789353451882,5
10421,9789357316354,3
10421,9781623651442,3
10421,9781250343178,5
10421,9780349437057,4
10421,9782280600705,5
10421,9781442408944,5
10421,9780525559733,5
10421,9781408826133,5
10421,9781760788629,5
10421,9781473227996,5
10421,9789362140258,4
10421,9781324095323,5
10421,9781471406454,4
10421,9781471407772,3
10421,9780679812685,2
10421,9781509851553,4
10421,9781631980138,4
10421,9789358565164,3
10421,9781943330614,5
10421,9780062250933,4
10421,9780008472320,5
10421,9789354405068,3
10421,9781743433744,3
10421,9781408349045,5
10421,9780007323272,3
10421,9780794533779,5
10421,9781473598140,5
10421,9781965347935,3
10421,9780241427347,5
10421,9780141347684,3
10421,9789385990175,4
10421,9781444958171,5
10421,9781982137274,2
10421,9781785040443,3
10421,9781457431210,2
10421,9789358897920,1
10421,9780143444626,1
10421,9788173177941,1
10421,9780486478999,3
10421,9781491903117,2
10421,9780141914527,1
10422,9780062968722,4
10422,9788192107547,5
10422,9789391724948,5
10422,9789357080248,3
10422,9781847651310,3
10422,9788126579907,4
10422,9781803093543,5
10422,9781957999043,5
10422,9780593715833,5
10422,9780007547999,5
10422,9789356995260,5
10422,9789688802052,5
10422,9780063142381,4
10422,9781328662057,4
10422,9780199678112,5
10422,9788175994140,5
10422,9781491952009,4
10422,9781292405513,5
10422,9780593083888,5
10422,9788122415520,5
10422,9780141982410,4
10422,9789394407015,4
10422,9781571315991,4
10422,9781250880949,5
10422,9789356994713,4
10422,9780593653661,5
10422,9780349426129,5
10422,9781492032618,4
10422,9781718502703,4
10422,9781621291657,5
10422,9781737475712,5
10422,9781492078005,5
10422,9781260723106,5
10422,9781644210697,4
10422,9780771010439,5
10422,9789390327539,4
10422,9780262046305,4
10422,9788177587654,5
10422,9781635576818,5
10422,9789387918573,4
10422,9783804639126,4
10422,9789362143495,5
10422,9780143456476,4
10422,9788190619509,3
10422,9789352837328,5
10422,9789356994287,4
10422,9788177228366,5
10422,9789356995833,5
10422,9780133522853,4
10422,9780593238295,5
10422,9780071775304,3
10422,9789368402695,3
10422,9789386845641,4
10422,9781264842292,4
10422,9798630240729,3
10422,9780321972101,4
10422,9789389480511,4
10422,9789389480474,5
10422,9788173177941,5
10422,9780077496128,4
10422,9789350127353,4
10422,9781393638063,5
10422,9789327198010,5
10422,9789387604209,5
10422,9781292023946,3
10422,9789390239207,5
10422,9788174822413,4
10422,9789325792708,5
10422,9789352036592,4
10422,9781368098281,2
10422,9780241283912,1
10422,9781726216777,1
10422,9781613824009,1
10422,9798998801228,2
10422,9789356813632,2
10422,9781949651638,1
10422,9780008564834,3
10422,9789354928956,1
10423,9781528774888,3
10423,9780871138002,5
10423,9780140449280,5
10423,9781611806885,4
10423,9781844670208,5
10423,9780691148182,3
10423,9781405944465,4
10423,9780143029892,3
10423,9789392510366,4
10423,9780670086399,5
10423,9781613824009,5
10423,9789356618060,5
10423,9789354582233,4
10423,9780670090433,4
10423,9780140455113,3
10423,9789389178111,4
10423,9780785850724,5
10423,9780691208015,5
10423,9788187107583,5
10423,9780349122380,5
10423,9780141914527,4
10423,9780143433163,5
10423,9789354927041,4
10423,9781605203287,4
10423,9789358568172,4
10423,9781464234255,2
10423,9781471411465,3
10423,9789353050337,3
10423,9780369348906,5
10423,9789356993563,2
10423,9781580628556,5
10423,9781925307443,4
10423,9780718188863,2
10423,9780385484510,5
10423,9780349437057,3
10423,9780143497639,3
10423,9780241659670,3
10423,9780062359803,2
10423,9780874776942,3
10424,9780143474296,5
10424,9781846048395,5
10424,9780718188863,4
10424,9791041985326,3
10424,9783956763182,5
10424,9789353456443,5
10424,9789380676371,4
10424,9780670090303,4
10424,9780385484510,4
10424,9780369348906,4
10424,9788190256209,4
10424,9789390652457,4
10424,9789358560572,3
10424,9788120725249,4
10424,9789353769819,5
10424,9780241996324,5
10424,9781849545433,4
10424,9788174368942,5
10424,9789357027519,3
10424,9789391149291,5
10424,9781591845324,3
10424,9781471411465,5
10424,9780353275195,5
10424,9789356993563,5
10424,9789388369046,5
10424,9789354923678,5
10424,9789351187301,5
10424,9789392510366,2
10424,9780062250506,4
10424,9781509852840,3
10424,9781605203287,2
10424,9780670086399,5
10424,9781925307443,3
10424,9781089356400,4
10424,9780743421041,5
10424,9789388810623,5
10424,9781607742456,5
10424,9780141906270,2
10424,9788184951332,3
10424,9789387779266,3
10424,9781250343178,1
10424,9781472154644,3
10425,9781605203287,5
10425,9789358568172,5
10425,9781405944465,4
10425,9789354582233,5
10425,9788187107583,4
10425,9780141910819,4
10425,9780670086399,5
10425,9780140449280,5
10425,9788184750348,5
10425,9780143029892,4
10425,9780140455113,5
10425,9780691208015,5
10425,9780691148182,5
10425,9780785850724,4
10425,9781528774888,3
10425,9789356618060,4
10425,9789389178111,5
10425,9781613824009,4
10425,9781611806885,4
10425,9789354927041,5
10425,9780143433163,5
10425,9780871138002,3
10425,9789392510366,3
10425,9780141914527,5
10425,9780670090433,4
10425,9780349122380,5
10425,9781844670208,5
10425,9789351180555,4
10425,9780143474296,4
10425,9789362053206,4
10425,9789388810609,4
10425,9780385484510,5
10425,9780670090303,4
10425,9783956763182,3
10425,9788190256209,4
10425,9781580628556,4
10425,9781089356400,3
10425,9781849545433,3
10425,9789356993563,4
10425,9780062031525,5
10425,9789365693102,2
10425,9781472298409,4
10425,9798893310962,4
10425,9791041985326,3
10425,9788174368942,3
10425,9789354926136,3
10425,9781433832161,5
10425,9780998203492,3
10425,9780007547999,1
10425,9788184006490,2
10425,9780141373034,3
10425,9788175994140,2
10425,9789356294561,3
10425,9781457431210,1
10425,9780671461492,2
10425,9781447439332,2
10425,9780525559733,1
10425,9789352837328,2
10426,9789895648269,5
10426,9781542040464,5
10426,9781982179014,5
10426,9789354929564,4
10426,9798643660491,5
10426,9789355430601,5
10426,9789814954853,4
10426,9781472154644,5
10426,9781627792127,4
10426,9789356291379,4
10426,9781681958071,3
10426,9780349132860,5
10426,9781925480535,5
10426,9789354921490,3
10426,9789373034386,5
10426,9781780896410,5
10426,9789353768966,5
10426,9788129144973,4
10426,9781803144382,5
10426,9789354926716,5
10426,9780008474362,5
10426,9789356999848,5
10426,9780062868954,4
10426,9781501190117,4
10426,9789357087797,4
10426,9789357083003,4
10426,9789395192224,4
10426,9781529022049,5
10426,9786020633916,5
10426,9788193655603,3
10426,9789356995697,3
10426,9780525559733,3
10426,9781785766886,5
10426,9781681445038,5
10426,9780375703768,4
10426,9781501143106,5
10426,9780349436982,4
10426,9781471407772,3
10426,9781442408944,4
10426,9789356294561,5
10426,9780671461492,3
10426,9781250343178,5
10426,9781953953247,3
10426,9788194525974,3
10426,9781501187636,2
10426,9786067892864,2
10426,9781849545433,3
10426,9789313168805,3
10427,9789358560381,5
10427,9781668065969,5
10427,9789353451714,4
10427,9781585095568,4
10427,9781797221311,5
10427,9781548318468,4
10427,9789388241908,5
10427,9789358569018,5
10427,9789358569568,4
10427,9798986406510,5
10427,9789356993327,5
10427,9789083023861,5
10427,9780593512296,4
10427,9798998891816,5
10427,9789387944763,5
10427,9781524704551,5
10427,9789356997790,5
10427,9788186775219,5
10427,9789357084987,5
10427,9781760630737,3
10427,9781668069530,4
10427,9781588361738,4
10427,9789351772071,5
10427,9781529902402,5
10427,9789390914227,5
10427,9780981951249,3
10427,9781647390983,4
10427,9780857199096,5
10427,9789083023847,5
10427,9789354928758,4
10427,9781526645951,3
10427,9789356295384,4
10427,9780757316029,5
10427,9780525506287,4
10427,9781444792478,3
10427,9780486272986,4
10427,9780231552110,4
10427,9780380718153,4
10427,9780141908762,2
10427,9798893312010,4
10427,9780486478999,4
10427,9781419764394,5
10427,9789390166268,3
10427,9781482850888,4
10427,9788184007558,3
10427,9789354923500,5
10427,9781529401325,3
10427,9798552053032,2
10427,9781250865045,4
10427,9789352140046,4
10427,9780143444626,4
10427,9780975601464,2
10427,9789362055026,2
10427,9781943330737,3
10427,9783804639126,2
10427,9789388144025,2
10427,9781925480535,1
10427,9781509852840,3
10427,9789392837258,1
10427,9780241400708,1
10427,9780747548409,3
10428,9781408866115,5
10428,9781433832161,5
10428,9781089356400,5
10428,9781464234255,4
10428,9789388810623,5
10428,9781925307443,4
10428,9781643990026,4
10428,9781509852840,5
10428,9781607742456,3
10428,9780062250506,4
10428,9789387779297,4
10428,9781603293525,5
10428,9788122300338,4
10428,9781399809665,4
10428,9780671741907,5
10428,9789388810609,4
10428,9781580628556,4
10428,9780743421041,5
10428,9780062031525,3
10428,9780998203492,5
10428,9781472298409,4
10428,9788122300260,5
10428,9789365693102,5
10428,9789395101028,3
10428,9789355209825,3
10428,9781457431210,3
10428,9781615931712,4
10428,9781780936383,3
10428,9789354922251,3
10428,9789895648962,4
10428,9789395101677,5
10428,9780993203008,3
10428,9788194525974,5
10428,9780525658146,3
10428,9780307830630,4
10428,9780465093069,4
10428,9780874776942,5
10428,9789354929748,4
10428,9781457420641,4
10428,9781804182529,5
10428,9789053496794,3
10428,9780747548409,5
10428,9781786013453,4
10428,9781644210697,2
10428,9789391724948,1
10428,9789354403514,1
10428,9781419741999,2
10428,9789356991354,1
10428,9788184007527,1
10428,9780743200400,3
10428,9788121906548,1
10428,9780753555637,2
10429,9780071775304,5
10429,9788178123684,4
10429,9789390297306,5
10429,9789350123485,4
10429,9789388642101,5
10429,9789386845641,3
10429,9789325798014,5
10429,9789356344846,5
10429,9789350125175,5
10429,9789368402695,5
10429,9789389480511,5
10429,9789359587615,4
10429,9789389480474,5
10429,9789354881008,5
10429,9789386298225,4
10429,9788178125046,4
10429,9789355216403,4
10429,9789327198010,3
10429,9788173158759,5
10429,9781264842292,4
10429,9788194742616,5
10429,9789350121665,5
10429,9788173177941,4
10429,9788178125367,5
10429,9789358897920,5
10429,9781393638063,3
10429,9789324192660,5
10429,9789359584362,5
10429,9789350121276,4
10429,9789350127353,5
10429,9789352036592,4
10429,9789359585314,5
10429,9789389480481,5
10429,9789325792708,5
10429,9789313197133,5
10429,9789386298195,5
10429,9789362258601,5
10429,9789387604513,4
10429,9788174822413,5
10429,9789355641250,5
10429,9789355558930,5
10429,9781260467369,3
10429,9789368900924,5
10429,9789390711956,3
10429,9789325794917,4
10429,9789390239207,4
10429,9789359981185,4
10429,9789348203168,5
10429,9780593238295,4
10429,9781718502345,3
10429,9789688802052,3
10429,9780534422004,4
10429,9781847651310,3
10429,9780078022159,3
10429,9780063142381,4
10429,9781260723106,4
10429,9781259004612,4
10429,9789357082594,5
10429,9781492041917,4
10429,9780262046305,4
10429,9781449331443,5
10429,9789362143495,5
10429,9789391818715,5
10429,9780486434841,3
10429,9789394407015,5
10429,9780073380575,4
10429,9788184007558,3
10429,9780063356733,3
10429,9780385535502,1
10429,9780241996324,1
10429,9780099470434,2
10429,9780241981344,1
10429,9780593485019,1
10429,9780141986005,3
10429,9780143444626,2
10430,9789357785556,5
10430,9789356226623,4
10430,9789364555166,5
10430,9789364551854,5
10430,9789364551090,3
10430,9789364552424,5
10430,9789364550161,3
10430,9789357788496,3
10430,9789364554435,4
10430,9789357781831,4
10430,9789364558594,5
10430,9789357787888,4
10430,9789364559249,4
10430,9789371268844,4
10430,9789364557948,5
10430,9789364550093,5
10430,9789356225985,4
10430,9789371268219,4
10430,9789375615668,4
10430,9789364559584,4
10430,9789357785952,5
10430,9789371262255,5
10430,9789347231902,5
10430,9789359584362,5
10430,9780593653661,4
10430,9781393638063,4
10430,9780062968722,5
10430,9788173177941,5
10430,9780521779135,4
10430,9789352837328,2
10430,9781473575608,2
10430,9788178125367,5
10430,9781935785132,3
10430,9781492078005,4
10430,9789325797567,4
10430,9780078022159,4
10430,9789387918573,2
10430,9789327196504,4
10430,9780593593967,5
10430,9789353063191,3
10430,9789352036592,4
10430,9789386298225,5
10430,9780593083888,4
10430,9781957999043,3
10430,9789358897920,4
10430,9781529902402,1
10430,9781588361738,1
10430,9781509808328,2
10430,9780735229358,3
10430,9781472290694,2
10430,9780144000265,2
10430,9789356291713,2
10430,9789392510366,3
10430,9781956769005,2
10430,9781785766886,2
10430,9781616770969,2
10431,9781802804966,4
10431,9781668002841,4
10431,9781530728855,4
10431,9789353056469,5
10431,9781524744311,4
10431,9780241371862,5
10431,9781785040443,5
10431,9781612438634,4
10431,9780593582268,5
10431,9789354895579,3
10431,9789356994744,5
10431,9780718156848,4
10431,9780857199539,4
10431,9780141986395,4
10431,9781805222088,5
10431,9781668045572,5
10431,9781949651638,3
10431,9780008564834,4
10431,9781956769005,5
10431,9780008305550,5
10431,9788196011802,3
10431,9788179251287,4
10431,9789360876357,5
10431,9789354923968,5
10431,9781984856623,5
10431,9781508672197,5
10431,9780241283912,5
10431,9780752265629,5
10431,9781520975672,5
10431,9781419766374,5
10431,9781423662617,5
10431,9781787830783,5
10431,9781529401325,5
10431,9780141908762,5
10431,9798886500479,5
10431,9789063695330,5
10431,9798581186916,5
10431,9798652408466,5
10431,9789390260041,5
10431,9781846140556,5
10431,9788119792597,3
10431,9781797221311,4
10431,9789358560381,4
10431,9780975601464,5
10431,9780241982297,3
10431,9781399804455,3
10431,9781524704551,5
10431,9780981951249,3
10431,9780061745171,5
10431,9781529937381,4
10431,9780671472122,3
10431,9780801563669,2
10431,9781548318468,5
10431,9781585095568,2
10431,9780399179006,3
10431,9780857364319,1
10431,9789354404603,1
10431,9781846046384,1
10431,9789388810746,3
10431,9781802805567,1
10431,9781623651442,1
10432,9789364554435,3
10432,9789356226623,4
10432,9789357788496,3
10432,9789364550161,4
10432,9789364552424,5
10432,9789364551090,4
10432,9789364555166,5
10432,9789364558594,5
10432,9789375615668,5
10432,9789356225985,5
10432,9789357787888,5
10432,9789357781831,5
10432,9789364550093,5
10432,9789371268844,5
10432,9789364559584,5
10432,9789364559249,3
10432,9789364551854,5
10432,9789371262255,5
10432,9789357785556,5
10432,9789371268219,4
10432,9789364557948,5
10432,9789357785952,4
10432,9788177587654,3
10432,9780593083888,4
10432,9781328662057,3
10432,9781250880949,5
10432,9789394407015,3
10432,9789324192660,3
10432,9788122415520,4
10432,9783804639126,4
10432,9789390239207,5
10432,9781621291657,4
10432,9781594205071,4
10432,9781449331443,5
10432,9780007260478,3
10432,9788171672882,2
10432,9788121939096,1
10432,9781400225415,2
10432,9781786013453,3
10432,9789354921490,1
10433,9789364550161,5
10433,9789357788496,5
10433,9789364559249,5
10433,9789356226623,4
10433,9789364552424,5
10433,9789364555166,4
10433,9789364558594,4
10433,9789371268844,4
10433,9789357781831,3
10433,9789364554435,5
10433,9789364551090,5
10433,9789357787888,4
10433,9789364551854,4
10433,9789371262255,5
10433,9789364559584,5
10433,9789371268219,3
10433,9789357785952,5
10433,9789356225985,5
10433,9789364557948,5
10433,9789375615668,4
10433,9789347231902,3
10433,9783804639126,5
10433,9789325797567,4
10433,9781260723106,3
10433,9781492032618,4
10433,9780984782857,4
10433,9789362258601,4
10433,9789388144049,2
10433,9780399242861,1
10433,9789389931891,3
10433,9781408865415,3
10434,9798652408466,4
10434,9798886500479,4
10434,9781593306458,3
10434,9780857199539,5
10434,9781585429196,4
10434,9781508672197,4
10434,9780486272986,5
10434,9781419766374,4
10434,9781524744311,5
10434,9780062820341,4
10434,9781426215889,4
10434,9780141908762,5
10434,9781668002841,5
10434,9780380718153,5
10434,9781913682118,5
10434,9781786898562,5
10434,9781476744872,4
10434,9780525505105,4
10434,9780525506263,4
10434,9780752265629,3
10434,9789063697174,5
10434,9781805222088,4
10434,9788196011802,5
10434,9789353056469,5
10434,9781787830783,5
10434,9780143452485,4
10434,9781956769005,4
10434,9780525506287,4
10434,9781743791714,5
10434,9780399579745,5
10434,9780718156848,5
10434,9781944515683,3
10434,9780465072996,5
10434,9798894410067,4
10434,9781668045572,5
10434,9780399579721,5
10434,9781423662617,5
10434,9781780286136,5
10434,9781530728855,5
10434,9781839909979,5
10434,9780141986395,3
10434,9780143444626,5
10434,9780008305550,4
10434,9781984861641,5
10434,9781612438634,5
10434,9781984856623,5
10434,9789063695330,4
10434,9789354923500,5
10434,9781529401325,5
10434,9781802804966,5
10434,9780557083206,4
10434,9781399804455,4
10434,9789358560381,5
10434,9780241983881,3
10434,9780385468473,4
10434,9788128400483,5
10434,9781942788300,5
10434,9780670093946,5
10434,9780593467428,4
10434,9780753555637,4
10434,9780486478999,5
10434,9780241982280,5
10434,9781473535169,5
10434,9781548318468,4
10434,9781119523260,3
10434,9780385676519,4
10434,9780984358106,3
10434,9798998801228,4
10434,9791222454405,5
10434,9780747548409,1
10434,9788194525905,2
10434,9781481422192,2
10434,9781440571541,1
10434,9789380658797,2
10434,9780771010439,2
10434,9789387669253,2
10434,9780133489903,2
10435,9781786013521,5
10435,9789387669253,3
10435,9780062905154,4
10435,9789394168244,4
10435,9781460710876,4
10435,9781781105528,5
10435,9789394168510,5
10435,9780008276973,3
10435,9789391149758,5
10435,9780571235568,5
10435,9781408824856,4
10435,9789395101028,5
10435,9789392837258,4
10435,9780525658146,4
10435,9789395101004,4
10435,9781472261281,5
10435,9780060391683,5
10435,9789351035497,5
10435,9780141036731,5
10435,9780857360007,3
10435,9780883960165,5
10435,9781472290694,4
10435,9780393351385,4
10435,9781035031580,5
10435,9780385339032,5
10435,9781409181620,3
10435,9798652464264,3
10435,9780593500774,3
10435,9781476845623,5
10435,9789389310733,5
10435,9781524798666,3
10435,9781447439332,5
10435,9798654359599,4
10435,9781457420641,5
10435,9781631592966,4
10435,9780874776942,4
10435,9781780936383,5
10435,9786067892864,5
10435,9780399179006,4
10435,9789356811096,5
10435,9780857364319,5
10435,9781615931712,3
10435,9781786013453,4
10435,9781495011351,4
10435,9781501187636,4
10435,9780143445258,3
10435,9780143433002,5
10435,9789355209825,5
10435,9781419743191,4
10435,9781608685486,5
10435,9781529413113,5
10435,9780743421041,4
10435,9780141908762,3
10435,9781944515683,5
10435,9781398717206,4
10435,9789063697174,4
10435,9780141986395,5
10435,9780062250506,4
10435,9780486272986,3
10435,9781668002841,3
10435,9781529401325,4
10435,9781956769005,5
10435,9781786898562,5
10435,9789354923968,5
10435,9780465072996,3
10435,9780241371862,3
10435,9780062748805,3
10435,9798581186916,4
10435,9788122300260,5
10435,9781844775316,3
10435,9788186775219,1
10435,9781501143106,2
10435,9781965347676,1
10435,9781472154644,2
10435,9781623651442,1
10435,9781408855911,3
10435,9789373034386,1
10435,9789351180555,1
10435,9780073380575,1
10436,9798998891816,4
10436,9789083023847,4
10436,9781585095568,5
10436,9789390914227,4
10436,9781529902402,3
10436,9789351772071,5
10436,9789354928758,5
10436,9789387944763,5
10436,9780593512296,5
10436,9781668065969,3
10436,9789356993327,5
10436,9789358569568,5
10436,9788186775219,5
10436,9798986406510,5
10436,9789353451714,5
10436,9781668069530,4
10436,9789356997790,5
10436,9781524704551,3
10436,9789357084987,5
10436,9781647390983,5
10436,9789083023861,3
10436,9781760630737,5
10436,9789388241908,4
10436,9780981951249,5
10436,9780857199096,3
10436,9781548318468,5
10436,9781588361738,4
10436,9781797221311,3
10436,9789358560381,4
10436,9789358569018,4
10436,9781612680569,2
10436,9780241552063,3
10436,9780071433341,3
10436,9781520975672,5
10436,9789355201287,4
10436,9781447261261,4
10436,9781585426591,5
10436,9780008564834,2
10436,9788119153442,5
10436,9789354925931,3
10436,9780241283912,5
10436,9780061745171,5
10436,9780552167833,4
10436,9781529401325,4
10436,9780008305550,5
10436,9789353052058,4
10436,9780231555074,4
10436,9780486478999,3
10436,9780143452485,3
10436,9789063697174,3
10436,9788184951332,2
10436,9781942788300,3
10436,9798896327271,5
10436,9788184006490,2
10436,9789391103231,3
10436,9780141347721,3
10436,9789389432695,3
10436,9781613824009,3
10436,9781399809665,3
10436,9780451527318,2
10436,9780140449280,2
10436,9781492078005,2
10436,9780133356038,3
10436,9780349437057,1
10436,9780593500774,3
10437,9789355430601,5
10437,9789814954853,5
10437,9781681958071,5
10437,9789354926716,5
10437,9798643660491,4
10437,9781472154644,5
10437,9781982179014,3
10437,9781925480535,3
10437,9789357087797,4
10437,9789895648269,4
10437,9780008474362,5
10437,9781529022049,4
10437,9788129144973,4
10437,9789373034386,5
10437,9781627792127,3
10437,9780062868954,4
10437,9780349132860,3
10437,9781780896410,5
10437,9781501190117,5
10437,9789354921490,5
10437,9781803144382,4
10437,9781542040464,3
10437,9789353768966,4
10437,9789354929564,5
10437,9789356291379,5
10437,9789356999848,5
10437,9789395192224,5
10437,9789357083003,4
10437,9786020633916,4
10437,9781324095323,5
10437,9780593438374,4
10437,9780307957733,4
10437,9789380658797,5
10437,9781087318844,4
10437,9781623651442,2
10437,9781250855145,3
10437,9781501143106,5
10437,9788026837169,5
10437,9781250343178,4
10437,9789354407338,2
10437,9782280600705,3
10437,9780486784755,4
10437,9781760788629,5
10437,9789353451882,4
10437,9780525559733,5
10437,9781250902450,5
10437,9780702348839,3
10437,9781473598140,2
10437,9780062968722,3
10437,9781760630737,2
10437,9781932429350,1
10437,9781668045572,3
10437,9781473535169,1
10438,9789391028589,4
10438,9780534422004,4
10438,9789356994287,4
10438,9780205982578,4
10438,9780133489903,5
10438,9781250404855,5
10438,9781718502703,4
10438,9780593593967,5
10438,9780078022098,5
10438,9789391724948,4
10438,9789390327539,5
10438,9789353063191,4
10438,9788126579907,5
10438,9781492041108,3
10438,9781264842292,4
10438,9789359587615,4
10438,9780387310732,5
10438,9788178125367,4
10438,9788173158759,5
10438,9789388810746,1
10438,9780143447078,2
10438,9781593306458,3
10438,9780353275195,2
10439,9789350127353,5
10439,9789324192660,5
10439,9781264842292,5
10439,9789313197133,4
10439,9789350125175,5
10439,9789387604513,5
10439,9789386845641,4
10439,9789352036592,3
10439,9789359587615,5
10439,9789387604209,4
10439,9789390297306,4
10439,9789325798014,5
10439,9789389480481,4
10439,9789368402695,4
10439,9789386298225,5
10439,9789350121276,5
10439,9789350121665,3
10439,9789355641250,3
10439,9789390239207,4
10439,9798630240729,5
10439,9780071775304,4
10439,9789350123485,4
10439,9789389480511,5
10439,9789390711956,5
10439,9781260467369,3
10439,9789355558930,5
10439,9788174822413,5
10439,9789325792708,5
10439,9789389480474,5
10439,9789362258601,5
10439,9789356344846,3
10439,9789325797567,4
10439,9788178123684,5
10439,9788178125367,4
10439,9789355216403,5
10439,9789386298195,4
10439,9789359584362,5
10439,9788173158759,3
10439,9789359585314,5
10439,9789391028589,3
10439,9781292405513,5
10439,9780062968722,2
10439,9789688802052,4
10439,9788131710265,4
10439,9781473575608,5
10439,9789357080248,4
10439,9780141982410,3
10439,9781403930897,5
10439,9781935785132,5
10439,9781492032618,4
10439,9788177588989,3
10439,9780071752114,2
10439,9781328662057,3
10439,9781571315991,5
10439,9781444924848,1
10439,9780465072996,3
10439,9780399579745,1
10439,9780141321288,2
10439,9789388369046,2
10439,9781444792478,3
10439,9781743791714,3
10440,9788128400483,5
10440,9789390166268,4
10440,9780063497474,5
10440,9780753550663,5
10440,9780984358106,5
10440,9780557083206,5
10440,9781982137274,5
10440,9780062359803,5
10440,9780190078973,5
10440,9780486478999,5
10440,9798896327271,5
10440,9780385676519,5
10440,9781585426591,5
10440,9788184951332,3
10440,9789356296572,3
10440,9781491903117,5
10440,9788184007558,3
10440,9786155643071,5
10440,9780615978628,4
10440,9789390924219,4
10440,9780385468473,5
10440,9781625274496,5
10440,9781482850888,5
10440,9781846140556,4
10440,9780241982280,3
10440,9780552167833,5
10440,9781982172008,4
10440,9780231555074,5
10440,9780071433341,3
10440,9780063356733,3
10440,9781416502494,4
10440,9789355201287,4
10440,9788175994409,4
10440,9781473535169,5
10440,9789389109849,3
10440,9781400225415,5
10440,9780609504239,5
10440,9780061745171,5
10440,9780753555637,5
10440,9780670069323,5
10440,9781647825621,4
10440,9781612680569,5
10440,9781444792478,4
10440,9789313168805,5
10440,9780241983881,4
10440,9781942788300,5
10440,9781529937381,4
10440,9781119523260,5
10440,9781804091043,4
10440,9780061899874,5
10440,9781510019430,5
10440,9788119153442,5
10440,9781760985240,5
10440,9789356993327,5
10440,9781473575608,5
10440,9780593653661,3
10440,9780062968722,4
10440,9781491952009,4
10440,9789358569568,4
10440,9780534422004,5
10440,9781737475712,5
10440,9781571315991,4
10440,9788186775219,4
10440,9798998891816,4
10440,9781760630737,3
10440,9788122415520,5
10440,9781847651310,2
10440,9798986406510,3
10440,9781491950333,2
10440,9781957999043,4
10440,9781585095568,3
10440,9781529902402,2
10440,9788176561068,4
10440,9780241621639,1
10440,9781471729034,1
10440,9780747574477,3
10440,9781668002841,2
10440,9781423662617,2
10440,9781444724585,3
10440,9780141986005,3
10440,9781433832161,3
10440,9781472261281,2
10441,9780063087774,5
10441,9781786013453,5
10441,9781409181620,4
10441,9781447439332,3
10441,9781495011351,4
10441,9781501187636,5
10441,9789356811096,4
10441,9780992550714,4
10441,9780465093069,3
10441,9780144000265,3
10441,9781938938160,4
10441,9781338325591,5
10441,9781472297068,5
10441,9780671604295,5
10441,9781408824856,5
10441,9781506721705,5
10441,9781419743191,3
10441,9780525658146,4
10441,9780060391683,5
10441,9783836531542,5
10441,9781615931712,3
10441,9781460710876,5
10441,9781608685486,4
10441,9789387669253,5
10441,9789389310733,5
10441,9789354929748,5
10441,9781631592966,5
10441,9781802805567,4
10441,9789356811621,5
10441,9781440571541,5
10441,9781910695050,4
10441,9780141035819,5
10441,9789351035497,3
10441,9789356813472,5
10441,9780241400708,5
10441,9789895648962,5
10441,9780593449240,4
10441,9789391149758,5
10441,9780857360007,5
10441,9781457420641,4
10441,9781510054585,3
10441,9780143445258,3
10441,9780241552063,3
10441,9780525506287,5
10441,9781786898562,3
10441,9789353056469,3
10441,9780593582268,5
10441,9789063697174,5
10441,9780525506263,4
10441,9781433832161,4
10441,9780752265629,4
10441,9781472298409,5
10441,9781984856623,4
10441,9780399579721,3
10441,9781780286136,2
10441,9780743421041,4
10441,9781612438634,3
10441,9781956769005,3
10441,9781644295533,2
10441,9780241983881,1
10441,9789353050337,3
10441,9788184007527,1
10441,9789354402005,1
10441,9780143443155,3
10441,9789327198010,2
10442,9781433832161,4
10442,9781607742456,5
10442,9780998203492,5
10442,9781464234255,3
10442,9781603293525,5
10442,9780671741907,5
10442,9789365693102,5
10442,9781089356400,4
10442,9781509852840,5
10442,9780062250506,4
10442,9781472298409,4
10442,9780062031525,5
10442,9789388810609,5
10442,9781580628556,5
10442,9789387779297,5
10442,9789388810623,4
10442,9781399809665,5
10442,9780743421041,4
10442,9781925307443,3
10442,9781408866115,3
10442,9788122300338,4
10442,9788122300260,3
10442,9781643990026,4
10442,9789394168510,3
10442,9789354895845,3
10442,9781781105528,2
10442,9789356813472,4
10442,9781631592966,4
10442,9781802805567,5
10442,9780992550714,4
10442,9781444724585,3
10442,9781409181620,3
10442,9781457420641,5
10442,9781472290694,3
10442,9788194898832,2
10442,9789351035497,3
10442,9789389717006,3
10442,9789358569568,2
10442,9780141908762,1
10442,9789389432695,3
10442,9780143423928,2
10442,9781324095323,3
10443,9788175994140,5
10443,9780521779135,5
10443,9780007547999,4
10443,9781292405513,4
10443,9780071752114,5
10443,9789347231902,3
10443,9789356995833,3
10443,9781847651310,4
10443,9789356995260,4
10443,9781594205071,4
10443,9788176561068,4
10443,9781250880949,4
10443,9781492032618,4
10443,9789394407015,3
10443,9788122415520,4
10443,9789391028589,5
10443,9780143456476,5
10443,9780141982410,4
10443,9788177228366,5
10443,9788192107547,5
10443,9788126579907,3
10443,9781492041108,5
10443,9781101970317,5
10443,9781250404855,3
10443,9780205982578,5
10443,9781491950333,3
10443,9781935785132,5
10443,9789356994713,5
10443,9783804639126,4
10443,9789389802559,4
10443,9789356994669,3
10443,9780349426129,5
10443,9780593083888,4
10443,9781571315991,4
10443,9780534422004,4
10443,9789386298225,2
10443,9781718502345,4
10443,9789355641250,3
10443,9788121924962,3
10443,9789359981185,5
10443,9789390711956,4
10443,9781118476734,4
10443,9788131710265,4
10443,9780198089131,3
10443,9781292023946,4
10443,9788178123684,4
10443,9798630240729,3
10443,9788173158759,4
10443,9780679812685,2
10443,9789387944763,3
10443,9781405266512,2
10443,9781509852840,1
10443,9781442408944,2
10443,9781607742456,3
10443,9780593512296,2
10444,9780307957733,5
10444,9780008123208,4
10444,9781785139949,3
10444,9788026837169,4
10444,9781087318844,5
10444,9789362055026,5
10444,9780486114132,4
10444,9781785766886,3
10444,9789354407338,4
10444,9781471406454,5
10444,9789354926709,3
10444,9781846046384,4
10444,9780375703768,5
10444,9781623651442,4
10444,9789356993563,5
10444,9791041985326,3
10444,9789362140258,3
10444,9789380658797,5
10444,9781849545433,4
10444,9789386651600,3
10444,9789356995697,3
10444,9780143464617,5
10444,9781916277182,5
10444,9781473228801,3
10444,9780369348906,5
10444,9788174368942,4
10444,9789351180555,4
10444,9781804090633,4
10444,9780143423928,4
10444,9788120725249,5
10444,9789389931891,4
10444,9780349132860,2
10444,9781477303733,2
10444,9781416502494,3
10444,9781547614486,1
10444,9780718156848,3
10444,9789350127353,3
10444,9789388810630,1
10444,9781780896410,2
10444,9781932429350,3
10444,9780486272986,3
10445,9781613824009,3
10445,9788187107583,4
10445,9781528774888,5
10445,9789358568172,5
10445,9780143029892,5
10445,9789356618060,5
10445,9781611806885,4
10445,9780691148182,5
10445,9780670090433,5
10445,9789392510366,5
10445,9789354927041,3
10445,9788184750348,5
10445,9780871138002,5
10445,9781844670208,4
10445,9780670086399,5
10445,9780140449280,3
10445,9780141910819,4
10445,9780143433163,5
10445,9789389178111,5
10445,9781405944465,5
10445,9780140455113,5
10445,9780785850724,5
10445,9789354582233,4
10445,9780141914527,5
10445,9780691208015,5
10445,9780349122380,5
10445,9781605203287,5
10445,9789387779297,5
10445,9780998203492,3
10445,9781607742456,5
10445,9780369348906,4
10445,9789358560572,5
10445,9780671741907,3
10445,9781591845324,4
10445,9789386651600,5
10445,9781881373070,4
10445,9780743421041,3
10445,9789353456443,5
10445,9781643990026,3
10445,9781501135910,4
10445,9781338848007,3
10445,9780241371862,1
10445,9781668002841,2
10445,9780141380933,2
10445,9780345472328,1
10445,9780349437057,3
10445,9780062868954,3
10446,9780387310732,4
10446,9780133356038,5
10446,9788121924375,5
10446,9781292023946,4
10446,9780073380575,5
10446,9788131762189,5
10446,9781292420080,5
10446,9789352838363,5
10446,9781118476734,4
10446,9788121924962,5
10446,9781718502345,3
10446,9781119770763,5
10446,9788177588989,5
10446,9789391028589,4
10446,9789355641250,3
10446,9781473575608,3
10446,9780984782857,5
10446,9781250404855,4
10446,9780385676519,1
10446,9780753555637,2
10446,9781409181682,2
10447,9788121924375,5
10447,9789391818715,4
10447,9788131721018,5
10447,9781119770763,3
10447,9780387310732,5
10447,9788131762189,4
10447,9780133356038,4
10447,9788131710265,5
10447,9788121939096,3
10447,9788177588989,5
10447,9781524748258,4
10447,9781292023946,4
10447,9780073380575,5
10447,9780486434841,3
10447,9780077496128,5
10447,9783950485417,5
10447,9781118476734,5
10447,9789352838363,5
10447,9781718502345,4
10447,9788121924962,5
10447,9780321972101,5
10447,9781292420080,4
10447,9788185749754,3
10447,9780198089131,4
10447,9781316632932,5
10447,9781644295533,5
10447,9781394251575,4
10447,9789355014467,3
10447,9781644210697,4
10447,9788121906548,4
10447,9789387604209,4
10447,9789390297306,4
10447,9781491952009,4
10447,9789386845641,4
10447,9780199678112,3
10447,9789355558930,2
10447,9781492032618,3
10447,9789350121276,3
10447,9781718502703,4
10447,9781501190117,2
10447,9780141335742,3
10447,9780399579721,3
10447,9780375703768,1
10447,9789358565164,3
10448,9781623651442,5
10448,9781471406454,4
10448,9780593438374,5
10448,9789354407338,4
10448,9781473227996,5
10448,9798675385850,5
10448,9781409181682,5
10448,9781501143106,3
10448,9781250343178,5
10448,9780486784755,3
10448,9781760788629,5
10448,9781916277182,4
10448,9781442408944,4
10448,9789353451882,4
10448,9781635577716,5
10448,9789358568226,5
10448,9788193655603,5
10448,9789389931891,5
10448,9789380658797,5
10448,9780751583694,5
10448,9781408865415,5
10448,9782280600705,5
10448,9780349437057,4
10448,9781780874005,5
10448,9789354402173,4
10448,9780349436982,4
10448,9781785766886,5
10448,9780385535502,5
10448,9789362140258,5
10448,9781250902450,5
10448,9789354406249,4
10448,9798317901462,5
10448,9781405282789,4
10448,9780739350331,3
10448,9781526626691,2
10448,9789387779778,3
10448,9781536462142,2
10448,9789390183548,2
10448,9781368002073,5
10448,9789389717006,2
10448,9781631980138,5
10448,9798855145168,3
10448,9781613125885,4
10448,9798885795111,3
10448,9789387944763,1
10448,9780771010439,1
10448,9789356811058,1
10448,9788178125046,3
10448,9780752265629,1
10448,9781416502494,3
10449,9780141910819,5
10449,9781605203287,4
10449,9780670090433,4
10449,9789354927041,5
10449,9781405944465,5
10449,9780871138002,5
10449,9781613824009,5
10449,9788187107583,3
10449,9780785850724,4
10449,9781844670208,4
10449,9780691148182,5
10449,9781528774888,4
10449,9781611806885,5
10449,9780140455113,4
10449,9780349122380,3
10449,9789356618060,4
10449,9780143029892,4
10449,9789389178111,4
10449,9780140449280,5
10449,9780141914527,4
10449,9788184750348,5
10449,9789392510366,5
10449,9780691208015,3
10449,9780670086399,5
10449,9789354582233,5
10449,9780143433163,5
10449,9789358568172,5
10449,9781471411632,3
10449,9781399809665,3
10449,9781509852840,3
10449,9789354928703,2
10449,9781471411533,2
10449,9780385484510,3
10449,9781848317680,4
10449,9789351187301,4
10449,9789354409660,3
10449,9788122300338,2
10449,9781953953247,2
10449,9789354894459,4
10449,9789354926709,3
10449,9789389647242,4
10449,9780143474296,5
10449,9780062031525,4
10449,9789391149291,5
10449,9781501135910,4
10449,9781783085200,2
10449,9781944515683,1
10449,9780593582268,1
10449,9781796684834,3
10449,9781408354414,3
10449,9788131710265,3
10449,9780061899874,2
10449,9789356993327,1
10450,9789352036592,5
10450,9789354881008,4
10450,9788174822413,4
10450,9789355641250,5
10450,9789350121665,5
10450,9781260467369,4
10450,9789358897920,3
10450,9789389480481,5
10450,9789390297306,5
10450,9789368402695,5
10450,9789350125175,5
10450,9788178123684,3
10450,9789355558930,5
10450,9788173158759,5
10450,9788178125046,5
10450,9789313197133,5
10450,9789387604513,5
10450,9781393638063,5
10450,9788173177941,5
10450,9789350123485,4
10450,9798630240729,4
10450,9789325798014,5
10450,9789359585314,5
10450,9789389480474,3
10450,9789359981185,5
10450,9789387604209,5
10450,9789389480511,4
10450,9789324192660,5
10450,9789390239207,4
10450,9789350127353,4
10450,9789386298195,5
10450,9789386845641,5
10450,9789325792708,5
10450,9780071775304,3
10450,9789325794917,4
10450,9789362258601,5
10450,9789350127643,5
10450,9789350121276,5
10450,9789390711956,5
10450,9789359584362,5
10450,9789368900924,5
10450,9789388642101,5
10450,9789355216403,4
10450,9788178125367,5
10450,9789327198010,3
10450,9789356344846,4
10450,9789327196504,5
10450,9781264842292,5
10450,9789386298225,3
10450,9789348203168,5
10450,9789359587615,5
10450,9789325797567,5
10450,9788194742616,4
10450,9789350128121,5
10450,9789386298836,5
10450,9780593593967,4
10450,9781847651310,5
10450,9781492041917,4
10450,9789357080248,5
10450,9781621291657,5
10450,9781571315991,3
10450,9788131762189,3
10450,9781594205071,3
10450,9781259004612,3
10450,9788190619509,5
10450,9789391818715,4
10450,9781328662057,4
10450,9789387918573,4
10450,9780534422004,3
10450,9789352837328,3
10450,9780073523408,5
10450,9781119770763,4
10450,9781473575608,5
10450,9781718502703,4
10450,9788121906548,4
10450,9781492041108,3
10450,9780198089131,4
10450,9780143447078,1
10450,9781631592966,3
10450,9781550924794,2
10450,9780141906270,3
10450,9789351860839,3
10450,9780545520492,2
10450,9780241981344,1
10450,9789354923968,1
10450,9789365693102,2
10450,9788129144973,3
10451,9781464234255,4
10451,9789387779297,5
10451,9781408866115,3
10451,9781925307443,4
10451,9780062250506,4
10451,9781089356400,3
10451,9781399809665,5
10451,9781580628556,3
10451,9789388810609,4
10451,9781509852840,5
10451,9788122300338,4
10451,9781472298409,4
10451,9789388810623,5
10451,9781643990026,5
10451,9781603293525,5
10451,9780671741907,4
10451,9781607742456,4
10451,9780743421041,3
10451,9789365693102,4
10451,9781433832161,5
10451,9788122300260,5
10451,9780998203492,4
10451,9780062031525,5
10451,9781419743191,2
10451,9789362055026,4
10451,9789395101752,5
10451,9781472261281,4
10451,9780385339032,2
10451,9789351035497,5
10451,9780141036731,5
10451,9798652464264,2
10451,9789356811058,5
10451,9789356291713,4
10451,9781616770969,5
10451,9780063087774,5
10451,9780593593967,3
10451,9780008156312,2
10451,9789354408380,1
10451,9781847651402,3
10451,9780486478999,3
10451,9789389802559,1
10452,9780691208015,5
10452,9780140449280,5
10452,9788187107583,5
10452,9780670090433,4
10452,9789392510366,5
10452,9780670086399,5
10452,9781605203287,4
10452,9781405944465,3
10452,9781613824009,5
10452,9780785850724,5
10452,9789389178111,5
10452,9780141910819,5
10452,9780871138002,3
10452,9780143433163,5
10452,9781528774888,4
10452,9780141914527,5
10452,9788184750348,5
10452,9780140455113,5
10452,9789354582233,5
10452,9780143029892,5
10452,9780691148182,5
10452,9781611806885,4
10452,9789358568172,5
10452,9789356618060,5
10452,9780349122380,5
10452,9789354927041,4
10452,9781844670208,5
10452,9781881373070,4
10452,9789390652457,5
10452,9780743200400,4
10452,9789358560572,4
10452,9789351187301,3
10452,9780670090303,4
10452,9791041985326,4
10452,9780671741907,4
10452,9781471411465,4
10452,9780385484510,5
10452,9789356997110,4
10452,9789389243123,2
10452,9781846048395,2
10452,9789388810623,4
10452,9789354894459,4
10452,9798893310962,4
10452,9781580628556,3
10452,9781433832161,5
10452,9781849545433,3
10452,9789354928703,3
10452,9789354408380,3
10452,9781419751660,1
10452,9789390183784,3
10452,9789390711956,1
10452,9789371268844,3
10452,9780385676519,1
10452,9789390924219,3
10452,9789350121665,2
10453,9788129144973,4
10453,9781542040464,5
10453,9789355430601,5
10453,9789357083003,4
10453,9781501190117,5
10453,9789373034386,5
10453,9781627792127,3
10453,9781780896410,3
10453,9781803144382,5
10453,9789895648269,5
10453,9781982179014,5
10453,9781925480535,5
10453,9789356999848,5
10453,9780349132860,5
10453,9789354929564,5
10453,9781472154644,5
10453,9780008474362,5
10453,9781681958071,4
10453,9780062868954,5
10453,9798643660491,5
10453,9789354921490,4
10453,9789354926716,3
10453,9789814954853,5
10453,9789357087797,5
10453,9781529022049,4
10453,9789353768966,3
10453,9789356291379,3
10453,9789395192224,5
10453,9786020633916,5
10453,9798675385850,2
10453,9782280600705,4
10453,9789362145369,4
10453,9781542046152,4
10453,9789358568226,4
10453,9789354402173,3
10453,9781408865415,4
10453,9789354407338,4
10453,9781473227996,5
10453,9781471406454,2
10453,9780593438374,4
10453,9780486784755,4
10453,9789380658797,4
10453,9780349437057,3
10453,9781680307672,4
10453,9781442408944,4
10453,9781760788629,4
10453,9781408826133,3
10453,9789356995697,4
10453,9789389931891,2
10453,9789354404498,1
10453,9789387779730,2
10453,9780008276942,1
10453,9789389178111,2
10453,9781571315991,3
10453,9789351772071,2
10453,9780241371862,3
10453,9780670090303,3
10453,9780241283912,3
10454,9789389480474,5
10454,9789386845641,5
10454,9788178123684,5
10454,9789325798014,5
10454,9789354881008,5
10454,9789390239207,4
10454,9781264842292,5
10454,9788174822413,5
10454,9789324192660,5
10454,9788173158759,5
10454,9789386298195,5
10454,9789359587615,4
10454,9789355558930,4
10454,9789325794917,5
10454,9788177588989,2
10454,9781635576818,3
10454,9788177587654,4
10454,9780063142381,5
10454,9781644210697,4
10454,9781439107393,2
10454,9781471729034,3
10454,9780241379141,1
10455,9781408865415,5
10455,9780349436982,4
10455,9781387282258,5
10455,9781681445038,4
10455,9781542046152,4
10455,9780671461492,4
10455,9781471406454,5
10455,9789389931891,5
10455,9781473227996,5
10455,9780349437057,5
10455,9781442408944,4
10455,9781471407772,4
10455,9781635577716,5
10455,9789353451882,4
10455,9781916277182,5
10455,9798317901462,5
10455,9781409181682,3
10455,9780486784755,5
10455,9780593438374,5
10455,9781250343178,5
10455,9781623651442,3
10455,9781501143106,5
10455,9781250902450,4
10455,9781324095323,4
10455,9781760788629,3
10455,9789354406249,5
10455,9789362145369,5
10455,9789354402173,4
10455,9781473228801,5
10455,9781785766886,5
10455,9780375703768,4
10455,9789354407338,4
10455,9781680307672,5
10455,9789356294561,3
10455,9789362140258,4
10455,9780525559733,5
10455,9788193655603,5
10455,9780143453260,4
10455,9781444929706,2
10455,9781443124911,4
10455,9781943330737,4
10455,9781526626691,3
10455,9789354927713,3
10455,9780141355412,3
10455,9789354404924,5
10455,9789354404603,4
10455,9789388810630,4
10455,9781960507617,5
10455,9781960927101,4
10455,9780593178751,4
10455,9780008156312,5
10455,9781510019430,2
10455,9781492041108,2
10455,9780008305550,3
10455,9789356813472,1
10455,9789390924219,2
10455,9780143423928,3
10456,9789354922251,4
10456,9780593500774,4
10456,9780140127225,3
10456,9781472290694,5
10456,9789357086882,5
10456,9780465093069,3
10456,9788194525974,4
10456,9781457431210,5
10456,9780141906270,4
10456,9789392837258,3
10456,9789391149758,4
10456,9786067892864,4
10456,9781460710876,5
10456,9781506721705,3
10456,9781608685486,4
10456,9781419743191,5
10456,9780060391683,3
10456,9781477303733,5
10456,9780874776942,5
10456,9781495011351,5
10456,9780144000265,3
10456,9781616770969,5
10456,9781457420641,5
10456,9781408824856,5
10456,9781524798666,4
10456,9789390678587,5
10456,9789388070973,5
10456,9780671604295,4
10456,9789394168244,5
10456,9781781105528,4
10456,9781529413113,3
10456,9780307830630,3
10456,9781338325591,5
10456,9788194898832,5
10456,9781472261281,5
10456,9780857360007,4
10456,9781938938160,5
10456,9781444724585,5
10456,9781472297068,4
10456,9781803093178,3
10456,9780525658146,5
10456,9780747548409,5
10456,9780062905154,3
10456,9789354929748,5
10456,9789895648962,5
10456,9780786860708,4
10456,9780008564834,4
10456,9781802804966,4
10456,9789390260041,2
10456,9780399579721,3
10456,9781464234255,4
10456,9780143444626,3
10456,9781944515683,5
10456,9781585429196,5
10456,9781398717206,3
10456,9789353056469,4
10456,9780998203492,5
10456,9781913682118,4
10456,9781847651402,5
10456,9780141986395,4
10456,9781786898562,5
10456,9781433832161,3
10456,9781089356400,3
10456,9788194525905,3
10456,9781338064520,2
10456,9789357027519,1
10456,9788177228366,1
10456,9789354407338,3
10456,9780785850724,2
10456,9780071752114,3
10456,9781783085200,3
10457,9788187107583,5
10457,9789392510366,4
10457,9780670090433,5
10457,9781611806885,4
10457,9789354927041,5
10457,9780141910819,5
10457,9788184750348,3
10457,9781405944465,4
10457,9780141914527,5
10457,9789389178111,5
10457,9780349122380,5
10457,9780785850724,4
10457,9781528774888,4
10457,9781605203287,5
10457,9781613824009,5
10457,9780143029892,4
10457,9780670086399,4
10457,9789356618060,5
10457,9780691208015,5
10457,9780871138002,5
10457,9780140455113,5
10457,9780691148182,4
10457,9780140449280,5
10457,9781844670208,5
10457,9789358568172,5
10457,9789354582233,4
10457,9780143433163,4
10457,9789354928284,4
10457,9798893310962,4
10457,9789354928703,3
10457,9789354409660,5
10457,9789354923678,5
10457,9789380676371,3
10457,9781399809665,3
10457,9789354926136,4
10457,9781849545433,5
10457,9780062031525,3
10457,9781089356400,5
10457,9780241996324,3
10457,9789357787888,2
10457,9786155643071,3
10457,9780071775304,1
10457,9781668069530,2
10457,9781796684834,3
10457,9781635576818,2
10458,9781398717206,4
10458,9780399579721,5
10458,9781805222088,5
10458,9780008564834,3
10458,9780141908762,3
10458,9780008305550,5
10458,9789354925931,3
10458,9781785040443,5
10458,9781786898562,5
10458,9781593306458,5
10458,9781612438634,4
10458,9781802804966,5
10458,9781780286136,5
10458,9780143452485,4
10458,9789355208842,3
10458,9781913682118,4
10458,9789063697174,3
10458,9781944515683,4
10458,9780718156848,5
10458,9789360876357,5
10458,9781585429196,4
10458,9781956769005,4
10458,9781949651638,4
10458,9781529401325,4
10458,9781419766374,5
10458,9798652408466,3
10458,9780465072996,4
10458,9780593582268,5
10458,9781423662617,4
10458,9789353052058,5
10458,9780399579745,5
10458,9780141986395,5
10458,9781476744872,5
10458,9780062748805,5
10458,9780752265629,5
10458,9780241371862,4
10458,9789390260041,4
10458,9798552053032,4
10458,9780380718153,4
10458,9780525506263,4
10458,9781898130017,4
10458,9780062820341,5
10458,9780525506287,5
10458,9781784745011,5
10458,9788196011802,4
10458,9798894410067,3
10458,9781520975672,4
10458,9781530728855,5
10458,9780143444626,4
10458,9781847651402,4
10458,9781984856623,4
10458,9780486272986,3
10458,9781844775316,5
10458,9788179251287,4
10458,9781419764394,5
10458,9781984861641,5
10458,9780241283912,3
10458,9780525505105,5
10458,9781426215889,4
10458,9781787830783,3
10458,9798886500479,3
10458,9780345472328,5
10458,9781491903117,3
10458,9781447261261,4
10458,9791222454405,4
10458,9780670069323,5
10458,9780241981344,3
10458,9780061899874,4
10458,9781625274496,5
10458,9780615978628,3
10458,9780593467428,5
10458,9780385468473,4
10458,9781416502494,4
10458,9780593512296,3
10458,9788128400483,2
10458,9781612680569,3
10458,9780063497474,4
10458,9780552167833,5
10458,9789355201287,3
10458,9780609504239,2
10458,9780241982297,4
10458,9781932429350,5
10458,9780753550663,5
10458,9780753555637,4
10458,9781118476734,2
10458,9780141382913,3
10458,9780486856629,2
10458,9780060391683,1
10458,9781803144382,3
10458,9781647291495,1
10458,9798675385850,2
10458,9780078022098,2
10458,9781529022049,1
10458,9798894755557,2
10459,9780349426129,5
10459,9783804639126,5
10459,9788192107547,5
10459,9780062968722,5
10459,9789352837328,5
10459,9789356994669,3
10459,9788175994140,4
10459,9781957999043,5
10459,9789387918573,5
10459,9789390327539,5
10459,9781737475712,5
10459,9780593715833,5
10459,9788126579907,3
10459,9781492032618,4
10459,9781250404855,3
10459,9780534422004,5
10459,9781491952009,5
10459,9780593593967,4
10459,9781594205071,4
10459,9781101970317,5
10459,9780984782857,5
10459,9781260723106,5
10459,9781259004612,4
10459,9789356995260,5
10459,9780205982578,5
10459,9781250880949,4
10459,9788177228366,5
10459,9780078022159,4
10459,9781847651310,5
10459,9789356994713,5
10459,9789356994287,5
10459,9781571315991,3
10459,9780141982410,5
10459,9781292405513,4
10459,9789353063191,3
10459,9781492041108,5
10459,9780133489903,5
10459,9781736049129,3
10459,9781718502703,5
10459,9789387284944,4
10459,9789394407015,4
10459,9780199678112,5
10459,9780134610993,5
10459,9789391028589,4
10459,9780063142381,5
10459,9780593083888,5
10459,9781635576818,5
10459,9780593653661,5
10459,9789357082594,5
10459,9789347231902,5
10459,9780133522853,5
10459,9789356993082,4
10459,9789359981185,4
10459,9789389480481,4
10459,9788173158759,4
10459,9780077496128,4
10459,9789390711956,4
10459,9798630240729,4
10459,9788131721018,4
10459,9781718502345,4
10459,9789359584362,5
10459,9789352036592,3
10459,9789389480474,4
10459,9788131710265,4
10459,9789359587615,4
10459,9781393638063,3
10459,9780071775304,5
10459,9789325798014,2
10459,9783950485417,3
10459,9789387604513,4
10459,9789350123485,2
10459,9789388642101,5
10459,9780190078973,1
10459,9789393267030,2
10459,9780345472328,2
10459,9789389178463,2
10459,9781508672197,3
10459,9789353050337,3
10459,9780670069323,2
10459,9780143445258,1
10460,9780077496128,4
10460,9781718502345,5
10460,9788121924375,5
10460,9780321972101,5
10460,9788121939096,5
10460,9788185749754,5
10460,9780486434841,5
10460,9788131721018,5
10460,9781119770763,4
10460,9780387310732,4
10460,9781524748258,5
10460,9781292023946,5
10460,9780133356038,3
10460,9788177588989,3
10460,9781644295533,5
10460,9781292420080,5
10460,9789352838363,3
10460,9781316632932,5
10460,9781118476734,5
10460,9781292026565,5
10460,9789391818715,5
10460,9788131710265,4
10460,9789355014467,4
10460,9788131762189,5
10460,9780073380575,3
10460,9789363486317,5
10460,9780198089131,5
10460,9788121924962,4
10460,9781394251575,4
10460,9780470695197,3
10460,9783950485417,4
10460,9781803093543,3
10460,9781492041108,4
10460,9780007547999,2
10460,9788194742616,3
10460,9780071775304,4
10460,9781292405513,5
10460,9781635576818,4
10460,9789386845641,3
10460,9781260467369,4
10460,9781571315991,5
10460,9789368900924,3
10460,9780593593967,3
10460,9780199678112,3
10460,9781492041917,5
10460,9788173177941,5
10460,9781492032618,4
10460,9789356344846,5
10460,9789350127353,3
10460,9789352837328,4
10460,9789325798014,5
10460,9789358897920,5
10460,9781481422192,1
10460,9780439128452,2
10460,9780385468473,2
10460,9789390914227,2
10460,9780008276942,1
10460,9781643990026,3
10460,9780062820341,1
10460,9789773772598,1
10460,9788129144973,3
10460,9780671472122,3
10461,9789390327539,5
10461,9781473575608,5
10461,9781957999043,5
10461,9780007547999,3
10461,9780984782857,5
10461,9780071752114,5
10461,9789389802559,5
10461,9788177587654,5
10461,9780593715833,4
10461,9788190619509,5
10461,9781847651310,5
10461,9788126579907,3
10461,9781492032618,5
10461,9788175994140,4
10461,9780133489903,3
10461,9789353063191,4
10461,9789356995536,5
10461,9789356994287,5
10461,9781621291657,5
10461,9789387918573,4
10461,9780133522853,5
10461,9780262046305,5
10461,9789347231902,5
10461,9789362143495,4
10461,9781594205071,5
10461,9781492041917,5
10461,9780771010439,5
10461,9781328662057,5
10461,9789357312660,3
10461,9780593653661,4
10461,9781491950333,5
10461,9780062968722,5
10461,9789356995260,3
10461,9789391028589,4
10461,9788177228366,5
10461,9780521779135,4
10461,9789356994669,5
10461,9781737475712,5
10461,9780063142381,4
10461,9781571315991,5
10461,9781635576818,3
10461,9780593238295,5
10461,9789357080248,3
10461,9780593593967,5
10461,9783804639126,5
10461,9780134610993,4
10461,9781292405513,4
10461,9789688802052,5
10461,9789391818715,3
10461,9789348203168,3
10461,9789386845641,4
10461,9789355014467,4
10461,9788177588989,3
10461,9780387310732,3
10461,9789390711956,3
10461,9789359981185,4
10461,9781292023946,3
10461,9788131762189,4
10461,9781718502345,4
10461,9789327198010,2
10461,9788131710265,4
10461,9780077496128,3
10461,9781119770763,3
10461,9788178125046,5
10461,9789362258601,4
10461,9789325798014,4
10461,9780143447078,2
10461,9789392510366,1
10461,9781408349045,2
10461,9789351035497,1
10461,9781802805567,3
10461,9798894755557,1
10461,9780144000265,2
10461,9798870369396,3
10462,9780670090433,5
10462,9789358568172,4
10462,9789389178111,5
10462,9789356618060,5
10462,9780691148182,4
10462,9781611806885,4
10462,9788184750348,4
10462,9780143433163,4
10462,9781405944465,5
10462,9780140455113,3
10462,9781528774888,5
10462,9780691208015,3
10462,9780140449280,5
10462,9780785850724,4
10462,9788187107583,5
10462,9781613824009,4
10462,9780670086399,5
10462,9781844670208,5
10462,9781605203287,5
10462,9780141914527,5
10462,9789392510366,5
10462,9780349122380,5
10462,9780143029892,5
10462,9789354582233,5
10462,9780141910819,3
10462,9789354927041,4
10462,9780871138002,5
10462,9781433832161,4
10462,9781881373070,3
10462,9780718188863,4
10462,9789380676371,4
10462,9780743421041,4
10462,9781471411533,4
10462,9789353456443,4
10462,9780670090303,3
10462,9783956763182,4
10462,9781464234255,5
10462,9789354928956,3
10462,9781472298409,3
10462,9789390652457,5
10462,9781591845324,4
10462,9780241996324,2
10462,9781603293525,5
10462,9789358560572,3
10462,9798893310962,5
10462,9780062250506,2
10462,9789354926709,4
10462,9789351180555,3
10462,9781089356400,5
10462,9789364550161,3
10462,9789356811621,1
10462,9780307830630,1
10462,9780143432845,3
10462,9789354405365,3
10462,9788122415520,3
10462,9780063356733,1
10462,9781118476734,1
10462,9780063497474,3
10462,9798581186916,3
10463,9789356994669,3
10463,9789394407015,5
10463,9780521779135,5
10463,9789356995260,4
10463,9781621291657,5
10463,9781935785132,5
10463,9789391103231,4
10463,9789357082594,3
10463,9780071752114,5
10463,9789387918573,5
10463,9788176561068,5
10463,9789356993082,4
10463,9780133489903,4
10463,9780593715833,5
10463,9781847651310,5
10463,9780593083888,3
10463,9788175994140,5
10463,9789688802052,5
10463,9788122415520,4
10463,9789391028589,5
10463,9781594205071,5
10463,9780984782857,5
10463,9780593653661,5
10463,9781718502703,5
10463,9781492078005,5
10463,9780262046305,3
10463,9789362143495,4
10463,9781403930897,5
10463,9781260723106,4
10463,9789356994713,4
10463,9781328662057,3
10463,9780007547999,4
10463,9780534422004,3
10463,9789357080248,4
10463,9781635576818,5
10463,9788177587654,4
10463,9781250404855,4
10463,9789347231902,4
10463,9780143456476,3
10463,9789357312660,5
10463,9781101970317,5
10463,9789387284944,4
10463,9781292420080,4
10463,9788178125367,4
10463,9781260467369,4
10463,9789389480481,3
10463,9789389480511,5
10463,9789386298195,4
10463,9789391818715,4
10463,9789325798014,4
10463,9789355641250,5
10463,9789324192660,3
10463,9781119770763,5
10463,9789355216403,4
10463,9788178125046,4
10463,9789354881008,4
10463,9789359587615,3
10463,9780387310732,2
10463,9788190256209,2
10463,9781585429196,2
10463,9789395101028,3
10463,9781925307443,2
10463,9781585095568,3
10463,9781982137274,1
10463,9781510054585,2
10464,9780670086399,5
10464,9780141910819,4
10464,9780691148182,5
10464,9780140449280,5
10464,9780143029892,4
10464,9780670090433,3
10464,9789354927041,4
10464,9788187107583,5
10464,9780785850724,4
10464,9780691208015,3
10464,9780140455113,4
10464,9789356618060,4
10464,9780871138002,5
10464,9781528774888,4
10464,9789389178111,4
10464,9781405944465,5
10464,9789392510366,5
10464,9781613824009,5
10464,9781611806885,5
10464,9789358568172,4
10464,9780143433163,5
10464,9788184750348,5
10464,9789354582233,4
10464,9781605203287,4
10464,9780141914527,5
10464,9781844670208,3
10464,9780349122380,4
10464,9789354926709,3
10464,9781846048395,5
10464,9781471411533,2
10464,9781591845324,4
10464,9781849545433,4
10464,9789354928703,4
10464,9780143464617,4
10464,9789380676371,3
10464,9788190256209,5
10464,9780143474296,4
10464,9789391149291,4
10464,9781643990026,5
10464,9781471411465,4
10464,9791041985326,4
10464,9788174368942,5
10464,9789358560572,4
10464,9789351187301,5
10464,9780998203492,3
10464,9789356993563,5
10464,9781631592966,1
10464,9780694011100,1
10464,9789356995260,3
10464,9780486784755,3
10464,9781668002841,3
10464,9789354926716,2
10464,9781250902450,1
10464,9780143456476,3
10464,9781944515683,3
10465,9789360876357,4
10465,9781743791714,5
10465,9780008305550,4
10465,9781668045572,5
10465,9780008564834,5
10465,9781847651402,4
10465,9789354895579,5
10465,9780241552063,5
10465,9780486272986,5
10465,9789356295384,4
10465,9789354929762,5
10465,9789353052058,5
10465,9781524744311,5
10465,9781526645951,5
10465,9780399579721,5
10465,9780465072996,4
10465,9780525506287,5
10465,9781550924794,3
10465,9798894410067,5
10465,9781593306458,4
10465,9781786898562,5
10465,9781426215889,5
10465,9781780286136,5
10465,9781476744872,5
10465,9789354927911,5
10465,9798886500479,5
10465,9780241371862,5
10465,9780241283912,5
10465,9781648287510,5
10465,9780141986395,5
10465,9781785040443,4
10465,9781423662617,4
10465,9789356994744,5
10465,9781529401325,5
10465,9780718156848,5
10465,9780752265629,3
10465,9781668002841,4
10465,9780143452485,4
10465,9788184951332,2
10465,9781982172008,4
10465,9789390166268,4
10465,9780857199096,3
10465,9789351772071,4
10465,9786155643071,2
10465,9789356991491,4
10465,9780241983881,2
10465,9789313168805,3
10465,9780063356733,5
10465,9780670069323,5
10465,9798556993747,4
10465,9780552167833,4
10465,9780190078973,5
10465,9780063087774,1
10465,9789362143495,3
10465,9789355430601,1
10465,9780099470434,2
10465,9789354404849,2
10465,9780785850724,2
10465,9781250855145,1
10466,9781508672197,4
10466,9789382573036,5
10466,9789360876357,5
10466,9781787830783,4
10466,9781785040443,5
10466,9781520975672,3
10466,9781839909979,5
10466,9781984856623,4
10466,9780486272986,3
10466,9780062748805,5
10466,9781612438634,5
10466,9780143452485,4
10466,9798652408466,4
10466,9780399579745,5
10466,9789063697174,5
10466,9781743791714,5
10466,9789390260041,4
10466,9789354895579,5
10466,9781898130017,3
10466,9781802804966,5
10466,9789355208842,3
10466,9780525506263,5
10466,9781956769005,3
10466,9780525506287,3
10466,9781526645951,5
10466,9780241552063,5
10466,9781398717206,5
10466,9781784745011,5
10466,9781405932677,4
10466,9789354923968,5
10466,9789354925931,4
10466,9781530830657,5
10466,9781668069530,5
10466,9781491903117,3
10466,9781760630737,5
10466,9781482850888,3
10466,9798995567004,5
10466,9791222454405,3
10466,9781509866113,3
10466,9781760985240,4
10466,9780801563669,4
10466,9780307887917,5
10466,9788186775219,3
10466,9781510054585,3
10466,9789354895845,1
10466,9781803093178,1
10466,9789354402005,2
10466,9780141375663,1
10466,9789358568226,2
10467,9781623651442,5
10467,9781635577716,5
10467,9789358568226,4
10467,9781471406454,3
10467,9780349437057,5
10467,9780525559733,4
10467,9789354406249,4
10467,9788193655603,4
10467,9781473228801,4
10467,9781250902450,5
10467,9780385535502,5
10467,9782280600705,5
10467,9781408865415,5
10467,9781442408944,5
10467,9798317901462,5
10467,9798675385850,5
10467,9780486784755,5
10467,9781250343178,5
10467,9789380658797,5
10467,9781680307672,3
10467,9789389931891,5
10467,9780349436982,3
10467,9781473227996,5
10467,9781501143106,5
10467,9781760788629,4
10467,9781409181682,5
10467,9781542046152,5
10467,9781250855145,5
10467,9780241427347,4
10467,9780007323272,4
10467,9798880920662,5
10467,9780141342566,4
10467,9781368002073,2
10467,9780143455370,3
10467,9781785139949,5
10467,9781408354414,4
10467,9781338670837,3
10467,9781742768670,5
10467,9789391234263,4
10467,9780557083206,2
10467,9789063695330,3
10467,9781805222088,2
10467,9781804091043,1
10467,9781627792127,2
10468,9780063142381,5
10468,9780593238295,3
10468,9781328662057,5
10468,9788175994140,5
10468,9780078022098,5
10468,9789390327539,5
10468,9780143456476,5
10468,9780143425656,5
10468,9781449331443,5
10468,9780534422004,5
10468,9780141982410,3
10468,9788177228366,5
10468,9789391103231,4
10468,9781621291657,4
10468,9781957999043,4
10468,9780593083888,4
10468,9789357080248,5
10468,9780133489903,5
10468,9780349426129,4
10468,9789352837328,4
10468,9780007547999,5
10468,9780205982578,5
10468,9781292023946,4
10468,9789327198010,3
10468,9788177588989,4
10468,9789350121276,4
10468,9781119770763,2
10468,9789391818715,5
10468,9789390239207,5
10468,9781393638063,3
10468,9781473227996,3
10468,9781035031580,3
10468,9781444958171,1
10468,9780349437057,3
10468,9781101653876,2
10469,9780670090433,5
10469,9781611806885,5
10469,9781613824009,5
10469,9781405944465,4
10469,9780143029892,5
10469,9789389178111,5
10469,9780691208015,4
10469,9788187107583,5
10469,9780143433163,3
10469,9780349122380,5
10469,9789392510366,5
10469,9789354927041,5
10469,9789356618060,5
10469,9781605203287,4
10469,9781528774888,4
10469,9780141910819,5
10469,9780871138002,3
10469,9780140449280,5
10469,9780691148182,4
10469,9780670086399,4
10469,9789354582233,3
10469,9781844670208,3
10469,9780785850724,4
10469,9780140455113,5
10469,9788184750348,4
10469,9789358568172,4
10469,9780141914527,4
10469,9781804090633,2
10469,9789353769819,4
10469,9788190256209,5
10469,9780143443155,4
10469,9781881373070,4
10469,9789388810609,4
10469,9789354894459,3
10469,9789354926709,3
10469,9789362053206,4
10469,9789386651600,2
10469,9781846046384,2
10469,9780385484510,4
10469,9789388369046,3
10469,9789353050337,5
10469,9781399809665,4
10469,9781471411465,3
10469,9780718188863,4
10469,9781846048395,5
10469,9780143464617,5
10469,9798893310962,3
10469,9789354926136,4
10469,9780062250506,5
10469,9780547248288,1
10469,9789688802052,1
10469,9781447200611,3
10469,9780349426129,2
10469,9780593438374,3
10469,9780071752114,2
10469,9780671472122,1
10469,9781942788300,3
10469,9789354406249,2
10470,9789388810609,5
10470,9781464234255,3
10470,9789387779297,5
10470,9781607742456,5
10470,9781433832161,4
10470,9781580628556,4
10470,9781925307443,4
10470,9781399809665,5
10470,9781509852840,5
10470,9780671741907,4
10470,9781408866115,4
10470,9781472298409,5
10470,9780743421041,5
10470,9788122300260,5
10470,9789388810623,5
10470,9781643990026,4
10470,9780062031525,4
10470,9781603293525,5
10470,9780062250506,5
10470,9789365693102,5
10470,9788122300338,3
10470,9780998203492,4
10470,9781089356400,5
10470,9781524798666,4
10470,9781647291495,4
10470,9780465093069,5
10470,9781529413113,5
10470,9781472290694,4
10470,9780141035819,4
10470,9789395101011,3
10470,9788120809086,2
10470,9781408824856,4
10470,9789390678587,3
10470,9789895648269,1
10470,9788131762189,3
10470,9780723281221,1
10470,9780063356733,2
10470,9789356993327,3
10470,9789356291379,3
10471,9780198604181,5
10471,9780593449240,5
10471,9781444724585,4
10471,9781780936383,5
10471,9781495011351,5
10471,9780393351385,5
10471,9780143448990,5
10471,9789354922251,5
10471,9781524798666,5
10471,9789895648962,5
10471,9780198723097,5
10471,9781476845623,4
10471,9780747548409,4
10471,9780143433002,3
10471,9781803093178,5
10471,9781472297068,5
10471,9781338325591,3
10471,9781472290694,5
10471,9789356811621,5
10471,9780008276942,3
10471,9780063087774,3
10471,9781506721705,4
10471,9781419743191,5
10471,9789390678587,5
10471,9789394168244,3
10471,9781408824856,3
10471,9781984897398,3
10471,9789356811058,5
10471,9781938938160,4
10471,9780141906270,4
10471,9789360876357,3
10471,9780743421041,4
10471,9781526645951,4
10471,9781585429196,4
10471,9781603293525,4
10471,9781668002841,5
10471,9781984856623,3
10471,9780593582268,3
10471,9780525505105,3
10471,9780752265629,5
10471,9789390260041,5
10471,9780735229358,3
10471,9789355201287,2
10471,9781726216777,3
10471,9780062868954,1
10471,9788177588989,2
10471,9789358569568,2
10472,9780140455113,4
10472,9788187107583,4
10472,9788184750348,5
10472,9780871138002,5
10472,9781611806885,3
10472,9780143029892,4
10472,9789356618060,5
10472,9780691208015,5
10472,9781528774888,4
10472,9781405944465,5
10472,9780670086399,4
10472,9789389178111,4
10472,9789354582233,3
10472,9781605203287,5
10472,9780141910819,5
10472,9780785850724,5
10472,9781613824009,5
10472,9780141914527,3
10472,9789354927041,5
10472,9781844670208,4
10472,9780691148182,4
10472,9780670090433,5
10472,9780140449280,4
10472,9780349122380,5
10472,9789392510366,5
10472,9780143433163,3
10472,9789358568172,5
10472,9789358560572,4
10472,9780241996324,4
10472,9781464234255,4
10472,9791041985326,2
10472,9781471411465,3
10472,9789353050337,4
10472,9781591845324,3
10472,9789356993563,4
10472,9781408866115,5
10472,9781607742456,5
10472,9781846048395,5
10472,9780385484510,2
10472,9780141986005,2
10472,9788122300260,5
10472,9789354894459,4
10472,9780998203492,2
10472,9789386651600,3
10472,9789380676371,4
10472,9780743200400,4
10472,9780670090303,3
10472,9781405266512,3
10472,9781984896711,1
10472,9781510019430,3
10472,9781781105528,1
10472,9780143452485,3
10472,9780063356733,1
10472,9781408826133,3
10472,9781591842804,1
10472,9781473227996,3
10473,9780486272986,5
10473,9798652408466,4
10473,9780008564834,5
10473,9781593306458,5
10473,9780525505105,5
10473,9781476744872,4
10473,9781956769005,5
10473,9789353056469,5
10473,9781787830783,5
10473,9789353052058,5
10473,9789354927911,5
10473,9780143444626,4
10473,9780008305550,5
10473,9780525506287,5
10473,9789354895579,5
10473,9780241283912,5
10473,9781585429196,5
10473,9780141986395,5
10473,9781847651402,5
10473,9781984861641,5
10473,9781398717206,5
10473,9781405932677,4
10473,9781944515683,5
10473,9780465072996,5
10473,9781419764394,5
10473,9781805222088,5
10473,9780525506263,4
10473,9788196011802,5
10473,9780141908762,5
10473,9781529401325,5
10473,9798894410067,5
10473,9781786898562,4
10473,9781780286136,4
10473,9781423662617,4
10473,9781802804966,5
10473,9789355208842,4
10473,9781785040443,5
10473,9780062820341,5
10473,9789390260041,4
10473,9780380718153,5
10473,9781949651638,5
10473,9789354929762,4
10473,9781612438634,5
10473,9781426215889,5
10473,9781898130017,4
10473,9789354923968,5
10473,9781520975672,5
10473,9789354923500,5
10473,9780241371862,4
10473,9789360876357,5
10473,9781530728855,5
10473,9780241552063,4
10473,9781743791714,5
10473,9780752265629,4
10473,9781784745011,5
10473,9781668045572,5
10473,9789063697174,5
10473,9781508672197,5
10473,9780143452485,5
10473,9789354925931,5
10473,9780593582268,5
10473,9780753550663,4
10473,9781529902402,3
10473,9780486478999,5
10473,9780670069323,4
10473,9798870369396,5
10473,9781250865045,4
10473,9789390924219,4
10473,9789083023847,2
10473,9780593467428,3
10473,9781585426591,5
10473,9780593512296,4
10473,9798896327271,5
10473,9781530830657,3
10473,9789355217103,4
10473,9781668069530,2
10473,9780071433341,3
10473,9786155643071,3
10473,9789355201287,5
10473,9798556993747,3
10473,9788175994409,5
10473,9798986406510,2
10473,9780615978628,4
10473,9781524704551,3
10473,9789387779266,2
10473,9783804639126,2
10473,9781457431210,2
10473,9780340678039,3
10473,9781457420641,3
10473,9788184750348,2
10473,9780141035819,1
10473,9780857360007,2
10473,9781848420496,1
10473,9781501190117,2
10473,9781615931712,2
10474,9788122300260,4
10474,9781408866115,5
10474,9781925307443,5
10474,9781607742456,4
10474,9780743421041,5
10474,9780671741907,5
10474,9789365693102,5
10474,9781399809665,4
10474,9781089356400,5
10474,9789388810609,5
10474,9788122300338,5
10474,9781472298409,5
10474,9781433832161,5
10474,9781643990026,5
10474,9780062031525,4
10474,9781464234255,4
10474,9789388810623,5
10474,9781509852840,5
10474,9789387779297,5
10474,9780062250506,3
10474,9781603293525,5
10474,9781580628556,4
10474,9780998203492,5
10474,9789356813632,3
10474,9781401229894,5
10474,9781631592966,3
10474,9781647291495,5
10474,9781477303733,4
10474,9781457420641,3
10474,9789356810822,3
10474,9781802805567,2
10474,9789389310733,4
10474,9780385339032,5
10474,9788194525974,3
10474,9781460710876,4
10474,9781439107393,5
10474,9781457431210,5
10474,9780486811246,3
10474,9781786013521,4
10474,9789354922251,5
10474,9780786860708,3
10474,9789356811621,4
10474,9781848420496,5
10474,9781781105528,4
10474,9780679812685,1
10474,9781508672197,1
10474,9781405932677,3
10474,9798894410067,3
10474,9781647390983,3
10474,9780321972101,3
10474,9781250898456,3
10474,9780349437057,1
10474,9789389802559,3
10474,9789354407338,3
10475,9781529902402,5
10475,9780593512296,5
10475,9781585095568,5
10475,9789358569568,5
10475,9780857199096,3
10475,9781668069530,5
10475,9781647390983,4
10475,9789351772071,5
10475,9798998891816,5
10475,9781797221311,4
10475,9781760630737,4
10475,9780981951249,5
10475,9789390914227,5
10475,9781588361738,4
10475,9789388241908,4
10475,9789083023847,3
10475,9789354928758,3
10475,9781524704551,4
10475,9789358560381,5
10475,9789356993327,5
10475,9789358569018,4
10475,9789083023861,5
10475,9788186775219,4
10475,9781548318468,3
10475,9789356997790,4
10475,9789353451714,4
10475,9789387944763,4
10475,9798986406510,3
10475,9789357084987,5
10475,9781668065969,5
10475,9789390166268,3
10475,9789355208842,4
10475,9780552167833,3
10475,9788184951332,4
10475,9780063356733,4
10475,9780143444626,5
10475,9781668045572,4
10475,9780735200661,4
10475,9781982137274,4
10475,9789356994744,5
10475,9781956769005,3
10475,9781250865045,4
10475,9789313168805,3
10475,9798998801228,4
10475,9781250898456,1
10475,9781492032618,1
10475,9789355430601,2
10475,9781338801934,3
10475,9781399809665,2
10475,9781501190117,2
10476,9781471407772,5
10476,9788193655603,5
10476,9780486784755,5
10476,9781501143106,5
10476,9781542046152,5
10476,9780349436982,5
10476,9789356995697,5
10476,9781635577716,3
10476,9789362140258,5
10476,9780525559733,3
10476,9789389931891,5
10476,9789354402173,5
10476,9780349437057,4
10476,9780671461492,5
10476,9781785766886,5
10476,9789354407338,4
10476,9781442408944,5
10476,9781681445038,4
10476,9781680307672,3
10476,9781471406454,5
10476,9798675385850,5
10476,9781760788629,4
10476,9781250902450,5
10476,9781387282258,5
10476,9782280600705,4
10476,9789356294561,5
10476,9789380658797,4
10476,9798317901462,5
10476,9789391924294,5
10476,9789354407062,5
10476,9780143333388,5
10476,9781408855911,5
10476,9789352769261,4
10476,9789313196488,2
10476,9781426323300,5
10476,9781760295608,5
10476,9781526612960,4
10476,9780345453747,5
10476,9789354400124,4
10476,9789356993563,2
10476,9789388810609,3
10476,9789390378548,1
10476,9789353052058,3
10476,9780593500774,1
10477,9781787830783,3
10477,9780399579745,5
10477,9781802804966,5
10477,9780062820341,3
10477,9781419764394,5
10477,9798581186916,5
10477,9780399579721,5
10477,9780525506263,5
10477,9781612438634,5
10477,9781398717206,5
10477,9780241283912,5
10477,9780525505105,4
10477,9780593582268,5
10477,9781784745011,4
10477,9789063697174,3
10477,9780718156848,4
10477,9781530728855,5
10477,9781405932677,5
10477,9781520975672,5
10477,9798894410067,4
10477,9781585429196,3
10477,9798886500479,5
10477,9781805222088,3
10477,9789354925931,5
10477,9781785040443,3
10477,9781526645951,4
10477,9789355208842,5
10477,9781419766374,4
10477,9789063695330,3
10477,9781743791714,5
10477,9780241552063,5
10477,9781447261261,2
10477,9781585095568,4
10477,9781647390983,4
10477,9780063356733,2
10477,9781804091043,4
10477,9788184007558,3
10477,9798998801228,3
10477,9798995567004,3
10477,9781416502494,3
10477,9781647825621,5
10477,9780062359803,2
10477,9798893312010,4
10477,9780747574477,2
10477,9781433832161,1
10477,9788184754179,3
10477,9789392510366,2
10477,9789324192660,3
10477,9788121924375,1
10478,9781259004612,3
10478,9781737475712,5
10478,9780062968722,3
10478,9781328662057,4
10478,9780071752114,5
10478,9781621291657,4
10478,9789688802052,3
10478,9789356995833,5
10478,9780593593967,5
10478,9789357312660,3
10478,9780063142381,5
10478,9780521779135,5
10478,9789356994669,3
10478,9781250404855,3
10478,9789362143495,4
10478,9781736049129,4
10478,9789387284944,5
10478,9781492041917,3
10478,9789391028589,5
10478,9781847651310,5
10478,9781957999043,5
10478,9780205982578,5
10478,9781491952009,5
10478,9781492032618,5
10478,9781292405513,4
10478,9788190619509,5
10478,9781491950333,4
10478,9789390297306,4
10478,9789355558930,5
10478,9781316632932,3
10478,9788178125046,5
10478,9789348203168,2
10478,9789368402695,3
10478,9781718502345,2
10478,9789386298225,5
10478,9789350121665,4
10478,9788121924375,5
10478,9780008156312,2
10478,9781846048395,3
10478,9780857199096,1
10478,9789358566000,3
10478,9789357083003,3
10479,9789063695330,5
10479,9789354895579,5
10479,9780141908762,4
10479,9780486272986,5
10479,9789360876357,5
10479,9781593306458,5
10479,9780062748805,5
10479,9781648287510,3
10479,9789356295384,4
10479,9798894410067,3
10479,9781612438634,4
10479,9780380718153,5
10479,9780141986395,5
10479,9789358560381,3
10479,9798995567004,4
10479,9780385468473,3
10479,9789355217103,2
10479,9781804091043,5
10479,9789358560572,1
10479,9781509851553,3
10479,9781528774888,1
10480,9781528774888,5
10480,9781605203287,4
10480,9780140449280,4
10480,9788184750348,4
10480,9781613824009,5
10480,9780143029892,5
10480,9781405944465,5
10480,9780785850724,5
10480,9780670090433,4
10480,9789356618060,5
10480,9780691148182,3
10480,9780140455113,5
10480,9788187107583,5
10480,9780691208015,4
10480,9789354927041,5
10480,9780349122380,5
10480,9789392510366,5
10480,9789354582233,5
10480,9781844670208,4
10480,9780141910819,4
10480,9789389178111,5
10480,9780143433163,5
10480,9780871138002,4
10480,9780670086399,3
10480,9789358568172,5
10480,9781611806885,5
10480,9780141914527,5
10480,9780743200400,4
10480,9781643990026,5
10480,9789354409660,4
10480,9781501135910,5
10480,9780998203492,5
10480,9781804090633,4
10480,9789354923678,3
10480,9781607742456,3
10480,9781408866115,4
10480,9780385484510,4
10480,9789354926709,5
10480,9798893310962,2
10480,9789358560572,3
10480,9781580628556,5
10480,9780743421041,3
10480,9781846048395,4
10480,9789388810623,4
10480,9781953953247,4
10480,9781881373070,4
10480,9789391149291,5
10480,9781848317680,3
10480,9780143474296,2
10480,9780241558300,1
10480,9789895648269,1
10480,9781403930897,1
10480,9781942788300,3
10480,9789325792708,3
10480,9789354895845,3
10480,9788186775219,3
10480,9781368024136,1
10480,9781501143106,2
10481,9781529350104,5
10481,9788119153442,5
10481,9781846140556,4
10481,9789356994782,4
10481,9788184007527,5
10481,9781482850888,5
10481,9781250865045,5
10481,9780486478999,5
10481,9780071433341,4
10481,9781760985240,5
10481,9798893312010,4
10481,9789362141613,5
10481,9789389109849,4
10481,9788184951332,4
10481,9780753555637,5
10481,9780670069323,4
10481,9788175994409,5
10481,9798998801228,5
10481,9781625274496,4
10481,9798870369396,5
10481,9781804091043,5
10481,9780557083206,4
10481,9781982172008,5
10481,9781444792478,5
10481,9780671472122,3
10481,9780061745171,5
10481,9798896327271,4
10481,9789356991354,5
10481,9789390166268,4
10481,9781612680569,5
10481,9786155643071,4
10481,9780753550663,5
10481,9780801563669,5
10481,9781585426591,5
10481,9780691263632,4
10481,9780134610993,4
10481,9781250880949,5
10481,9788122415520,4
10481,9789356994713,4
10481,9781101970317,5
10481,9780981951249,4
10481,9781957999043,4
10481,9789390327539,4
10481,9780143456476,5
10481,9781594205071,4
10481,9780593238295,3
10481,9788177228366,5
10481,9789391028589,4
10481,9789395101752,3
10481,9789356291379,3
10481,9780593438374,3
10481,9789389178111,1
10481,9789358566000,3
10481,9789354404924,3
10481,9789350123485,1
10482,9780008472320,5
10482,9780545393461,5
10482,9780008333799,5
10482,9781665904964,4
10482,9780545659024,5
10482,9781958388204,5
10482,9789390183586,5
10482,9789389053135,5
10482,9781537911137,4
10482,9789388369138,5
10482,9780399242861,4
10482,9789390183555,3
10482,9788187108948,5
10482,9780241959565,5
10482,9781536208689,5
10482,9780141375663,3
10482,9789388810623,4
10482,9780008123208,5
10482,9781433832161,3
10482,9781399809665,4
10482,9781643990026,3
10482,9780307957733,3
10482,9789354921490,1
10482,9789354895579,3
10482,9781625274496,3
10482,9780062748805,1
10483,9780387310732,5
10483,9788131721018,4
10483,9789391818715,4
10483,9780321972101,4
10483,9781524748258,4
10483,9783950485417,3
10483,9788121924962,4
10483,9780077496128,5
10483,9781718502345,5
10483,9789355014467,5
10483,9781292026565,5
10483,9788131710265,5
10483,9788121924375,5
10483,9788121939096,4
10483,9781292023946,3
10483,9781118476734,5
10483,9780486434841,4
10483,9788185749754,5
10483,9781292420080,4
10483,9789352838363,5
10483,9781316632932,5
10483,9780073380575,5
10483,9780198089131,5
10483,9788177588989,5
10483,9788131762189,4
10483,9780470695197,5
10483,9780133356038,3
10483,9781119770763,4
10483,9781394251575,5
10483,9781644295533,4
10483,9789363486317,4
10483,9789352837328,4
10483,9789358897920,4
10483,9780007547999,2
10483,9781473575608,3
10483,9789688802052,2
10483,9780143425656,3
10483,9780593715833,3
10483,9788178125367,4
10483,9788175994140,4
10483,9788173177941,3
10483,9780073523408,2
10483,9789355216403,5
10483,9789391724948,3
10483,9780521779135,3
10483,9781338848007,3
10483,9781925307443,2
10483,9788193655603,1
10483,9780008724764,1
10483,9781611806885,3
10483,9781984861641,1
10484,9780143029892,5
10484,9788187107583,3
10484,9780785850724,5
10484,9780141910819,5
10484,9780349122380,4
10484,9780670090433,5
10484,9781611806885,4
10484,9789356618060,4
10484,9780691148182,5
10484,9780871138002,4
10484,9780140455113,4
10484,9781844670208,4
10484,9789354582233,4
10484,9781613824009,4
10484,9781605203287,4
10484,9780691208015,5
10484,9781528774888,4
10484,9788184750348,3
10484,9789389178111,4
10484,9789358568172,3
10484,9780143433163,4
10484,9780140449280,5
10484,9789392510366,5
10484,9781846048395,4
10484,9781849545433,2
10484,9780718188863,4
10484,9789380676371,4
10484,9781846046384,5
10484,9780143474296,3
10484,9781399809665,4
10484,9780743421041,2
10484,9788174368942,4
10484,9789390183555,1
10484,9780140326710,3
10484,9781457431210,3
10484,9781805222088,3
10485,9781529022049,5
10485,9789354921490,3
10485,9781542040464,4
10485,9781472154644,3
10485,9780008474362,5
10485,9789356291379,5
10485,9789895648269,5
10485,9781501190117,5
10485,9781982179014,5
10485,9789357087797,5
10485,9781803144382,4
10485,9789354926716,5
10485,9789353768966,5
10485,9781780896410,3
10485,9789814954853,5
10485,9781925480535,5
10485,9781627792127,5
10485,9780062868954,4
10485,9780349132860,3
10485,9781681958071,3
10485,9789355430601,3
10485,9789373034386,5
10485,9789354929564,4
10485,9788129144973,4
10485,9798643660491,3
10485,9789357083003,4
10485,9789356999848,5
10485,9789395192224,5
10485,9786020633916,5
10485,9780593438374,5
10485,9781785139949,5
10485,9781471406454,4
10485,9789354406249,4
10485,9781501143106,3
10485,9781623651442,3
10485,9788193655603,4
10485,9781635577716,4
10485,9781408865415,3
10485,9789380658797,4
10485,9780349436982,5
10485,9780385535502,5
10485,9789354402173,3
10485,9781471407772,3
10485,9781916277182,3
10485,9781250343178,5
10485,9781408826133,5
10485,9781473227996,2
10485,9781324095323,3
10485,9798675385850,3
10485,9789354407062,1
10485,9781615931712,1
10485,9780008724764,2
10485,9781473535169,2
10485,9789688802052,3
10485,9780241982297,1
10485,9780190078973,3
10485,9780141906270,2
10485,9789391028589,2
10486,9789356294561,4
10486,9781785766886,5
10486,9789354406249,4
10486,9780751583694,5
10486,9780385535502,3
10486,9782280600705,4
10486,9789358568226,5
10486,9781442408944,3
10486,9781760788629,3
10486,9780375703768,5
10486,9780671461492,5
10486,9781409181682,3
10486,9781501143106,5
10486,9781665979542,3
10486,9780141347684,4
10486,9780241621639,5
10486,9788183896788,4
10486,9780545520492,3
10486,9780063497474,3
10486,9789360876357,2
10486,9780399579721,1
10487,9789358569018,5
10487,9798998891816,3
10487,9781668069530,4
10487,9781668065969,5
10487,9789357084987,5
10487,9781797221311,5
10487,9789388241908,4
10487,9781585095568,5
10487,9780857199096,5
10487,9781529902402,5
10487,9780593512296,4
10487,9789358560381,5
10487,9789351772071,5
10487,9781760630737,5
10487,9781524704551,5
10487,9781647390983,5
10487,9789083023847,3
10487,9780981951249,5
10487,9781548318468,4
10487,9798986406510,3
10487,9789083023861,4
10487,9789354928758,5
10487,9789387944763,5
10487,9788186775219,3
10487,9789358569568,4
10487,9789356997790,5
10487,9789353451714,4
10487,9789356993327,3
10487,9781588361738,5
10487,9789390914227,5
10487,9781524744311,5
10487,9788184007527,4
10487,9781805222088,3
10487,9781400225415,4
10487,9781591842804,2
10487,9781804091043,4
10487,9780241552063,2
10487,9789353043551,4
10487,9780143444626,5
10487,9798556993747,5
10487,9780141908762,5
10487,9789393757029,3
10487,9780984358106,5
10487,9780486272986,3
10487,9781259004612,2
10487,9789354405174,3
10487,9789354923678,2
10487,9788184750348,3
10487,9788171672882,3
10487,9781292420080,1
10488,9788173158759,5
10488,9789386845641,4
10488,9789325792708,3
10488,9789324192660,4
10488,9781393638063,4
10488,9781260467369,4
10488,9789389480511,4
10488,9789325794917,4
10488,9789325798014,3
10488,9789358897920,4
10488,9789359587615,5
10488,9789313197133,3
10488,9789387604513,3
10488,9789388642101,4
10488,9789359584362,5
10488,9789327198010,4
10488,9789350127643,5
10488,9789350121665,5
10488,9788178125046,5
10488,9789348203168,5
10488,9789390711956,4
10488,9789354881008,5
10488,9789350125175,5
10488,9789356344846,4
10488,9788173177941,5
10488,9789387604209,5
10488,9789359981185,5
10488,9789386298195,4
10488,9788174822413,5
10488,9788178123684,3
10488,9789355558930,5
10488,9789390297306,5
10488,9781264842292,5
10488,9789368402695,4
10488,9788178125367,5
10488,9789350121276,4
10488,9798630240729,5
10488,9789389480481,5
10488,9789362258601,5
10488,9780071775304,5
10488,9789352036592,5
10488,9789390239207,5
10488,9789350128121,5
10488,9789355216403,5
10488,9789327196504,4
10488,9789350123485,5
10488,9789386298225,3
10488,9788194742616,5
10488,9789350127353,4
10488,9789368900924,5
10488,9789359585314,5
10488,9789389480474,3
10488,9781292405513,2
10488,9780534422004,2
10488,9781492041108,3
10488,9789347231902,5
10488,9781328662057,4
10488,9781718502703,5
10488,9788175994140,5
10488,9789394407015,3
10488,9781118476734,4
10488,9780470695197,3
10488,9789387918573,4
10488,9780062968722,5
10488,9780321972101,4
10488,9781571315991,3
10488,9781260723106,3
10488,9788190619509,5
10488,9789355014467,5
10488,9781847651310,2
10488,9789389802559,2
10488,9788177228366,3
10488,9781984856623,3
10488,9780981951249,2
10488,9780008724764,3
10488,9780241765876,1
10488,9789386651600,3
10488,9780307830630,2
10488,9788119153442,3
10488,9789354926709,2
10488,9789895648962,2
10489,9789355216403,5
10489,9789355558930,4
10489,9789356344846,5
10489,9798630240729,5
10489,9789350125175,3
10489,9781264842292,4
10489,9789327196504,4
10489,9789389480474,5
10489,9788173177941,5
10489,9789390711956,4
10489,9789354881008,5
10489,9789362258601,5
10489,9789352036592,5
10489,9789324192660,4
10489,9789386845641,4
10489,9788178125367,4
10489,9788178125046,5
10489,9789359587615,5
10489,9789390297306,5
10489,9789389480481,4
10489,9789350127643,5
10489,9789386298225,4
10489,9789359981185,5
10489,9789390239207,4
10489,9789389480511,3
10489,9789350121276,4
10489,9789387604209,5
10489,9789359585314,5
10489,9780071775304,4
10489,9789313197133,4
10489,9789325798014,5
10489,9789355641250,5
10489,9789348203168,5
10489,9788174822413,4
10489,9781393638063,3
10489,9789387604513,4
10489,9789386298195,5
10489,9789368402695,5
10489,9789350121665,5
10489,9789359584362,5
10489,9781328662057,2
10489,9780534422004,4
10489,9788126579907,2
10489,9789356995260,3
10489,9780593238295,3
10489,9780134610993,4
10489,9780593083888,3
10489,9780349426129,5
10489,9789352838363,2
10489,9789355014467,4
10489,9780771010439,4
10489,9780198089131,3
10489,9781718502703,3
10489,9780199678112,3
10489,9781491952009,4
10489,9781484758601,3
10489,9781250865045,1
10489,9781742768670,1
10489,9780141906270,2
10489,9789390914227,3
10489,9781785766886,2
10489,9781942788300,3
10489,9781250343178,3
10490,9788175994409,4
10490,9780753555637,5
10490,9780593467428,4
10490,9781119523260,5
10490,9781491903117,5
10490,9780241982297,4
10490,9791222454405,4
10490,9789390378548,4
10490,9789390166275,4
10490,9780307887917,5
10490,9781473535169,5
10490,9789355201287,3
10490,9780063356733,4
10490,9789354408380,5
10490,9788184006490,5
10490,9781509866113,4
10490,9780857199096,5
10490,9781647390983,3
10490,9780078022159,5
10490,9781529902402,4
10490,9781588361738,3
10490,9781935785132,3
10490,9789358565164,2
10490,9780008588816,3
10490,9780671461492,2
10490,9781401937539,1
10491,9781805222088,4
10491,9780752265629,5
10491,9781508672197,5
10491,9781847651402,5
10491,9781419764394,5
10491,9781529401325,5
10491,9789356994744,3
10491,9781668045572,5
10491,9781405932677,4
10491,9781786898562,4
10491,9798886500479,5
10491,9781913682118,5
10491,9780241283912,5
10491,9780141986395,4
10491,9781668002841,5
10491,9780465072996,5
10491,9781593306458,3
10491,9781471729034,4
10491,9781785040443,5
10491,9780399579721,4
10491,9780008305550,5
10491,9798652408466,5
10491,9789390260041,5
10491,9781585429196,5
10491,9789353056469,3
10491,9780143452485,5
10491,9781524744311,5
10491,9780525506287,5
10491,9780525505105,5
10491,9781423662617,5
10491,9781520975672,5
10491,9781844775316,4
10491,9781398717206,5
10491,9781476744872,3
10491,9789356295384,5
10491,9780062820341,5
10491,9781743791714,5
10491,9780241552063,5
10491,9781530728855,4
10491,9789354929762,4
10491,9781989120989,3
10491,9780241371862,4
10491,9780525506263,5
10491,9781780286136,5
10491,9781944515683,5
10491,9789357087223,3
10491,9780857199539,5
10491,9789354891670,3
10491,9780143444626,5
10491,9788196011802,4
10491,9789355208842,5
10491,9780718156848,5
10491,9781804091043,5
10491,9781473535169,4
10491,9789773772598,3
10491,9780557083206,4
10491,9781932429350,4
10491,9781585426591,3
10491,9789356991491,5
10491,9789390378548,4
10491,9781760630737,4
10491,9780241983881,4
10491,9789358560381,4
10491,9781548318468,4
10491,9781443460712,5
10491,9788184951332,5
10491,9789083023847,2
10491,9780753555637,4
10491,9781797221311,5
10491,9788184007558,4
10491,9780345472328,4
10491,9780241981344,2
10491,9781732626508,2
10491,9780241996324,1
10491,9780141339184,3
10491,9789347231902,3
10491,9789389178111,3
10491,9781492041917,3
10491,9781491950333,1
10491,9789359981185,3
10491,9781524748258,3
10492,9789389931891,4
10492,9781473227996,4
10492,9781408865415,5
10492,9781760788629,3
10492,9780375703768,4
10492,9780751583694,5
10492,9781324095323,4
10492,9781442408944,5
10492,9798675385850,5
10492,9781409181682,5
10492,9780593438374,3
10492,9789354407338,3
10492,9781471407772,5
10492,9780349437057,5
10492,9781501143106,5
10492,9780349436982,4
10492,9789356294561,4
10492,9781681445038,4
10492,9789390183562,4
10492,9780547248288,3
10492,9781408354414,4
10492,9781771672504,5
10492,9788187108948,4
10492,9780008256944,5
10492,9780008333799,4
10492,9789389802559,2
10492,9781542040464,2
10492,9781932429350,2
10493,9781846046384,4
10493,9789354928956,4
10493,9788174368942,5
10493,9789354409660,5
10493,9789354923678,4
10493,9789353456443,5
10493,9783956763182,5
10493,9781471411533,3
10493,9789351180555,5
10493,9788190256209,5
10493,9781591845324,5
10493,9789354926136,4
10493,9789386651600,5
10493,9789354928284,5
10493,9789354928703,3
10493,9781471411465,5
10493,9781401937539,4
10493,9789380676371,5
10493,9780143443155,5
10493,9780718188863,5
10493,9788120725249,4
10493,9781846048395,5
10493,9781849545433,4
10493,9780241996324,4
10493,9781848317680,5
10493,9781471411632,4
10493,9781953953247,5
10493,9780385484510,5
10493,9780670090303,5
10493,9791041985326,5
10493,9781804090633,4
10493,9789353050337,5
10493,9789362053206,4
10493,9781501135910,5
10493,9789389647242,5
10493,9798893310962,3
10493,9789354894459,5
10493,9780369348906,5
10493,9780143423928,4
10493,9789354926709,5
10493,9780743200400,4
10493,9789356993563,5
10493,9789355219244,4
10493,9780143474296,4
10493,9780353275195,5
10493,9789391149291,3
10493,9781881373070,4
10493,9789351860839,5
10493,9789353769819,3
10493,9789358560572,4
10493,9789351187301,4
10493,9780141986005,5
10493,9789388369046,5
10493,9780671741907,3
10493,9789389178111,4
10493,9789358568172,4
10493,9780743421041,4
10493,9780785850724,5
10493,9780998203492,5
10493,9780140449280,5
10493,9788184750348,5
10493,9781844670208,3
10493,9781605203287,3
10493,9780062031525,3
10493,9780141914527,2
10493,9788122300260,5
10493,9781464234255,2
10493,9781472298409,4
10493,9781408866115,4
10493,9780140455113,5
10493,9789356618060,4
10493,9780691208015,3
10493,9781580628556,5
10493,9789390183005,1
10493,9789354405365,1
10493,9780061899874,1
10493,9781957999043,2
10493,9789356991491,1
10493,9781409181620,3
10493,9781529902402,1
10493,9780141986395,1
10493,9781447439332,2
10494,9789354406249,5
10494,9789362140258,5
10494,9780751583694,4
10494,9780593438374,3
10494,9788193655603,4
10494,9780349437057,5
10494,9781409181682,5
10494,9781760788629,4
10494,9781408826133,4
10494,9781680307672,4
10494,9781408865415,3
10494,9781780874005,5
10494,9781501143106,5
10494,9780486784755,5
10494,9781916277182,5
10494,9789389931891,5
10494,9789354402173,5
10494,9780525559733,4
10494,9781471406454,5
10494,9781681445038,4
10494,9781542046152,5
10494,9780671461492,5
10494,9780375703768,4
10494,9781250343178,4
10494,9781250855145,5
10494,9789380658797,5
10494,9781473228801,5
10494,9789353451882,5
10494,9781635577716,4
10494,9781387282258,5
10494,9781623651442,5
10494,9789362145369,5
10494,9782280600705,5
10494,9780349436982,5
10494,9789358568226,5
10494,9781442408944,5
10494,9798317901462,5
10494,9780385535502,3
10494,9781250902450,5
10494,9781785766886,5
10494,9789356995697,4
10494,9781471407772,3
10494,9789356294561,5
10494,9789354407338,4
10494,9781473227996,4
10494,9789357316354,3
10494,9783689951016,3
10494,9781324095323,5
10494,9798675385850,5
10494,9780241379141,3
10494,9781665904964,4
10494,9780241659670,4
10494,9789387779723,2
10494,9781943330201,2
10494,9789354400124,2
10494,9780008156312,4
10494,9781368002073,5
10494,9780593092934,4
10494,9780694011100,3
10494,9781760295646,4
10494,9780986444159,4
10494,9780143497639,5
10494,9781958388952,3
10494,9781960927101,3
10494,9789387779730,4
10494,9780747570738,3
10494,9789354402715,4
10494,9780307957733,2
10494,9780316480802,4
10494,9789388144049,4
10494,9780739350331,3
10494,9780241427361,5
10494,9781439107393,2
10494,9781501135910,1
10494,9789347231902,2
10494,9781913682118,1
10494,9788196011802,3
10494,9781925307443,3
10494,9788175994409,3
10494,9781506721705,3
10494,9789357027519,3
10494,9789390166268,3
10495,9789354926716,3
10495,9789354921490,5
10495,9798643660491,4
10495,9781780896410,5
10495,9789356291379,5
10495,9781542040464,5
10495,9780349132860,5
10495,9789895648269,4
10495,9781982179014,3
10495,9781925480535,5
10495,9780008474362,3
10495,9780062868954,5
10495,9789355430601,4
10495,9781472154644,5
10495,9789357087797,5
10495,9788129144973,5
10495,9781785139949,4
10495,9781760788629,4
10495,9781542046152,4
10495,9789356294561,2
10495,9781442408944,3
10495,9781473228801,5
10495,9781444958171,1
10495,9781944515683,2
10495,9781591842804,3
10495,9798648372467,1
10496,9780557083206,5
10496,9781119523260,4
10496,9786155643071,3
10496,9780345472328,5
10496,9780753550663,5
10496,9781804091043,4
10496,9789354408380,5
10496,9780984358106,5
10496,9789355217103,5
10496,9798893312010,3
10496,9781846140556,5
10496,9781416502494,4
10496,9781491903117,5
10496,9780231555074,5
10496,9798896327271,5
10496,9780061745171,4
10496,9788184007527,5
10496,9780670093946,5
10496,9781942788300,4
10496,9789390166275,5
10496,9780063356733,4
10496,9789348098559,5
10496,9780552167833,4
10496,9781585426591,5
10496,9780385468473,3
10496,9789394407015,5
10496,9789356997790,5
10496,9789083023861,4
10496,9780521779135,2
10496,9781529902402,5
10496,9780071752114,3
10496,9798998891816,4
10496,9788176561068,5
10496,9781668069530,4
10496,9789390183586,2
10496,9781472290694,1
10496,9789359584362,3
10496,9780073380575,2
10496,9780702348839,2
10497,9781509852840,5
10497,9781408866115,3
10497,9780671741907,5
10497,9781399809665,5
10497,9781433832161,5
10497,9781607742456,5
10497,9789388810623,5
10497,9781925307443,5
10497,9789387779297,5
10497,9781580628556,4
10497,9780062250506,5
10497,9788122300338,5
10497,9781472298409,5
10497,9781464234255,4
10497,9780743421041,4
10497,9781643990026,4
10497,9781603293525,5
10497,9789388810609,3
10497,9780998203492,4
10497,9781089356400,5
10497,9780062031525,3
10497,9788122300260,4
10497,9789365693102,4
10497,9781733989633,4
10497,9781529413113,4
10497,9780747548409,3
10497,9781524798666,3
10497,9781608685486,2
10497,9781616770969,2
10497,9798652464264,4
10497,9789395101004,5
10497,9780008123208,4
10497,9789895648962,5
10497,9789354922251,4
10497,9781647291495,4
10497,9789356811058,4
10497,9781457431210,3
10497,9783526528227,2
10497,9789391149758,3
10497,9789394168510,5
10497,9789394168244,5
10497,9781781105528,3
10497,9780671604295,3
10497,9781401229894,5
10497,9781615931712,4
10497,9789356812116,4
10497,9789083023847,1
10497,9789356296572,1
10497,9781943330614,2
10497,9780349132860,2
10497,9781529022049,2
10497,9780679812685,3
10497,9780143425656,2
10497,9781949651638,2
10497,9781476744872,1
10497,9781780874005,2
10498,9781419766374,5
10498,9780857199539,5
10498,9789355208842,4
10498,9780143444626,4
10498,9781949651638,4
10498,9780141908762,5
10498,9781785040443,4
10498,9781668002841,4
10498,9780399579721,5
10498,9781524744311,4
10498,9781471729034,5
10498,9780399579745,3
10498,9780718156848,4
10498,9780008564834,5
10498,9780486272986,3
10498,9781844775316,4
10498,9798848621181,5
10498,9789353052058,5
10498,9781784745011,4
10498,9781942788300,3
10498,9780857199096,4
10498,9789390166268,3
10498,9789355217103,3
10498,9780670069323,5
10498,9780385676519,5
10498,9780975601464,4
10498,9781786013521,2
10498,9781943330614,3
10498,9780133489903,3
10498,9781442408944,1
10499,9780143433002,5
10499,9781524798666,5
10499,9781457420641,4
10499,9781338325591,5
10499,9781647291495,5
10499,9781472241467,5
10499,9780143445258,5
10499,9789351035497,5
10499,9781631592966,5
10499,9780571235568,5
10499,9786067892864,5
10499,9798652464264,5
10499,9781447439332,4
10499,9781472261281,4
10499,9780144000265,5
10499,9789356810822,5
10499,9780992550714,3
10499,9780060391683,4
10499,9781506721705,4
10499,9781408824856,5
10499,9789392837258,5
10499,9780747548409,5
10499,9781508672197,4
10499,9781787830783,3
10499,9780486272986,4
10499,9780008564834,2
10499,9780465072996,5
10499,9780062748805,3
10499,9780525505105,2
10499,9781433832161,5
10499,9781393638063,3
10499,9780615978628,3
10499,9780593238295,3
10499,9789354403279,2
10499,9789350121665,3
