User-ID,Node_Index
276725,0
276726,1
276727,2
276729,3
276733,4
276736,5
276737,6
276744,7
276745,8
276746,9
276747,10
276748,11
276751,12
276754,13
276755,14
276760,15
276762,16
276765,17
276768,18
276772,19
276774,20
276780,21
276786,22
276788,23
276796,24
276798,25
276800,26
276803,27
276804,28
276806,29
276808,30
276811,31
276812,32
276813,33
276814,34
276817,35
276820,36
276822,37
276827,38
276828,39
276830,40
276832,41
276833,42
276835,43
276837,44
276838,45
276840,46
276842,47
276847,48
276848,49
276850,50
276852,51
276853,52
276854,53
276856,54
276857,55
276859,56
276861,57
276862,58
276863,59
276866,60
276869,61
276870,62
276872,63
276873,64
276875,65
276878,66
276879,67
276884,68
276887,69
276888,70
276889,71
276890,72
276896,73
276904,74
276905,75
276911,76
276912,77
276915,78
276916,79
276925,80
276927,81
276928,82
276929,83
276934,84
276936,85
276939,86
276943,87
276946,88
276949,89
276950,90
276953,91
276954,92
276957,93
276959,94
276963,95
276964,96
276965,97
276975,98
276981,99
276984,100
276986,101
276988,102
276989,103
276990,104
276992,105
276994,106
276997,107
276998,108
277002,109
277007,110
277009,111
277010,112
277012,113
277018,114
277019,115
277022,116
277023,117
277028,118
277031,119
277032,120
277035,121
277036,122
277040,123
277042,124
277048,125
277051,126
277052,127
277053,128
277056,129
277058,130
277064,131
277065,132
277072,133
277073,134
277074,135
277075,136
277079,137
277085,138
277087,139
277090,140
277094,141
277096,142
277102,143
277107,144
277109,145
277114,146
277116,147
277123,148
277124,149
277128,150
277129,151
277134,152
277135,153
277139,154
277142,155
277143,156
277149,157
277155,158
277157,159
277159,160
277165,161
277168,162
277170,163
277171,164
277176,165
277179,166
277180,167
277183,168
277186,169
277187,170
277188,171
277189,172
277195,173
277196,174
277197,175
277203,176
277205,177
277209,178
277212,179
277220,180
277221,181
277228,182
277229,183
277230,184
277231,185
277232,186
277235,187
277237,188
277240,189
277242,190
277243,191
277244,192
277245,193
277246,194
277249,195
277253,196
277256,197
277257,198
277261,199
277262,200
277265,201
277267,202
277268,203
277269,204
277271,205
277272,206
277274,207
277281,208
277284,209
277285,210
277288,211
277291,212
277292,213
277293,214
277305,215
277314,216
277315,217
277317,218
277330,219
277334,220
277338,221
277339,222
277340,223
277341,224
277343,225
277348,226
277351,227
277353,228
277358,229
277359,230
277363,231
277364,232
277367,233
277369,234
277371,235
277374,236
277375,237
277378,238
277379,239
277380,240
277384,241
277388,242
277389,243
277392,244
277397,245
277399,246
277400,247
277402,248
277405,249
277408,250
277411,251
277413,252
277424,253
277425,254
277427,255
277432,256
277433,257
277434,258
277435,259
277436,260
277439,261
277444,262
277453,263
277457,264
277461,265
277462,266
277466,267
277469,268
277470,269
277471,270
277473,271
277474,272
277478,273
277479,274
277486,275
277488,276
277489,277
277502,278
277506,279
277508,280
277509,281
277513,282
277514,283
277516,284
277517,285
277518,286
277519,287
277523,288
277525,289
277526,290
277527,291
277528,292
277529,293
277530,294
277532,295
277533,296
277535,297
277538,298
277544,299
277547,300
277548,301
277554,302
277556,303
277559,304
277560,305
277562,306
277563,307
277565,308
277568,309
277569,310
277574,311
277575,312
277579,313
277585,314
277586,315
277588,316
277589,317
277590,318
277594,319
277595,320
277596,321
277598,322
277601,323
277605,324
277610,325
277619,326
277622,327
277623,328
277627,329
277629,330
277632,331
277633,332
277636,333
277638,334
277639,335
277641,336
277643,337
277646,338
277647,339
277648,340
277650,341
277651,342
277657,343
277660,344
277662,345
277665,346
277667,347
277680,348
277681,349
277682,350
277687,351
277688,352
277689,353
277691,354
277696,355
277697,356
277698,357
277700,358
277701,359
277705,360
277706,361
277710,362
277711,363
277712,364
277714,365
277716,366
277720,367
277722,368
277727,369
277728,370
277737,371
277740,372
277741,373
277743,374
277744,375
277746,376
277748,377
277752,378
277753,379
277756,380
277759,381
277761,382
277764,383
277765,384
277767,385
277768,386
277769,387
277774,388
277775,389
277776,390
277777,391
277778,392
277779,393
277781,394
277782,395
277783,396
277784,397
277786,398
277787,399
277788,400
277790,401
277791,402
277793,403
277794,404
277795,405
277797,406
277798,407
277799,408
277800,409
277801,410
277802,411
277803,412
277807,413
277808,414
277809,415
277811,416
277812,417
277813,418
277814,419
277816,420
277817,421
277818,422
277819,423
277820,424
277823,425
277824,426
277825,427
277826,428
277827,429
277828,430
277830,431
277831,432
277832,433
277833,434
277834,435
277835,436
277837,437
277838,438
277840,439
277841,440
277842,441
277843,442
277844,443
277845,444
277847,445
277853,446
277856,447
277862,448
277864,449
277867,450
277872,451
277873,452
277877,453
277879,454
277882,455
277884,456
277888,457
277891,458
277892,459
277894,460
277895,461
277898,462
277901,463
277903,464
277904,465
277908,466
277909,467
277911,468
277913,469
277915,470
277918,471
277919,472
277921,473
277922,474
277923,475
277928,476
277929,477
277930,478
277932,479
277934,480
277937,481
277938,482
277941,483
277945,484
277946,485
277947,486
277953,487
277954,488
277958,489
277959,490
277962,491
277964,492
277965,493
277969,494
277975,495
277978,496
277982,497
277984,498
277987,499
277988,500
277989,501
277992,502
277993,503
277996,504
277997,505
277998,506
278002,507
278004,508
278007,509
278008,510
278009,511
278012,512
278013,513
278014,514
278017,515
278019,516
278020,517
278021,518
278022,519
278023,520
278024,521
278026,522
278030,523
278034,524
278036,525
278043,526
278044,527
278048,528
278054,529
278056,530
278057,531
278058,532
278063,533
278064,534
278065,535
278066,536
278069,537
278070,538
278074,539
278075,540
278079,541
278085,542
278089,543
278092,544
278094,545
278095,546
278096,547
278097,548
278098,549
278100,550
278104,551
278106,552
278107,553
278110,554
278111,555
278112,556
278117,557
278119,558
278120,559
278122,560
278126,561
278130,562
278131,563
278137,564
278139,565
278140,566
278144,567
278148,568
278149,569
278153,570
278155,571
278156,572
278158,573
278159,574
278160,575
278161,576
278162,577
278167,578
278168,579
278172,580
278176,581
278177,582
278181,583
278183,584
278184,585
278185,586
278188,587
278193,588
278194,589
278197,590
278199,591
278200,592
278202,593
278203,594
278204,595
278206,596
278207,597
278209,598
278212,599
278213,600
278215,601
278216,602
278218,603
278220,604
278221,605
278224,606
278227,607
278229,608
278235,609
278237,610
278238,611
278242,612
278243,613
278244,614
278245,615
278246,616
278248,617
278249,618
278250,619
278251,620
278253,621
278254,622
278255,623
278257,624
278259,625
278260,626
278263,627
278264,628
278270,629
278274,630
278279,631
278280,632
278297,633
278300,634
278302,635
278307,636
278310,637
278311,638
278313,639
278314,640
278316,641
278319,642
278325,643
278328,644
278330,645
278332,646
278333,647
278334,648
278336,649
278342,650
278345,651
278346,652
278350,653
278355,654
278356,655
278357,656
278358,657
278361,658
278364,659
278365,660
278368,661
278373,662
278376,663
278377,664
278378,665
278388,666
278389,667
278390,668
278394,669
278396,670
278398,671
278400,672
278401,673
278407,674
278409,675
278411,676
278413,677
278418,678
278422,679
278431,680
278452,681
278465,682
278469,683
278483,684
278491,685
278501,686
278503,687
278506,688
278514,689
278522,690
278524,691
278525,692
278529,693
278534,694
278535,695
278536,696
278539,697
278541,698
278543,699
278545,700
278552,701
278554,702
278556,703
278559,704
278561,705
278563,706
278565,707
278582,708
278586,709
278633,710
278637,711
278648,712
278653,713
278663,714
278672,715
278675,716
278683,717
278688,718
278692,719
278694,720
278698,721
278723,722
278740,723
278755,724
278767,725
278769,726
278773,727
278774,728
278778,729
278798,730
278819,731
278825,732
278832,733
278843,734
278844,735
278849,736
278854,737
9,738
14,739
16,740
23,741
26,742
39,743
44,744
51,745
67,746
68,747
75,748
91,749
95,750
99,751
114,752
125,753
135,754
144,755
165,756
169,757
185,758
193,759
207,760
224,761
232,762
236,763
242,764
243,765
244,766
254,767
256,768
272,769
280,770
300,771
306,772
343,773
367,774
372,775
383,776
384,777
387,778
388,779
392,780
408,781
413,782
422,783
424,784
432,785
441,786
446,787
476,788
486,789
487,790
493,791
496,792
501,793
503,794
505,795
507,796
508,797
512,798
516,799
523,800
537,801
558,802
559,803
564,804
566,805
569,806
595,807
618,808
620,809
625,810
626,811
638,812
640,813
641,814
643,815
645,816
651,817
660,818
695,819
698,820
709,821
711,822
714,823
728,824
735,825
741,826
743,827
746,828
757,829
763,830
776,831
778,832
785,833
786,834
791,835
805,836
819,837
824,838
834,839
843,840
850,841
853,842
861,843
876,844
882,845
885,846
899,847
900,848
901,849
913,850
914,851
915,852
929,853
933,854
936,855
970,856
981,857
989,858
996,859
1003,860
1007,861
1008,862
1009,863
1010,864
1011,865
1021,866
1022,867
1025,868
1031,869
1032,870
1040,871
1054,872
1057,873
1063,874
1075,875
1082,876
1083,877
1084,878
1093,879
1111,880
1113,881
1116,882
1118,883
1129,884
1131,885
1138,886
1140,887
1155,888
1161,889
1167,890
1170,891
1178,892
1184,893
1193,894
1210,895
1211,896
1214,897
1235,898
1249,899
1254,900
1261,901
1264,902
1281,903
1293,904
1294,905
1297,906
1309,907
1325,908
1343,909
1348,910
1359,911
1368,912
1372,913
1376,914
1377,915
1389,916
1409,917
1412,918
1424,919
1433,920
1435,921
1436,922
1448,923
1485,924
1486,925
1489,926
1513,927
1519,928
1530,929
1533,930
1535,931
1548,932
1559,933
1583,934
1585,935
1591,936
1596,937
1597,938
1608,939
1617,940
1619,941
1650,942
1652,943
1660,944
1661,945
1672,946
1674,947
1706,948
1718,949
1719,950
1725,951
1733,952
1759,953
1768,954
1773,955
1790,956
1793,957
1797,958
1803,959
1805,960
1812,961
1829,962
1830,963
1848,964
1863,965
1898,966
1901,967
1903,968
1905,969
1921,970
1928,971
1933,972
1937,973
1949,974
2010,975
2012,976
2019,977
2030,978
2033,979
2041,980
2087,981
2089,982
2090,983
2099,984
2103,985
2104,986
2106,987
2108,988
2110,989
2115,990
2127,991
2132,992
2134,993
2136,994
2139,995
2152,996
2169,997
2172,998
2178,999
2179,1000
2183,1001
2189,1002
2198,1003
2204,1004
2250,1005
2253,1006
2255,1007
2268,1008
2271,1009
2275,1010
2276,1011
2281,1012
2283,1013
2287,1014
2288,1015
2292,1016
2308,1017
2313,1018
2324,1019
2326,1020
2333,1021
2337,1022
2354,1023
2357,1024
2358,1025
2366,1026
2375,1027
2385,1028
2386,1029
2388,1030
2395,1031
2399,1032
2411,1033
2414,1034
2437,1035
2439,1036
2442,1037
2466,1038
2481,1039
2482,1040
2484,1041
2503,1042
2529,1043
2545,1044
2552,1045
2559,1046
2565,1047
2569,1048
2578,1049
2582,1050
2584,1051
2589,1052
2591,1053
2595,1054
2599,1055
2611,1056
2613,1057
2630,1058
2633,1059
2638,1060
2640,1061
2651,1062
2653,1063
2655,1064
2668,1065
2685,1066
2700,1067
2719,1068
2738,1069
2744,1070
2746,1071
2766,1072
2770,1073
2771,1074
2790,1075
2791,1076
2793,1077
2798,1078
2799,1079
2804,1080
2830,1081
2853,1082
2854,1083
2855,1084
2872,1085
2891,1086
2906,1087
2907,1088
2943,1089
2945,1090
2964,1091
2973,1092
2977,1093
2992,1094
2995,1095
2996,1096
3005,1097
3017,1098
3020,1099
3026,1100
3032,1101
3079,1102
3093,1103
3099,1104
3100,1105
3104,1106
3106,1107
3113,1108
3133,1109
3145,1110
3154,1111
3166,1112
3167,1113
3168,1114
3172,1115
3186,1116
3191,1117
3192,1118
3206,1119
3261,1120
3282,1121
3305,1122
3310,1123
3321,1124
3323,1125
3326,1126
3329,1127
3331,1128
3344,1129
3346,1130
3350,1131
3355,1132
3362,1133
3363,1134
3368,1135
3371,1136
3373,1137
3374,1138
3376,1139
3379,1140
3393,1141
3404,1142
3416,1143
3418,1144
3422,1145
3427,1146
3435,1147
3437,1148
3445,1149
3460,1150
3467,1151
3472,1152
3481,1153
3488,1154
3496,1155
3505,1156
3507,1157
3509,1158
3512,1159
3534,1160
3537,1161
3538,1162
3541,1163
3542,1164
3543,1165
3556,1166
3569,1167
3575,1168
3578,1169
3580,1170
3593,1171
3594,1172
3599,1173
3601,1174
3605,1175
3619,1176
3632,1177
3640,1178
3643,1179
3652,1180
3654,1181
3667,1182
3668,1183
3669,1184
3675,1185
3693,1186
3694,1187
3709,1188
3719,1189
3728,1190
3739,1191
3743,1192
3752,1193
3756,1194
3757,1195
3761,1196
3767,1197
3775,1198
3792,1199
3814,1200
3817,1201
3821,1202
3827,1203
3839,1204
3840,1205
3842,1206
3869,1207
3879,1208
3886,1209
3893,1210
3894,1211
3915,1212
3917,1213
3923,1214
3935,1215
3938,1216
3944,1217
3948,1218
3953,1219
3965,1220
3966,1221
3975,1222
3977,1223
3990,1224
3991,1225
3999,1226
4017,1227
4024,1228
4049,1229
4066,1230
4076,1231
4077,1232
4090,1233
4092,1234
4098,1235
4103,1236
4107,1237
4114,1238
4131,1239
4144,1240
4157,1241
4164,1242
4165,1243
4169,1244
4179,1245
4181,1246
4183,1247
4185,1248
4187,1249
4188,1250
4189,1251
4193,1252
4197,1253
4221,1254
4223,1255
4225,1256
4226,1257
4228,1258
4243,1259
4275,1260
4285,1261
4303,1262
4317,1263
4334,1264
4365,1265
4370,1266
4376,1267
4385,1268
4386,1269
4419,1270
4420,1271
4426,1272
4433,1273
4435,1274
4514,1275
4516,1276
4518,1277
4541,1278
4547,1279
4551,1280
4556,1281
4570,1282
4571,1283
4574,1284
4577,1285
4579,1286
4622,1287
4669,1288
4708,1289
4731,1290
4732,1291
4766,1292
4781,1293
4784,1294
4785,1295
4794,1296
4795,1297
4802,1298
4809,1299
4816,1300
4821,1301
4838,1302
4845,1303
4854,1304
4864,1305
4881,1306
4896,1307
4900,1308
4929,1309
4938,1310
4944,1311
4954,1312
4958,1313
4965,1314
4973,1315
4976,1316
4999,1317
5003,1318
5022,1319
5034,1320
5037,1321
5040,1322
5048,1323
5049,1324
5055,1325
5091,1326
5100,1327
5101,1328
5124,1329
5126,1330
5127,1331
5130,1332
5163,1333
5170,1334
5184,1335
5204,1336
5207,1337
5208,1338
5209,1339
5225,1340
5243,1341
5249,1342
5260,1343
5264,1344
5268,1345
5273,1346
5285,1347
5286,1348
5294,1349
5296,1350
5300,1351
5328,1352
5331,1353
5333,1354
5350,1355
5351,1356
5358,1357
5371,1358
5372,1359
5375,1360
5385,1361
5403,1362
5414,1363
5416,1364
5429,1365
5439,1366
5443,1367
5448,1368
5459,1369
5471,1370
5476,1371
5479,1372
5483,1373
5490,1374
5499,1375
5501,1376
5506,1377
5539,1378
5543,1379
5555,1380
5559,1381
5576,1382
5581,1383
5582,1384
5585,1385
5600,1386
5604,1387
5609,1388
5611,1389
5622,1390
5635,1391
5638,1392
5665,1393
5669,1394
5674,1395
5680,1396
5694,1397
5704,1398
5705,1399
5709,1400
5722,1401
5727,1402
5728,1403
5730,1404
5737,1405
5741,1406
5742,1407
5743,1408
5746,1409
5760,1410
5766,1411
5768,1412
5769,1413
5772,1414
5777,1415
5782,1416
5783,1417
5784,1418
5791,1419
5792,1420
5815,1421
5830,1422
5834,1423
5855,1424
5861,1425
5866,1426
5868,1427
5875,1428
5899,1429
5902,1430
5903,1431
5916,1432
5920,1433
5923,1434
5932,1435
5948,1436
5963,1437
5975,1438
5981,1439
5990,1440
6007,1441
6011,1442
6015,1443
6016,1444
6018,1445
6019,1446
6022,1447
6026,1448
6041,1449
6043,1450
6051,1451
6073,1452
6074,1453
6092,1454
6095,1455
6102,1456
6107,1457
6112,1458
6115,1459
6120,1460
6125,1461
6140,1462
6153,1463
6168,1464
6169,1465
6178,1466
6184,1467
6217,1468
6229,1469
6238,1470
6239,1471
6242,1472
6243,1473
6245,1474
6249,1475
6251,1476
6261,1477
6264,1478
6273,1479
6280,1480
6285,1481
6298,1482
6306,1483
6318,1484
6323,1485
6333,1486
6336,1487
6345,1488
6347,1489
6348,1490
6349,1491
6360,1492
6367,1493
6368,1494
6389,1495
6392,1496
6394,1497
6398,1498
6400,1499
6401,1500
6402,1501
6415,1502
6431,1503
6440,1504
6450,1505
6466,1506
6470,1507
6492,1508
6496,1509
6497,1510
6501,1511
6505,1512
6507,1513
6532,1514
6535,1515
6537,1516
6543,1517
6563,1518
6564,1519
6566,1520
6568,1521
6574,1522
6575,1523
6577,1524
6582,1525
6592,1526
6599,1527
6604,1528
6611,1529
6629,1530
6637,1531
6642,1532
6652,1533
6662,1534
6669,1535
6671,1536
6679,1537
6680,1538
6689,1539
6698,1540
6700,1541
6704,1542
6717,1543
6727,1544
6731,1545
6741,1546
6745,1547
6761,1548
6763,1549
6764,1550
6766,1551
6768,1552
6769,1553
6772,1554
6778,1555
6781,1556
6787,1557
6788,1558
6789,1559
6795,1560
6796,1561
6797,1562
6815,1563
6824,1564
6837,1565
6840,1566
6854,1567
6855,1568
6865,1569
6866,1570
6867,1571
6871,1572
6873,1573
6884,1574
6889,1575
6893,1576
6894,1577
6900,1578
6906,1579
6909,1580
6912,1581
6924,1582
6941,1583
6944,1584
6945,1585
6958,1586
6968,1587
6990,1588
6991,1589
6998,1590
7010,1591
7021,1592
7033,1593
7037,1594
7053,1595
7056,1596
7072,1597
7079,1598
7082,1599
7088,1600
7105,1601
7107,1602
7119,1603
7125,1604
7128,1605
7134,1606
7155,1607
7158,1608
7160,1609
7181,1610
7183,1611
7210,1612
7215,1613
7228,1614
7236,1615
7246,1616
7248,1617
7254,1618
7259,1619
7261,1620
7266,1621
7283,1622
7286,1623
7306,1624
7312,1625
7316,1626
7318,1627
7319,1628
7326,1629
7338,1630
7341,1631
7346,1632
7348,1633
7352,1634
7355,1635
7364,1636
7371,1637
7377,1638
7378,1639
7384,1640
7392,1641
7398,1642
7400,1643
7409,1644
7412,1645
7418,1646
7424,1647
7426,1648
7431,1649
7441,1650
7452,1651
7454,1652
7482,1653
7500,1654
7507,1655
7509,1656
7515,1657
7524,1658
7538,1659
7557,1660
7565,1661
7569,1662
7579,1663
7610,1664
7614,1665
7615,1666
7620,1667
7629,1668
7630,1669
7634,1670
7637,1671
7651,1672
7684,1673
7692,1674
7714,1675
7720,1676
7723,1677
7736,1678
7769,1679
7809,1680
7819,1681
7820,1682
7823,1683
7841,1684
7856,1685
7860,1686
7864,1687
7867,1688
7874,1689
7875,1690
7877,1691
7884,1692
7887,1693
7890,1694
7893,1695
7898,1696
7904,1697
7913,1698
7915,1699
7928,1700
7930,1701
7934,1702
7941,1703
7954,1704
7958,1705
7962,1706
7982,1707
7983,1708
7999,1709
8006,1710
8016,1711
8018,1712
8019,1713
8027,1714
8038,1715
8040,1716
8047,1717
8053,1718
8054,1719
8065,1720
8066,1721
8067,1722
8081,1723
8086,1724
8089,1725
8090,1726
8095,1727
8115,1728
8141,1729
8143,1730
8154,1731
8167,1732
8168,1733
8183,1734
8185,1735
8186,1736
8187,1737
8188,1738
8189,1739
8192,1740
8201,1741
8220,1742
8234,1743
8244,1744
8245,1745
8250,1746
8253,1747
8255,1748
8257,1749
8261,1750
8265,1751
8284,1752
8290,1753
8309,1754
8313,1755
8314,1756
8317,1757
8323,1758
8344,1759
8346,1760
8361,1761
8362,1762
8370,1763
8419,1764
8440,1765
8448,1766
8453,1767
8454,1768
8487,1769
8503,1770
8509,1771
8529,1772
8570,1773
8580,1774
8584,1775
8595,1776
8613,1777
8619,1778
8630,1779
8642,1780
8652,1781
8657,1782
8660,1783
8661,1784
8668,1785
8672,1786
8674,1787
8676,1788
8680,1789
8681,1790
8682,1791
8685,1792
8687,1793
8695,1794
8712,1795
8734,1796
8735,1797
8741,1798
8759,1799
8772,1800
8780,1801
8782,1802
8793,1803
8801,1804
8817,1805
8839,1806
8840,1807
8850,1808
8856,1809
8864,1810
8870,1811
8872,1812
8890,1813
8930,1814
8935,1815
8936,1816
8937,1817
8942,1818
8946,1819
8961,1820
8967,1821
8971,1822
8988,1823
9016,1824
9029,1825
9047,1826
9080,1827
9083,1828
9094,1829
9105,1830
9123,1831
9138,1832
9139,1833
9140,1834
9141,1835
9144,1836
9153,1837
9174,1838
9177,1839
9178,1840
9179,1841
9203,1842
9219,1843
9221,1844
9224,1845
9226,1846
9227,1847
9239,1848
9253,1849
9260,1850
9289,1851
9295,1852
9296,1853
9302,1854
9313,1855
9341,1856
9343,1857
9347,1858
9354,1859
9357,1860
9373,1861
9381,1862
9389,1863
9391,1864
9394,1865
9406,1866
9408,1867
9414,1868
9417,1869
9419,1870
9427,1871
9432,1872
9454,1873
9484,1874
9486,1875
9490,1876
9492,1877
9502,1878
9504,1879
9541,1880
9555,1881
9568,1882
9571,1883
9574,1884
9582,1885
9598,1886
9613,1887
9624,1888
9626,1889
9630,1890
9634,1891
9637,1892
9642,1893
9652,1894
9660,1895
9704,1896
9714,1897
9715,1898
9717,1899
9718,1900
9728,1901
9730,1902
9747,1903
9776,1904
9779,1905
9825,1906
9826,1907
9827,1908
9838,1909
9846,1910
9856,1911
9884,1912
9893,1913
9902,1914
9905,1915
9908,1916
9939,1917
9952,1918
9974,1919
9979,1920
9981,1921
9991,1922
9992,1923
10001,1924
10029,1925
10030,1926
10063,1927
10066,1928
10067,1929
10085,1930
10090,1931
10101,1932
10112,1933
10118,1934
10124,1935
10130,1936
10134,1937
10145,1938
10162,1939
10179,1940
10199,1941
10207,1942
10215,1943
10234,1944
10239,1945
10241,1946
10248,1947
10257,1948
10270,1949
10273,1950
10314,1951
10315,1952
10325,1953
10338,1954
10339,1955
10351,1956
10354,1957
10372,1958
10386,1959
10391,1960
10406,1961
10407,1962
10433,1963
10441,1964
10447,1965
10470,1966
10494,1967
10497,1968
10501,1969
10509,1970
10524,1971
10532,1972
10545,1973
10546,1974
10560,1975
10570,1976
10590,1977
10597,1978
10602,1979
10607,1980
10619,1981
10626,1982
10630,1983
10649,1984
10654,1985
10660,1986
10668,1987
10681,1988
10686,1989
10696,1990
10697,1991
10699,1992
10700,1993
10710,1994
10730,1995
10750,1996
10751,1997
10776,1998
10794,1999
10807,2000
10812,2001
10813,2002
10819,2003
10829,2004
10830,2005
10836,2006
10840,2007
10863,2008
10903,2009
10916,2010
10917,2011
10921,2012
10924,2013
10927,2014
10932,2015
10946,2016
10949,2017
10951,2018
10959,2019
10963,2020
10985,2021
11004,2022
11036,2023
11038,2024
11043,2025
11065,2026
11070,2027
11079,2028
11101,2029
11104,2030
11119,2031
11120,2032
11124,2033
11137,2034
11155,2035
11169,2036
11179,2037
11181,2038
11187,2039
11198,2040
11205,2041
11224,2042
11228,2043
11231,2044
11245,2045
11263,2046
11283,2047
11287,2048
11319,2049
11325,2050
11341,2051
11348,2052
11362,2053
11374,2054
11388,2055
11400,2056
11415,2057
11425,2058
11435,2059
11438,2060
11441,2061
11443,2062
11453,2063
11455,2064
11456,2065
11457,2066
11464,2067
11474,2068
11489,2069
11500,2070
11507,2071
11514,2072
11517,2073
11520,2074
11521,2075
11525,2076
11529,2077
11532,2078
11542,2079
11547,2080
11554,2081
11567,2082
11581,2083
11590,2084
11591,2085
11593,2086
11594,2087
11601,2088
11606,2089
11609,2090
11617,2091
11621,2092
11629,2093
11638,2094
11643,2095
11657,2096
11662,2097
11668,2098
11675,2099
11676,2100
11687,2101
11690,2102
11708,2103
11709,2104
11714,2105
11716,2106
11718,2107
11724,2108
11768,2109
11776,2110
11788,2111
11795,2112
11797,2113
11808,2114
11817,2115
11832,2116
11844,2117
11855,2118
11881,2119
11908,2120
11916,2121
11924,2122
11931,2123
11933,2124
11940,2125
11944,2126
11951,2127
11971,2128
11993,2129
12035,2130
12036,2131
12040,2132
12049,2133
12080,2134
12081,2135
12091,2136
12097,2137
12100,2138
12110,2139
12111,2140
12112,2141
12120,2142
12122,2143
12123,2144
12137,2145
12143,2146
12149,2147
12154,2148
12186,2149
12189,2150
12194,2151
12202,2152
12209,2153
12220,2154
12231,2155
12233,2156
12235,2157
12238,2158
12264,2159
12270,2160
12272,2161
12283,2162
12285,2163
12286,2164
12289,2165
12293,2166
12316,2167
12319,2168
12330,2169
12331,2170
12333,2171
12348,2172
12361,2173
12362,2174
12365,2175
12390,2176
12392,2177
12393,2178
12395,2179
12406,2180
12423,2181
12426,2182
12453,2183
12457,2184
12488,2185
12489,2186
12503,2187
12512,2188
12514,2189
12515,2190
12524,2191
12537,2192
12538,2193
12565,2194
12567,2195
12569,2196
12576,2197
12578,2198
12583,2199
12586,2200
12589,2201
12614,2202
12619,2203
12641,2204
12647,2205
12659,2206
12663,2207
12671,2208
12673,2209
12680,2210
12685,2211
12690,2212
12692,2213
12694,2214
12698,2215
12702,2216
12707,2217
12710,2218
12725,2219
12734,2220
12742,2221
12754,2222
12756,2223
12775,2224
12784,2225
12786,2226
12791,2227
12799,2228
12807,2229
12811,2230
12824,2231
12826,2232
12829,2233
12834,2234
12835,2235
12863,2236
12871,2237
12873,2238
12917,2239
12923,2240
12926,2241
12929,2242
12930,2243
12945,2244
12951,2245
12963,2246
12965,2247
12966,2248
12971,2249
12972,2250
12977,2251
12982,2252
12988,2253
12989,2254
12990,2255
12992,2256
13001,2257
13032,2258
13048,2259
13057,2260
13060,2261
13071,2262
13080,2263
13082,2264
13088,2265
13093,2266
13104,2267
13121,2268
13126,2269
13133,2270
13141,2271
13149,2272
13164,2273
13167,2274
13168,2275
13169,2276
13173,2277
13215,2278
13218,2279
13221,2280
13224,2281
13231,2282
13252,2283
13256,2284
13259,2285
13260,2286
13273,2287
13279,2288
13280,2289
13308,2290
13313,2291
13319,2292
13324,2293
13331,2294
13338,2295
13339,2296
13342,2297
13347,2298
13354,2299
13361,2300
13380,2301
13387,2302
13393,2303
13399,2304
13407,2305
13420,2306
13428,2307
13432,2308
13434,2309
13440,2310
13475,2311
13479,2312
13503,2313
13516,2314
13518,2315
13528,2316
13534,2317
13540,2318
13551,2319
13552,2320
13553,2321
13582,2322
13600,2323
13604,2324
13605,2325
13607,2326
13638,2327
13649,2328
13659,2329
13661,2330
13664,2331
13666,2332
13668,2333
13682,2334
13685,2335
13691,2336
13699,2337
13709,2338
13715,2339
13716,2340
13720,2341
13722,2342
13723,2343
13726,2344
13733,2345
13739,2346
13744,2347
13749,2348
13786,2349
13799,2350
13810,2351
13811,2352
13836,2353
13838,2354
13844,2355
13846,2356
13847,2357
13850,2358
13863,2359
13867,2360
13872,2361
13891,2362
13895,2363
13908,2364
13915,2365
13920,2366
13935,2367
13947,2368
13958,2369
13968,2370
13973,2371
13984,2372
13995,2373
14007,2374
14010,2375
14014,2376
14015,2377
14032,2378
14045,2379
14049,2380
14079,2381
14084,2382
14087,2383
14116,2384
14124,2385
14135,2386
14151,2387
14155,2388
14173,2389
14179,2390
14180,2391
14183,2392
14191,2393
14201,2394
14203,2395
14208,2396
14212,2397
14230,2398
14232,2399
14238,2400
14249,2401
14254,2402
14280,2403
14282,2404
14283,2405
14285,2406
14288,2407
14293,2408
14295,2409
14303,2410
14316,2411
14320,2412
14326,2413
14336,2414
14339,2415
14343,2416
14354,2417
14357,2418
14362,2419
14363,2420
14366,2421
14374,2422
14387,2423
14392,2424
14393,2425
14398,2426
14410,2427
14418,2428
14422,2429
14428,2430
14433,2431
14444,2432
14449,2433
14450,2434
14451,2435
14454,2436
14456,2437
14461,2438
14470,2439
14496,2440
14516,2441
14521,2442
14525,2443
14527,2444
14538,2445
14541,2446
14542,2447
14546,2448
14553,2449
14623,2450
14630,2451
14638,2452
14640,2453
14643,2454
14655,2455
14667,2456
14672,2457
14683,2458
14691,2459
14698,2460
14733,2461
14744,2462
14752,2463
14763,2464
14768,2465
14780,2466
14791,2467
14801,2468
14808,2469
14812,2470
14827,2471
14849,2472
14871,2473
14875,2474
14888,2475
14890,2476
14892,2477
14897,2478
14938,2479
14958,2480
14965,2481
14966,2482
14982,2483
14984,2484
15002,2485
15021,2486
15031,2487
15040,2488
15046,2489
15049,2490
15051,2491
15053,2492
15071,2493
15076,2494
15081,2495
15093,2496
15120,2497
15127,2498
15135,2499
15144,2500
15147,2501
15161,2502
15165,2503
15169,2504
15179,2505
15184,2506
15185,2507
15190,2508
15197,2509
15208,2510
15230,2511
15241,2512
15250,2513
15268,2514
15270,2515
15276,2516
15288,2517
15308,2518
15327,2519
15330,2520
15333,2521
15355,2522
15361,2523
15367,2524
15371,2525
15381,2526
15408,2527
15418,2528
15430,2529
15439,2530
15444,2531
15450,2532
15459,2533
15462,2534
15475,2535
15476,2536
15479,2537
15497,2538
15500,2539
15503,2540
15510,2541
15523,2542
15524,2543
15533,2544
15536,2545
15542,2546
15562,2547
15563,2548
15576,2549
15580,2550
15583,2551
15589,2552
15595,2553
15602,2554
15617,2555
15623,2556
15635,2557
15642,2558
15651,2559
15655,2560
15661,2561
15670,2562
15673,2563
15678,2564
15679,2565
15684,2566
15686,2567
15700,2568
15703,2569
15720,2570
15723,2571
15775,2572
15780,2573
15783,2574
15784,2575
15788,2576
15789,2577
15790,2578
15791,2579
15795,2580
15803,2581
15806,2582
15808,2583
15809,2584
15812,2585
15819,2586
15822,2587
15834,2588
15845,2589
15853,2590
15854,2591
15862,2592
15871,2593
15874,2594
15883,2595
15884,2596
15890,2597
15918,2598
15922,2599
15936,2600
15945,2601
15946,2602
15957,2603
15964,2604
15978,2605
15982,2606
15985,2607
15993,2608
16000,2609
16001,2610
16005,2611
16009,2612
16010,2613
16012,2614
16013,2615
16019,2616
16023,2617
16028,2618
16034,2619
16036,2620
16046,2621
16049,2622
16056,2623
16061,2624
16062,2625
16068,2626
16078,2627
16086,2628
16090,2629
16095,2630
16106,2631
16110,2632
16114,2633
16116,2634
16121,2635
16125,2636
16130,2637
16133,2638
16138,2639
16140,2640
16141,2641
16143,2642
16144,2643
16151,2644
16155,2645
16161,2646
16181,2647
16183,2648
16185,2649
16220,2650
16231,2651
16236,2652
16241,2653
16242,2654
16246,2655
16263,2656
16319,2657
16386,2658
16387,2659
16400,2660
16412,2661
16413,2662
16415,2663
16417,2664
16418,2665
16425,2666
16428,2667
16452,2668
16454,2669
16459,2670
16461,2671
16475,2672
16479,2673
16488,2674
16490,2675
16492,2676
16498,2677
16504,2678
16507,2679
16510,2680
16517,2681
16528,2682
16532,2683
16538,2684
16545,2685
16549,2686
16551,2687
16579,2688
16581,2689
16585,2690
16599,2691
16601,2692
16611,2693
16621,2694
16634,2695
16637,2696
16643,2697
16659,2698
16661,2699
16666,2700
16687,2701
16692,2702
16695,2703
16696,2704
16704,2705
16708,2706
16711,2707
16717,2708
16718,2709
16721,2710
16730,2711
16736,2712
16737,2713
16749,2714
16755,2715
16759,2716
16769,2717
16777,2718
16781,2719
16782,2720
16783,2721
16791,2722
16795,2723
16798,2724
16799,2725
16803,2726
16805,2727
16814,2728
16818,2729
16827,2730
16835,2731
16840,2732
16867,2733
16871,2734
16876,2735
16877,2736
16887,2737
16908,2738
16916,2739
16919,2740
16923,2741
16935,2742
16943,2743
16949,2744
16966,2745
16968,2746
16969,2747
16972,2748
16975,2749
16982,2750
16996,2751
16999,2752
17000,2753
17003,2754
17006,2755
17036,2756
17040,2757
17046,2758
17051,2759
17058,2760
17065,2761
17068,2762
17129,2763
17156,2764
17159,2765
17167,2766
17170,2767
17172,2768
17177,2769
17181,2770
17183,2771
17185,2772
17189,2773
17190,2774
17193,2775
17194,2776
17200,2777
17201,2778
17220,2779
17229,2780
17231,2781
17233,2782
17245,2783
17262,2784
17275,2785
17277,2786
17282,2787
17328,2788
17330,2789
17332,2790
17335,2791
17337,2792
17340,2793
17353,2794
17357,2795
17373,2796
17389,2797
17391,2798
17399,2799
17402,2800
17403,2801
17430,2802
17434,2803
17443,2804
17448,2805
17449,2806
17452,2807
17453,2808
17459,2809
17460,2810
17461,2811
17498,2812
17505,2813
17507,2814
17508,2815
17528,2816
17531,2817
17547,2818
17555,2819
17559,2820
17569,2821
17571,2822
17578,2823
17583,2824
17588,2825
17589,2826
17596,2827
17602,2828
17605,2829
17606,2830
17634,2831
17644,2832
17645,2833
17661,2834
17667,2835
17689,2836
17702,2837
17703,2838
17707,2839
17710,2840
17721,2841
17724,2842
17726,2843
17729,2844
17733,2845
17740,2846
17761,2847
17777,2848
17778,2849
17785,2850
17788,2851
17789,2852
17793,2853
17796,2854
17808,2855
17836,2856
17842,2857
17857,2858
17859,2859
17885,2860
17890,2861
17893,2862
17894,2863
17906,2864
17907,2865
17920,2866
17926,2867
17927,2868
17944,2869
17950,2870
17952,2871
17965,2872
17969,2873
17970,2874
17975,2875
17976,2876
17984,2877
18004,2878
18006,2879
18012,2880
18016,2881
18025,2882
18028,2883
18038,2884
18039,2885
18067,2886
18073,2887
18077,2888
18082,2889
18084,2890
18095,2891
18096,2892
18097,2893
18105,2894
18112,2895
18121,2896
18133,2897
18134,2898
18147,2899
18155,2900
18167,2901
18170,2902
18172,2903
18176,2904
18196,2905
18199,2906
18201,2907
18203,2908
18216,2909
18240,2910
18250,2911
18254,2912
18263,2913
18282,2914
18288,2915
18309,2916
18311,2917
18313,2918
18316,2919
18317,2920
18321,2921
18322,2922
18323,2923
18333,2924
18340,2925
18343,2926
18356,2927
18366,2928
18379,2929
18384,2930
18385,2931
18395,2932
18398,2933
18401,2934
18407,2935
18411,2936
18412,2937
18433,2938
18439,2939
18440,2940
18447,2941
18454,2942
18456,2943
18464,2944
18473,2945
18476,2946
18487,2947
18494,2948
18497,2949
18515,2950
18519,2951
18527,2952
18541,2953
18542,2954
18543,2955
18556,2956
18562,2957
18564,2958
18569,2959
18583,2960
18587,2961
18596,2962
18609,2963
18622,2964
18629,2965
18643,2966
18648,2967
18650,2968
18652,2969
18655,2970
18656,2971
18660,2972
18672,2973
18678,2974
18679,2975
18689,2976
18702,2977
18710,2978
18713,2979
18714,2980
18715,2981
18719,2982
18722,2983
18733,2984
18745,2985
18746,2986
18750,2987
18758,2988
18795,2989
18802,2990
18821,2991
18822,2992
18832,2993
18836,2994
18850,2995
18852,2996
18869,2997
18908,2998
18913,2999
18924,3000
18963,3001
18973,3002
18979,3003
18995,3004
18997,3005
19011,3006
19018,3007
19019,3008
19022,3009
19026,3010
19031,3011
19049,3012
19055,3013
19073,3014
19078,3015
19085,3016
19089,3017
19102,3018
19107,3019
19117,3020
19124,3021
19127,3022
19132,3023
19145,3024
19148,3025
19153,3026
19157,3027
19164,3028
19170,3029
19171,3030
19200,3031
19206,3032
19220,3033
19227,3034
19233,3035
19259,3036
19268,3037
19281,3038
19303,3039
19328,3040
19331,3041
19336,3042
19338,3043
19362,3044
19367,3045
19371,3046
19378,3047
19391,3048
19412,3049
19422,3050
19424,3051
19429,3052
19433,3053
19445,3054
19477,3055
19480,3056
19487,3057
19493,3058
19503,3059
19508,3060
19522,3061
19529,3062
19532,3063
19541,3064
19547,3065
19549,3066
19561,3067
19570,3068
19571,3069
19573,3070
19574,3071
19580,3072
19582,3073
19592,3074
19600,3075
19603,3076
19605,3077
19608,3078
19611,3079
19648,3080
19653,3081
19656,3082
19659,3083
19664,3084
19681,3085
19700,3086
19704,3087
19709,3088
19711,3089
19714,3090
19725,3091
19732,3092
19753,3093
19760,3094
19789,3095
19799,3096
19800,3097
19803,3098
19807,3099
19817,3100
19838,3101
19842,3102
19845,3103
19852,3104
19858,3105
19867,3106
19884,3107
19886,3108
19897,3109
19905,3110
19935,3111
19964,3112
19969,3113
19972,3114
19974,3115
19983,3116
20005,3117
20022,3118
20029,3119
20032,3120
20034,3121
20054,3122
20060,3123
20062,3124
20064,3125
20086,3126
20103,3127
20106,3128
20115,3129
20119,3130
20120,3131
20126,3132
20147,3133
20149,3134
20150,3135
20155,3136
20161,3137
20164,3138
20168,3139
20172,3140
20173,3141
20180,3142
20201,3143
20235,3144
20245,3145
20250,3146
20251,3147
20263,3148
20265,3149
20280,3150
20294,3151
20300,3152
20308,3153
20309,3154
20313,3155
20319,3156
20321,3157
20332,3158
20336,3159
20345,3160
20347,3161
20350,3162
20386,3163
20388,3164
20389,3165
20391,3166
20392,3167
20401,3168
20404,3169
20409,3170
20416,3171
20418,3172
20428,3173
20435,3174
20445,3175
20448,3176
20456,3177
20457,3178
20462,3179
20481,3180
20484,3181
20487,3182
20493,3183
20501,3184
20512,3185
20525,3186
20526,3187
20548,3188
20561,3189
20562,3190
20568,3191
20570,3192
20575,3193
20592,3194
20605,3195
20612,3196
20617,3197
20620,3198
20622,3199
20627,3200
20629,3201
20635,3202
20642,3203
20656,3204
20664,3205
20668,3206
20677,3207
20680,3208
20699,3209
20703,3210
20714,3211
20719,3212
20729,3213
20734,3214
20738,3215
20745,3216
20751,3217
20754,3218
20755,3219
20761,3220
20768,3221
20775,3222
20776,3223
20783,3224
20794,3225
20801,3226
20804,3227
20806,3228
20810,3229
20813,3230
20824,3231
20825,3232
20845,3233
20849,3234
20850,3235
20851,3236
20854,3237
20858,3238
20859,3239
20860,3240
20862,3241
20864,3242
20866,3243
20871,3244
20872,3245
20881,3246
20896,3247
20903,3248
20911,3249
20916,3250
20918,3251
20919,3252
20921,3253
20961,3254
20963,3255
20971,3256
20975,3257
20982,3258
20983,3259
21011,3260
21014,3261
21020,3262
21026,3263
21031,3264
21043,3265
21045,3266
21049,3267
21050,3268
21052,3269
21056,3270
21063,3271
21069,3272
21070,3273
21075,3274
21076,3275
21079,3276
21083,3277
21102,3278
21103,3279
21116,3280
21128,3281
21145,3282
21146,3283
21155,3284
21160,3285
21167,3286
21187,3287
21188,3288
21191,3289
21202,3290
21203,3291
21207,3292
21208,3293
21211,3294
21213,3295
21218,3296
21229,3297
21231,3298
21232,3299
21246,3300
21250,3301
21252,3302
21257,3303
21261,3304
21264,3305
21268,3306
21277,3307
21282,3308
21283,3309
21299,3310
21311,3311
21318,3312
21333,3313
21340,3314
21341,3315
21345,3316
21347,3317
21356,3318
21357,3319
21364,3320
21368,3321
21370,3322
21374,3323
21392,3324
21395,3325
21396,3326
21401,3327
21402,3328
21404,3329
21406,3330
21407,3331
21418,3332
21420,3333
21425,3334
21427,3335
21435,3336
21438,3337
21448,3338
21449,3339
21450,3340
21462,3341
21468,3342
21470,3343
21471,3344
21476,3345
21480,3346
21484,3347
21490,3348
21494,3349
21501,3350
21512,3351
21513,3352
21515,3353
21518,3354
21533,3355
21540,3356
21541,3357
21550,3358
21552,3359
21566,3360
21568,3361
21570,3362
21575,3363
21576,3364
21586,3365
21589,3366
21593,3367
21608,3368
21616,3369
21618,3370
21627,3371
21639,3372
21649,3373
21654,3374
21659,3375
21660,3376
21661,3377
21670,3378
21672,3379
21682,3380
21683,3381
21684,3382
21698,3383
21701,3384
21708,3385
21726,3386
21737,3387
21750,3388
21751,3389
21765,3390
21773,3391
21774,3392
21775,3393
21777,3394
21788,3395
21789,3396
21811,3397
21819,3398
21840,3399
21846,3400
21852,3401
21860,3402
21861,3403
21865,3404
21867,3405
21870,3406
21875,3407
21876,3408
21888,3409
21894,3410
21895,3411
21900,3412
21903,3413
21909,3414
21920,3415
21930,3416
21933,3417
21937,3418
21948,3419
21956,3420
21957,3421
21962,3422
21964,3423
21978,3424
21982,3425
21996,3426
22012,3427
22022,3428
22023,3429
22025,3430
22038,3431
22045,3432
22062,3433
22067,3434
22074,3435
22078,3436
22082,3437
22088,3438
22089,3439
22095,3440
22097,3441
22107,3442
22121,3443
22122,3444
22126,3445
22127,3446
22131,3447
22145,3448
22154,3449
22164,3450
22170,3451
22177,3452
22192,3453
22200,3454
22211,3455
22221,3456
22228,3457
22241,3458
22243,3459
22248,3460
22252,3461
22274,3462
22317,3463
22325,3464
22338,3465
22343,3466
22347,3467
22362,3468
22365,3469
22379,3470
22389,3471
22391,3472
22403,3473
22409,3474
22412,3475
22415,3476
22418,3477
22423,3478
22446,3479
22463,3480
22464,3481
22473,3482
22478,3483
22482,3484
22483,3485
22486,3486
22495,3487
22504,3488
22517,3489
22521,3490
22526,3491
22532,3492
22546,3493
22547,3494
22563,3495
22579,3496
22605,3497
22607,3498
22608,3499
22614,3500
22617,3501
22624,3502
22625,3503
22628,3504
22632,3505
22648,3506
22650,3507
22683,3508
22688,3509
22695,3510
22704,3511
22705,3512
22708,3513
22710,3514
22747,3515
22748,3516
22752,3517
22773,3518
22775,3519
22776,3520
22780,3521
22793,3522
22809,3523
22813,3524
22817,3525
22818,3526
22822,3527
22824,3528
22828,3529
22830,3530
22850,3531
22881,3532
22885,3533
22888,3534
22900,3535
22912,3536
22917,3537
22936,3538
22947,3539
22961,3540
22964,3541
22968,3542
22975,3543
22981,3544
22988,3545
22991,3546
22994,3547
23004,3548
23009,3549
23020,3550
23021,3551
23027,3552
23032,3553
23038,3554
23047,3555
23052,3556
23065,3557
23070,3558
23107,3559
23124,3560
23128,3561
23138,3562
23145,3563
23153,3564
23166,3565
23180,3566
23181,3567
23182,3568
23184,3569
23188,3570
23191,3571
23193,3572
23200,3573
23231,3574
23243,3575
23280,3576
23288,3577
23296,3578
23297,3579
23301,3580
23303,3581
23328,3582
23341,3583
23343,3584
23353,3585
23363,3586
23364,3587
23366,3588
23385,3589
23391,3590
23392,3591
23399,3592
23408,3593
23441,3594
23459,3595
23460,3596
23469,3597
23477,3598
23491,3599
23496,3600
23498,3601
23506,3602
23508,3603
23511,3604
23521,3605
23547,3606
23556,3607
23571,3608
23576,3609
23582,3610
23583,3611
23585,3612
23593,3613
23607,3614
23619,3615
23624,3616
23631,3617
23635,3618
23637,3619
23642,3620
23643,3621
23648,3622
23650,3623
23652,3624
23655,3625
23659,3626
23664,3627
23665,3628
23666,3629
23680,3630
23689,3631
23699,3632
23703,3633
23704,3634
23712,3635
23714,3636
23749,3637
23752,3638
23768,3639
23771,3640
23772,3641
23773,3642
23795,3643
23796,3644
23799,3645
23803,3646
23816,3647
23847,3648
23848,3649
23865,3650
23870,3651
23871,3652
23872,3653
23875,3654
23881,3655
23885,3656
23902,3657
23924,3658
23933,3659
23938,3660
23944,3661
23948,3662
23953,3663
23958,3664
23966,3665
23972,3666
23980,3667
23997,3668
23999,3669
24027,3670
24028,3671
24044,3672
24052,3673
24064,3674
24082,3675
24090,3676
24105,3677
24115,3678
24140,3679
24144,3680
24145,3681
24150,3682
24153,3683
24167,3684
24172,3685
24186,3686
24188,3687
24191,3688
24193,3689
24194,3690
24204,3691
24209,3692
24215,3693
24217,3694
24220,3695
24221,3696
24223,3697
24240,3698
24261,3699
24278,3700
24283,3701
24299,3702
24301,3703
24307,3704
24314,3705
24325,3706
24348,3707
24369,3708
24373,3709
24379,3710
24380,3711
24389,3712
24390,3713
24391,3714
24394,3715
24401,3716
24413,3717
24427,3718
24432,3719
24433,3720
24440,3721
24449,3722
24452,3723
24462,3724
24496,3725
24505,3726
24515,3727
24518,3728
24525,3729
24530,3730
24533,3731
24539,3732
24544,3733
24557,3734
24558,3735
24562,3736
24567,3737
24570,3738
24579,3739
24588,3740
24590,3741
24592,3742
24601,3743
24621,3744
24623,3745
24624,3746
24627,3747
24628,3748
24632,3749
24636,3750
24637,3751
24639,3752
24641,3753
24642,3754
24664,3755
24685,3756
24694,3757
24697,3758
24705,3759
24711,3760
24733,3761
24734,3762
24746,3763
24748,3764
24751,3765
24769,3766
24771,3767
24775,3768
24778,3769
24790,3770
24799,3771
24824,3772
24835,3773
24839,3774
24843,3775
24846,3776
24861,3777
24863,3778
24878,3779
24880,3780
24888,3781
24898,3782
24921,3783
24926,3784
24927,3785
24932,3786
24933,3787
24934,3788
24940,3789
24941,3790
24944,3791
24945,3792
24960,3793
24968,3794
24975,3795
24982,3796
24995,3797
25008,3798
25009,3799
25012,3800
25028,3801
25041,3802
25053,3803
25062,3804
25074,3805
25078,3806
25101,3807
25103,3808
25105,3809
25106,3810
25109,3811
25122,3812
25129,3813
25131,3814
25139,3815
25140,3816
25153,3817
25158,3818
25170,3819
25175,3820
25178,3821
25188,3822
25200,3823
25216,3824
25217,3825
25225,3826
25229,3827
25234,3828
25235,3829
25253,3830
25261,3831
25281,3832
25287,3833
25298,3834
25311,3835
25319,3836
25321,3837
25335,3838
25351,3839
25359,3840
25364,3841
25373,3842
25389,3843
25391,3844
25394,3845
25395,3846
25398,3847
25403,3848
25405,3849
25409,3850
25410,3851
25411,3852
25419,3853
25436,3854
25453,3855
25454,3856
25456,3857
25466,3858
25494,3859
25500,3860
25517,3861
25533,3862
25536,3863
25537,3864
25545,3865
25561,3866
25573,3867
25580,3868
25583,3869
25592,3870
25601,3871
25606,3872
25616,3873
25630,3874
25636,3875
25656,3876
25669,3877
25674,3878
25683,3879
25691,3880
25695,3881
25700,3882
25706,3883
25707,3884
25711,3885
25714,3886
25725,3887
25768,3888
25792,3889
25804,3890
25813,3891
25822,3892
25826,3893
25827,3894
25844,3895
25850,3896
25854,3897
25890,3898
25893,3899
25895,3900
25902,3901
25909,3902
25916,3903
25919,3904
25924,3905
25930,3906
25937,3907
25945,3908
25954,3909
25957,3910
25966,3911
25976,3912
25981,3913
25988,3914
25996,3915
26017,3916
26030,3917
26043,3918
26047,3919
26048,3920
26049,3921
26051,3922
26057,3923
26070,3924
26082,3925
26084,3926
26085,3927
26090,3928
26094,3929
26120,3930
26124,3931
26129,3932
26133,3933
26134,3934
26138,3935
26139,3936
26143,3937
26145,3938
26146,3939
26151,3940
26155,3941
26160,3942
26182,3943
26190,3944
26192,3945
26196,3946
26200,3947
26206,3948
26209,3949
26216,3950
26217,3951
26218,3952
26231,3953
26238,3954
26240,3955
26249,3956
26251,3957
26256,3958
26262,3959
26264,3960
26268,3961
26284,3962
26292,3963
26296,3964
26300,3965
26302,3966
26326,3967
26332,3968
26333,3969
26339,3970
26346,3971
26349,3972
26350,3973
26354,3974
26369,3975
26371,3976
26374,3977
26377,3978
26385,3979
26387,3980
26389,3981
26402,3982
26406,3983
26407,3984
26411,3985
26412,3986
26416,3987
26418,3988
26421,3989
26435,3990
26443,3991
26448,3992
26466,3993
26472,3994
26473,3995
26487,3996
26488,3997
26499,3998
26501,3999
26508,4000
26509,4001
26514,4002
26516,4003
26517,4004
26518,4005
26519,4006
26521,4007
26525,4008
26527,4009
26532,4010
26534,4011
26535,4012
26536,4013
26538,4014
26539,4015
26540,4016
26542,4017
26544,4018
26548,4019
26551,4020
26553,4021
26560,4022
26561,4023
26563,4024
26567,4025
26569,4026
26579,4027
26583,4028
26586,4029
26588,4030
26590,4031
26593,4032
26598,4033
26605,4034
26611,4035
26612,4036
26615,4037
26616,4038
26617,4039
26620,4040
26621,4041
26624,4042
26628,4043
26659,4044
26664,4045
26670,4046
26673,4047
26674,4048
26706,4049
26711,4050
26713,4051
26722,4052
26730,4053
26731,4054
26734,4055
26748,4056
26751,4057
26756,4058
26761,4059
26766,4060
26774,4061
26782,4062
26791,4063
26798,4064
26803,4065
26806,4066
26813,4067
26823,4068
26827,4069
26831,4070
26836,4071
26846,4072
26871,4073
26883,4074
26891,4075
26910,4076
26916,4077
26938,4078
26939,4079
26969,4080
26973,4081
26975,4082
26979,4083
27047,4084
27057,4085
27091,4086
27100,4087
27115,4088
27131,4089
27135,4090
27140,4091
27144,4092
27160,4093
27161,4094
27168,4095
27169,4096
27172,4097
27192,4098
27193,4099
27198,4100
27204,4101
27210,4102
27222,4103
27231,4104
27244,4105
27245,4106
27248,4107
27261,4108
27265,4109
27287,4110
27313,4111
27317,4112
27329,4113
27349,4114
27352,4115
27354,4116
27363,4117
27381,4118
27383,4119
27391,4120
27392,4121
27399,4122
27401,4123
27413,4124
27419,4125
27426,4126
27448,4127
27457,4128
27458,4129
27462,4130
27464,4131
27472,4132
27474,4133
27483,4134
27485,4135
27491,4136
27499,4137
27509,4138
27514,4139
27517,4140
27518,4141
27531,4142
27538,4143
27539,4144
27540,4145
27551,4146
27557,4147
27568,4148
27573,4149
27592,4150
27593,4151
27596,4152
27597,4153
27602,4154
27606,4155
27612,4156
27616,4157
27617,4158
27618,4159
27621,4160
27624,4161
27647,4162
27650,4163
27664,4164
27669,4165
27684,4166
27691,4167
27704,4168
27705,4169
27735,4170
27736,4171
27740,4172
27741,4173
27760,4174
27779,4175
27786,4176
27788,4177
27795,4178
27799,4179
27812,4180
27813,4181
27821,4182
27831,4183
27838,4184
27861,4185
27864,4186
27869,4187
27870,4188
27873,4189
27875,4190
27878,4191
27888,4192
27890,4193
27891,4194
27907,4195
27934,4196
27947,4197
27955,4198
27956,4199
27961,4200
27964,4201
27979,4202
27982,4203
27996,4204
28004,4205
28006,4206
28016,4207
28055,4208
28056,4209
28065,4210
28069,4211
28073,4212
28075,4213
28076,4214
28077,4215
28078,4216
28081,4217
28082,4218
28091,4219
28096,4220
28117,4221
28123,4222
28139,4223
28144,4224
28150,4225
28177,4226
28182,4227
28183,4228
28191,4229
28201,4230
28203,4231
28204,4232
28211,4233
28216,4234
28219,4235
28222,4236
28224,4237
28233,4238
28235,4239
28237,4240
28241,4241
28254,4242
28255,4243
28257,4244
28262,4245
28266,4246
28269,4247
28282,4248
28284,4249
28289,4250
28315,4251
28319,4252
28325,4253
28326,4254
28339,4255
28360,4256
28366,4257
28371,4258
28372,4259
28373,4260
28376,4261
28381,4262
28395,4263
28417,4264
28425,4265
28430,4266
28436,4267
28440,4268
28448,4269
28451,4270
28454,4271
28463,4272
28467,4273
28477,4274
28481,4275
28482,4276
28486,4277
28488,4278
28492,4279
28495,4280
28523,4281
28534,4282
28537,4283
28539,4284
28543,4285
28548,4286
28550,4287
28552,4288
28573,4289
28587,4290
28589,4291
28591,4292
28592,4293
28594,4294
28611,4295
28614,4296
28619,4297
28623,4298
28632,4299
28634,4300
28637,4301
28647,4302
28648,4303
28650,4304
28658,4305
28661,4306
28663,4307
28666,4308
28667,4309
28682,4310
28687,4311
28694,4312
28700,4313
28704,4314
28705,4315
28709,4316
28722,4317
28731,4318
28735,4319
28753,4320
28762,4321
28763,4322
28764,4323
28779,4324
28782,4325
28790,4326
28795,4327
28800,4328
28804,4329
28820,4330
28824,4331
28827,4332
28833,4333
28840,4334
28865,4335
28873,4336
28877,4337
28884,4338
28897,4339
28899,4340
28900,4341
28916,4342
28919,4343
28932,4344
28938,4345
28945,4346
28947,4347
28949,4348
28953,4349
28956,4350
28975,4351
28980,4352
28988,4353
28989,4354
28993,4355
29000,4356
29008,4357
29015,4358
29025,4359
29026,4360
29028,4361
29040,4362
29045,4363
29056,4364
29067,4365
29069,4366
29070,4367
29094,4368
29101,4369
29123,4370
29131,4371
29133,4372
29141,4373
29149,4374
29168,4375
29177,4376
29178,4377
29189,4378
29204,4379
29205,4380
29209,4381
29224,4382
29232,4383
29246,4384
29257,4385
29259,4386
29267,4387
29279,4388
29306,4389
29315,4390
29342,4391
29351,4392
29380,4393
29384,4394
29387,4395
29391,4396
29394,4397
29399,4398
29408,4399
29413,4400
29415,4401
29419,4402
29424,4403
29446,4404
29452,4405
29471,4406
29474,4407
29482,4408
29485,4409
29486,4410
29497,4411
29508,4412
29518,4413
29520,4414
29526,4415
29527,4416
29536,4417
29539,4418
29570,4419
29573,4420
29594,4421
29615,4422
29648,4423
29654,4424
29677,4425
29681,4426
29690,4427
29694,4428
29700,4429
29702,4430
29743,4431
29750,4432
29753,4433
29757,4434
29763,4435
29779,4436
29789,4437
29805,4438
29806,4439
29821,4440
29829,4441
29835,4442
29846,4443
29855,4444
29863,4445
29867,4446
29895,4447
29899,4448
29901,4449
29905,4450
29907,4451
29915,4452
29916,4453
29928,4454
29939,4455
29944,4456
29971,4457
29974,4458
29980,4459
29981,4460
29983,4461
29989,4462
29997,4463
30003,4464
30005,4465
30011,4466
30022,4467
30029,4468
30035,4469
30042,4470
30052,4471
30066,4472
30072,4473
30078,4474
30081,4475
30085,4476
30094,4477
30101,4478
30104,4479
30115,4480
30116,4481
30117,4482
30120,4483
30124,4484
30125,4485
30127,4486
30129,4487
30130,4488
30131,4489
30137,4490
30144,4491
30145,4492
30153,4493
30162,4494
30165,4495
30168,4496
30182,4497
30183,4498
30191,4499
30192,4500
30202,4501
30210,4502
30214,4503
30219,4504
30245,4505
30246,4506
30261,4507
30263,4508
30267,4509
30270,4510
30273,4511
30276,4512
30281,4513
30291,4514
30297,4515
30303,4516
30310,4517
30312,4518
30316,4519
30319,4520
30320,4521
30321,4522
30324,4523
30327,4524
30333,4525
30336,4526
30341,4527
30373,4528
30376,4529
30385,4530
30390,4531
30391,4532
30398,4533
30407,4534
30408,4535
30414,4536
30416,4537
30417,4538
30426,4539
30442,4540
30445,4541
30461,4542
30462,4543
30471,4544
30483,4545
30486,4546
30487,4547
30489,4548
30491,4549
30493,4550
30494,4551
30495,4552
30499,4553
30509,4554
30511,4555
30527,4556
30531,4557
30532,4558
30533,4559
30543,4560
30551,4561
30554,4562
30555,4563
30560,4564
30577,4565
30580,4566
30584,4567
30587,4568
30594,4569
30598,4570
30607,4571
30610,4572
30618,4573
30623,4574
30624,4575
30626,4576
30629,4577
30630,4578
30642,4579
30645,4580
30650,4581
30655,4582
30657,4583
30659,4584
30663,4585
30667,4586
30670,4587
30677,4588
30708,4589
30711,4590
30712,4591
30716,4592
30720,4593
30727,4594
30729,4595
30730,4596
30735,4597
30744,4598
30746,4599
30749,4600
30756,4601
30757,4602
30760,4603
30764,4604
30766,4605
30770,4606
30771,4607
30776,4608
30779,4609
30787,4610
30791,4611
30795,4612
30806,4613
30809,4614
30810,4615
30824,4616
30832,4617
30833,4618
30834,4619
30838,4620
30848,4621
30854,4622
30855,4623
30857,4624
30861,4625
30863,4626
30865,4627
30866,4628
30868,4629
30875,4630
30887,4631
30891,4632
30896,4633
30898,4634
30899,4635
30910,4636
30925,4637
30933,4638
30939,4639
30952,4640
30953,4641
30964,4642
30965,4643
30968,4644
30971,4645
30972,4646
30979,4647
30985,4648
30989,4649
30994,4650
31000,4651
31006,4652
31008,4653
31009,4654
31010,4655
31013,4656
31020,4657
31021,4658
31039,4659
31040,4660
31049,4661
31050,4662
31053,4663
31060,4664
31078,4665
31080,4666
31091,4667
31094,4668
31099,4669
31102,4670
31104,4671
31134,4672
31136,4673
31139,4674
31140,4675
31141,4676
31144,4677
31147,4678
31150,4679
31153,4680
31158,4681
31171,4682
31172,4683
31183,4684
31185,4685
31187,4686
31211,4687
31226,4688
31228,4689
31229,4690
31235,4691
31241,4692
31245,4693
31249,4694
31250,4695
31252,4696
31255,4697
31256,4698
31261,4699
31272,4700
31274,4701
31288,4702
31295,4703
31297,4704
31298,4705
31299,4706
31307,4707
31308,4708
31309,4709
31310,4710
31311,4711
31315,4712
31332,4713
31342,4714
31343,4715
31349,4716
31355,4717
31362,4718
31370,4719
31375,4720
31380,4721
31386,4722
31390,4723
31391,4724
31392,4725
31393,4726
31395,4727
31404,4728
31406,4729
31412,4730
31418,4731
31426,4732
31429,4733
31431,4734
31434,4735
31435,4736
31436,4737
31441,4738
31446,4739
31466,4740
31468,4741
31470,4742
31471,4743
31484,4744
31492,4745
31498,4746
31500,4747
31510,4748
31514,4749
31531,4750
31541,4751
31550,4752
31551,4753
31554,4754
31556,4755
31560,4756
31564,4757
31579,4758
31580,4759
31584,4760
31586,4761
31594,4762
31608,4763
31609,4764
31611,4765
31614,4766
31619,4767
31620,4768
31624,4769
31628,4770
31635,4771
31638,4772
31647,4773
31649,4774
31652,4775
31659,4776
31672,4777
31675,4778
31677,4779
31681,4780
31683,4781
31688,4782
31692,4783
31694,4784
31695,4785
31701,4786
31702,4787
31712,4788
31714,4789
31726,4790
31740,4791
31742,4792
31760,4793
31771,4794
31775,4795
31778,4796
31779,4797
31785,4798
31786,4799
31790,4800
31816,4801
31818,4802
31822,4803
31826,4804
31838,4805
31841,4806
31842,4807
31846,4808
31852,4809
31858,4810
31860,4811
31868,4812
31870,4813
31892,4814
31894,4815
31900,4816
31904,4817
31908,4818
31909,4819
31919,4820
31922,4821
31924,4822
31931,4823
31948,4824
31950,4825
31980,4826
31987,4827
32003,4828
32008,4829
32022,4830
32028,4831
32030,4832
32032,4833
32033,4834
32034,4835
32036,4836
32039,4837
32041,4838
32049,4839
32052,4840
32056,4841
32057,4842
32058,4843
32071,4844
32076,4845
32077,4846
32083,4847
32085,4848
32087,4849
32089,4850
32092,4851
32108,4852
32110,4853
32122,4854
32123,4855
32129,4856
32134,4857
32143,4858
32146,4859
32148,4860
32154,4861
32159,4862
32179,4863
32184,4864
32188,4865
32192,4866
32195,4867
32197,4868
32208,4869
32217,4870
32219,4871
32223,4872
32239,4873
32244,4874
32247,4875
32250,4876
32252,4877
32274,4878
32275,4879
32280,4880
32281,4881
32289,4882
32304,4883
32314,4884
32318,4885
32329,4886
32346,4887
32348,4888
32350,4889
32362,4890
32386,4891
32398,4892
32402,4893
32412,4894
32417,4895
32440,4896
32450,4897
32451,4898
32467,4899
32469,4900
32483,4901
32490,4902
32516,4903
32524,4904
32525,4905
32528,4906
32530,4907
32540,4908
32541,4909
32542,4910
32547,4911
32549,4912
32569,4913
32575,4914
32582,4915
32590,4916
32599,4917
32627,4918
32641,4919
32651,4920
32652,4921
32678,4922
32691,4923
32703,4924
32721,4925
32723,4926
32764,4927
32773,4928
32785,4929
32793,4930
32798,4931
32802,4932
32805,4933
32814,4934
32817,4935
32834,4936
32847,4937
32852,4938
32855,4939
32861,4940
32862,4941
32870,4942
32893,4943
32897,4944
32917,4945
32934,4946
32944,4947
32947,4948
32955,4949
32956,4950
32958,4951
32962,4952
32963,4953
32964,4954
32991,4955
32992,4956
32997,4957
33004,4958
33006,4959
33021,4960
33030,4961
33032,4962
33036,4963
33049,4964
33057,4965
33071,4966
33084,4967
33088,4968
33101,4969
33111,4970
33114,4971
33124,4972
33145,4973
33156,4974
33163,4975
33177,4976
33178,4977
33179,4978
33180,4979
33187,4980
33193,4981
33194,4982
33197,4983
33200,4984
33203,4985
33208,4986
33231,4987
33244,4988
33246,4989
33249,4990
33250,4991
33256,4992
33263,4993
33264,4994
33270,4995
33281,4996
33283,4997
33307,4998
33315,4999
33319,5000
33333,5001
33336,5002
33338,5003
33345,5004
33366,5005
33371,5006
33383,5007
33385,5008
33386,5009
33391,5010
33395,5011
33398,5012
33404,5013
33408,5014
33422,5015
33426,5016
33430,5017
33434,5018
33438,5019
33461,5020
33469,5021
33474,5022
33487,5023
33491,5024
33500,5025
33505,5026
33509,5027
33517,5028
33523,5029
33535,5030
33536,5031
33543,5032
33563,5033
33570,5034
33572,5035
33576,5036
33579,5037
33580,5038
33585,5039
33590,5040
33598,5041
33606,5042
33614,5043
33656,5044
33657,5045
33663,5046
33665,5047
33668,5048
33673,5049
33680,5050
33681,5051
33689,5052
33697,5053
33706,5054
33727,5055
33737,5056
33742,5057
33764,5058
33767,5059
33768,5060
33773,5061
33795,5062
33807,5063
33816,5064
33818,5065
33822,5066
33826,5067
33832,5068
33834,5069
33836,5070
33843,5071
33850,5072
33860,5073
33862,5074
33869,5075
33875,5076
33876,5077
33888,5078
33890,5079
33897,5080
33905,5081
33933,5082
33934,5083
33943,5084
33944,5085
33958,5086
33967,5087
33973,5088
33974,5089
33980,5090
33981,5091
33993,5092
33995,5093
33997,5094
33999,5095
34007,5096
34013,5097
34019,5098
34032,5099
34034,5100
34039,5101
34046,5102
34075,5103
34087,5104
34098,5105
34115,5106
34130,5107
34133,5108
34148,5109
34154,5110
34177,5111
34181,5112
34193,5113
34196,5114
34207,5115
34215,5116
34216,5117
34222,5118
34223,5119
34227,5120
34230,5121
34233,5122
34242,5123
34244,5124
34275,5125
34277,5126
34279,5127
34286,5128
34300,5129
34314,5130
34316,5131
34344,5132
34377,5133
34381,5134
34389,5135
34392,5136
34397,5137
34404,5138
34412,5139
34434,5140
34441,5141
34443,5142
34452,5143
34460,5144
34476,5145
34480,5146
34490,5147
34491,5148
34501,5149
34502,5150
34504,5151
34509,5152
34517,5153
34521,5154
34523,5155
34528,5156
34531,5157
34534,5158
34539,5159
34561,5160
34570,5161
34581,5162
34585,5163
34588,5164
34592,5165
34593,5166
34597,5167
34600,5168
34608,5169
34621,5170
34636,5171
34640,5172
34657,5173
34684,5174
34687,5175
34701,5176
34707,5177
34716,5178
34726,5179
34729,5180
34734,5181
34735,5182
34736,5183
34741,5184
34745,5185
34748,5186
34752,5187
34761,5188
34762,5189
34764,5190
34772,5191
34785,5192
34798,5193
34801,5194
34805,5195
34810,5196
34822,5197
34823,5198
34837,5199
34840,5200
34864,5201
34868,5202
34890,5203
34908,5204
34932,5205
34935,5206
34936,5207
34938,5208
34960,5209
34964,5210
34967,5211
34987,5212
34988,5213
34990,5214
34994,5215
34998,5216
35006,5217
35007,5218
35008,5219
35018,5220
35028,5221
35030,5222
35033,5223
35036,5224
35037,5225
35039,5226
35042,5227
35050,5228
35055,5229
35065,5230
35070,5231
35072,5232
35081,5233
35085,5234
35097,5235
35099,5236
35105,5237
35106,5238
35109,5239
35123,5240
35124,5241
35130,5242
35134,5243
35138,5244
35142,5245
35143,5246
35144,5247
35148,5248
35152,5249
35154,5250
35165,5251
35177,5252
35180,5253
35181,5254
35182,5255
35185,5256
35188,5257
35189,5258
35231,5259
35232,5260
35233,5261
35238,5262
35243,5263
35255,5264
35257,5265
35259,5266
35270,5267
35286,5268
35288,5269
35315,5270
35320,5271
35321,5272
35334,5273
35353,5274
35364,5275
35371,5276
35407,5277
35413,5278
35416,5279
35424,5280
35433,5281
35438,5282
35445,5283
35449,5284
35458,5285
35467,5286
35486,5287
35490,5288
35510,5289
35513,5290
35518,5291
35531,5292
35532,5293
35537,5294
35544,5295
35551,5296
35553,5297
35562,5298
35578,5299
35592,5300
35596,5301
35598,5302
35599,5303
35609,5304
35611,5305
35612,5306
35617,5307
35628,5308
35631,5309
35668,5310
35693,5311
35704,5312
35705,5313
35707,5314
35712,5315
35713,5316
35718,5317
35739,5318
35778,5319
35785,5320
35788,5321
35789,5322
35790,5323
35793,5324
35798,5325
35802,5326
35809,5327
35823,5328
35826,5329
35830,5330
35831,5331
35836,5332
35841,5333
35842,5334
35845,5335
35852,5336
35857,5337
35859,5338
35865,5339
35869,5340
35877,5341
35878,5342
35904,5343
35909,5344
35910,5345
35918,5346
35921,5347
35922,5348
35923,5349
35925,5350
35926,5351
35931,5352
35945,5353
35951,5354
35953,5355
35954,5356
35958,5357
35962,5358
35963,5359
35964,5360
35966,5361
35979,5362
35980,5363
35996,5364
35998,5365
36003,5366
36012,5367
36041,5368
36043,5369
36094,5370
36098,5371
36103,5372
36106,5373
36112,5374
36113,5375
36114,5376
36121,5377
36135,5378
36137,5379
36139,5380
36141,5381
36148,5382
36157,5383
36163,5384
36197,5385
36198,5386
36199,5387
36200,5388
36205,5389
36229,5390
36231,5391
36238,5392
36256,5393
36263,5394
36264,5395
36265,5396
36276,5397
36286,5398
36288,5399
36299,5400
36302,5401
36304,5402
36307,5403
36313,5404
36326,5405
36327,5406
36357,5407
36399,5408
36400,5409
36403,5410
36410,5411
36413,5412
36417,5413
36435,5414
36441,5415
36472,5416
36475,5417
36476,5418
36484,5419
36491,5420
36496,5421
36498,5422
36502,5423
36506,5424
36509,5425
36510,5426
36540,5427
36542,5428
36554,5429
36562,5430
36568,5431
36570,5432
36575,5433
36582,5434
36603,5435
36606,5436
36609,5437
36621,5438
36624,5439
36626,5440
36627,5441
36632,5442
36635,5443
36638,5444
36644,5445
36656,5446
36659,5447
36673,5448
36677,5449
36678,5450
36693,5451
36694,5452
36701,5453
36704,5454
36705,5455
36706,5456
36708,5457
36709,5458
36710,5459
36715,5460
36722,5461
36724,5462
36727,5463
36741,5464
36748,5465
36749,5466
36760,5467
36771,5468
36774,5469
36775,5470
36788,5471
36798,5472
36801,5473
36802,5474
36807,5475
36811,5476
36817,5477
36836,5478
36839,5479
36844,5480
36849,5481
36871,5482
36879,5483
36886,5484
36893,5485
36907,5486
36909,5487
36919,5488
36922,5489
36931,5490
36935,5491
36938,5492
36949,5493
36952,5494
36956,5495
36959,5496
36961,5497
36962,5498
36964,5499
36965,5500
36972,5501
36973,5502
36978,5503
36979,5504
36985,5505
36992,5506
36993,5507
37009,5508
37019,5509
37022,5510
37024,5511
37030,5512
37038,5513
37045,5514
37051,5515
37067,5516
37074,5517
37078,5518
37080,5519
37083,5520
37088,5521
37092,5522
37106,5523
37113,5524
37119,5525
37133,5526
37135,5527
37147,5528
37152,5529
37160,5530
37164,5531
37168,5532
37189,5533
37193,5534
37197,5535
37204,5536
37208,5537
37209,5538
37221,5539
37227,5540
37235,5541
37239,5542
37244,5543
37247,5544
37272,5545
37288,5546
37293,5547
37310,5548
37311,5549
37313,5550
37314,5551
37320,5552
37338,5553
37350,5554
37352,5555
37370,5556
37377,5557
37381,5558
37400,5559
37416,5560
37420,5561
37426,5562
37433,5563
37444,5564
37447,5565
37454,5566
37458,5567
37464,5568
37474,5569
37491,5570
37493,5571
37504,5572
37507,5573
37511,5574
37512,5575
37523,5576
37527,5577
37536,5578
37538,5579
37540,5580
37546,5581
37550,5582
37556,5583
37560,5584
37567,5585
37571,5586
37572,5587
37573,5588
37584,5589
37594,5590
37597,5591
37605,5592
37615,5593
37623,5594
37644,5595
37654,5596
37666,5597
37672,5598
37688,5599
37689,5600
37691,5601
37693,5602
37699,5603
37708,5604
37710,5605
37712,5606
37713,5607
37736,5608
37760,5609
37779,5610
37786,5611
37790,5612
37792,5613
37794,5614
37798,5615
37800,5616
37808,5617
37810,5618
37817,5619
37818,5620
37822,5621
37826,5622
37836,5623
37841,5624
37874,5625
37881,5626
37886,5627
37904,5628
37905,5629
37916,5630
37925,5631
37929,5632
37932,5633
37936,5634
37948,5635
37950,5636
37967,5637
37968,5638
37970,5639
37974,5640
37975,5641
37979,5642
37984,5643
37989,5644
37997,5645
38004,5646
38007,5647
38011,5648
38015,5649
38018,5650
38019,5651
38020,5652
38021,5653
38023,5654
38026,5655
38029,5656
38034,5657
38050,5658
38053,5659
38056,5660
38064,5661
38071,5662
38074,5663
38081,5664
38091,5665
38098,5666
38103,5667
38116,5668
38123,5669
38127,5670
38169,5671
38171,5672
38173,5673
38176,5674
38191,5675
38211,5676
38213,5677
38217,5678
38219,5679
38222,5680
38229,5681
38248,5682
38250,5683
38258,5684
38273,5685
38275,5686
38277,5687
38281,5688
38295,5689
38301,5690
38308,5691
38317,5692
38326,5693
38329,5694
38335,5695
38345,5696
38353,5697
38356,5698
38365,5699
38376,5700
38389,5701
38393,5702
38400,5703
38409,5704
38418,5705
38431,5706
38434,5707
38437,5708
38456,5709
38457,5710
38462,5711
38464,5712
38476,5713
38482,5714
38508,5715
38533,5716
38537,5717
38544,5718
38549,5719
38555,5720
38556,5721
38557,5722
38559,5723
38571,5724
38590,5725
38592,5726
38601,5727
38603,5728
38605,5729
38618,5730
38624,5731
38626,5732
38639,5733
38654,5734
38657,5735
38660,5736
38661,5737
38672,5738
38674,5739
38679,5740
38703,5741
38713,5742
38715,5743
38718,5744
38725,5745
38741,5746
38762,5747
38763,5748
38767,5749
38768,5750
38781,5751
38785,5752
38789,5753
38794,5754
38802,5755
38811,5756
38813,5757
38815,5758
38818,5759
38825,5760
38832,5761
38842,5762
38850,5763
38872,5764
38887,5765
38899,5766
38901,5767
38904,5768
38906,5769
38922,5770
38931,5771
38933,5772
38935,5773
38936,5774
38937,5775
38946,5776
38950,5777
38956,5778
38957,5779
38972,5780
38991,5781
38995,5782
39001,5783
39002,5784
39019,5785
39021,5786
39038,5787
39046,5788
39058,5789
39061,5790
39077,5791
39079,5792
39085,5793
39087,5794
39106,5795
39114,5796
39116,5797
39134,5798
39138,5799
39147,5800
39151,5801
39154,5802
39157,5803
39159,5804
39171,5805
39187,5806
39195,5807
39201,5808
39219,5809
39224,5810
39227,5811
39233,5812
39270,5813
39281,5814
39284,5815
39287,5816
39292,5817
39294,5818
39311,5819
39323,5820
39325,5821
39328,5822
39340,5823
39345,5824
39353,5825
39358,5826
39372,5827
39374,5828
39378,5829
39381,5830
39385,5831
39396,5832
39400,5833
39406,5834
39428,5835
39440,5836
39441,5837
39464,5838
39467,5839
39469,5840
39480,5841
39502,5842
39513,5843
39520,5844
39523,5845
39524,5846
39527,5847
39535,5848
39555,5849
39560,5850
39563,5851
39572,5852
39575,5853
39583,5854
39584,5855
39595,5856
39602,5857
39608,5858
39610,5859
39612,5860
39613,5861
39616,5862
39621,5863
39628,5864
39635,5865
39644,5866
39646,5867
39649,5868
39654,5869
39658,5870
39662,5871
39664,5872
39665,5873
39684,5874
39692,5875
39700,5876
39705,5877
39715,5878
39719,5879
39723,5880
39732,5881
39733,5882
39739,5883
39744,5884
39745,5885
39750,5886
39773,5887
39798,5888
39821,5889
39864,5890
39901,5891
39906,5892
39922,5893
39928,5894
39952,5895
39985,5896
39992,5897
40000,5898
40004,5899
40012,5900
40019,5901
40029,5902
40042,5903
40046,5904
40052,5905
40072,5906
40077,5907
40095,5908
40105,5909
40110,5910
40134,5911
40136,5912
40140,5913
40153,5914
40156,5915
40161,5916
40190,5917
40197,5918
40199,5919
40201,5920
40205,5921
40216,5922
40222,5923
40225,5924
40253,5925
40254,5926
40276,5927
40277,5928
40278,5929
40289,5930
40295,5931
40296,5932
40298,5933
40299,5934
40316,5935
40318,5936
40330,5937
40339,5938
40345,5939
40348,5940
40350,5941
40362,5942
40367,5943
40415,5944
40417,5945
40419,5946
40427,5947
40435,5948
40438,5949
40446,5950
40450,5951
40461,5952
40462,5953
40466,5954
40471,5955
40476,5956
40499,5957
40504,5958
40505,5959
40511,5960
40518,5961
40531,5962
40541,5963
40546,5964
40553,5965
40559,5966
40563,5967
40566,5968
40602,5969
40612,5970
40613,5971
40617,5972
40627,5973
40635,5974
40640,5975
40643,5976
40644,5977
40647,5978
40659,5979
40664,5980
40665,5981
40672,5982
40680,5983
40698,5984
40700,5985
40723,5986
40725,5987
40731,5988
40732,5989
40745,5990
40748,5991
40751,5992
40754,5993
40757,5994
40758,5995
40764,5996
40765,5997
40772,5998
40778,5999
40790,6000
40795,6001
40796,6002
40798,6003
40804,6004
40813,6005
40818,6006
40819,6007
40838,6008
40839,6009
40841,6010
40860,6011
40863,6012
40865,6013
40885,6014
40888,6015
40889,6016
40914,6017
40917,6018
40919,6019
40922,6020
40925,6021
40934,6022
40937,6023
40939,6024
40942,6025
40943,6026
40955,6027
40957,6028
40958,6029
40964,6030
40967,6031
40992,6032
41010,6033
41013,6034
41018,6035
41052,6036
41057,6037
41058,6038
41080,6039
41082,6040
41084,6041
41086,6042
41088,6043
41098,6044
41103,6045
41105,6046
41111,6047
41112,6048
41115,6049
41117,6050
41123,6051
41135,6052
41138,6053
41147,6054
41157,6055
41162,6056
41177,6057
41183,6058
41192,6059
41197,6060
41198,6061
41220,6062
41227,6063
41228,6064
41231,6065
41237,6066
41245,6067
41278,6068
41281,6069
41282,6070
41295,6071
41306,6072
41312,6073
41315,6074
41324,6075
41344,6076
41347,6077
41348,6078
41350,6079
41359,6080
41360,6081
41364,6082
41376,6083
41377,6084
41379,6085
41380,6086
41385,6087
41392,6088
41394,6089
41395,6090
41403,6091
41404,6092
41405,6093
41423,6094
41425,6095
41426,6096
41429,6097
41436,6098
41447,6099
41449,6100
41450,6101
41455,6102
41460,6103
41467,6104
41486,6105
41504,6106
41517,6107
41522,6108
41523,6109
41536,6110
41538,6111
41557,6112
41578,6113
41580,6114
41582,6115
41585,6116
41586,6117
41589,6118
41596,6119
41602,6120
41604,6121
41634,6122
41644,6123
41646,6124
41658,6125
41667,6126
41676,6127
41685,6128
41687,6129
41698,6130
41700,6131
41701,6132
41706,6133
41718,6134
41721,6135
41725,6136
41738,6137
41750,6138
41751,6139
41757,6140
41760,6141
41762,6142
41763,6143
41768,6144
41771,6145
41773,6146
41781,6147
41799,6148
41808,6149
41811,6150
41837,6151
41840,6152
41841,6153
41842,6154
41870,6155
41875,6156
41892,6157
41897,6158
41910,6159
41911,6160
41925,6161
41942,6162
41952,6163
41968,6164
41971,6165
41974,6166
41976,6167
41980,6168
41985,6169
42018,6170
42024,6171
42025,6172
42032,6173
42050,6174
42059,6175
42066,6176
42080,6177
42083,6178
42093,6179
42099,6180
42105,6181
42111,6182
42112,6183
42113,6184
42123,6185
42124,6186
42128,6187
42137,6188
42145,6189
42150,6190
42162,6191
42165,6192
42171,6193
42172,6194
42176,6195
42178,6196
42180,6197
42181,6198
42191,6199
42203,6200
42206,6201
42208,6202
42233,6203
42246,6204
42247,6205
42253,6206
42254,6207
42256,6208
42257,6209
42274,6210
42280,6211
42292,6212
42299,6213
42305,6214
42306,6215
42309,6216
42323,6217
42333,6218
42339,6219
42340,6220
42352,6221
42372,6222
42384,6223
42400,6224
42401,6225
42403,6226
42408,6227
42410,6228
42413,6229
42419,6230
42428,6231
42430,6232
42434,6233
42439,6234
42450,6235
42458,6236
42459,6237
42466,6238
42482,6239
42484,6240
42492,6241
42500,6242
42503,6243
42506,6244
42509,6245
42511,6246
42514,6247
42518,6248
42520,6249
42522,6250
42528,6251
42546,6252
42573,6253
42574,6254
42581,6255
42588,6256
42591,6257
42594,6258
42597,6259
42601,6260
42609,6261
42612,6262
42615,6263
42622,6264
42628,6265
42651,6266
42656,6267
42662,6268
42667,6269
42672,6270
42679,6271
42698,6272
42708,6273
42711,6274
42714,6275
42717,6276
42718,6277
42721,6278
42724,6279
42725,6280
42726,6281
42730,6282
42739,6283
42745,6284
42759,6285
42761,6286
42762,6287
42780,6288
42797,6289
42824,6290
42831,6291
42841,6292
42847,6293
42852,6294
42864,6295
42883,6296
42887,6297
42898,6298
42902,6299
42914,6300
42923,6301
42925,6302
42935,6303
42937,6304
42939,6305
42944,6306
42948,6307
42954,6308
42962,6309
42964,6310
42965,6311
42968,6312
42973,6313
42979,6314
42981,6315
42997,6316
42999,6317
43004,6318
43005,6319
43006,6320
43008,6321
43021,6322
43038,6323
43058,6324
43061,6325
43093,6326
43103,6327
43111,6328
43113,6329
43116,6330
43118,6331
43138,6332
43146,6333
43157,6334
43163,6335
43164,6336
43173,6337
43186,6338
43190,6339
43195,6340
43206,6341
43235,6342
43242,6343
43243,6344
43246,6345
43251,6346
43275,6347
43277,6348
43282,6349
43285,6350
43293,6351
43298,6352
43307,6353
43310,6354
43323,6355
43328,6356
43333,6357
43337,6358
43354,6359
43359,6360
43364,6361
43375,6362
43388,6363
43391,6364
43397,6365
43404,6366
43409,6367
43417,6368
43418,6369
43420,6370
43423,6371
43426,6372
43433,6373
43436,6374
43437,6375
43450,6376
43452,6377
43465,6378
43466,6379
43468,6380
43469,6381
43479,6382
43481,6383
43486,6384
43491,6385
43513,6386
43520,6387
43523,6388
43529,6389
43535,6390
43575,6391
43576,6392
43593,6393
43595,6394
43596,6395
43619,6396
43620,6397
43622,6398
43624,6399
43626,6400
43636,6401
43639,6402
43642,6403
43645,6404
43652,6405
43662,6406
43678,6407
43687,6408
43698,6409
43726,6410
43730,6411
43734,6412
43742,6413
43754,6414
43786,6415
43806,6416
43807,6417
43808,6418
43824,6419
43837,6420
43842,6421
43850,6422
43852,6423
43860,6424
43864,6425
43871,6426
43873,6427
43878,6428
43881,6429
43893,6430
43896,6431
43898,6432
43900,6433
43901,6434
43902,6435
43907,6436
43909,6437
43910,6438
43914,6439
43917,6440
43920,6441
43925,6442
43930,6443
43962,6444
43977,6445
43992,6446
44002,6447
44017,6448
44021,6449
44035,6450
44037,6451
44052,6452
44070,6453
44080,6454
44089,6455
44091,6456
44109,6457
44113,6458
44123,6459
44128,6460
44172,6461
44183,6462
44206,6463
44209,6464
44211,6465
44216,6466
44246,6467
44252,6468
44269,6469
44271,6470
44280,6471
44287,6472
44295,6473
44296,6474
44297,6475
44307,6476
44331,6477
44334,6478
44343,6479
44347,6480
44362,6481
44368,6482
44382,6483
44389,6484
44395,6485
44404,6486
44416,6487
44421,6488
44433,6489
44435,6490
44438,6491
44440,6492
44450,6493
44467,6494
44472,6495
44475,6496
44479,6497
44481,6498
44488,6499
44500,6500
44515,6501
44528,6502
44535,6503
44539,6504
44555,6505
44559,6506
44566,6507
44588,6508
44590,6509
44595,6510
44610,6511
44611,6512
44621,6513
44634,6514
44635,6515
44644,6516
44647,6517
44663,6518
44677,6519
44684,6520
44686,6521
44687,6522
44696,6523
44708,6524
44718,6525
44719,6526
44727,6527
44728,6528
44743,6529
44750,6530
44756,6531
44765,6532
44767,6533
44768,6534
44774,6535
44788,6536
44789,6537
44790,6538
44802,6539
44807,6540
44824,6541
44837,6542
44842,6543
44845,6544
44852,6545
44871,6546
44884,6547
44892,6548
44893,6549
44904,6550
44910,6551
44911,6552
44920,6553
44924,6554
44925,6555
44932,6556
44937,6557
44942,6558
44949,6559
44961,6560
44963,6561
44971,6562
45002,6563
45014,6564
45028,6565
45031,6566
45033,6567
45035,6568
45042,6569
45051,6570
45060,6571
45061,6572
45064,6573
45068,6574
45078,6575
45079,6576
45082,6577
45089,6578
45102,6579
45107,6580
45113,6581
45114,6582
45116,6583
45121,6584
45122,6585
45133,6586
45136,6587
45137,6588
45148,6589
45165,6590
45184,6591
45193,6592
45196,6593
45208,6594
45215,6595
45218,6596
45230,6597
45231,6598
45234,6599
45245,6600
45248,6601
45249,6602
45255,6603
45270,6604
45284,6605
45287,6606
45291,6607
45297,6608
45301,6609
45302,6610
45307,6611
45315,6612
45326,6613
45339,6614
45340,6615
45359,6616
45361,6617
45369,6618
45383,6619
45391,6620
45401,6621
45403,6622
45409,6623
45412,6624
45413,6625
45416,6626
45418,6627
45433,6628
45434,6629
45444,6630
45453,6631
45454,6632
45459,6633
45460,6634
45470,6635
45471,6636
45484,6637
45507,6638
45526,6639
45539,6640
45541,6641
45544,6642
45557,6643
45564,6644
45567,6645
45584,6646
45585,6647
45586,6648
45591,6649
45600,6650
45615,6651
45621,6652
45623,6653
45631,6654
45636,6655
45641,6656
45653,6657
45656,6658
45666,6659
45669,6660
45675,6661
45683,6662
45693,6663
45695,6664
45701,6665
45704,6666
45707,6667
45765,6668
45772,6669
45778,6670
45799,6671
45806,6672
45810,6673
45842,6674
45847,6675
45857,6676
45866,6677
45879,6678
45899,6679
45900,6680
45904,6681
45911,6682
45920,6683
45925,6684
45943,6685
45954,6686
45971,6687
45978,6688
45987,6689
45993,6690
45998,6691
46003,6692
46006,6693
46039,6694
46047,6695
46050,6696
46054,6697
46062,6698
46064,6699
46099,6700
46117,6701
46131,6702
46133,6703
46139,6704
46143,6705
46145,6706
46153,6707
46154,6708
46159,6709
46161,6710
46163,6711
46165,6712
46184,6713
46191,6714
46196,6715
46197,6716
46199,6717
46222,6718
46254,6719
46269,6720
46291,6721
46293,6722
46295,6723
46297,6724
46312,6725
46319,6726
46329,6727
46330,6728
46341,6729
46345,6730
46350,6731
46351,6732
46359,6733
46362,6734
46368,6735
46374,6736
46389,6737
46398,6738
46404,6739
46413,6740
46417,6741
46443,6742
46444,6743
46451,6744
46452,6745
46461,6746
46472,6747
46483,6748
46484,6749
46492,6750
46498,6751
46508,6752
46534,6753
46541,6754
46548,6755
46591,6756
46595,6757
46600,6758
46609,6759
46633,6760
46637,6761
46651,6762
46659,6763
46663,6764
46664,6765
46665,6766
46671,6767
46679,6768
46690,6769
46706,6770
46709,6771
46721,6772
46732,6773
46760,6774
46767,6775
46788,6776
46834,6777
46848,6778
46850,6779
46855,6780
46862,6781
46879,6782
46886,6783
46887,6784
46889,6785
46892,6786
46893,6787
46898,6788
46900,6789
46903,6790
46904,6791
46907,6792
46909,6793
46910,6794
46920,6795
46925,6796
46928,6797
46963,6798
46984,6799
46987,6800
46993,6801
47017,6802
47037,6803
47043,6804
47049,6805
47063,6806
47071,6807
47075,6808
47076,6809
47077,6810
47083,6811
47089,6812
47094,6813
47114,6814
47116,6815
47117,6816
47118,6817
47126,6818
47127,6819
47128,6820
47133,6821
47139,6822
47145,6823
47152,6824
47153,6825
47184,6826
47194,6827
47201,6828
47239,6829
47250,6830
47254,6831
47256,6832
47276,6833
47279,6834
47291,6835
47293,6836
47296,6837
47315,6838
47316,6839
47317,6840
47320,6841
47321,6842
47323,6843
47329,6844
47343,6845
47355,6846
47367,6847
47368,6848
47372,6849
47375,6850
47377,6851
47379,6852
47383,6853
47384,6854
47396,6855
47401,6856
47404,6857
47427,6858
47448,6859
47458,6860
47465,6861
47475,6862
47477,6863
47483,6864
47490,6865
47497,6866
47502,6867
47503,6868
47504,6869
47506,6870
47512,6871
47534,6872
47543,6873
47546,6874
47547,6875
47581,6876
47594,6877
47605,6878
47606,6879
47609,6880
47613,6881
47635,6882
47685,6883
47701,6884
47702,6885
47720,6886
47743,6887
47758,6888
47767,6889
47768,6890
47779,6891
47793,6892
47801,6893
47803,6894
47807,6895
47813,6896
47819,6897
47822,6898
47830,6899
47836,6900
47841,6901
47844,6902
47845,6903
47853,6904
47854,6905
47856,6906
47860,6907
47861,6908
47863,6909
47864,6910
47866,6911
47881,6912
47882,6913
47897,6914
47899,6915
47903,6916
47913,6917
47922,6918
47925,6919
47929,6920
47958,6921
47961,6922
47970,6923
47971,6924
47975,6925
47982,6926
47987,6927
47989,6928
47993,6929
47996,6930
48004,6931
48025,6932
48037,6933
48042,6934
48046,6935
48057,6936
48068,6937
48077,6938
48087,6939
48099,6940
48111,6941
48116,6942
48138,6943
48140,6944
48143,6945
48146,6946
48148,6947
48153,6948
48173,6949
48175,6950
48178,6951
48213,6952
48215,6953
48217,6954
48226,6955
48230,6956
48249,6957
48254,6958
48261,6959
48268,6960
48286,6961
48292,6962
48305,6963
48306,6964
48313,6965
48316,6966
48320,6967
48335,6968
48339,6969
48355,6970
48364,6971
48382,6972
48388,6973
48398,6974
48402,6975
48407,6976
48420,6977
48424,6978
48437,6979
48440,6980
48445,6981
48449,6982
48453,6983
48464,6984
48468,6985
48470,6986
48474,6987
48484,6988
48494,6989
48503,6990
48514,6991
48519,6992
48525,6993
48526,6994
48539,6995
48553,6996
48575,6997
48579,6998
48586,6999
48595,7000
48630,7001
48640,7002
48653,7003
48662,7004
48707,7005
48708,7006
48712,7007
48715,7008
48725,7009
48732,7010
48743,7011
48753,7012
48775,7013
48779,7014
48804,7015
48808,7016
48846,7017
48892,7018
48899,7019
48911,7020
48928,7021
48929,7022
48940,7023
48965,7024
48967,7025
48970,7026
48975,7027
48977,7028
48995,7029
49023,7030
49024,7031
49043,7032
49044,7033
49053,7034
49061,7035
49109,7036
49123,7037
49133,7038
49143,7039
49144,7040
49154,7041
49155,7042
49166,7043
49168,7044
49169,7045
49170,7046
49175,7047
49177,7048
49180,7049
49204,7050
49205,7051
49212,7052
49216,7053
49223,7054
49225,7055
49227,7056
49234,7057
49253,7058
49262,7059
49265,7060
49276,7061
49277,7062
49278,7063
49280,7064
49289,7065
49292,7066
49294,7067
49299,7068
49300,7069
49313,7070
49314,7071
49315,7072
49317,7073
49324,7074
49335,7075
49344,7076
49356,7077
49358,7078
49373,7079
49375,7080
49377,7081
49392,7082
49403,7083
49404,7084
49409,7085
49411,7086
49422,7087
49423,7088
49433,7089
49434,7090
49460,7091
49485,7092
49500,7093
49510,7094
49513,7095
49526,7096
49529,7097
49530,7098
49582,7099
49587,7100
49589,7101
49595,7102
49634,7103
49635,7104
49637,7105
49646,7106
49661,7107
49663,7108
49668,7109
49679,7110
49683,7111
49689,7112
49715,7113
49723,7114
49743,7115
49753,7116
49758,7117
49766,7118
49771,7119
49773,7120
49785,7121
49790,7122
49791,7123
49792,7124
49809,7125
49815,7126
49827,7127
49842,7128
49843,7129
49889,7130
49900,7131
49904,7132
49907,7133
49950,7134
49954,7135
49955,7136
49956,7137
49963,7138
49964,7139
49980,7140
49983,7141
49994,7142
49998,7143
50007,7144
50009,7145
50010,7146
50018,7147
50019,7148
50044,7149
50064,7150
50066,7151
50070,7152
50073,7153
50074,7154
50092,7155
50098,7156
50110,7157
50114,7158
50117,7159
50129,7160
50130,7161
50131,7162
50132,7163
50135,7164
50137,7165
50141,7166
50143,7167
50146,7168
50165,7169
50168,7170
50177,7171
50193,7172
50201,7173
50204,7174
50205,7175
50206,7176
50210,7177
50215,7178
50216,7179
50221,7180
50225,7181
50231,7182
50241,7183
50275,7184
50289,7185
50301,7186
50320,7187
50321,7188
50325,7189
50327,7190
50330,7191
50336,7192
50376,7193
50388,7194
50391,7195
50393,7196
50396,7197
50403,7198
50409,7199
50415,7200
50416,7201
50428,7202
50431,7203
50436,7204
50446,7205
50455,7206
50476,7207
50491,7208
50501,7209
50504,7210
50509,7211
50521,7212
50523,7213
50526,7214
50527,7215
50530,7216
50533,7217
50538,7218
50539,7219
50544,7220
50545,7221
50547,7222
50549,7223
50550,7224
50558,7225
50560,7226
50561,7227
50564,7228
50566,7229
50570,7230
50605,7231
50612,7232
50628,7233
50634,7234
50650,7235
50662,7236
50675,7237
50676,7238
50681,7239
50709,7240
50711,7241
50714,7242
50729,7243
50730,7244
50732,7245
50748,7246
50749,7247
50753,7248
50768,7249
50784,7250
50787,7251
50797,7252
50805,7253
50809,7254
50815,7255
50823,7256
50824,7257
50832,7258
50849,7259
50858,7260
50859,7261
50861,7262
50862,7263
50864,7264
50891,7265
50894,7266
50895,7267
50896,7268
50899,7269
50918,7270
50928,7271
50955,7272
50961,7273
50966,7274
50970,7275
50972,7276
50981,7277
50985,7278
50995,7279
51001,7280
51050,7281
51062,7282
51069,7283
51071,7284
51082,7285
51090,7286
51093,7287
51094,7288
51099,7289
51124,7290
51126,7291
51128,7292
51131,7293
51165,7294
51184,7295
51192,7296
51197,7297
51207,7298
51210,7299
51224,7300
51227,7301
51252,7302
51254,7303
51264,7304
51269,7305
51291,7306
51321,7307
51325,7308
51338,7309
51347,7310
51350,7311
51358,7312
51359,7313
51362,7314
51363,7315
51364,7316
51365,7317
51375,7318
51376,7319
51386,7320
51390,7321
51403,7322
51421,7323
51434,7324
51438,7325
51440,7326
51442,7327
51450,7328
51451,7329
51459,7330
51463,7331
51473,7332
51474,7333
51481,7334
51511,7335
51515,7336
51518,7337
51526,7338
51545,7339
51559,7340
51569,7341
51571,7342
51582,7343
51589,7344
51594,7345
51595,7346
51599,7347
51601,7348
51609,7349
51615,7350
51627,7351
51631,7352
51634,7353
51647,7354
51651,7355
51654,7356
51655,7357
51663,7358
51665,7359
51670,7360
51673,7361
51676,7362
51682,7363
51687,7364
51714,7365
51728,7366
51736,7367
51741,7368
51742,7369
51755,7370
51764,7371
51777,7372
51783,7373
51803,7374
51805,7375
51826,7376
51828,7377
51829,7378
51834,7379
51840,7380
51856,7381
51864,7382
51865,7383
51883,7384
51891,7385
51892,7386
51900,7387
51902,7388
51905,7389
51924,7390
51926,7391
51938,7392
51944,7393
51949,7394
51962,7395
51971,7396
51974,7397
51975,7398
51977,7399
51982,7400
51986,7401
51987,7402
51990,7403
51991,7404
51992,7405
52002,7406
52008,7407
52011,7408
52013,7409
52018,7410
52021,7411
52025,7412
52026,7413
52029,7414
52041,7415
52044,7416
52046,7417
52060,7418
52066,7419
52083,7420
52088,7421
52092,7422
52102,7423
52105,7424
52117,7425
52119,7426
52125,7427
52141,7428
52143,7429
52146,7430
52151,7431
52159,7432
52169,7433
52175,7434
52176,7435
52189,7436
52199,7437
52203,7438
52217,7439
52224,7440
52225,7441
52226,7442
52234,7443
52242,7444
52256,7445
52263,7446
52265,7447
52284,7448
52287,7449
52289,7450
52290,7451
52293,7452
52313,7453
52320,7454
52323,7455
52328,7456
52329,7457
52343,7458
52350,7459
52366,7460
52425,7461
52431,7462
52435,7463
52437,7464
52438,7465
52441,7466
52445,7467
52449,7468
52455,7469
52463,7470
52472,7471
52498,7472
52500,7473
52510,7474
52521,7475
52525,7476
52531,7477
52532,7478
52544,7479
52558,7480
52570,7481
52574,7482
52584,7483
52586,7484
52587,7485
52595,7486
52598,7487
52600,7488
52601,7489
52605,7490
52608,7491
52614,7492
52616,7493
52618,7494
52631,7495
52635,7496
52667,7497
52670,7498
52673,7499
52691,7500
52693,7501
52698,7502
52716,7503
52751,7504
52752,7505
52762,7506
52770,7507
52782,7508
52798,7509
52805,7510
52807,7511
52811,7512
52816,7513
52832,7514
52845,7515
52846,7516
52847,7517
52851,7518
52852,7519
52853,7520
52860,7521
52880,7522
52886,7523
52887,7524
52888,7525
52912,7526
52917,7527
52927,7528
52929,7529
52944,7530
52947,7531
52961,7532
52963,7533
52968,7534
52987,7535
52993,7536
52994,7537
53001,7538
53010,7539
53015,7540
53018,7541
53023,7542
53030,7543
53032,7544
53036,7545
53039,7546
53042,7547
53046,7548
53055,7549
53069,7550
53077,7551
53086,7552
53095,7553
53100,7554
53104,7555
53117,7556
53140,7557
53149,7558
53159,7559
53174,7560
53186,7561
53189,7562
53200,7563
53205,7564
53209,7565
53220,7566
53228,7567
53229,7568
53236,7569
53241,7570
53245,7571
53252,7572
53254,7573
53256,7574
53265,7575
53274,7576
53277,7577
53278,7578
53281,7579
53284,7580
53298,7581
53300,7582
53301,7583
53304,7584
53317,7585
53332,7586
53345,7587
53346,7588
53360,7589
53365,7590
53376,7591
53377,7592
53384,7593
53390,7594
53392,7595
53394,7596
53400,7597
53401,7598
53408,7599
53414,7600
53418,7601
53420,7602
53426,7603
53430,7604
53434,7605
53443,7606
53446,7607
53456,7608
53458,7609
53472,7610
53476,7611
53490,7612
53496,7613
53499,7614
53506,7615
53510,7616
53515,7617
53520,7618
53527,7619
53528,7620
53537,7621
53545,7622
53559,7623
53564,7624
53566,7625
53567,7626
53575,7627
53576,7628
53577,7629
53590,7630
53594,7631
53604,7632
53605,7633
53614,7634
53618,7635
53628,7636
53645,7637
53647,7638
53661,7639
53663,7640
53664,7641
53678,7642
53686,7643
53688,7644
53699,7645
53722,7646
53724,7647
53729,7648
53750,7649
53754,7650
53759,7651
53765,7652
53772,7653
53773,7654
53775,7655
53795,7656
53799,7657
53841,7658
53842,7659
53846,7660
53851,7661
53862,7662
53877,7663
53883,7664
53902,7665
53930,7666
53932,7667
53934,7668
53938,7669
53942,7670
53943,7671
53965,7672
53978,7673
53980,7674
53981,7675
53987,7676
53994,7677
54005,7678
54010,7679
54013,7680
54016,7681
54026,7682
54035,7683
54043,7684
54062,7685
54072,7686
54076,7687
54081,7688
54085,7689
54094,7690
54118,7691
54124,7692
54130,7693
54132,7694
54145,7695
54148,7696
54150,7697
54154,7698
54161,7699
54173,7700
54181,7701
54185,7702
54192,7703
54193,7704
54199,7705
54201,7706
54204,7707
54206,7708
54207,7709
54208,7710
54213,7711
54218,7712
54220,7713
54222,7714
54229,7715
54234,7716
54245,7717
54261,7718
54262,7719
54264,7720
54281,7721
54283,7722
54288,7723
54289,7724
54290,7725
54293,7726
54304,7727
54309,7728
54311,7729
54315,7730
54326,7731
54328,7732
54329,7733
54335,7734
54349,7735
54368,7736
54370,7737
54374,7738
54378,7739
54379,7740
54395,7741
54404,7742
54412,7743
54413,7744
54425,7745
54429,7746
54446,7747
54453,7748
54460,7749
54474,7750
54483,7751
54486,7752
54490,7753
54493,7754
54497,7755
54501,7756
54507,7757
54511,7758
54512,7759
54528,7760
54547,7761
54564,7762
54569,7763
54574,7764
54578,7765
54581,7766
54589,7767
54605,7768
54610,7769
54617,7770
54622,7771
54624,7772
54628,7773
54632,7774
54634,7775
54638,7776
54648,7777
54649,7778
54652,7779
54655,7780
54672,7781
54679,7782
54693,7783
54700,7784
54704,7785
54716,7786
54722,7787
54728,7788
54730,7789
54731,7790
54757,7791
54758,7792
54783,7793
54818,7794
54823,7795
54824,7796
54833,7797
54850,7798
54866,7799
54876,7800
54884,7801
54885,7802
54889,7803
54895,7804
54898,7805
54911,7806
54917,7807
54925,7808
54934,7809
54958,7810
54965,7811
54968,7812
54972,7813
54987,7814
54991,7815
54997,7816
55006,7817
55019,7818
55021,7819
55027,7820
55046,7821
55065,7822
55071,7823
55072,7824
55075,7825
55086,7826
55094,7827
55097,7828
55119,7829
55129,7830
55138,7831
55141,7832
55142,7833
55144,7834
55148,7835
55164,7836
55168,7837
55178,7838
55180,7839
55184,7840
55187,7841
55194,7842
55197,7843
55202,7844
55203,7845
55217,7846
55237,7847
55242,7848
55243,7849
55244,7850
55251,7851
55253,7852
55270,7853
55272,7854
55298,7855
55315,7856
55322,7857
55331,7858
55334,7859
55341,7860
55351,7861
55356,7862
55359,7863
55372,7864
55374,7865
55375,7866
55395,7867
55398,7868
55399,7869
55403,7870
55407,7871
55408,7872
55409,7873
55411,7874
55418,7875
55419,7876
55421,7877
55422,7878
55423,7879
55430,7880
55432,7881
55434,7882
55438,7883
55441,7884
55448,7885
55454,7886
55466,7887
55469,7888
55470,7889
55471,7890
55486,7891
55487,7892
55490,7893
55492,7894
55493,7895
55498,7896
55505,7897
55511,7898
55537,7899
55548,7900
55550,7901
55559,7902
55560,7903
55562,7904
55579,7905
55607,7906
55631,7907
55655,7908
55670,7909
55681,7910
55687,7911
55688,7912
55720,7913
55725,7914
55728,7915
55733,7916
55734,7917
55742,7918
55751,7919
55756,7920
55757,7921
55760,7922
55765,7923
55772,7924
55773,7925
55776,7926
55779,7927
55787,7928
55789,7929
55799,7930
55806,7931
55809,7932
55810,7933
55825,7934
55826,7935
55847,7936
55853,7937
55858,7938
55889,7939
55892,7940
55894,7941
55898,7942
55914,7943
55918,7944
55923,7945
55927,7946
55933,7947
55938,7948
55941,7949
55942,7950
55947,7951
55955,7952
55961,7953
55973,7954
55989,7955
55999,7956
56003,7957
56006,7958
56007,7959
56028,7960
56030,7961
56031,7962
56039,7963
56045,7964
56055,7965
56066,7966
56094,7967
56102,7968
56103,7969
56110,7970
56124,7971
56143,7972
56151,7973
56155,7974
56157,7975
56185,7976
56193,7977
56198,7978
56201,7979
56203,7980
56213,7981
56215,7982
56220,7983
56231,7984
56246,7985
56260,7986
56271,7987
56272,7988
56276,7989
56278,7990
56307,7991
56313,7992
56315,7993
56323,7994
56341,7995
56360,7996
56369,7997
56383,7998
56391,7999
56395,8000
56399,8001
56439,8002
56442,8003
56447,8004
56467,8005
56470,8006
56487,8007
56488,8008
56496,8009
56522,8010
56531,8011
56534,8012
56542,8013
56553,8014
56554,8015
56574,8016
56579,8017
56581,8018
56585,8019
56598,8020
56603,8021
56606,8022
56608,8023
56622,8024
56623,8025
56625,8026
56627,8027
56630,8028
56632,8029
56644,8030
56654,8031
56657,8032
56661,8033
56663,8034
56676,8035
56687,8036
56689,8037
56707,8038
56715,8039
56718,8040
56719,8041
56723,8042
56739,8043
56743,8044
56748,8045
56751,8046
56759,8047
56760,8048
56772,8049
56776,8050
56804,8051
56817,8052
56830,8053
56834,8054
56843,8055
56850,8056
56855,8057
56856,8058
56857,8059
56859,8060
56861,8061
56863,8062
56874,8063
56875,8064
56877,8065
56884,8066
56905,8067
56917,8068
56941,8069
56947,8070
56950,8071
56958,8072
56959,8073
56971,8074
56986,8075
56990,8076
56998,8077
57002,8078
57006,8079
57023,8080
57026,8081
57030,8082
57037,8083
57039,8084
57068,8085
57072,8086
57073,8087
57091,8088
57095,8089
57102,8090
57105,8091
57108,8092
57109,8093
57124,8094
57131,8095
57136,8096
57145,8097
57147,8098
57148,8099
57156,8100
57157,8101
57161,8102
57166,8103
57168,8104
57200,8105
57214,8106
57225,8107
57229,8108
57234,8109
57239,8110
57247,8111
57253,8112
57255,8113
57256,8114
57261,8115
57264,8116
57265,8117
57267,8118
57269,8119
57270,8120
57272,8121
57289,8122
57290,8123
57291,8124
57302,8125
57345,8126
57347,8127
57367,8128
57369,8129
57379,8130
57398,8131
57402,8132
57411,8133
57412,8134
57423,8135
57442,8136
57449,8137
57468,8138
57490,8139
57501,8140
57505,8141
57515,8142
57528,8143
57540,8144
57554,8145
57556,8146
57560,8147
57599,8148
57601,8149
57612,8150
57620,8151
57621,8152
57632,8153
57647,8154
57652,8155
57661,8156
57685,8157
57686,8158
57705,8159
57706,8160
57713,8161
57725,8162
57726,8163
57734,8164
57747,8165
57751,8166
57765,8167
57777,8168
57781,8169
57783,8170
57804,8171
57819,8172
57824,8173
57829,8174
57831,8175
57833,8176
57853,8177
57868,8178
57879,8179
57880,8180
57884,8181
57898,8182
57910,8183
57912,8184
57920,8185
57923,8186
57930,8187
57935,8188
57949,8189
57950,8190
57954,8191
57959,8192
57960,8193
57965,8194
57970,8195
57976,8196
57991,8197
57999,8198
58004,8199
58009,8200
58022,8201
58024,8202
58030,8203
58050,8204
58062,8205
58064,8206
58067,8207
58070,8208
58072,8209
58076,8210
58077,8211
58086,8212
58118,8213
58120,8214
58133,8215
58142,8216
58151,8217
58152,8218
58156,8219
58162,8220
58167,8221
58168,8222
58174,8223
58185,8224
58189,8225
58190,8226
58194,8227
58210,8228
58219,8229
58224,8230
58231,8231
58236,8232
58255,8233
58257,8234
58258,8235
58279,8236
58280,8237
58293,8238
58297,8239
58304,8240
58306,8241
58319,8242
58325,8243
58340,8244
58342,8245
58349,8246
58351,8247
58352,8248
58355,8249
58357,8250
58358,8251
58363,8252
58379,8253
58382,8254
58389,8255
58397,8256
58414,8257
58426,8258
58436,8259
58443,8260
58456,8261
58458,8262
58468,8263
58473,8264
58479,8265
58485,8266
58489,8267
58497,8268
58512,8269
58515,8270
58516,8271
58522,8272
58529,8273
58555,8274
58576,8275
58593,8276
58594,8277
58595,8278
58609,8279
58612,8280
58629,8281
58641,8282
58644,8283
58645,8284
58646,8285
58667,8286
58685,8287
58708,8288
58709,8289
58710,8290
58712,8291
58724,8292
58732,8293
58736,8294
58746,8295
58756,8296
58761,8297
58768,8298
58773,8299
58776,8300
58782,8301
58790,8302
58792,8303
58821,8304
58823,8305
58855,8306
58860,8307
58866,8308
58873,8309
58877,8310
58911,8311
58921,8312
58932,8313
58958,8314
58961,8315
58964,8316
58992,8317
59003,8318
59014,8319
59031,8320
59038,8321
59052,8322
59059,8323
59064,8324
59084,8325
59086,8326
59092,8327
59102,8328
59105,8329
59133,8330
59147,8331
59148,8332
59150,8333
59169,8334
59172,8335
59179,8336
59180,8337
59189,8338
59192,8339
59193,8340
59197,8341
59198,8342
59206,8343
59208,8344
59209,8345
59214,8346
59216,8347
59226,8348
59241,8349
59246,8350
59254,8351
59261,8352
59266,8353
59267,8354
59268,8355
59269,8356
59274,8357
59287,8358
59296,8359
59297,8360
59303,8361
59305,8362
59313,8363
59314,8364
59352,8365
59372,8366
59374,8367
59384,8368
59390,8369
59391,8370
59401,8371
59409,8372
59421,8373
59423,8374
59430,8375
59433,8376
59434,8377
59436,8378
59438,8379
59441,8380
59451,8381
59456,8382
59463,8383
59476,8384
59486,8385
59488,8386
59490,8387
59492,8388
59499,8389
59504,8390
59511,8391
59518,8392
59524,8393
59534,8394
59548,8395
59551,8396
59554,8397
59559,8398
59578,8399
59595,8400
59600,8401
59604,8402
59612,8403
59615,8404
59616,8405
59620,8406
59624,8407
59629,8408
59642,8409
59656,8410
59658,8411
59675,8412
59676,8413
59681,8414
59683,8415
59685,8416
59706,8417
59712,8418
59720,8419
59727,8420
59739,8421
59740,8422
59743,8423
59746,8424
59756,8425
59763,8426
59770,8427
59792,8428
59799,8429
59805,8430
59808,8431
59810,8432
59812,8433
59820,8434
59829,8435
59835,8436
59851,8437
59874,8438
59879,8439
59881,8440
59885,8441
59895,8442
59898,8443
59900,8444
59903,8445
59912,8446
59918,8447
59920,8448
59924,8449
59932,8450
59933,8451
59944,8452
59961,8453
59971,8454
59994,8455
59996,8456
60004,8457
60005,8458
60006,8459
60011,8460
60029,8461
60031,8462
60040,8463
60041,8464
60050,8465
60061,8466
60064,8467
60066,8468
60067,8469
60079,8470
60081,8471
60082,8472
60083,8473
60085,8474
60098,8475
60099,8476
60113,8477
60129,8478
60130,8479
60138,8480
60140,8481
60142,8482
60146,8483
60155,8484
60157,8485
60159,8486
60168,8487
60174,8488
60177,8489
60178,8490
60185,8491
60188,8492
60195,8493
60198,8494
60202,8495
60204,8496
60211,8497
60224,8498
60227,8499
60228,8500
60229,8501
60230,8502
60244,8503
60251,8504
60253,8505
60255,8506
60259,8507
60263,8508
60265,8509
60272,8510
60274,8511
60276,8512
60277,8513
60278,8514
60279,8515
60286,8516
60287,8517
60307,8518
60319,8519
60332,8520
60335,8521
60336,8522
60337,8523
60342,8524
60347,8525
60358,8526
60360,8527
60375,8528
60387,8529
60388,8530
60391,8531
60392,8532
60400,8533
60427,8534
60428,8535
60439,8536
60445,8537
60461,8538
60462,8539
60475,8540
60476,8541
60488,8542
60497,8543
60500,8544
60513,8545
60517,8546
60523,8547
60535,8548
60546,8549
60548,8550
60551,8551
60555,8552
60569,8553
60570,8554
60583,8555
60609,8556
60611,8557
60612,8558
60621,8559
60631,8560
60633,8561
60649,8562
60680,8563
60683,8564
60684,8565
60688,8566
60690,8567
60703,8568
60707,8569
60711,8570
60738,8571
60760,8572
60785,8573
60787,8574
60797,8575
60805,8576
60809,8577
60823,8578
60836,8579
60858,8580
60865,8581
60870,8582
60877,8583
60886,8584
60905,8585
60914,8586
60927,8587
60928,8588
60935,8589
60941,8590
60942,8591
60944,8592
60950,8593
60967,8594
60970,8595
60977,8596
60978,8597
61004,8598
61017,8599
61018,8600
61021,8601
61023,8602
61025,8603
61027,8604
61028,8605
61038,8606
61058,8607
61072,8608
61083,8609
61087,8610
61090,8611
61103,8612
61107,8613
61109,8614
61119,8615
61146,8616
61147,8617
61165,8618
61166,8619
61172,8620
61194,8621
61203,8622
61205,8623
61206,8624
61210,8625
61211,8626
61216,8627
61219,8628
61257,8629
61271,8630
61274,8631
61280,8632
61283,8633
61285,8634
61296,8635
61297,8636
61307,8637
61317,8638
61348,8639
61354,8640
61361,8641
61368,8642
61384,8643
61387,8644
61402,8645
61409,8646
61427,8647
61429,8648
61448,8649
61494,8650
61517,8651
61525,8652
61530,8653
61533,8654
61536,8655
61545,8656
61571,8657
61574,8658
61575,8659
61577,8660
61598,8661
61602,8662
61612,8663
61619,8664
61647,8665
61662,8666
61666,8667
61667,8668
61668,8669
61700,8670
61704,8671
61710,8672
61750,8673
61759,8674
61762,8675
61764,8676
61775,8677
61783,8678
61798,8679
61801,8680
61805,8681
61835,8682
61842,8683
61845,8684
61849,8685
61851,8686
61852,8687
61854,8688
61859,8689
61868,8690
61872,8691
61878,8692
61884,8693
61885,8694
61886,8695
61888,8696
61892,8697
61896,8698
61899,8699
61900,8700
61901,8701
61910,8702
61911,8703
61913,8704
61917,8705
61923,8706
61930,8707
61935,8708
61964,8709
61982,8710
62005,8711
62009,8712
62015,8713
62025,8714
62042,8715
62062,8716
62069,8717
62078,8718
62086,8719
62095,8720
62109,8721
62133,8722
62139,8723
62150,8724
62151,8725
62161,8726
62167,8727
62172,8728
62182,8729
62188,8730
62193,8731
62201,8732
62208,8733
62209,8734
62216,8735
62239,8736
62246,8737
62249,8738
62257,8739
62259,8740
62267,8741
62272,8742
62279,8743
62302,8744
62303,8745
62316,8746
62321,8747
62328,8748
62329,8749
62332,8750
62339,8751
62348,8752
62349,8753
62369,8754
62378,8755
62381,8756
62387,8757
62410,8758
62417,8759
62426,8760
62442,8761
62455,8762
62457,8763
62464,8764
62468,8765
62471,8766
62475,8767
62478,8768
62486,8769
62497,8770
62504,8771
62511,8772
62513,8773
62532,8774
62540,8775
62542,8776
62544,8777
62546,8778
62549,8779
62558,8780
62565,8781
62575,8782
62577,8783
62582,8784
62586,8785
62592,8786
62621,8787
62625,8788
62626,8789
62632,8790
62637,8791
62654,8792
62655,8793
62659,8794
62662,8795
62667,8796
62670,8797
62680,8798
62688,8799
62706,8800
62716,8801
62735,8802
62747,8803
62755,8804
62761,8805
62762,8806
62777,8807
62799,8808
62802,8809
62805,8810
62809,8811
62833,8812
62837,8813
62840,8814
62844,8815
62851,8816
62862,8817
62881,8818
62891,8819
62895,8820
62926,8821
62929,8822
62932,8823
62935,8824
62954,8825
62958,8826
62966,8827
62968,8828
62980,8829
62997,8830
63002,8831
63004,8832
63005,8833
63024,8834
63032,8835
63033,8836
63034,8837
63041,8838
63074,8839
63075,8840
63083,8841
63096,8842
63101,8843
63102,8844
63105,8845
63122,8846
63131,8847
63133,8848
63134,8849
63142,8850
63152,8851
63162,8852
63165,8853
63166,8854
63212,8855
63226,8856
63232,8857
63238,8858
63243,8859
63246,8860
63250,8861
63253,8862
63278,8863
63280,8864
63286,8865
63293,8866
63294,8867
63317,8868
63318,8869
63319,8870
63321,8871
63324,8872
63329,8873
63331,8874
63334,8875
63335,8876
63358,8877
63360,8878
63365,8879
63367,8880
63369,8881
63384,8882
63389,8883
63394,8884
63401,8885
63402,8886
63422,8887
63452,8888
63470,8889
63476,8890
63488,8891
63489,8892
63494,8893
63506,8894
63507,8895
63545,8896
63552,8897
63556,8898
63568,8899
63571,8900
63575,8901
63587,8902
63591,8903
63595,8904
63604,8905
63620,8906
63625,8907
63629,8908
63630,8909
63638,8910
63643,8911
63644,8912
63645,8913
63650,8914
63652,8915
63658,8916
63665,8917
63669,8918
63678,8919
63694,8920
63697,8921
63714,8922
63719,8923
63755,8924
63765,8925
63775,8926
63782,8927
63812,8928
63820,8929
63824,8930
63829,8931
63849,8932
63854,8933
63865,8934
63874,8935
63891,8936
63901,8937
63910,8938
63911,8939
63918,8940
63923,8941
63924,8942
63936,8943
63938,8944
63948,8945
63952,8946
63953,8947
63956,8948
63964,8949
63970,8950
63976,8951
63982,8952
63993,8953
63994,8954
63997,8955
63998,8956
64010,8957
64012,8958
64015,8959
64017,8960
64027,8961
64041,8962
64061,8963
64063,8964
64073,8965
64075,8966
64077,8967
64082,8968
64092,8969
64100,8970
64103,8971
64111,8972
64112,8973
64120,8974
64126,8975
64137,8976
64155,8977
64162,8978
64185,8979
64186,8980
64197,8981
64198,8982
64220,8983
64239,8984
64241,8985
64261,8986
64270,8987
64271,8988
64272,8989
64278,8990
64310,8991
64316,8992
64320,8993
64333,8994
64344,8995
64346,8996
64347,8997
64358,8998
64361,8999
64365,9000
64372,9001
64373,9002
64375,9003
64387,9004
64390,9005
64392,9006
64396,9007
64405,9008
64409,9009
64417,9010
64418,9011
64422,9012
64429,9013
64433,9014
64435,9015
64436,9016
64440,9017
64448,9018
64449,9019
64452,9020
64453,9021
64457,9022
64472,9023
64478,9024
64495,9025
64498,9026
64510,9027
64517,9028
64521,9029
64530,9030
64532,9031
64535,9032
64544,9033
64548,9034
64550,9035
64563,9036
64564,9037
64605,9038
64608,9039
64612,9040
64629,9041
64649,9042
64662,9043
64669,9044
64679,9045
64683,9046
64687,9047
64691,9048
64702,9049
64706,9050
64708,9051
64713,9052
64714,9053
64723,9054
64726,9055
64743,9056
64763,9057
64765,9058
64766,9059
64769,9060
64773,9061
64775,9062
64779,9063
64783,9064
64784,9065
64791,9066
64793,9067
64799,9068
64803,9069
64819,9070
64821,9071
64832,9072
64846,9073
64848,9074
64861,9075
64872,9076
64875,9077
64885,9078
64899,9079
64914,9080
64921,9081
64922,9082
64923,9083
64943,9084
64946,9085
64948,9086
64958,9087
64966,9088
64982,9089
64983,9090
64986,9091
64990,9092
64995,9093
65001,9094
65004,9095
65008,9096
65032,9097
65038,9098
65052,9099
65054,9100
65063,9101
65068,9102
65088,9103
65098,9104
65109,9105
65138,9106
65145,9107
65147,9108
65149,9109
65161,9110
65162,9111
65183,9112
65187,9113
65190,9114
65191,9115
65192,9116
65200,9117
65202,9118
65206,9119
65207,9120
65208,9121
65218,9122
65228,9123
65231,9124
65234,9125
65238,9126
65244,9127
65253,9128
65258,9129
65285,9130
65322,9131
65323,9132
65334,9133
65335,9134
65338,9135
65339,9136
65343,9137
65345,9138
65350,9139
65363,9140
65365,9141
65368,9142
65370,9143
65382,9144
65389,9145
65390,9146
65401,9147
65409,9148
65414,9149
65444,9150
65453,9151
65465,9152
65467,9153
65469,9154
65484,9155
65487,9156
65497,9157
65510,9158
65512,9159
65520,9160
65537,9161
65549,9162
65558,9163
65579,9164
65584,9165
65597,9166
65602,9167
65624,9168
65653,9169
65663,9170
65665,9171
65680,9172
65696,9173
65707,9174
65710,9175
65741,9176
65751,9177
65752,9178
65769,9179
65774,9180
65777,9181
65791,9182
65792,9183
65806,9184
65807,9185
65814,9186
65817,9187
65828,9188
65831,9189
65835,9190
65837,9191
65846,9192
65877,9193
65890,9194
65906,9195
65908,9196
65913,9197
65921,9198
65935,9199
65946,9200
65954,9201
65966,9202
65970,9203
65986,9204
65996,9205
66001,9206
66015,9207
66055,9208
66060,9209
66073,9210
66088,9211
66096,9212
66100,9213
66106,9214
66109,9215
66113,9216
66160,9217
66161,9218
66183,9219
66205,9220
66207,9221
66214,9222
66225,9223
66229,9224
66234,9225
66235,9226
66243,9227
66248,9228
66255,9229
66288,9230
66304,9231
66323,9232
66327,9233
66334,9234
66336,9235
66337,9236
66358,9237
66362,9238
66363,9239
66365,9240
66370,9241
66377,9242
66385,9243
66387,9244
66423,9245
66428,9246
66431,9247
66442,9248
66443,9249
66455,9250
66458,9251
66464,9252
66467,9253
66473,9254
66483,9255
66484,9256
66485,9257
66487,9258
66500,9259
66518,9260
66523,9261
66533,9262
66539,9263
66540,9264
66544,9265
66546,9266
66556,9267
66566,9268
66574,9269
66578,9270
66589,9271
66591,9272
66608,9273
66610,9274
66618,9275
66619,9276
66622,9277
66624,9278
66640,9279
66651,9280
66652,9281
66655,9282
66662,9283
66677,9284
66680,9285
66685,9286
66696,9287
66708,9288
66720,9289
66725,9290
66731,9291
66738,9292
66740,9293
66743,9294
66746,9295
66750,9296
66765,9297
66769,9298
66770,9299
66772,9300
66780,9301
66789,9302
66790,9303
66792,9304
66797,9305
66829,9306
66841,9307
66842,9308
66849,9309
66850,9310
66853,9311
66864,9312
66878,9313
66883,9314
66901,9315
66912,9316
66924,9317
66935,9318
66940,9319
66942,9320
66945,9321
66953,9322
66958,9323
66960,9324
66964,9325
66973,9326
66989,9327
66991,9328
66993,9329
67003,9330
67010,9331
67013,9332
67017,9333
67025,9334
67030,9335
67034,9336
67046,9337
67072,9338
67077,9339
67079,9340
67085,9341
67089,9342
67099,9343
67102,9344
67111,9345
67121,9346
67133,9347
67136,9348
67150,9349
67174,9350
67176,9351
67178,9352
67187,9353
67188,9354
67189,9355
67193,9356
67198,9357
67200,9358
67220,9359
67221,9360
67236,9361
67237,9362
67244,9363
67245,9364
67248,9365
67251,9366
67255,9367
67262,9368
67270,9369
67272,9370
67286,9371
67288,9372
67294,9373
67296,9374
67298,9375
67312,9376
67319,9377
67322,9378
67354,9379
67359,9380
67364,9381
67365,9382
67370,9383
67371,9384
67376,9385
67379,9386
67392,9387
67397,9388
67402,9389
67403,9390
67406,9391
67415,9392
67444,9393
67445,9394
67453,9395
67487,9396
67502,9397
67507,9398
67515,9399
67522,9400
67523,9401
67542,9402
67544,9403
67547,9404
67553,9405
67567,9406
67571,9407
67576,9408
67581,9409
67584,9410
67591,9411
67598,9412
67600,9413
67601,9414
67609,9415
67620,9416
67622,9417
67627,9418
67628,9419
67630,9420
67636,9421
67663,9422
67669,9423
67670,9424
67677,9425
67679,9426
67686,9427
67690,9428
67693,9429
67694,9430
67698,9431
67700,9432
67704,9433
67710,9434
67715,9435
67716,9436
67725,9437
67734,9438
67749,9439
67756,9440
67757,9441
67774,9442
67775,9443
67777,9444
67779,9445
67782,9446
67784,9447
67790,9448
67800,9449
67804,9450
67810,9451
67829,9452
67838,9453
67840,9454
67848,9455
67858,9456
67860,9457
67868,9458
67873,9459
67896,9460
67910,9461
67918,9462
67929,9463
67930,9464
67945,9465
67975,9466
67991,9467
67992,9468
67994,9469
67997,9470
68000,9471
68002,9472
68004,9473
68014,9474
68029,9475
68030,9476
68031,9477
68040,9478
68050,9479
68052,9480
68054,9481
68059,9482
68066,9483
68073,9484
68074,9485
68075,9486
68077,9487
68080,9488
68081,9489
68082,9490
68087,9491
68122,9492
68126,9493
68128,9494
68153,9495
68156,9496
68168,9497
68184,9498
68185,9499
68203,9500
68212,9501
68227,9502
68234,9503
68240,9504
68241,9505
68249,9506
68254,9507
68256,9508
68257,9509
68259,9510
68265,9511
68267,9512
68272,9513
68277,9514
68289,9515
68308,9516
68309,9517
68328,9518
68343,9519
68367,9520
68373,9521
68383,9522
68386,9523
68395,9524
68403,9525
68409,9526
68412,9527
68422,9528
68426,9529
68429,9530
68436,9531
68437,9532
68450,9533
68465,9534
68470,9535
68478,9536
68491,9537
68495,9538
68498,9539
68505,9540
68511,9541
68533,9542
68537,9543
68538,9544
68555,9545
68561,9546
68563,9547
68568,9548
68574,9549
68579,9550
68581,9551
68586,9552
68596,9553
68598,9554
68605,9555
68608,9556
68615,9557
68621,9558
68643,9559
68650,9560
68683,9561
68688,9562
68690,9563
68691,9564
68700,9565
68706,9566
68708,9567
68712,9568
68721,9569
68729,9570
68738,9571
68747,9572
68749,9573
68760,9574
68767,9575
68768,9576
68796,9577
68805,9578
68811,9579
68820,9580
68824,9581
68827,9582
68836,9583
68846,9584
68854,9585
68859,9586
68860,9587
68861,9588
68875,9589
68886,9590
68932,9591
68943,9592
68947,9593
68965,9594
68984,9595
68995,9596
69004,9597
69008,9598
69012,9599
69022,9600
69023,9601
69042,9602
69050,9603
69068,9604
69078,9605
69085,9606
69089,9607
69102,9608
69144,9609
69156,9610
69158,9611
69160,9612
69180,9613
69183,9614
69188,9615
69191,9616
69193,9617
69195,9618
69211,9619
69216,9620
69219,9621
69228,9622
69232,9623
69245,9624
69252,9625
69268,9626
69270,9627
69272,9628
69274,9629
69281,9630
69307,9631
69310,9632
69311,9633
69341,9634
69345,9635
69354,9636
69355,9637
69377,9638
69378,9639
69380,9640
69382,9641
69383,9642
69389,9643
69400,9644
69405,9645
69410,9646
69419,9647
69425,9648
69436,9649
69460,9650
69466,9651
69468,9652
69470,9653
69472,9654
69477,9655
69489,9656
69493,9657
69499,9658
69503,9659
69511,9660
69512,9661
69547,9662
69554,9663
69593,9664
69596,9665
69597,9666
69600,9667
69601,9668
69602,9669
69612,9670
69627,9671
69632,9672
69648,9673
69655,9674
69658,9675
69661,9676
69666,9677
69672,9678
69674,9679
69676,9680
69684,9681
69686,9682
69697,9683
69698,9684
69709,9685
69711,9686
69721,9687
69742,9688
69749,9689
69775,9690
69787,9691
69788,9692
69790,9693
69799,9694
69800,9695
69808,9696
69809,9697
69810,9698
69823,9699
69839,9700
69845,9701
69850,9702
69886,9703
69893,9704
69917,9705
69919,9706
69926,9707
69929,9708
69931,9709
69933,9710
69945,9711
69955,9712
69964,9713
69967,9714
69971,9715
69973,9716
69980,9717
69981,9718
69982,9719
69986,9720
69990,9721
69992,9722
70003,9723
70014,9724
70020,9725
70021,9726
70022,9727
70024,9728
70026,9729
70029,9730
70047,9731
70050,9732
70052,9733
70055,9734
70061,9735
70063,9736
70065,9737
70066,9738
70080,9739
70086,9740
70119,9741
70129,9742
70153,9743
70164,9744
70173,9745
70177,9746
70183,9747
70186,9748
70189,9749
70192,9750
70201,9751
70205,9752
70214,9753
70222,9754
70237,9755
70238,9756
70265,9757
70271,9758
70279,9759
70289,9760
70302,9761
70314,9762
70318,9763
70345,9764
70359,9765
70378,9766
70379,9767
70398,9768
70399,9769
70401,9770
70402,9771
70414,9772
70415,9773
70429,9774
70435,9775
70443,9776
70448,9777
70450,9778
70465,9779
70474,9780
70475,9781
70477,9782
70493,9783
70498,9784
70504,9785
70519,9786
70535,9787
70536,9788
70538,9789
70539,9790
70541,9791
70543,9792
70549,9793
70550,9794
70554,9795
70556,9796
70564,9797
70569,9798
70571,9799
70572,9800
70573,9801
70574,9802
70585,9803
70589,9804
70594,9805
70595,9806
70603,9807
70620,9808
70628,9809
70648,9810
70649,9811
70666,9812
70670,9813
70680,9814
70688,9815
70689,9816
70694,9817
70696,9818
70703,9819
70713,9820
70716,9821
70731,9822
70733,9823
70770,9824
70772,9825
70791,9826
70796,9827
70832,9828
70836,9829
70855,9830
70864,9831
70865,9832
70866,9833
70878,9834
70882,9835
70893,9836
70912,9837
70916,9838
70931,9839
70937,9840
70940,9841
70947,9842
70948,9843
70951,9844
70965,9845
70994,9846
70998,9847
70999,9848
71009,9849
71019,9850
71035,9851
71038,9852
71056,9853
71058,9854
71068,9855
71074,9856
71075,9857
71076,9858
71079,9859
71081,9860
71089,9861
71102,9862
71129,9863
71133,9864
71162,9865
71174,9866
71179,9867
71181,9868
71183,9869
71193,9870
71196,9871
71202,9872
71207,9873
71227,9874
71234,9875
71239,9876
71253,9877
71260,9878
71261,9879
71266,9880
71268,9881
71274,9882
71285,9883
71308,9884
71313,9885
71316,9886
71336,9887
71344,9888
71364,9889
71382,9890
71389,9891
71418,9892
71449,9893
71459,9894
71464,9895
71465,9896
71470,9897
71486,9898
71490,9899
71494,9900
71497,9901
71502,9902
71507,9903
71514,9904
71521,9905
71522,9906
71523,9907
71554,9908
71561,9909
71562,9910
71568,9911
71587,9912
71591,9913
71597,9914
71612,9915
71616,9916
71618,9917
71628,9918
71634,9919
71639,9920
71648,9921
71657,9922
71660,9923
71662,9924
71684,9925
71694,9926
71703,9927
71711,9928
71712,9929
71716,9930
71726,9931
71739,9932
71752,9933
71767,9934
71777,9935
71779,9936
71786,9937
71798,9938
71799,9939
71800,9940
71806,9941
71808,9942
71811,9943
71814,9944
71818,9945
71822,9946
71831,9947
71850,9948
71853,9949
71855,9950
71884,9951
71888,9952
71889,9953
71897,9954
71900,9955
71902,9956
71927,9957
71940,9958
71946,9959
71952,9960
71957,9961
71967,9962
71974,9963
71996,9964
72000,9965
72004,9966
72005,9967
72017,9968
72021,9969
72022,9970
72028,9971
72030,9972
72040,9973
72044,9974
72050,9975
72063,9976
72084,9977
72092,9978
72097,9979
72099,9980
72100,9981
72112,9982
72124,9983
72147,9984
72163,9985
72183,9986
72186,9987
72190,9988
72195,9989
72204,9990
72214,9991
72222,9992
72227,9993
72233,9994
72238,9995
72244,9996
72245,9997
72247,9998
72261,9999
72278,10000
72282,10001
72285,10002
72287,10003
72295,10004
72296,10005
72303,10006
72341,10007
72347,10008
72352,10009
72363,10010
72366,10011
72368,10012
72379,10013
72385,10014
72389,10015
72417,10016
72418,10017
72424,10018
72429,10019
72451,10020
72470,10021
72493,10022
72509,10023
72523,10024
72526,10025
72529,10026
72530,10027
72531,10028
72532,10029
72544,10030
72549,10031
72551,10032
72554,10033
72575,10034
72587,10035
72601,10036
72611,10037
72636,10038
72655,10039
72670,10040
72673,10041
72687,10042
72698,10043
72707,10044
72711,10045
72732,10046
72742,10047
72759,10048
72770,10049
72771,10050
72775,10051
72780,10052
72785,10053
72838,10054
72839,10055
72844,10056
72853,10057
72863,10058
72875,10059
72876,10060
72882,10061
72883,10062
72885,10063
72886,10064
72887,10065
72909,10066
72912,10067
72921,10068
72923,10069
72928,10070
72930,10071
72943,10072
72949,10073
72950,10074
72958,10075
72964,10076
72966,10077
72973,10078
72975,10079
72980,10080
72988,10081
72990,10082
72992,10083
73003,10084
73012,10085
73020,10086
73022,10087
73024,10088
73039,10089
73044,10090
73045,10091
73046,10092
73053,10093
73056,10094
73059,10095
73076,10096
73091,10097
73095,10098
73127,10099
73133,10100
73144,10101
73157,10102
73171,10103
73179,10104
73196,10105
73219,10106
73224,10107
73225,10108
73229,10109
73238,10110
73243,10111
73244,10112
73260,10113
73265,10114
73275,10115
73289,10116
73292,10117
73298,10118
73301,10119
73303,10120
73310,10121
73324,10122
73330,10123
73331,10124
73334,10125
73336,10126
73347,10127
73363,10128
73385,10129
73390,10130
73394,10131
73398,10132
73401,10133
73402,10134
73405,10135
73436,10136
73445,10137
73447,10138
73458,10139
73467,10140
73469,10141
73472,10142
73479,10143
73485,10144
73486,10145
73490,10146
73504,10147
73509,10148
73515,10149
73532,10150
73535,10151
73542,10152
73548,10153
73550,10154
73554,10155
73579,10156
73588,10157
73603,10158
73604,10159
73617,10160
73622,10161
73632,10162
73638,10163
73651,10164
73670,10165
73677,10166
73681,10167
73691,10168
73692,10169
73693,10170
73702,10171
73712,10172
73713,10173
73723,10174
73741,10175
73746,10176
73747,10177
73748,10178
73755,10179
73759,10180
73779,10181
73780,10182
73782,10183
73795,10184
73798,10185
73801,10186
73818,10187
73833,10188
73837,10189
73840,10190
73862,10191
73870,10192
73882,10193
73892,10194
73893,10195
73899,10196
73910,10197
73911,10198
73917,10199
73923,10200
73940,10201
73945,10202
73955,10203
73965,10204
73979,10205
73990,10206
73991,10207
74013,10208
74026,10209
74038,10210
74043,10211
74051,10212
74056,10213
74065,10214
74082,10215
74091,10216
74097,10217
74106,10218
74115,10219
74121,10220
74136,10221
74137,10222
74165,10223
74172,10224
74175,10225
74185,10226
74187,10227
74189,10228
74200,10229
74208,10230
74215,10231
74221,10232
74235,10233
74272,10234
74274,10235
74286,10236
74288,10237
74290,10238
74297,10239
74307,10240
74312,10241
74315,10242
74322,10243
74328,10244
74356,10245
74358,10246
74375,10247
74377,10248
74382,10249
74398,10250
74411,10251
74413,10252
74447,10253
74453,10254
74466,10255
74493,10256
74495,10257
74500,10258
74505,10259
74510,10260
74511,10261
74519,10262
74530,10263
74539,10264
74559,10265
74560,10266
74569,10267
74571,10268
74577,10269
74579,10270
74595,10271
74622,10272
74630,10273
74631,10274
74637,10275
74640,10276
74642,10277
74648,10278
74652,10279
74655,10280
74665,10281
74666,10282
74670,10283
74680,10284
74687,10285
74689,10286
74691,10287
74692,10288
74709,10289
74712,10290
74728,10291
74743,10292
74752,10293
74757,10294
74758,10295
74778,10296
74782,10297
74787,10298
74792,10299
74794,10300
74813,10301
74819,10302
74822,10303
74823,10304
74825,10305
74833,10306
74835,10307
74837,10308
74844,10309
74849,10310
74874,10311
74892,10312
74903,10313
74910,10314
74911,10315
74920,10316
74926,10317
74940,10318
74949,10319
74959,10320
74997,10321
75013,10322
75020,10323
75023,10324
75027,10325
75028,10326
75029,10327
75037,10328
75038,10329
75060,10330
75064,10331
75076,10332
75077,10333
75081,10334
75083,10335
75085,10336
75089,10337
75091,10338
75096,10339
75115,10340
75118,10341
75119,10342
75127,10343
75144,10344
75149,10345
75154,10346
75173,10347
75177,10348
75181,10349
75187,10350
75189,10351
75200,10352
75242,10353
75251,10354
75255,10355
75267,10356
75286,10357
75292,10358
75294,10359
75300,10360
75306,10361
75312,10362
75322,10363
75330,10364
75335,10365
75339,10366
75343,10367
75344,10368
75355,10369
75367,10370
75377,10371
75390,10372
75401,10373
75405,10374
75409,10375
75416,10376
75428,10377
75429,10378
75433,10379
75436,10380
75458,10381
75479,10382
75485,10383
75486,10384
75488,10385
75490,10386
75491,10387
75492,10388
75498,10389
75500,10390
75517,10391
75519,10392
75522,10393
75529,10394
75534,10395
75535,10396
75538,10397
75551,10398
75558,10399
75560,10400
75565,10401
75568,10402
75585,10403
75591,10404
75595,10405
75599,10406
75619,10407
75635,10408
75654,10409
75668,10410
75691,10411
75695,10412
75701,10413
75716,10414
75723,10415
75731,10416
75747,10417
75748,10418
75749,10419
75754,10420
75764,10421
75770,10422
75771,10423
75777,10424
75780,10425
75783,10426
75786,10427
75787,10428
75797,10429
75802,10430
75809,10431
75812,10432
75819,10433
75825,10434
75833,10435
75834,10436
75835,10437
75842,10438
75852,10439
75860,10440
75875,10441
75878,10442
75880,10443
75886,10444
75892,10445
75893,10446
75896,10447
75898,10448
75900,10449
75903,10450
75908,10451
75923,10452
75930,10453
75932,10454
75934,10455
75936,10456
75939,10457
75951,10458
75954,10459
75971,10460
75980,10461
76016,10462
76019,10463
76024,10464
76026,10465
76037,10466
76070,10467
76097,10468
76100,10469
76102,10470
76105,10471
76114,10472
76122,10473
76131,10474
76136,10475
76151,10476
76153,10477
76157,10478
76158,10479
76168,10480
76173,10481
76216,10482
76218,10483
76223,10484
76227,10485
76236,10486
76249,10487
76250,10488
76253,10489
76257,10490
76259,10491
76260,10492
76264,10493
76285,10494
76286,10495
76300,10496
76301,10497
76305,10498
76319,10499
76334,10500
76350,10501
76351,10502
76352,10503
76355,10504
76368,10505
76369,10506
76386,10507
76388,10508
76396,10509
76400,10510
76408,10511
76413,10512
76414,10513
76417,10514
76433,10515
76434,10516
76436,10517
76458,10518
76460,10519
76480,10520
76482,10521
76483,10522
76484,10523
76488,10524
76492,10525
76499,10526
76505,10527
76512,10528
76521,10529
76530,10530
76532,10531
76534,10532
76547,10533
76551,10534
76557,10535
76558,10536
76575,10537
76576,10538
76601,10539
76606,10540
76611,10541
76626,10542
76699,10543
76709,10544
76710,10545
76717,10546
76741,10547
76751,10548
76760,10549
76767,10550
76781,10551
76793,10552
76795,10553
76798,10554
76803,10555
76810,10556
76814,10557
76818,10558
76821,10559
76825,10560
76826,10561
76851,10562
76865,10563
76866,10564
76873,10565
76883,10566
76884,10567
76888,10568
76889,10569
76890,10570
76901,10571
76902,10572
76904,10573
76916,10574
76932,10575
76933,10576
76942,10577
76957,10578
76965,10579
76968,10580
76990,10581
77003,10582
77036,10583
77037,10584
77039,10585
77040,10586
77042,10587
77045,10588
77052,10589
77082,10590
77106,10591
77110,10592
77112,10593
77114,10594
77119,10595
77128,10596
77130,10597
77144,10598
77145,10599
77161,10600
77171,10601
77180,10602
77181,10603
77219,10604
77222,10605
77224,10606
77258,10607
77261,10608
77263,10609
77267,10610
77270,10611
77271,10612
77273,10613
77274,10614
77282,10615
77296,10616
77302,10617
77303,10618
77304,10619
77306,10620
77307,10621
77318,10622
77320,10623
77324,10624
77332,10625
77346,10626
77359,10627
77370,10628
77377,10629
77383,10630
77386,10631
77424,10632
77459,10633
77461,10634
77473,10635
77476,10636
77480,10637
77483,10638
77491,10639
77492,10640
77495,10641
77499,10642
77507,10643
77516,10644
77517,10645
77526,10646
77530,10647
77535,10648
77560,10649
77579,10650
77585,10651
77591,10652
77623,10653
77629,10654
77630,10655
77640,10656
77642,10657
77651,10658
77657,10659
77676,10660
77679,10661
77692,10662
77702,10663
77710,10664
77715,10665
77724,10666
77728,10667
77742,10668
77743,10669
77747,10670
77749,10671
77754,10672
77757,10673
77758,10674
77767,10675
77768,10676
77771,10677
77772,10678
77777,10679
77790,10680
77809,10681
77811,10682
77816,10683
77825,10684
77834,10685
77840,10686
77848,10687
77856,10688
77859,10689
77860,10690
77868,10691
77871,10692
77886,10693
77887,10694
77891,10695
77902,10696
77906,10697
77907,10698
77911,10699
77917,10700
77922,10701
77929,10702
77932,10703
77940,10704
77960,10705
77971,10706
77989,10707
78007,10708
78015,10709
78019,10710
78039,10711
78044,10712
78053,10713
78089,10714
78110,10715
78112,10716
78141,10717
78157,10718
78160,10719
78165,10720
78194,10721
78198,10722
78217,10723
78222,10724
78225,10725
78228,10726
78229,10727
78231,10728
78232,10729
78234,10730
78236,10731
78260,10732
78264,10733
78275,10734
78281,10735
78287,10736
78293,10737
78297,10738
78315,10739
78321,10740
78328,10741
78341,10742
78345,10743
78346,10744
78352,10745
78365,10746
78371,10747
78381,10748
78382,10749
78383,10750
78428,10751
78432,10752
78434,10753
78438,10754
78440,10755
78446,10756
78447,10757
78448,10758
78471,10759
78474,10760
78481,10761
78483,10762
78496,10763
78498,10764
78518,10765
78535,10766
78542,10767
78545,10768
78552,10769
78553,10770
78555,10771
78564,10772
78573,10773
78579,10774
78589,10775
78598,10776
78603,10777
78619,10778
78637,10779
78659,10780
78673,10781
78682,10782
78719,10783
78720,10784
78722,10785
78740,10786
78743,10787
78744,10788
78754,10789
78755,10790
78761,10791
78765,10792
78772,10793
78774,10794
78777,10795
78778,10796
78779,10797
78783,10798
78795,10799
78797,10800
78801,10801
78834,10802
78836,10803
78837,10804
78839,10805
78841,10806
78844,10807
78845,10808
78846,10809
78847,10810
78865,10811
78867,10812
78875,10813
78883,10814
78895,10815
78901,10816
78908,10817
78912,10818
78913,10819
78921,10820
78929,10821
78935,10822
78941,10823
78973,10824
78975,10825
78991,10826
78996,10827
79006,10828
79009,10829
79041,10830
79055,10831
79089,10832
79099,10833
79108,10834
79110,10835
79115,10836
79146,10837
79153,10838
79154,10839
79172,10840
79174,10841
79177,10842
79179,10843
79182,10844
79186,10845
79188,10846
79189,10847
79204,10848
79215,10849
79229,10850
79233,10851
79266,10852
79268,10853
79269,10854
79273,10855
79278,10856
79283,10857
79285,10858
79296,10859
79315,10860
79323,10861
79341,10862
79355,10863
79362,10864
79366,10865
79372,10866
79380,10867
79422,10868
79430,10869
79441,10870
79444,10871
79470,10872
79475,10873
79476,10874
79477,10875
79491,10876
79494,10877
79495,10878
79503,10879
79506,10880
79512,10881
79527,10882
79547,10883
79556,10884
79574,10885
79590,10886
79597,10887
79648,10888
79650,10889
79667,10890
79674,10891
79680,10892
79687,10893
79691,10894
79704,10895
79714,10896
79715,10897
79716,10898
79719,10899
79724,10900
79726,10901
79729,10902
79736,10903
79738,10904
79740,10905
79745,10906
79746,10907
79747,10908
79754,10909
79802,10910
79815,10911
79820,10912
79821,10913
79828,10914
79842,10915
79846,10916
79854,10917
79873,10918
79903,10919
79908,10920
79909,10921
79916,10922
79921,10923
79923,10924
79933,10925
79939,10926
79942,10927
79945,10928
79952,10929
79957,10930
79958,10931
79959,10932
79961,10933
79977,10934
79980,10935
79988,10936
79989,10937
80011,10938
80015,10939
80028,10940
80036,10941
80039,10942
80061,10943
80066,10944
80071,10945
80075,10946
80084,10947
80089,10948
80105,10949
80117,10950
80119,10951
80121,10952
80135,10953
80144,10954
80197,10955
80201,10956
80202,10957
80203,10958
80211,10959
80234,10960
80246,10961
80249,10962
80266,10963
80276,10964
80288,10965
80323,10966
80328,10967
80357,10968
80365,10969
80367,10970
80371,10971
80375,10972
80403,10973
80404,10974
80453,10975
80477,10976
80495,10977
80497,10978
80510,10979
80514,10980
80516,10981
80532,10982
80535,10983
80538,10984
80547,10985
80555,10986
80557,10987
80561,10988
80581,10989
80583,10990
80603,10991
80611,10992
80621,10993
80624,10994
80629,10995
80633,10996
80640,10997
80642,10998
80644,10999
80661,11000
80664,11001
80669,11002
80672,11003
80683,11004
80684,11005
80685,11006
80690,11007
80692,11008
80704,11009
80715,11010
80719,11011
80735,11012
80738,11013
80754,11014
80755,11015
80767,11016
80768,11017
80776,11018
80781,11019
80795,11020
80803,11021
80810,11022
80820,11023
80826,11024
80837,11025
80841,11026
80844,11027
80908,11028
80929,11029
80945,11030
80946,11031
80996,11032
81011,11033
81015,11034
81020,11035
81032,11036
81033,11037
81045,11038
81059,11039
81064,11040
81074,11041
81078,11042
81082,11043
81088,11044
81100,11045
81103,11046
81115,11047
81121,11048
81128,11049
81136,11050
81138,11051
81153,11052
81154,11053
81157,11054
81198,11055
81207,11056
81208,11057
81210,11058
81215,11059
81216,11060
81221,11061
81226,11062
81227,11063
81247,11064
81249,11065
81256,11066
81263,11067
81274,11068
81279,11069
81298,11070
81303,11071
81311,11072
81315,11073
81318,11074
81323,11075
81324,11076
81331,11077
81332,11078
81333,11079
81352,11080
81353,11081
81359,11082
81362,11083
81367,11084
81368,11085
81370,11086
81371,11087
81378,11088
81386,11089
81388,11090
81391,11091
81393,11092
81394,11093
81399,11094
81406,11095
81415,11096
81434,11097
81449,11098
81456,11099
81459,11100
81460,11101
81465,11102
81466,11103
81475,11104
81477,11105
81484,11106
81490,11107
81492,11108
81509,11109
81531,11110
81560,11111
81564,11112
81565,11113
81573,11114
81576,11115
81578,11116
81580,11117
81582,11118
81583,11119
81597,11120
81603,11121
81609,11122
81611,11123
81612,11124
81616,11125
81619,11126
81639,11127
81640,11128
81661,11129
81672,11130
81674,11131
81675,11132
81682,11133
81683,11134
81684,11135
81685,11136
81699,11137
81702,11138
81705,11139
81709,11140
81727,11141
81734,11142
81735,11143
81753,11144
81759,11145
81769,11146
81770,11147
81771,11148
81786,11149
81788,11150
81801,11151
81802,11152
81828,11153
81845,11154
81848,11155
81854,11156
81855,11157
81862,11158
81865,11159
81877,11160
81883,11161
81899,11162
81901,11163
81909,11164
81924,11165
81927,11166
81933,11167
81938,11168
81950,11169
81969,11170
81977,11171
81982,11172
82001,11173
82045,11174
82051,11175
82053,11176
82080,11177
82082,11178
82083,11179
82086,11180
82102,11181
82111,11182
82114,11183
82116,11184
82122,11185
82123,11186
82124,11187
82131,11188
82138,11189
82144,11190
82146,11191
82151,11192
82154,11193
82156,11194
82159,11195
82164,11196
82171,11197
82172,11198
82173,11199
82174,11200
82180,11201
82192,11202
82194,11203
82209,11204
82219,11205
82220,11206
82227,11207
82234,11208
82247,11209
82255,11210
82258,11211
82282,11212
82283,11213
82308,11214
82317,11215
82326,11216
82337,11217
82359,11218
82371,11219
82381,11220
82391,11221
82392,11222
82398,11223
82407,11224
82414,11225
82426,11226
82431,11227
82444,11228
82445,11229
82460,11230
82472,11231
82477,11232
82479,11233
82481,11234
82487,11235
82489,11236
82491,11237
82497,11238
82510,11239
82511,11240
82548,11241
82550,11242
82557,11243
82563,11244
82587,11245
82599,11246
82602,11247
82607,11248
82612,11249
82617,11250
82619,11251
82628,11252
82635,11253
82647,11254
82657,11255
82659,11256
82665,11257
82666,11258
82667,11259
82671,11260
82673,11261
82676,11262
82678,11263
82685,11264
82693,11265
82699,11266
82720,11267
82728,11268
82743,11269
82751,11270
82752,11271
82753,11272
82779,11273
82785,11274
82795,11275
82797,11276
82800,11277
82806,11278
82808,11279
82815,11280
82825,11281
82826,11282
82831,11283
82839,11284
82840,11285
82841,11286
82842,11287
82846,11288
82854,11289
82859,11290
82861,11291
82868,11292
82877,11293
82879,11294
82882,11295
82888,11296
82893,11297
82898,11298
82899,11299
82901,11300
82903,11301
82917,11302
82919,11303
82926,11304
82928,11305
82931,11306
82938,11307
82942,11308
82955,11309
82958,11310
82963,11311
82967,11312
82968,11313
82974,11314
82977,11315
83011,11316
83013,11317
83034,11318
83041,11319
83042,11320
83043,11321
83046,11322
83069,11323
83084,11324
83092,11325
83109,11326
83110,11327
83113,11328
83116,11329
83120,11330
83125,11331
83126,11332
83134,11333
83135,11334
83156,11335
83157,11336
83166,11337
83175,11338
83178,11339
83186,11340
83205,11341
83206,11342
83208,11343
83212,11344
83214,11345
83220,11346
83223,11347
83228,11348
83231,11349
83235,11350
83239,11351
83250,11352
83252,11353
83258,11354
83259,11355
83265,11356
83275,11357
83278,11358
83279,11359
83283,11360
83287,11361
83293,11362
83303,11363
83304,11364
83306,11365
83314,11366
83315,11367
83323,11368
83326,11369
83337,11370
83349,11371
83363,11372
83379,11373
83383,11374
83390,11375
83397,11376
83404,11377
83405,11378
83407,11379
83428,11380
83431,11381
83437,11382
83440,11383
83443,11384
83448,11385
83452,11386
83461,11387
83467,11388
83469,11389
83490,11390
83493,11391
83496,11392
83498,11393
83499,11394
83503,11395
83507,11396
83512,11397
83515,11398
83528,11399
83560,11400
83561,11401
83571,11402
83572,11403
83573,11404
83574,11405
83579,11406
83584,11407
83587,11408
83589,11409
83596,11410
83603,11411
83616,11412
83628,11413
83637,11414
83646,11415
83651,11416
83659,11417
83666,11418
83671,11419
83680,11420
83684,11421
83690,11422
83698,11423
83700,11424
83703,11425
83705,11426
83707,11427
83726,11428
83730,11429
83739,11430
83742,11431
83743,11432
83749,11433
83750,11434
83754,11435
83775,11436
83779,11437
83781,11438
83803,11439
83823,11440
83828,11441
83842,11442
83846,11443
83852,11444
83853,11445
83879,11446
83880,11447
83892,11448
83906,11449
83919,11450
83941,11451
83971,11452
84004,11453
84021,11454
84024,11455
84033,11456
84050,11457
84054,11458
84111,11459
84126,11460
84135,11461
84146,11462
84150,11463
84164,11464
84174,11465
84178,11466
84191,11467
84198,11468
84201,11469
84229,11470
84257,11471
84261,11472
84269,11473
84281,11474
84289,11475
84301,11476
84308,11477
84325,11478
84345,11479
84348,11480
84374,11481
84377,11482
84399,11483
84411,11484
84421,11485
84426,11486
84427,11487
84429,11488
84442,11489
84452,11490
84467,11491
84476,11492
84479,11493
84483,11494
84507,11495
84523,11496
84524,11497
84526,11498
84527,11499
84537,11500
84553,11501
84576,11502
84604,11503
84611,11504
84615,11505
84619,11506
84621,11507
84627,11508
84635,11509
84639,11510
84641,11511
84655,11512
84667,11513
84668,11514
84671,11515
84675,11516
84682,11517
84692,11518
84696,11519
84700,11520
84715,11521
84716,11522
84721,11523
84724,11524
84727,11525
84729,11526
84733,11527
84737,11528
84742,11529
84744,11530
84745,11531
84748,11532
84753,11533
84754,11534
84766,11535
84770,11536
84776,11537
84784,11538
84786,11539
84795,11540
84820,11541
84831,11542
84846,11543
84847,11544
84864,11545
84866,11546
84869,11547
84877,11548
84880,11549
84882,11550
84884,11551
84896,11552
84897,11553
84900,11554
84902,11555
84908,11556
84910,11557
84912,11558
84924,11559
84940,11560
84941,11561
84942,11562
84951,11563
84957,11564
84972,11565
84980,11566
84982,11567
84986,11568
85015,11569
85018,11570
85030,11571
85033,11572
85042,11573
85043,11574
85047,11575
85058,11576
85060,11577
85067,11578
85078,11579
85093,11580
85095,11581
85097,11582
85120,11583
85122,11584
85127,11585
85132,11586
85155,11587
85161,11588
85164,11589
85174,11590
85185,11591
85194,11592
85201,11593
85204,11594
85212,11595
85240,11596
85248,11597
85256,11598
85257,11599
85259,11600
85260,11601
85265,11602
85268,11603
85273,11604
85278,11605
85305,11606
85313,11607
85314,11608
85325,11609
85363,11610
85367,11611
85379,11612
85385,11613
85389,11614
85409,11615
85419,11616
85426,11617
85431,11618
85433,11619
85442,11620
85451,11621
85455,11622
85458,11623
85460,11624
85467,11625
85469,11626
85475,11627
85483,11628
85486,11629
85488,11630
85495,11631
85496,11632
85501,11633
85502,11634
85508,11635
85510,11636
85526,11637
85534,11638
85541,11639
85549,11640
85554,11641
85570,11642
85587,11643
85616,11644
85619,11645
85620,11646
85622,11647
85652,11648
85653,11649
85656,11650
85667,11651
85683,11652
85701,11653
85708,11654
85718,11655
85750,11656
85752,11657
85757,11658
85760,11659
85766,11660
85769,11661
85779,11662
85787,11663
85802,11664
85805,11665
85806,11666
85825,11667
85833,11668
85848,11669
85851,11670
85852,11671
85856,11672
85865,11673
85872,11674
85875,11675
85884,11676
85892,11677
85894,11678
85905,11679
85934,11680
85944,11681
85950,11682
85955,11683
85962,11684
85984,11685
85992,11686
85993,11687
85999,11688
86001,11689
86017,11690
86031,11691
86033,11692
86051,11693
86053,11694
86055,11695
86072,11696
86073,11697
86076,11698
86077,11699
86082,11700
86084,11701
86093,11702
86100,11703
86107,11704
86116,11705
86123,11706
86129,11707
86134,11708
86136,11709
86140,11710
86145,11711
86147,11712
86148,11713
86151,11714
86159,11715
86170,11716
86189,11717
86202,11718
86203,11719
86219,11720
86238,11721
86242,11722
86243,11723
86247,11724
86255,11725
86272,11726
86276,11727
86277,11728
86284,11729
86290,11730
86293,11731
86302,11732
86303,11733
86308,11734
86309,11735
86311,11736
86333,11737
86365,11738
86368,11739
86371,11740
86376,11741
86385,11742
86387,11743
86392,11744
86408,11745
86418,11746
86419,11747
86420,11748
86422,11749
86438,11750
86446,11751
86461,11752
86462,11753
86463,11754
86465,11755
86470,11756
86472,11757
86473,11758
86475,11759
86481,11760
86488,11761
86489,11762
86493,11763
86518,11764
86520,11765
86522,11766
86535,11767
86538,11768
86548,11769
86552,11770
86555,11771
86583,11772
86616,11773
86619,11774
86623,11775
86640,11776
86641,11777
86643,11778
86680,11779
86716,11780
86720,11781
86728,11782
86751,11783
86759,11784
86764,11785
86792,11786
86799,11787
86802,11788
86809,11789
86816,11790
86817,11791
86819,11792
86835,11793
86837,11794
86841,11795
86849,11796
86855,11797
86856,11798
86876,11799
86882,11800
86887,11801
86901,11802
86906,11803
86928,11804
86931,11805
86947,11806
86956,11807
86959,11808
86965,11809
86969,11810
86973,11811
86975,11812
86991,11813
86995,11814
87002,11815
87004,11816
87007,11817
87021,11818
87024,11819
87037,11820
87041,11821
87051,11822
87058,11823
87069,11824
87072,11825
87093,11826
87095,11827
87099,11828
87114,11829
87119,11830
87141,11831
87143,11832
87147,11833
87155,11834
87156,11835
87158,11836
87161,11837
87164,11838
87173,11839
87187,11840
87194,11841
87209,11842
87216,11843
87221,11844
87227,11845
87257,11846
87301,11847
87302,11848
87308,11849
87313,11850
87346,11851
87351,11852
87397,11853
87401,11854
87402,11855
87403,11856
87416,11857
87420,11858
87421,11859
87422,11860
87430,11861
87432,11862
87449,11863
87458,11864
87473,11865
87491,11866
87492,11867
87505,11868
87526,11869
87530,11870
87531,11871
87540,11872
87549,11873
87555,11874
87560,11875
87573,11876
87574,11877
87579,11878
87595,11879
87597,11880
87610,11881
87627,11882
87630,11883
87632,11884
87635,11885
87648,11886
87649,11887
87657,11888
87661,11889
87662,11890
87672,11891
87688,11892
87690,11893
87696,11894
87707,11895
87712,11896
87723,11897
87729,11898
87733,11899
87742,11900
87746,11901
87747,11902
87760,11903
87788,11904
87794,11905
87807,11906
87820,11907
87824,11908
87825,11909
87860,11910
87875,11911
87900,11912
87906,11913
87911,11914
87914,11915
87929,11916
87938,11917
87948,11918
87949,11919
87951,11920
87954,11921
87956,11922
87960,11923
87962,11924
87964,11925
87974,11926
87977,11927
88006,11928
88007,11929
88012,11930
88021,11931
88022,11932
88029,11933
88031,11934
88042,11935
88050,11936
88062,11937
88074,11938
88081,11939
88096,11940
88098,11941
88109,11942
88116,11943
88118,11944
88122,11945
88123,11946
88129,11947
88131,11948
88132,11949
88141,11950
88142,11951
88146,11952
88151,11953
88161,11954
88170,11955
88185,11956
88187,11957
88203,11958
88212,11959
88222,11960
88223,11961
88229,11962
88232,11963
88240,11964
88242,11965
88243,11966
88248,11967
88256,11968
88278,11969
88283,11970
88284,11971
88288,11972
88292,11973
88299,11974
88316,11975
88320,11976
88326,11977
88327,11978
88330,11979
88360,11980
88370,11981
88379,11982
88389,11983
88390,11984
88395,11985
88404,11986
88412,11987
88416,11988
88421,11989
88435,11990
88456,11991
88468,11992
88475,11993
88499,11994
88512,11995
88526,11996
88533,11997
88544,11998
88558,11999
88565,12000
88574,12001
88594,12002
88605,12003
88606,12004
88615,12005
88620,12006
88631,12007
88633,12008
88646,12009
88647,12010
88652,12011
88654,12012
88667,12013
88668,12014
88676,12015
88677,12016
88684,12017
88686,12018
88687,12019
88688,12020
88693,12021
88723,12022
88729,12023
88731,12024
88733,12025
88734,12026
88738,12027
88739,12028
88755,12029
88757,12030
88767,12031
88768,12032
88793,12033
88797,12034
88806,12035
88812,12036
88813,12037
88817,12038
88818,12039
88825,12040
88828,12041
88841,12042
88843,12043
88844,12044
88847,12045
88851,12046
88854,12047
88859,12048
88868,12049
88872,12050
88873,12051
88874,12052
88879,12053
88882,12054
88897,12055
88905,12056
88906,12057
88933,12058
88937,12059
88946,12060
88949,12061
88950,12062
88955,12063
88976,12064
88978,12065
88979,12066
88993,12067
88998,12068
88999,12069
89002,12070
89014,12071
89027,12072
89029,12073
89033,12074
89042,12075
89047,12076
89057,12077
89058,12078
89059,12079
89062,12080
89069,12081
89070,12082
89071,12083
89074,12084
89077,12085
89082,12086
89093,12087
89098,12088
89103,12089
89119,12090
89125,12091
89129,12092
89130,12093
89179,12094
89182,12095
89188,12096
89192,12097
89207,12098
89230,12099
89239,12100
89241,12101
89255,12102
89257,12103
89263,12104
89292,12105
89306,12106
89307,12107
89310,12108
89320,12109
89339,12110
89340,12111
89346,12112
89361,12113
89389,12114
89391,12115
89397,12116
89402,12117
89403,12118
89406,12119
89431,12120
89448,12121
89453,12122
89459,12123
89467,12124
89470,12125
89472,12126
89474,12127
89475,12128
89485,12129
89489,12130
89493,12131
89507,12132
89523,12133
89525,12134
89545,12135
89551,12136
89558,12137
89581,12138
89585,12139
89602,12140
89610,12141
89632,12142
89647,12143
89651,12144
89701,12145
89711,12146
89736,12147
89752,12148
89761,12149
89771,12150
89803,12151
89821,12152
89836,12153
89851,12154
89852,12155
89856,12156
89867,12157
89869,12158
89870,12159
89873,12160
89874,12161
89891,12162
89901,12163
89905,12164
89911,12165
89913,12166
89917,12167
89921,12168
89922,12169
89930,12170
89945,12171
89991,12172
90037,12173
90046,12174
90049,12175
90066,12176
90072,12177
90075,12178
90082,12179
90088,12180
90102,12181
90105,12182
90130,12183
90137,12184
90139,12185
90146,12186
90153,12187
90156,12188
90159,12189
90167,12190
90174,12191
90184,12192
90192,12193
90198,12194
90221,12195
90226,12196
90228,12197
90232,12198
90235,12199
90246,12200
90259,12201
90268,12202
90271,12203
90277,12204
90279,12205
90285,12206
90286,12207
90318,12208
90320,12209
90322,12210
90326,12211
90328,12212
90357,12213
90358,12214
90359,12215
90361,12216
90391,12217
90397,12218
90405,12219
90417,12220
90423,12221
90431,12222
90437,12223
90446,12224
90454,12225
90467,12226
90469,12227
90471,12228
90481,12229
90517,12230
90534,12231
90601,12232
90609,12233
90614,12234
90615,12235
90616,12236
90627,12237
90635,12238
90645,12239
90653,12240
90656,12241
90657,12242
90661,12243
90687,12244
90694,12245
90695,12246
90700,12247
90702,12248
90708,12249
90712,12250
90719,12251
90726,12252
90727,12253
90731,12254
90736,12255
90743,12256
90752,12257
90754,12258
90756,12259
90761,12260
90763,12261
90764,12262
90766,12263
90768,12264
90776,12265
90783,12266
90784,12267
90790,12268
90793,12269
90802,12270
90809,12271
90826,12272
90829,12273
90830,12274
90837,12275
90839,12276
90847,12277
90848,12278
90850,12279
90864,12280
90882,12281
90883,12282
90915,12283
90936,12284
90966,12285
90971,12286
90992,12287
91001,12288
91002,12289
91004,12290
91017,12291
91023,12292
91024,12293
91026,12294
91027,12295
91043,12296
91047,12297
91049,12298
91051,12299
91052,12300
91054,12301
91058,12302
91059,12303
91061,12304
91065,12305
91074,12306
91083,12307
91097,12308
91100,12309
91103,12310
91113,12311
91116,12312
91119,12313
91127,12314
91130,12315
91165,12316
91184,12317
91198,12318
91202,12319
91203,12320
91210,12321
91216,12322
91221,12323
91238,12324
91241,12325
91246,12326
91249,12327
91251,12328
91254,12329
91258,12330
91263,12331
91266,12332
91268,12333
91269,12334
91281,12335
91283,12336
91301,12337
91326,12338
91340,12339
91341,12340
91342,12341
91378,12342
91388,12343
91405,12344
91420,12345
91423,12346
91424,12347
91425,12348
91428,12349
91437,12350
91443,12351
91448,12352
91449,12353
91451,12354
91456,12355
91457,12356
91459,12357
91490,12358
91491,12359
91494,12360
91532,12361
91545,12362
91553,12363
91554,12364
91562,12365
91569,12366
91576,12367
91603,12368
91604,12369
91611,12370
91617,12371
91627,12372
91631,12373
91632,12374
91633,12375
91634,12376
91647,12377
91675,12378
91680,12379
91681,12380
91685,12381
91692,12382
91699,12383
91709,12384
91710,12385
91713,12386
91719,12387
91725,12388
91745,12389
91751,12390
91754,12391
91759,12392
91761,12393
91762,12394
91769,12395
91777,12396
91779,12397
91782,12398
91787,12399
91792,12400
91795,12401
91811,12402
91814,12403
91816,12404
91821,12405
91825,12406
91832,12407
91838,12408
91840,12409
91847,12410
91869,12411
91874,12412
91875,12413
91882,12414
91899,12415
91931,12416
91935,12417
91962,12418
91978,12419
91992,12420
92005,12421
92011,12422
92020,12423
92027,12424
92048,12425
92049,12426
92061,12427
92072,12428
92075,12429
92090,12430
92112,12431
92121,12432
92132,12433
92152,12434
92154,12435
92156,12436
92162,12437
92165,12438
92184,12439
92214,12440
92215,12441
92249,12442
92258,12443
92272,12444
92278,12445
92282,12446
92283,12447
92299,12448
92301,12449
92306,12450
92308,12451
92316,12452
92331,12453
92336,12454
92344,12455
92346,12456
92347,12457
92364,12458
92371,12459
92381,12460
92393,12461
92398,12462
92399,12463
92404,12464
92405,12465
92421,12466
92424,12467
92437,12468
92466,12469
92477,12470
92478,12471
92484,12472
92498,12473
92524,12474
92534,12475
92536,12476
92547,12477
92554,12478
92556,12479
92566,12480
92580,12481
92585,12482
92590,12483
92593,12484
92597,12485
92603,12486
92637,12487
92638,12488
92650,12489
92652,12490
92658,12491
92659,12492
92674,12493
92678,12494
92681,12495
92688,12496
92693,12497
92696,12498
92712,12499
92721,12500
92722,12501
92724,12502
92727,12503
92733,12504
92749,12505
92752,12506
92754,12507
92776,12508
92794,12509
92798,12510
92800,12511
92804,12512
92807,12513
92810,12514
92819,12515
92823,12516
92826,12517
92830,12518
92844,12519
92853,12520
92861,12521
92869,12522
92887,12523
92901,12524
92902,12525
92909,12526
92918,12527
92930,12528
92939,12529
92945,12530
92946,12531
92950,12532
92963,12533
92964,12534
92965,12535
92979,12536
92981,12537
92992,12538
93007,12539
93018,12540
93024,12541
93025,12542
93034,12543
93043,12544
93046,12545
93047,12546
93055,12547
93059,12548
93085,12549
93092,12550
93097,12551
93098,12552
93099,12553
93105,12554
93114,12555
93116,12556
93120,12557
93130,12558
93134,12559
93137,12560
93138,12561
93141,12562
93147,12563
93161,12564
93166,12565
93169,12566
93173,12567
93177,12568
93179,12569
93180,12570
93207,12571
93212,12572
93219,12573
93220,12574
93230,12575
93241,12576
93257,12577
93267,12578
93274,12579
93279,12580
93287,12581
93304,12582
93308,12583
93309,12584
93312,12585
93314,12586
93319,12587
93322,12588
93334,12589
93335,12590
93344,12591
93355,12592
93358,12593
93363,12594
93364,12595
93367,12596
93370,12597
93373,12598
93377,12599
93379,12600
93386,12601
93395,12602
93397,12603
93398,12604
93403,12605
93405,12606
93413,12607
93418,12608
93421,12609
93426,12610
93427,12611
93443,12612
93448,12613
93453,12614
93466,12615
93467,12616
93482,12617
93485,12618
93488,12619
93502,12620
93511,12621
93513,12622
93514,12623
93518,12624
93532,12625
93548,12626
93550,12627
93562,12628
93563,12629
93565,12630
93570,12631
93573,12632
93578,12633
93581,12634
93591,12635
93594,12636
93600,12637
93604,12638
93606,12639
93615,12640
93624,12641
93627,12642
93629,12643
93630,12644
93631,12645
93636,12646
93639,12647
93640,12648
93641,12649
93642,12650
93643,12651
93644,12652
93655,12653
93656,12654
93657,12655
93666,12656
93667,12657
93674,12658
93677,12659
93679,12660
93698,12661
93699,12662
93711,12663
93712,12664
93717,12665
93725,12666
93726,12667
93727,12668
93732,12669
93738,12670
93740,12671
93765,12672
93767,12673
93769,12674
93770,12675
93772,12676
93783,12677
93785,12678
93791,12679
93794,12680
93795,12681
93800,12682
93802,12683
93805,12684
93811,12685
93812,12686
93814,12687
93824,12688
93828,12689
93832,12690
93833,12691
93837,12692
93853,12693
93855,12694
93856,12695
93857,12696
93868,12697
93871,12698
93872,12699
93878,12700
93882,12701
93909,12702
93915,12703
93916,12704
93929,12705
93936,12706
93954,12707
93968,12708
93981,12709
93982,12710
93985,12711
93988,12712
93990,12713
93998,12714
94002,12715
94007,12716
94009,12717
94023,12718
94036,12719
94041,12720
94056,12721
94074,12722
94087,12723
94091,12724
94094,12725
94099,12726
94100,12727
94101,12728
94106,12729
94110,12730
94123,12731
94128,12732
94129,12733
94132,12734
94139,12735
94151,12736
94169,12737
94171,12738
94183,12739
94192,12740
94207,12741
94209,12742
94213,12743
94214,12744
94237,12745
94242,12746
94263,12747
94264,12748
94267,12749
94277,12750
94279,12751
94289,12752
94292,12753
94294,12754
94299,12755
94303,12756
94307,12757
94308,12758
94311,12759
94314,12760
94326,12761
94334,12762
94342,12763
94347,12764
94357,12765
94362,12766
94366,12767
94368,12768
94371,12769
94376,12770
94378,12771
94380,12772
94385,12773
94386,12774
94391,12775
94396,12776
94408,12777
94411,12778
94418,12779
94427,12780
94437,12781
94455,12782
94474,12783
94484,12784
94485,12785
94491,12786
94494,12787
94495,12788
94496,12789
94513,12790
94519,12791
94523,12792
94525,12793
94529,12794
94535,12795
94542,12796
94543,12797
94549,12798
94563,12799
94569,12800
94577,12801
94606,12802
94624,12803
94627,12804
94630,12805
94639,12806
94665,12807
94674,12808
94677,12809
94680,12810
94682,12811
94685,12812
94688,12813
94690,12814
94691,12815
94699,12816
94710,12817
94719,12818
94720,12819
94723,12820
94725,12821
94727,12822
94730,12823
94737,12824
94745,12825
94773,12826
94781,12827
94782,12828
94787,12829
94793,12830
94796,12831
94802,12832
94804,12833
94814,12834
94818,12835
94840,12836
94843,12837
94853,12838
94861,12839
94862,12840
94865,12841
94880,12842
94883,12843
94896,12844
94897,12845
94923,12846
94931,12847
94944,12848
94951,12849
94952,12850
94960,12851
94962,12852
94965,12853
94971,12854
94978,12855
94979,12856
94984,12857
94985,12858
94997,12859
95005,12860
95010,12861
95011,12862
95018,12863
95025,12864
95043,12865
95049,12866
95050,12867
95060,12868
95067,12869
95068,12870
95071,12871
95102,12872
95104,12873
95105,12874
95122,12875
95128,12876
95129,12877
95130,12878
95146,12879
95147,12880
95156,12881
95173,12882
95174,12883
95178,12884
95181,12885
95193,12886
95199,12887
95201,12888
95204,12889
95205,12890
95207,12891
95215,12892
95220,12893
95226,12894
95236,12895
95242,12896
95250,12897
95261,12898
95263,12899
95264,12900
95269,12901
95271,12902
95281,12903
95291,12904
95300,12905
95301,12906
95303,12907
95316,12908
95325,12909
95336,12910
95337,12911
95353,12912
95354,12913
95359,12914
95360,12915
95364,12916
95378,12917
95389,12918
95392,12919
95393,12920
95394,12921
95396,12922
95417,12923
95423,12924
95443,12925
95447,12926
95448,12927
95452,12928
95456,12929
95461,12930
95467,12931
95488,12932
95492,12933
95506,12934
95508,12935
95509,12936
95511,12937
95516,12938
95518,12939
95525,12940
95533,12941
95538,12942
95551,12943
95554,12944
95574,12945
95590,12946
95593,12947
95597,12948
95621,12949
95624,12950
95625,12951
95628,12952
95636,12953
95658,12954
95698,12955
95738,12956
95741,12957
95766,12958
95769,12959
95776,12960
95786,12961
95800,12962
95803,12963
95840,12964
95866,12965
95867,12966
95870,12967
95875,12968
95881,12969
95888,12970
95902,12971
95903,12972
95907,12973
95915,12974
95916,12975
95918,12976
95921,12977
95923,12978
95927,12979
95930,12980
95932,12981
95948,12982
95951,12983
95954,12984
95991,12985
95995,12986
96006,12987
96009,12988
96017,12989
96019,12990
96037,12991
96053,12992
96054,12993
96055,12994
96096,12995
96103,12996
96107,12997
96108,12998
96113,12999
96115,13000
96125,13001
96132,13002
96142,13003
96168,13004
96194,13005
96214,13006
96217,13007
96237,13008
96273,13009
96280,13010
96303,13011
96318,13012
96320,13013
96341,13014
96342,13015
96357,13016
96367,13017
96385,13018
96388,13019
96389,13020
96402,13021
96405,13022
96411,13023
96417,13024
96422,13025
96425,13026
96429,13027
96430,13028
96440,13029
96448,13030
96452,13031
96456,13032
96462,13033
96463,13034
96466,13035
96473,13036
96474,13037
96475,13038
96481,13039
96490,13040
96493,13041
96496,13042
96514,13043
96521,13044
96523,13045
96528,13046
96529,13047
96535,13048
96545,13049
96554,13050
96558,13051
96571,13052
96589,13053
96590,13054
96595,13055
96602,13056
96603,13057
96607,13058
96608,13059
96611,13060
96622,13061
96623,13062
96625,13063
96634,13064
96635,13065
96656,13066
96659,13067
96660,13068
96665,13069
96667,13070
96668,13071
96675,13072
96679,13073
96689,13074
96699,13075
96744,13076
96764,13077
96771,13078
96776,13079
96797,13080
96843,13081
96855,13082
96869,13083
96878,13084
96880,13085
96889,13086
96900,13087
96913,13088
96925,13089
96928,13090
96936,13091
96941,13092
96943,13093
96946,13094
96954,13095
96961,13096
96962,13097
96970,13098
96978,13099
96989,13100
96996,13101
96999,13102
97009,13103
97011,13104
97025,13105
97044,13106
97047,13107
97050,13108
97055,13109
97071,13110
97144,13111
97160,13112
97161,13113
97179,13114
97208,13115
97209,13116
97219,13117
97232,13118
97239,13119
97244,13120
97268,13121
97281,13122
97290,13123
97302,13124
97312,13125
97314,13126
97318,13127
97319,13128
97321,13129
97324,13130
97330,13131
97343,13132
97364,13133
97368,13134
97370,13135
97378,13136
97381,13137
97415,13138
97421,13139
97423,13140
97430,13141
97436,13142
97443,13143
97448,13144
97465,13145
97468,13146
97469,13147
97478,13148
97479,13149
97486,13150
97491,13151
97493,13152
97512,13153
97515,13154
97516,13155
97531,13156
97536,13157
97537,13158
97547,13159
97565,13160
97584,13161
97585,13162
97587,13163
97598,13164
97599,13165
97620,13166
97623,13167
97629,13168
97636,13169
97639,13170
97646,13171
97660,13172
97679,13173
97694,13174
97695,13175
97721,13176
97750,13177
97754,13178
97767,13179
97777,13180
97791,13181
97800,13182
97807,13183
97808,13184
97833,13185
97848,13186
97851,13187
97874,13188
97875,13189
97906,13190
97915,13191
97919,13192
97920,13193
97921,13194
97940,13195
97945,13196
97952,13197
97959,13198
97968,13199
97969,13200
97972,13201
98012,13202
98021,13203
98023,13204
98026,13205
98037,13206
98048,13207
98051,13208
98060,13209
98070,13210
98071,13211
98072,13212
98075,13213
98078,13214
98082,13215
98092,13216
98104,13217
98132,13218
98139,13219
98146,13220
98150,13221
98153,13222
98154,13223
98159,13224
98168,13225
98177,13226
98202,13227
98207,13228
98210,13229
98230,13230
98244,13231
98255,13232
98263,13233
98274,13234
98277,13235
98281,13236
98287,13237
98293,13238
98297,13239
98299,13240
98309,13241
98312,13242
98316,13243
98320,13244
98322,13245
98323,13246
98344,13247
98346,13248
98348,13249
98350,13250
98351,13251
98356,13252
98359,13253
98364,13254
98376,13255
98391,13256
98400,13257
98401,13258
98403,13259
98404,13260
98405,13261
98406,13262
98415,13263
98422,13264
98425,13265
98427,13266
98428,13267
98440,13268
98443,13269
98458,13270
98468,13271
98474,13272
98484,13273
98491,13274
98499,13275
98522,13276
98525,13277
98533,13278
98534,13279
98544,13280
98547,13281
98549,13282
98551,13283
98560,13284
98575,13285
98596,13286
98599,13287
98606,13288
98608,13289
98618,13290
98620,13291
98628,13292
98631,13293
98633,13294
98647,13295
98654,13296
98655,13297
98658,13298
98664,13299
98669,13300
98671,13301
98686,13302
98696,13303
98707,13304
98708,13305
98720,13306
98721,13307
98722,13308
98723,13309
98727,13310
98741,13311
98749,13312
98754,13313
98757,13314
98758,13315
98763,13316
98764,13317
98776,13318
98779,13319
98783,13320
98787,13321
98794,13322
98801,13323
98804,13324
98823,13325
98825,13326
98833,13327
98834,13328
98841,13329
98854,13330
98856,13331
98861,13332
98864,13333
98865,13334
98887,13335
98890,13336
98893,13337
98904,13338
98908,13339
98914,13340
98919,13341
98920,13342
98923,13343
98930,13344
98940,13345
98950,13346
98952,13347
98958,13348
98963,13349
98966,13350
98975,13351
98982,13352
98988,13353
99014,13354
99018,13355
99022,13356
99023,13357
99025,13358
99026,13359
99027,13360
99032,13361
99044,13362
99051,13363
99067,13364
99077,13365
99085,13366
99092,13367
99102,13368
99109,13369
99126,13370
99132,13371
99136,13372
99159,13373
99169,13374
99172,13375
99190,13376
99193,13377
99196,13378
99204,13379
99206,13380
99216,13381
99219,13382
99222,13383
99227,13384
99228,13385
99229,13386
99231,13387
99239,13388
99242,13389
99246,13390
99247,13391
99251,13392
99252,13393
99268,13394
99277,13395
99281,13396
99295,13397
99298,13398
99299,13399
99312,13400
99313,13401
99314,13402
99319,13403
99322,13404
99323,13405
99328,13406
99337,13407
99347,13408
99349,13409
99363,13410
99368,13411
99381,13412
99386,13413
99387,13414
99388,13415
99390,13416
99400,13417
99405,13418
99424,13419
99426,13420
99434,13421
99436,13422
99441,13423
99444,13424
99446,13425
99452,13426
99455,13427
99460,13428
99467,13429
99482,13430
99521,13431
99523,13432
99535,13433
99548,13434
99549,13435
99564,13436
99616,13437
99623,13438
99630,13439
99635,13440
99636,13441
99637,13442
99641,13443
99644,13444
99650,13445
99652,13446
99668,13447
99677,13448
99714,13449
99720,13450
99738,13451
99759,13452
99765,13453
99766,13454
99770,13455
99783,13456
99788,13457
99792,13458
99795,13459
99805,13460
99832,13461
99837,13462
99843,13463
99857,13464
99865,13465
99885,13466
99890,13467
99895,13468
99919,13469
99920,13470
99927,13471
99929,13472
99932,13473
99946,13474
99954,13475
99955,13476
99958,13477
99963,13478
99968,13479
99980,13480
99996,13481
99997,13482
100001,13483
100004,13484
100009,13485
100010,13486
100035,13487
100038,13488
100043,13489
100044,13490
100046,13491
100053,13492
100066,13493
100067,13494
100088,13495
100092,13496
100098,13497
100108,13498
100115,13499
100119,13500
100121,13501
100131,13502
100153,13503
100164,13504
100167,13505
100172,13506
100174,13507
100181,13508
100194,13509
100197,13510
100206,13511
100217,13512
100223,13513
100227,13514
100229,13515
100232,13516
100251,13517
100256,13518
100261,13519
100264,13520
100266,13521
100268,13522
100273,13523
100276,13524
100294,13525
100335,13526
100343,13527
100354,13528
100355,13529
100357,13530
100359,13531
100361,13532
100393,13533
100399,13534
100408,13535
100427,13536
100434,13537
100438,13538
100448,13539
100452,13540
100454,13541
100459,13542
100460,13543
100471,13544
100475,13545
100486,13546
100497,13547
100506,13548
100510,13549
100517,13550
100519,13551
100546,13552
100547,13553
100552,13554
100553,13555
100566,13556
100568,13557
100578,13558
100579,13559
100580,13560
100590,13561
100594,13562
100610,13563
100644,13564
100648,13565
100658,13566
100668,13567
100682,13568
100688,13569
100694,13570
100695,13571
100721,13572
100740,13573
100756,13574
100772,13575
100776,13576
100781,13577
100782,13578
100783,13579
100786,13580
100804,13581
100806,13582
100815,13583
100822,13584
100832,13585
100838,13586
100846,13587
100856,13588
100857,13589
100865,13590
100881,13591
100887,13592
100894,13593
100895,13594
100896,13595
100903,13596
100904,13597
100906,13598
100908,13599
100912,13600
100920,13601
100925,13602
100946,13603
100984,13604
100995,13605
100996,13606
101010,13607
101023,13608
101025,13609
101027,13610
101029,13611
101035,13612
101041,13613
101043,13614
101046,13615
101052,13616
101056,13617
101060,13618
101079,13619
101081,13620
101091,13621
101101,13622
101126,13623
101141,13624
101148,13625
101150,13626
101154,13627
101155,13628
101171,13629
101172,13630
101175,13631
101196,13632
101209,13633
101214,13634
101226,13635
101242,13636
101251,13637
101275,13638
101286,13639
101292,13640
101294,13641
101299,13642
101304,13643
101305,13644
101306,13645
101312,13646
101313,13647
101315,13648
101336,13649
101338,13650
101339,13651
101341,13652
101369,13653
101370,13654
101381,13655
101384,13656
101387,13657
101404,13658
101414,13659
101422,13660
101434,13661
101451,13662
101475,13663
101505,13664
101513,13665
101515,13666
101517,13667
101518,13668
101536,13669
101538,13670
101550,13671
101559,13672
101562,13673
101566,13674
101574,13675
101588,13676
101590,13677
101595,13678
101606,13679
101609,13680
101614,13681
101620,13682
101624,13683
101626,13684
101632,13685
101635,13686
101643,13687
101666,13688
101672,13689
101677,13690
101681,13691
101684,13692
101696,13693
101697,13694
101699,13695
101703,13696
101731,13697
101734,13698
101739,13699
101741,13700
101742,13701
101744,13702
101745,13703
101774,13704
101784,13705
101803,13706
101824,13707
101835,13708
101836,13709
101840,13710
101851,13711
101857,13712
101861,13713
101873,13714
101874,13715
101876,13716
101882,13717
101887,13718
101900,13719
101901,13720
101910,13721
101914,13722
101918,13723
101929,13724
101935,13725
101944,13726
101963,13727
101971,13728
101973,13729
101978,13730
101985,13731
102013,13732
102019,13733
102029,13734
102032,13735
102033,13736
102034,13737
102060,13738
102063,13739
102080,13740
102096,13741
102099,13742
102101,13743
102110,13744
102112,13745
102117,13746
102120,13747
102129,13748
102130,13749
102148,13750
102153,13751
102154,13752
102158,13753
102164,13754
102170,13755
102189,13756
102196,13757
102210,13758
102220,13759
102227,13760
102232,13761
102238,13762
102241,13763
102248,13764
102253,13765
102262,13766
102275,13767
102284,13768
102315,13769
102316,13770
102321,13771
102322,13772
102324,13773
102327,13774
102335,13775
102336,13776
102338,13777
102341,13778
102344,13779
102346,13780
102349,13781
102351,13782
102359,13783
102361,13784
102372,13785
102375,13786
102378,13787
102383,13788
102389,13789
102397,13790
102398,13791
102399,13792
102411,13793
102413,13794
102414,13795
102416,13796
102417,13797
102426,13798
102429,13799
102430,13800
102452,13801
102456,13802
102457,13803
102459,13804
102489,13805
102505,13806
102507,13807
102518,13808
102532,13809
102549,13810
102555,13811
102564,13812
102571,13813
102581,13814
102595,13815
102624,13816
102638,13817
102642,13818
102647,13819
102649,13820
102668,13821
102676,13822
102693,13823
102695,13824
102700,13825
102702,13826
102705,13827
102719,13828
102728,13829
102731,13830
102733,13831
102747,13832
102749,13833
102750,13834
102759,13835
102760,13836
102761,13837
102772,13838
102780,13839
102798,13840
102801,13841
102812,13842
102813,13843
102834,13844
102842,13845
102843,13846
102844,13847
102861,13848
102867,13849
102886,13850
102891,13851
102900,13852
102916,13853
102921,13854
102944,13855
102945,13856
102955,13857
102958,13858
102965,13859
102967,13860
102972,13861
103000,13862
103010,13863
103024,13864
103026,13865
103038,13866
103041,13867
103055,13868
103057,13869
103067,13870
103075,13871
103094,13872
103107,13873
103116,13874
103124,13875
103144,13876
103160,13877
103164,13878
103171,13879
103174,13880
103176,13881
103190,13882
103191,13883
103204,13884
103222,13885
103251,13886
103265,13887
103277,13888
103280,13889
103281,13890
103304,13891
103315,13892
103319,13893
103323,13894
103326,13895
103336,13896
103343,13897
103350,13898
103370,13899
103377,13900
103387,13901
103394,13902
103410,13903
103412,13904
103416,13905
103424,13906
103445,13907
103447,13908
103454,13909
103457,13910
103464,13911
103467,13912
103475,13913
103477,13914
103479,13915
103489,13916
103493,13917
103496,13918
103501,13919
103504,13920
103526,13921
103533,13922
103537,13923
103540,13924
103541,13925
103548,13926
103550,13927
103554,13928
103577,13929
103579,13930
103602,13931
103618,13932
103624,13933
103630,13934
103636,13935
103640,13936
103656,13937
103665,13938
103666,13939
103668,13940
103679,13941
103688,13942
103699,13943
103700,13944
103705,13945
103706,13946
103729,13947
103734,13948
103740,13949
103748,13950
103793,13951
103811,13952
103824,13953
103825,13954
103828,13955
103835,13956
103841,13957
103849,13958
103866,13959
103871,13960
103874,13961
103876,13962
103920,13963
103922,13964
103923,13965
103930,13966
103935,13967
103955,13968
103956,13969
103974,13970
103979,13971
104028,13972
104044,13973
104045,13974
104051,13975
104053,13976
104057,13977
104058,13978
104059,13979
104061,13980
104062,13981
104066,13982
104072,13983
104085,13984
104097,13985
104113,13986
104115,13987
104120,13988
104123,13989
104125,13990
104128,13991
104140,13992
104141,13993
104144,13994
104145,13995
104157,13996
104158,13997
104160,13998
104165,13999
104166,14000
104168,14001
104190,14002
104205,14003
104210,14004
104211,14005
104213,14006
104236,14007
104240,14008
104243,14009
104247,14010
104252,14011
104255,14012
104268,14013
104278,14014
104289,14015
104300,14016
104301,14017
104310,14018
104311,14019
104334,14020
104335,14021
104337,14022
104340,14023
104362,14024
104368,14025
104397,14026
104399,14027
104401,14028
104413,14029
104422,14030
104425,14031
104426,14032
104429,14033
104431,14034
104437,14035
104447,14036
104451,14037
104454,14038
104458,14039
104466,14040
104468,14041
104469,14042
104486,14043
104498,14044
104505,14045
104508,14046
104515,14047
104517,14048
104519,14049
104527,14050
104535,14051
104549,14052
104550,14053
104560,14054
104562,14055
104564,14056
104569,14057
104579,14058
104582,14059
104588,14060
104590,14061
104597,14062
104604,14063
104624,14064
104636,14065
104641,14066
104646,14067
104653,14068
104654,14069
104657,14070
104658,14071
104664,14072
104665,14073
104670,14074
104705,14075
104707,14076
104711,14077
104715,14078
104736,14079
104739,14080
104744,14081
104751,14082
104757,14083
104759,14084
104771,14085
104773,14086
104779,14087
104796,14088
104808,14089
104809,14090
104812,14091
104816,14092
104823,14093
104860,14094
104862,14095
104864,14096
104868,14097
104880,14098
104883,14099
104894,14100
104925,14101
104939,14102
104948,14103
104959,14104
104976,14105
104981,14106
104989,14107
104990,14108
104991,14109
104998,14110
105012,14111
105022,14112
105028,14113
105040,14114
105043,14115
105054,14116
105058,14117
105068,14118
105076,14119
105079,14120
105101,14121
105108,14122
105109,14123
105114,14124
105115,14125
105122,14126
105124,14127
105128,14128
105131,14129
105137,14130
105139,14131
105160,14132
105187,14133
105214,14134
105219,14135
105221,14136
105228,14137
105238,14138
105241,14139
105243,14140
105258,14141
105262,14142
105263,14143
105266,14144
105286,14145
105295,14146
105298,14147
105302,14148
105308,14149
105313,14150
105317,14151
105320,14152
105332,14153
105334,14154
105335,14155
105349,14156
105358,14157
105360,14158
105361,14159
105370,14160
105374,14161
105381,14162
105382,14163
105383,14164
105386,14165
105394,14166
105395,14167
105408,14168
105414,14169
105420,14170
105475,14171
105476,14172
105480,14173
105488,14174
105503,14175
105508,14176
105515,14177
105517,14178
105533,14179
105534,14180
105535,14181
105536,14182
105572,14183
105576,14184
105596,14185
105599,14186
105618,14187
105624,14188
105627,14189
105645,14190
105649,14191
105652,14192
105664,14193
105666,14194
105672,14195
105695,14196
105708,14197
105713,14198
105718,14199
105731,14200
105745,14201
105746,14202
105760,14203
105769,14204
105771,14205
105781,14206
105782,14207
105795,14208
105813,14209
105837,14210
105840,14211
105863,14212
105869,14213
105871,14214
105872,14215
105874,14216
105881,14217
105904,14218
105908,14219
105917,14220
105922,14221
105925,14222
105927,14223
105937,14224
105939,14225
105968,14226
105972,14227
105974,14228
105979,14229
105982,14230
105986,14231
105987,14232
105996,14233
106006,14234
106007,14235
106009,14236
106018,14237
106021,14238
106028,14239
106036,14240
106056,14241
106059,14242
106064,14243
106066,14244
106071,14245
106078,14246
106082,14247
106083,14248
106086,14249
106104,14250
106105,14251
106109,14252
106114,14253
106117,14254
106127,14255
106128,14256
106131,14257
106142,14258
106149,14259
106173,14260
106184,14261
106195,14262
106198,14263
106201,14264
106208,14265
106218,14266
106225,14267
106230,14268
106235,14269
106236,14270
106245,14271
106249,14272
106251,14273
106257,14274
106258,14275
106262,14276
106265,14277
106266,14278
106273,14279
106276,14280
106280,14281
106282,14282
106294,14283
106295,14284
106299,14285
106301,14286
106302,14287
106307,14288
106317,14289
106331,14290
106352,14291
106356,14292
106360,14293
106369,14294
106374,14295
106385,14296
106388,14297
106392,14298
106398,14299
106406,14300
106407,14301
106411,14302
106412,14303
106414,14304
106417,14305
106420,14306
106423,14307
106424,14308
106434,14309
106437,14310
106439,14311
106453,14312
106479,14313
106494,14314
106503,14315
106526,14316
106534,14317
106538,14318
106550,14319
106553,14320
106583,14321
106594,14322
106595,14323
106612,14324
106614,14325
106632,14326
106651,14327
106656,14328
106661,14329
106673,14330
106674,14331
106678,14332
106682,14333
106686,14334
106692,14335
106715,14336
106723,14337
106725,14338
106731,14339
106738,14340
106742,14341
106751,14342
106763,14343
106764,14344
106768,14345
106777,14346
106783,14347
106803,14348
106809,14349
106816,14350
106820,14351
106821,14352
106825,14353
106839,14354
106845,14355
106846,14356
106847,14357
106848,14358
106849,14359
106862,14360
106874,14361
106885,14362
106888,14363
106893,14364
106895,14365
106914,14366
106932,14367
106936,14368
106937,14369
106943,14370
106946,14371
106948,14372
106950,14373
106954,14374
106956,14375
106966,14376
106979,14377
106981,14378
106988,14379
107005,14380
107007,14381
107008,14382
107010,14383
107016,14384
107021,14385
107042,14386
107044,14387
107073,14388
107081,14389
107087,14390
107099,14391
107100,14392
107103,14393
107109,14394
107113,14395
107120,14396
107121,14397
107133,14398
107140,14399
107143,14400
107178,14401
107187,14402
107191,14403
107196,14404
107201,14405
107208,14406
107234,14407
107244,14408
107258,14409
107265,14410
107270,14411
107283,14412
107286,14413
107288,14414
107298,14415
107301,14416
107311,14417
107324,14418
107326,14419
107333,14420
107338,14421
107376,14422
107383,14423
107384,14424
107394,14425
107416,14426
107417,14427
107426,14428
107431,14429
107438,14430
107447,14431
107453,14432
107456,14433
107479,14434
107491,14435
107510,14436
107514,14437
107521,14438
107522,14439
107523,14440
107526,14441
107540,14442
107577,14443
107579,14444
107581,14445
107592,14446
107594,14447
107610,14448
107612,14449
107616,14450
107620,14451
107638,14452
107640,14453
107645,14454
107649,14455
107654,14456
107663,14457
107664,14458
107671,14459
107675,14460
107697,14461
107718,14462
107729,14463
107731,14464
107758,14465
107767,14466
107780,14467
107784,14468
107812,14469
107834,14470
107842,14471
107850,14472
107852,14473
107853,14474
107862,14475
107865,14476
107882,14477
107889,14478
107895,14479
107911,14480
107916,14481
107921,14482
107923,14483
107951,14484
107957,14485
107960,14486
107966,14487
107967,14488
107969,14489
107972,14490
107975,14491
107984,14492
107986,14493
107990,14494
107994,14495
108005,14496
108017,14497
108020,14498
108044,14499
108062,14500
108109,14501
108120,14502
108123,14503
108127,14504
108128,14505
108130,14506
108132,14507
108141,14508
108143,14509
108147,14510
108153,14511
108155,14512
108158,14513
108182,14514
108197,14515
108207,14516
108210,14517
108213,14518
108216,14519
108218,14520
108231,14521
108237,14522
108243,14523
108245,14524
108247,14525
108261,14526
108267,14527
108271,14528
108272,14529
108275,14530
108277,14531
108285,14532
108306,14533
108318,14534
108332,14535
108333,14536
108336,14537
108340,14538
108352,14539
108361,14540
108379,14541
108386,14542
108392,14543
108394,14544
108397,14545
108405,14546
108411,14547
108416,14548
108438,14549
108447,14550
108448,14551
108454,14552
108471,14553
108474,14554
108478,14555
108480,14556
108481,14557
108485,14558
108486,14559
108488,14560
108496,14561
108526,14562
108531,14563
108535,14564
108563,14565
108569,14566
108590,14567
108622,14568
108625,14569
108628,14570
108664,14571
108685,14572
108687,14573
108700,14574
108711,14575
108734,14576
108741,14577
108747,14578
108752,14579
108753,14580
108759,14581
108763,14582
108772,14583
108773,14584
108774,14585
108779,14586
108780,14587
108786,14588
108789,14589
108799,14590
108800,14591
108805,14592
108815,14593
108820,14594
108827,14595
108832,14596
108860,14597
108876,14598
108900,14599
108902,14600
108914,14601
108920,14602
108947,14603
108948,14604
108950,14605
108975,14606
108981,14607
108997,14608
109004,14609
109005,14610
109009,14611
109013,14612
109014,14613
109029,14614
109033,14615
109034,14616
109040,14617
109049,14618
109072,14619
109082,14620
109084,14621
109093,14622
109096,14623
109103,14624
109107,14625
109108,14626
109110,14627
109115,14628
109122,14629
109126,14630
109131,14631
109135,14632
109146,14633
109151,14634
109159,14635
109176,14636
109180,14637
109196,14638
109197,14639
109208,14640
109211,14641
109223,14642
109228,14643
109235,14644
109247,14645
109260,14646
109276,14647
109278,14648
109287,14649
109295,14650
109321,14651
109330,14652
109333,14653
109335,14654
109344,14655
109349,14656
109357,14657
109363,14658
109372,14659
109388,14660
109403,14661
109410,14662
109412,14663
109416,14664
109418,14665
109420,14666
109426,14667
109427,14668
109451,14669
109461,14670
109479,14671
109482,14672
109491,14673
109502,14674
109503,14675
109508,14676
109516,14677
109518,14678
109519,14679
109520,14680
109532,14681
109537,14682
109540,14683
109543,14684
109544,14685
109549,14686
109562,14687
109567,14688
109574,14689
109591,14690
109605,14691
109617,14692
109620,14693
109629,14694
109631,14695
109649,14696
109654,14697
109681,14698
109685,14699
109695,14700
109700,14701
109702,14702
109709,14703
109719,14704
109727,14705
109728,14706
109741,14707
109748,14708
109749,14709
109751,14710
109764,14711
109771,14712
109779,14713
109783,14714
109785,14715
109789,14716
109808,14717
109811,14718
109823,14719
109829,14720
109837,14721
109841,14722
109845,14723
109864,14724
109879,14725
109887,14726
109891,14727
109893,14728
109899,14729
109901,14730
109903,14731
109910,14732
109916,14733
109921,14734
109929,14735
109940,14736
109955,14737
109962,14738
109963,14739
109971,14740
109974,14741
109991,14742
109997,14743
110000,14744
110029,14745
110031,14746
110040,14747
110044,14748
110069,14749
110076,14750
110081,14751
110084,14752
110090,14753
110093,14754
110099,14755
110110,14756
110112,14757
110121,14758
110123,14759
110127,14760
110128,14761
110143,14762
110160,14763
110165,14764
110175,14765
110202,14766
110204,14767
110208,14768
110214,14769
110222,14770
110235,14771
110254,14772
110265,14773
110266,14774
110267,14775
110280,14776
110287,14777
110291,14778
110301,14779
110308,14780
110309,14781
110317,14782
110337,14783
110349,14784
110359,14785
110361,14786
110367,14787
110371,14788
110373,14789
110382,14790
110405,14791
110406,14792
110410,14793
110440,14794
110453,14795
110474,14796
110475,14797
110479,14798
110483,14799
110493,14800
110496,14801
110497,14802
110508,14803
110518,14804
110534,14805
110553,14806
110558,14807
110562,14808
110564,14809
110572,14810
110575,14811
110579,14812
110584,14813
110591,14814
110599,14815
110602,14816
110604,14817
110608,14818
110609,14819
110615,14820
110631,14821
110637,14822
110648,14823
110651,14824
110652,14825
110653,14826
110660,14827
110661,14828
110674,14829
110695,14830
110700,14831
110712,14832
110721,14833
110723,14834
110743,14835
110746,14836
110771,14837
110785,14838
110795,14839
110806,14840
110808,14841
110814,14842
110815,14843
110817,14844
110820,14845
110826,14846
110834,14847
110836,14848
110847,14849
110853,14850
110855,14851
110859,14852
110869,14853
110877,14854
110886,14855
110887,14856
110890,14857
110908,14858
110912,14859
110934,14860
110935,14861
110963,14862
110973,14863
110974,14864
110979,14865
110983,14866
110990,14867
110993,14868
111004,14869
111013,14870
111019,14871
111027,14872
111032,14873
111035,14874
111044,14875
111045,14876
111046,14877
111053,14878
111054,14879
111062,14880
111083,14881
111089,14882
111124,14883
111133,14884
111136,14885
111140,14886
111162,14887
111166,14888
111174,14889
111181,14890
111190,14891
111199,14892
111204,14893
111222,14894
111223,14895
111228,14896
111232,14897
111238,14898
111241,14899
111245,14900
111248,14901
111254,14902
111261,14903
111263,14904
111269,14905
111273,14906
111277,14907
111286,14908
111288,14909
111291,14910
111305,14911
111324,14912
111340,14913
111348,14914
111356,14915
111358,14916
111362,14917
111369,14918
111378,14919
111390,14920
111408,14921
111419,14922
111425,14923
111433,14924
111438,14925
111442,14926
111444,14927
111462,14928
111468,14929
111470,14930
111474,14931
111481,14932
111495,14933
111499,14934
111536,14935
111539,14936
111550,14937
111565,14938
111578,14939
111581,14940
111586,14941
111597,14942
111607,14943
111625,14944
111634,14945
111635,14946
111637,14947
111642,14948
111657,14949
111662,14950
111674,14951
111695,14952
111701,14953
111704,14954
111727,14955
111731,14956
111733,14957
111734,14958
111737,14959
111745,14960
111746,14961
111747,14962
111749,14963
111753,14964
111764,14965
111766,14966
111787,14967
111807,14968
111810,14969
111816,14970
111828,14971
111831,14972
111833,14973
111847,14974
111873,14975
111880,14976
111888,14977
111891,14978
111924,14979
111933,14980
111944,14981
111947,14982
111954,14983
111965,14984
111979,14985
111983,14986
111999,14987
112001,14988
112004,14989
112026,14990
112037,14991
112053,14992
112060,14993
112063,14994
112069,14995
112076,14996
112083,14997
112086,14998
112088,14999
112093,15000
112100,15001
112105,15002
112109,15003
112120,15004
112141,15005
112148,15006
112167,15007
112169,15008
112173,15009
112183,15010
112188,15011
112189,15012
112199,15013
112201,15014
112223,15015
112237,15016
112240,15017
112243,15018
112247,15019
112251,15020
112269,15021
112274,15022
112280,15023
112298,15024
112307,15025
112335,15026
112345,15027
112349,15028
112359,15029
112367,15030
112401,15031
112404,15032
112408,15033
112412,15034
112425,15035
112432,15036
112435,15037
112436,15038
112438,15039
112457,15040
112464,15041
112467,15042
112478,15043
112488,15044
112496,15045
112507,15046
112512,15047
112529,15048
112541,15049
112544,15050
112559,15051
112570,15052
112580,15053
112587,15054
112589,15055
112590,15056
112598,15057
112610,15058
112612,15059
112614,15060
112643,15061
112672,15062
112690,15063
112709,15064
112719,15065
112730,15066
112733,15067
112738,15068
112754,15069
112761,15070
112765,15071
112790,15072
112793,15073
112803,15074
112811,15075
112815,15076
112818,15077
112822,15078
112845,15079
112855,15080
112860,15081
112864,15082
112873,15083
112881,15084
112892,15085
112910,15086
112912,15087
112914,15088
112931,15089
112932,15090
112935,15091
112937,15092
112940,15093
112946,15094
112953,15095
112961,15096
112969,15097
112972,15098
112974,15099
112976,15100
112977,15101
112979,15102
112987,15103
113012,15104
113022,15105
113028,15106
113030,15107
113031,15108
113039,15109
113044,15110
113045,15111
113049,15112
113062,15113
113067,15114
113083,15115
113088,15116
113089,15117
113091,15118
113096,15119
113097,15120
113106,15121
113117,15122
113121,15123
113122,15124
113140,15125
113148,15126
113155,15127
113182,15128
113217,15129
113219,15130
113241,15131
113248,15132
113259,15133
113266,15134
113270,15135
113271,15136
113279,15137
113292,15138
113322,15139
113325,15140
113328,15141
113334,15142
113339,15143
113340,15144
113345,15145
113349,15146
113356,15147
113364,15148
113365,15149
113376,15150
113380,15151
113383,15152
113406,15153
113417,15154
113425,15155
113435,15156
113441,15157
113465,15158
113466,15159
113467,15160
113470,15161
113473,15162
113475,15163
113494,15164
113519,15165
113528,15166
113531,15167
113533,15168
113537,15169
113545,15170
113549,15171
113560,15172
113568,15173
113572,15174
113582,15175
113586,15176
113594,15177
113602,15178
113611,15179
113618,15180
113624,15181
113630,15182
113633,15183
113643,15184
113648,15185
113649,15186
113657,15187
113661,15188
113662,15189
113663,15190
113664,15191
113671,15192
113680,15193
113687,15194
113689,15195
113696,15196
113699,15197
113700,15198
113708,15199
113721,15200
113723,15201
113745,15202
113752,15203
113753,15204
113755,15205
113779,15206
113790,15207
113796,15208
113804,15209
113817,15210
113821,15211
113823,15212
113830,15213
113840,15214
113856,15215
113859,15216
113862,15217
113876,15218
113880,15219
113887,15220
113902,15221
113904,15222
113910,15223
113913,15224
113919,15225
113921,15226
113926,15227
113944,15228
113955,15229
113956,15230
113966,15231
113983,15232
113985,15233
113989,15234
113990,15235
113992,15236
114007,15237
114016,15238
114018,15239
114028,15240
114037,15241
114048,15242
114066,15243
114071,15244
114073,15245
114075,15246
114085,15247
114089,15248
114102,15249
114128,15250
114143,15251
114146,15252
114158,15253
114178,15254
114182,15255
114185,15256
114193,15257
114197,15258
114200,15259
114203,15260
114216,15261
114217,15262
114218,15263
114237,15264
114241,15265
114243,15266
114245,15267
114251,15268
114255,15269
114258,15270
114265,15271
114273,15272
114279,15273
114288,15274
114292,15275
114304,15276
114306,15277
114309,15278
114317,15279
114335,15280
114341,15281
114343,15282
114365,15283
114368,15284
114371,15285
114374,15286
114378,15287
114379,15288
114389,15289
114413,15290
114414,15291
114418,15292
114434,15293
114439,15294
114444,15295
114446,15296
114452,15297
114466,15298
114475,15299
114483,15300
114493,15301
114498,15302
114532,15303
114538,15304
114544,15305
114551,15306
114558,15307
114563,15308
114565,15309
114568,15310
114570,15311
114577,15312
114581,15313
114582,15314
114583,15315
114592,15316
114594,15317
114595,15318
114597,15319
114600,15320
114601,15321
114604,15322
114610,15323
114611,15324
114615,15325
114620,15326
114627,15327
114629,15328
114634,15329
114643,15330
114648,15331
114649,15332
114655,15333
114662,15334
114669,15335
114671,15336
114674,15337
114695,15338
114698,15339
114699,15340
114703,15341
114708,15342
114710,15343
114718,15344
114720,15345
114722,15346
114728,15347
114742,15348
114744,15349
114745,15350
114773,15351
114785,15352
114799,15353
114802,15354
114813,15355
114817,15356
114846,15357
114847,15358
114850,15359
114860,15360
114865,15361
114866,15362
114868,15363
114879,15364
114891,15365
114893,15366
114912,15367
114920,15368
114930,15369
114937,15370
114942,15371
114947,15372
114949,15373
114955,15374
114958,15375
114959,15376
114982,15377
114983,15378
114987,15379
114988,15380
115002,15381
115003,15382
115006,15383
115028,15384
115031,15385
115032,15386
115036,15387
115039,15388
115045,15389
115061,15390
115062,15391
115077,15392
115081,15393
115087,15394
115097,15395
115105,15396
115117,15397
115120,15398
115138,15399
115144,15400
115146,15401
115148,15402
115150,15403
115161,15404
115162,15405
115171,15406
115172,15407
115180,15408
115182,15409
115189,15410
115202,15411
115207,15412
115210,15413
115224,15414
115226,15415
115227,15416
115231,15417
115234,15418
115238,15419
115252,15420
115259,15421
115266,15422
115281,15423
115286,15424
115287,15425
115303,15426
115322,15427
115328,15428
115337,15429
115341,15430
115342,15431
115351,15432
115362,15433
115375,15434
115379,15435
115392,15436
115407,15437
115410,15438
115413,15439
115428,15440
115435,15441
115436,15442
115473,15443
115477,15444
115480,15445
115482,15446
115488,15447
115490,15448
115503,15449
115511,15450
115512,15451
115523,15452
115534,15453
115536,15454
115537,15455
115538,15456
115548,15457
115551,15458
115552,15459
115565,15460
115567,15461
115571,15462
115572,15463
115585,15464
115589,15465
115593,15466
115622,15467
115655,15468
115662,15469
115666,15470
115671,15471
115675,15472
115678,15473
115679,15474
115680,15475
115682,15476
115692,15477
115693,15478
115700,15479
115705,15480
115707,15481
115714,15482
115715,15483
115724,15484
115736,15485
115745,15486
115751,15487
115754,15488
115759,15489
115769,15490
115783,15491
115791,15492
115792,15493
115794,15494
115804,15495
115810,15496
115818,15497
115833,15498
115839,15499
115841,15500
115847,15501
115850,15502
115851,15503
115874,15504
115875,15505
115880,15506
115888,15507
115896,15508
115904,15509
115905,15510
115907,15511
115917,15512
115919,15513
115929,15514
115938,15515
115940,15516
115944,15517
115948,15518
115953,15519
115956,15520
115963,15521
115973,15522
115979,15523
115995,15524
115998,15525
116000,15526
116005,15527
116006,15528
116022,15529
116031,15530
116032,15531
116047,15532
116060,15533
116063,15534
116070,15535
116076,15536
116083,15537
116090,15538
116095,15539
116113,15540
116122,15541
116123,15542
116127,15543
116136,15544
116140,15545
116153,15546
116160,15547
116168,15548
116170,15549
116183,15550
116186,15551
116195,15552
116198,15553
116209,15554
116210,15555
116218,15556
116220,15557
116223,15558
116232,15559
116243,15560
116249,15561
116288,15562
116294,15563
116301,15564
116310,15565
116311,15566
116313,15567
116318,15568
116320,15569
116324,15570
116325,15571
116327,15572
116341,15573
116343,15574
116349,15575
116367,15576
116381,15577
116391,15578
116395,15579
116405,15580
116424,15581
116428,15582
116433,15583
116448,15584
116450,15585
116466,15586
116477,15587
116490,15588
116491,15589
116499,15590
116501,15591
116503,15592
116505,15593
116506,15594
116508,15595
116511,15596
116521,15597
116526,15598
116534,15599
116535,15600
116537,15601
116549,15602
116552,15603
116555,15604
116556,15605
116558,15606
116563,15607
116565,15608
116574,15609
116577,15610
116582,15611
116599,15612
116600,15613
116624,15614
116630,15615
116634,15616
116638,15617
116658,15618
116674,15619
116676,15620
116693,15621
116705,15622
116712,15623
116713,15624
116729,15625
116740,15626
116742,15627
116743,15628
116744,15629
116746,15630
116753,15631
116758,15632
116759,15633
116763,15634
116769,15635
116780,15636
116787,15637
116796,15638
116800,15639
116803,15640
116810,15641
116813,15642
116816,15643
116828,15644
116836,15645
116838,15646
116866,15647
116870,15648
116897,15649
116904,15650
116911,15651
116922,15652
116931,15653
116937,15654
116948,15655
116963,15656
116972,15657
116990,15658
116993,15659
116997,15660
116999,15661
117002,15662
117013,15663
117015,15664
117030,15665
117033,15666
117041,15667
117068,15668
117073,15669
117080,15670
117082,15671
117091,15672
117092,15673
117097,15674
117103,15675
117109,15676
117111,15677
117115,15678
117123,15679
117124,15680
117130,15681
117131,15682
117132,15683
117133,15684
117142,15685
117145,15686
117155,15687
117159,15688
117162,15689
117164,15690
117176,15691
117195,15692
117196,15693
117200,15694
117210,15695
117215,15696
117227,15697
117229,15698
117241,15699
117251,15700
117255,15701
117256,15702
117258,15703
117278,15704
117279,15705
117287,15706
117290,15707
117291,15708
117297,15709
117300,15710
117318,15711
117328,15712
117330,15713
117340,15714
117345,15715
117378,15716
117384,15717
117390,15718
117396,15719
117398,15720
117399,15721
117404,15722
117407,15723
117411,15724
117412,15725
117416,15726
117418,15727
117423,15728
117435,15729
117437,15730
117445,15731
117450,15732
117458,15733
117460,15734
117467,15735
117482,15736
117489,15737
117490,15738
117495,15739
117502,15740
117515,15741
117522,15742
117539,15743
117543,15744
117548,15745
117553,15746
117557,15747
117577,15748
117581,15749
117588,15750
117593,15751
117594,15752
117618,15753
117652,15754
117662,15755
117668,15756
117683,15757
117686,15758
117700,15759
117719,15760
117724,15761
117738,15762
117739,15763
117740,15764
117749,15765
117766,15766
117767,15767
117773,15768
117781,15769
117816,15770
117824,15771
117834,15772
117839,15773
117852,15774
117858,15775
117859,15776
117861,15777
117862,15778
117873,15779
117877,15780
117886,15781
117895,15782
117911,15783
117912,15784
117921,15785
117924,15786
117925,15787
117928,15788
117936,15789
117937,15790
117941,15791
117943,15792
117950,15793
117956,15794
117958,15795
117963,15796
117968,15797
117970,15798
117975,15799
117984,15800
117990,15801
118024,15802
118050,15803
118055,15804
118061,15805
118070,15806
118093,15807
118099,15808
118101,15809
118119,15810
118121,15811
118135,15812
118141,15813
118144,15814
118146,15815
118163,15816
118164,15817
118167,15818
118173,15819
118178,15820
118191,15821
118207,15822
118228,15823
118231,15824
118234,15825
118235,15826
118265,15827
118275,15828
118278,15829
118286,15830
118289,15831
118308,15832
118310,15833
118314,15834
118318,15835
118320,15836
118333,15837
118344,15838
118347,15839
118357,15840
118369,15841
118372,15842
118404,15843
118414,15844
118418,15845
118421,15846
118422,15847
118425,15848
118430,15849
118431,15850
118434,15851
118445,15852
118464,15853
118467,15854
118468,15855
118478,15856
118484,15857
118487,15858
118489,15859
118490,15860
118524,15861
118528,15862
118533,15863
118542,15864
118543,15865
118553,15866
118560,15867
118586,15868
118587,15869
118595,15870
118597,15871
118598,15872
118606,15873
118607,15874
118627,15875
118628,15876
118629,15877
118632,15878
118635,15879
118644,15880
118647,15881
118654,15882
118659,15883
118664,15884
118677,15885
118683,15886
118702,15887
118710,15888
118721,15889
118772,15890
118800,15891
118803,15892
118814,15893
118817,15894
118848,15895
118871,15896
118881,15897
118910,15898
118919,15899
118926,15900
118943,15901
118955,15902
118964,15903
118969,15904
118972,15905
118976,15906
118985,15907
118986,15908
118988,15909
118993,15910
119005,15911
119027,15912
119028,15913
119032,15914
119049,15915
119066,15916
119071,15917
119094,15918
119107,15919
119115,15920
119155,15921
119168,15922
119177,15923
119179,15924
119184,15925
119205,15926
119219,15927
119220,15928
119223,15929
119224,15930
119227,15931
119229,15932
119248,15933
119252,15934
119271,15935
119274,15936
119281,15937
119282,15938
119283,15939
119299,15940
119326,15941
119332,15942
119333,15943
119341,15944
119342,15945
119344,15946
119358,15947
119364,15948
119369,15949
119374,15950
119380,15951
119387,15952
119390,15953
119397,15954
119413,15955
119414,15956
119418,15957
119421,15958
119439,15959
119446,15960
119447,15961
119456,15962
119473,15963
119485,15964
119488,15965
119505,15966
119512,15967
119517,15968
119529,15969
119536,15970
119540,15971
119545,15972
119547,15973
119556,15974
119566,15975
119567,15976
119575,15977
119579,15978
119580,15979
119582,15980
119583,15981
119590,15982
119594,15983
119602,15984
119631,15985
119640,15986
119650,15987
119654,15988
119671,15989
119697,15990
119725,15991
119749,15992
119759,15993
119772,15994
119783,15995
119785,15996
119791,15997
119806,15998
119833,15999
119838,16000
119858,16001
119859,16002
119884,16003
119886,16004
119889,16005
119898,16006
119904,16007
119906,16008
119932,16009
119944,16010
119952,16011
119963,16012
119971,16013
119973,16014
119975,16015
119993,16016
120013,16017
120030,16018
120034,16019
120047,16020
120080,16021
120081,16022
120082,16023
120090,16024
120093,16025
120094,16026
120125,16027
120139,16028
120147,16029
120155,16030
120163,16031
120169,16032
120178,16033
120181,16034
120187,16035
120267,16036
120270,16037
120283,16038
120312,16039
120327,16040
120332,16041
120333,16042
120342,16043
120345,16044
120350,16045
120377,16046
120385,16047
120390,16048
120395,16049
120396,16050
120411,16051
120415,16052
120417,16053
120435,16054
120449,16055
120485,16056
120506,16057
120515,16058
120543,16059
120547,16060
120548,16061
120549,16062
120552,16063
120563,16064
120565,16065
120574,16066
120578,16067
120579,16068
120583,16069
120584,16070
120587,16071
120588,16072
120598,16073
120599,16074
120601,16075
120610,16076
120620,16077
120657,16078
120669,16079
120685,16080
120695,16081
120696,16082
120701,16083
120709,16084
120712,16085
120735,16086
120740,16087
120744,16088
120749,16089
120752,16090
120754,16091
120757,16092
120763,16093
120764,16094
120765,16095
120767,16096
120771,16097
120773,16098
120782,16099
120797,16100
120807,16101
120814,16102
120825,16103
120828,16104
120829,16105
120834,16106
120843,16107
120851,16108
120860,16109
120872,16110
120873,16111
120879,16112
120892,16113
120893,16114
120904,16115
120908,16116
120916,16117
120931,16118
120935,16119
120937,16120
120942,16121
120961,16122
120966,16123
120967,16124
120973,16125
120980,16126
120985,16127
121001,16128
121010,16129
121011,16130
121031,16131
121035,16132
121037,16133
121042,16134
121043,16135
121057,16136
121065,16137
121066,16138
121070,16139
121072,16140
121079,16141
121081,16142
121083,16143
121085,16144
121087,16145
121088,16146
121093,16147
121094,16148
121114,16149
121119,16150
121120,16151
121130,16152
121135,16153
121137,16154
121138,16155
121152,16156
121153,16157
121160,16158
121166,16159
121167,16160
121168,16161
121170,16162
121171,16163
121173,16164
121176,16165
121178,16166
121184,16167
121185,16168
121204,16169
121205,16170
121208,16171
121233,16172
121234,16173
121239,16174
121241,16175
121251,16176
121254,16177
121257,16178
121263,16179
121264,16180
121282,16181
121285,16182
121292,16183
121297,16184
121314,16185
121321,16186
121323,16187
121328,16188
121329,16189
121331,16190
121333,16191
121345,16192
121352,16193
121366,16194
121367,16195
121368,16196
121377,16197
121383,16198
121405,16199
121407,16200
121408,16201
121417,16202
121418,16203
121424,16204
121432,16205
121434,16206
121435,16207
121454,16208
121460,16209
121470,16210
121482,16211
121483,16212
121493,16213
121494,16214
121505,16215
121506,16216
121517,16217
121518,16218
121520,16219
121526,16220
121530,16221
121544,16222
121545,16223
121547,16224
121548,16225
121559,16226
121560,16227
121561,16228
121579,16229
121587,16230
121591,16231
121592,16232
121594,16233
121596,16234
121598,16235
121602,16236
121606,16237
121620,16238
121667,16239
121701,16240
121719,16241
121726,16242
121731,16243
121751,16244
121754,16245
121755,16246
121778,16247
121779,16248
121786,16249
121787,16250
121813,16251
121814,16252
121817,16253
121820,16254
121825,16255
121829,16256
121836,16257
121845,16258
121849,16259
121864,16260
121874,16261
121886,16262
121905,16263
121920,16264
121932,16265
121933,16266
121936,16267
121941,16268
121946,16269
121950,16270
121951,16271
121955,16272
121965,16273
121978,16274
121986,16275
121990,16276
121991,16277
121996,16278
121998,16279
122014,16280
122026,16281
122035,16282
122037,16283
122045,16284
122048,16285
122086,16286
122096,16287
122115,16288
122116,16289
122118,16290
122119,16291
122128,16292
122147,16293
122152,16294
122158,16295
122176,16296
122177,16297
122187,16298
122193,16299
122203,16300
122210,16301
122212,16302
122216,16303
122235,16304
122245,16305
122251,16306
122256,16307
122293,16308
122302,16309
122321,16310
122335,16311
122349,16312
122386,16313
122394,16314
122418,16315
122423,16316
122429,16317
122440,16318
122442,16319
122443,16320
122449,16321
122458,16322
122462,16323
122468,16324
122469,16325
122479,16326
122484,16327
122505,16328
122506,16329
122513,16330
122519,16331
122542,16332
122567,16333
122605,16334
122606,16335
122607,16336
122625,16337
122632,16338
122633,16339
122643,16340
122646,16341
122657,16342
122658,16343
122660,16344
122671,16345
122675,16346
122676,16347
122691,16348
122694,16349
122716,16350
122731,16351
122737,16352
122738,16353
122743,16354
122751,16355
122764,16356
122774,16357
122782,16358
122784,16359
122793,16360
122794,16361
122801,16362
122802,16363
122810,16364
122812,16365
122813,16366
122825,16367
122845,16368
122854,16369
122859,16370
122867,16371
122876,16372
122880,16373
122881,16374
122883,16375
122888,16376
122896,16377
122901,16378
122908,16379
122919,16380
122938,16381
122947,16382
122953,16383
122956,16384
122957,16385
122958,16386
122960,16387
122987,16388
122988,16389
122991,16390
123001,16391
123010,16392
123015,16393
123029,16394
123039,16395
123051,16396
123053,16397
123054,16398
123055,16399
123056,16400
123058,16401
123060,16402
123062,16403
123063,16404
123064,16405
123066,16406
123067,16407
123075,16408
123094,16409
123095,16410
123104,16411
123105,16412
123114,16413
123115,16414
123122,16415
123130,16416
123132,16417
123137,16418
123143,16419
123150,16420
123154,16421
123160,16422
123168,16423
123173,16424
123182,16425
123184,16426
123186,16427
123191,16428
123203,16429
123214,16430
123215,16431
123220,16432
123221,16433
123228,16434
123238,16435
123252,16436
123257,16437
123261,16438
123272,16439
123280,16440
123281,16441
123284,16442
123298,16443
123325,16444
123336,16445
123343,16446
123349,16447
123359,16448
123367,16449
123372,16450
123385,16451
123388,16452
123410,16453
123415,16454
123416,16455
123418,16456
123430,16457
123433,16458
123434,16459
123460,16460
123467,16461
123468,16462
123484,16463
123485,16464
123490,16465
123494,16466
123495,16467
123500,16468
123501,16469
123503,16470
123510,16471
123511,16472
123514,16473
123515,16474
123531,16475
123533,16476
123543,16477
123544,16478
123549,16479
123557,16480
123566,16481
123567,16482
123580,16483
123592,16484
123597,16485
123608,16486
123614,16487
123617,16488
123625,16489
123645,16490
123649,16491
123650,16492
123651,16493
123676,16494
123677,16495
123682,16496
123687,16497
123696,16498
123697,16499
123700,16500
123703,16501
123705,16502
123724,16503
123732,16504
123733,16505
123736,16506
123741,16507
123744,16508
123751,16509
123763,16510
123784,16511
123788,16512
123790,16513
123791,16514
123801,16515
123808,16516
123809,16517
123815,16518
123817,16519
123822,16520
123824,16521
123825,16522
123826,16523
123827,16524
123839,16525
123845,16526
123846,16527
123861,16528
123867,16529
123883,16530
123884,16531
123890,16532
123905,16533
123909,16534
123915,16535
123925,16536
123936,16537
123946,16538
123947,16539
123961,16540
123971,16541
123981,16542
123982,16543
123988,16544
124008,16545
124010,16546
124048,16547
124065,16548
124066,16549
124078,16550
124079,16551
124080,16552
124085,16553
124089,16554
124096,16555
124097,16556
124107,16557
124125,16558
124141,16559
124156,16560
124158,16561
124175,16562
124184,16563
124200,16564
124202,16565
124204,16566
124207,16567
124222,16568
124233,16569
124243,16570
124248,16571
124253,16572
124259,16573
124274,16574
124284,16575
124298,16576
124304,16577
124310,16578
124315,16579
124321,16580
124322,16581
124329,16582
124335,16583
124348,16584
124363,16585
124371,16586
124372,16587
124378,16588
124383,16589
124408,16590
124414,16591
124418,16592
124456,16593
124461,16594
124466,16595
124474,16596
124487,16597
124488,16598
124489,16599
124500,16600
124501,16601
124506,16602
124519,16603
124525,16604
124536,16605
124540,16606
124544,16607
124546,16608
124553,16609
124557,16610
124563,16611
124571,16612
124574,16613
124583,16614
124585,16615
124597,16616
124598,16617
124617,16618
124634,16619
124635,16620
124642,16621
124645,16622
124648,16623
124661,16624
124679,16625
124681,16626
124688,16627
124689,16628
124717,16629
124720,16630
124732,16631
124735,16632
124738,16633
124741,16634
124747,16635
124748,16636
124769,16637
124776,16638
124778,16639
124785,16640
124789,16641
124814,16642
124818,16643
124827,16644
124833,16645
124848,16646
124852,16647
124867,16648
124868,16649
124869,16650
124872,16651
124874,16652
124876,16653
124888,16654
124894,16655
124910,16656
124915,16657
124942,16658
124945,16659
124946,16660
124948,16661
124949,16662
124967,16663
124983,16664
124988,16665
124989,16666
124993,16667
124996,16668
125008,16669
125011,16670
125026,16671
125027,16672
125030,16673
125031,16674
125034,16675
125039,16676
125053,16677
125057,16678
125060,16679
125063,16680
125071,16681
125105,16682
125106,16683
125113,16684
125117,16685
125132,16686
125133,16687
125134,16688
125142,16689
125143,16690
125153,16691
125154,16692
125156,16693
125171,16694
125177,16695
125188,16696
125203,16697
125207,16698
125212,16699
125216,16700
125217,16701
125221,16702
125222,16703
125224,16704
125226,16705
125250,16706
125256,16707
125269,16708
125276,16709
125287,16710
125289,16711
125303,16712
125317,16713
125323,16714
125332,16715
125334,16716
125336,16717
125337,16718
125367,16719
125381,16720
125397,16721
125400,16722
125401,16723
125403,16724
125411,16725
125429,16726
125440,16727
125442,16728
125443,16729
125474,16730
125484,16731
125514,16732
125519,16733
125527,16734
125538,16735
125540,16736
125541,16737
125550,16738
125554,16739
125556,16740
125558,16741
125559,16742
125569,16743
125579,16744
125580,16745
125583,16746
125587,16747
125595,16748
125633,16749
125680,16750
125685,16751
125687,16752
125692,16753
125698,16754
125700,16755
125701,16756
125720,16757
125724,16758
125729,16759
125730,16760
125736,16761
125749,16762
125774,16763
125779,16764
125780,16765
125788,16766
125798,16767
125808,16768
125834,16769
125859,16770
125861,16771
125863,16772
125866,16773
125877,16774
125878,16775
125888,16776
125889,16777
125892,16778
125895,16779
125908,16780
125917,16781
125918,16782
125928,16783
125933,16784
125998,16785
126000,16786
126014,16787
126017,16788
126026,16789
126033,16790
126042,16791
126044,16792
126053,16793
126054,16794
126056,16795
126072,16796
126077,16797
126083,16798
126104,16799
126119,16800
126122,16801
126127,16802
126133,16803
126145,16804
126149,16805
126162,16806
126169,16807
126170,16808
126171,16809
126181,16810
126183,16811
126196,16812
126204,16813
126212,16814
126219,16815
126228,16816
126232,16817
126236,16818
126240,16819
126243,16820
126254,16821
126255,16822
126256,16823
126280,16824
126285,16825
126294,16826
126296,16827
126298,16828
126301,16829
126327,16830
126329,16831
126330,16832
126331,16833
126360,16834
126374,16835
126377,16836
126378,16837
126381,16838
126388,16839
126393,16840
126395,16841
126396,16842
126404,16843
126408,16844
126412,16845
126415,16846
126416,16847
126421,16848
126429,16849
126434,16850
126449,16851
126470,16852
126473,16853
126485,16854
126487,16855
126492,16856
126495,16857
126500,16858
126508,16859
126511,16860
126515,16861
126531,16862
126541,16863
126546,16864
126585,16865
126588,16866
126604,16867
126608,16868
126630,16869
126634,16870
126653,16871
126654,16872
126656,16873
126659,16874
126664,16875
126671,16876
126677,16877
126685,16878
126693,16879
126695,16880
126697,16881
126706,16882
126723,16883
126726,16884
126730,16885
126732,16886
126736,16887
126746,16888
126747,16889
126748,16890
126765,16891
126783,16892
126787,16893
126790,16894
126802,16895
126810,16896
126812,16897
126814,16898
126824,16899
126827,16900
126828,16901
126829,16902
126830,16903
126840,16904
126843,16905
126849,16906
126851,16907
126860,16908
126866,16909
126881,16910
126883,16911
126900,16912
126903,16913
126904,16914
126907,16915
126911,16916
126927,16917
126948,16918
126956,16919
126973,16920
126978,16921
126983,16922
126985,16923
126986,16924
126987,16925
126992,16926
127009,16927
127011,16928
127014,16929
127022,16930
127024,16931
127035,16932
127036,16933
127037,16934
127043,16935
127045,16936
127049,16937
127054,16938
127057,16939
127066,16940
127080,16941
127084,16942
127086,16943
127089,16944
127093,16945
127111,16946
127114,16947
127117,16948
127121,16949
127122,16950
127129,16951
127131,16952
127135,16953
127137,16954
127147,16955
127167,16956
127168,16957
127171,16958
127190,16959
127200,16960
127203,16961
127206,16962
127207,16963
127216,16964
127233,16965
127236,16966
127241,16967
127243,16968
127244,16969
127245,16970
127261,16971
127284,16972
127291,16973
127317,16974
127320,16975
127321,16976
127326,16977
127327,16978
127336,16979
127349,16980
127359,16981
127367,16982
127382,16983
127384,16984
127389,16985
127391,16986
127404,16987
127417,16988
127429,16989
127432,16990
127438,16991
127441,16992
127453,16993
127458,16994
127477,16995
127481,16996
127488,16997
127490,16998
127493,16999
127505,17000
127511,17001
127515,17002
127519,17003
127521,17004
127525,17005
127535,17006
127537,17007
127557,17008
127564,17009
127569,17010
127581,17011
127596,17012
127613,17013
127614,17014
127619,17015
127620,17016
127621,17017
127623,17018
127637,17019
127642,17020
127648,17021
127651,17022
127652,17023
127661,17024
127668,17025
127673,17026
127689,17027
127693,17028
127704,17029
127718,17030
127719,17031
127720,17032
127738,17033
127755,17034
127762,17035
127766,17036
127782,17037
127785,17038
127793,17039
127795,17040
127798,17041
127813,17042
127820,17043
127826,17044
127827,17045
127831,17046
127836,17047
127854,17048
127858,17049
127866,17050
127871,17051
127893,17052
127910,17053
127914,17054
127919,17055
127929,17056
127930,17057
127941,17058
127942,17059
127970,17060
127980,17061
127993,17062
127997,17063
128008,17064
128011,17065
128014,17066
128019,17067
128021,17068
128024,17069
128033,17070
128035,17071
128037,17072
128040,17073
128043,17074
128045,17075
128048,17076
128060,17077
128061,17078
128076,17079
128077,17080
128084,17081
128085,17082
128094,17083
128096,17084
128099,17085
128102,17086
128103,17087
128119,17088
128122,17089
128131,17090
128132,17091
128134,17092
128139,17093
128141,17094
128148,17095
128153,17096
128163,17097
128166,17098
128185,17099
128192,17100
128195,17101
128206,17102
128207,17103
128208,17104
128214,17105
128218,17106
128227,17107
128233,17108
128241,17109
128257,17110
128267,17111
128271,17112
128276,17113
128286,17114
128290,17115
128306,17116
128318,17117
128324,17118
128325,17119
128331,17120
128332,17121
128337,17122
128341,17123
128354,17124
128362,17125
128365,17126
128375,17127
128391,17128
128396,17129
128402,17130
128403,17131
128404,17132
128406,17133
128408,17134
128413,17135
128415,17136
128434,17137
128438,17138
128447,17139
128461,17140
128463,17141
128464,17142
128466,17143
128479,17144
128480,17145
128504,17146
128506,17147
128513,17148
128520,17149
128525,17150
128536,17151
128541,17152
128557,17153
128574,17154
128579,17155
128588,17156
128593,17157
128600,17158
128606,17159
128610,17160
128611,17161
128622,17162
128639,17163
128640,17164
128650,17165
128653,17166
128669,17167
128672,17168
128693,17169
128696,17170
128697,17171
128703,17172
128710,17173
128732,17174
128736,17175
128738,17176
128739,17177
128742,17178
128744,17179
128746,17180
128747,17181
128749,17182
128753,17183
128760,17184
128766,17185
128774,17186
128775,17187
128782,17188
128790,17189
128799,17190
128821,17191
128831,17192
128835,17193
128841,17194
128896,17195
128906,17196
128911,17197
128915,17198
128917,17199
128922,17200
128942,17201
128946,17202
128948,17203
128949,17204
128951,17205
128961,17206
128962,17207
128974,17208
128976,17209
128981,17210
128983,17211
128990,17212
128993,17213
129003,17214
129006,17215
129008,17216
129019,17217
129045,17218
129062,17219
129073,17220
129074,17221
129084,17222
129087,17223
129099,17224
129110,17225
129111,17226
129113,17227
129114,17228
129125,17229
129134,17230
129144,17231
129152,17232
129163,17233
129166,17234
129187,17235
129190,17236
129213,17237
129226,17238
129233,17239
129238,17240
129243,17241
129255,17242
129257,17243
129259,17244
129283,17245
129303,17246
129309,17247
129311,17248
129312,17249
129316,17250
129332,17251
129338,17252
129339,17253
129358,17254
129368,17255
129370,17256
129373,17257
129389,17258
129393,17259
129395,17260
129398,17261
129399,17262
129410,17263
129417,17264
129437,17265
129444,17266
129453,17267
129458,17268
129461,17269
129465,17270
129469,17271
129474,17272
129476,17273
129481,17274
129489,17275
129494,17276
129503,17277
129505,17278
129526,17279
129531,17280
129538,17281
129543,17282
129550,17283
129563,17284
129572,17285
129600,17286
129605,17287
129611,17288
129617,17289
129632,17290
129640,17291
129641,17292
129648,17293
129650,17294
129655,17295
129665,17296
129682,17297
129687,17298
129690,17299
129693,17300
129705,17301
129716,17302
129718,17303
129725,17304
129742,17305
129759,17306
129777,17307
129783,17308
129790,17309
129801,17310
129835,17311
129841,17312
129843,17313
129851,17314
129855,17315
129861,17316
129880,17317
129883,17318
129929,17319
129932,17320
129944,17321
129945,17322
129951,17323
129953,17324
129965,17325
129969,17326
129980,17327
129982,17328
129983,17329
129988,17330
129994,17331
130005,17332
130007,17333
130014,17334
130022,17335
130027,17336
130028,17337
130036,17338
130049,17339
130060,17340
130063,17341
130074,17342
130075,17343
130076,17344
130081,17345
130085,17346
130108,17347
130122,17348
130124,17349
130132,17350
130134,17351
130138,17352
130150,17353
130152,17354
130157,17355
130166,17356
130168,17357
130177,17358
130181,17359
130195,17360
130199,17361
130215,17362
130216,17363
130224,17364
130242,17365
130254,17366
130258,17367
130263,17368
130271,17369
130279,17370
130286,17371
130297,17372
130376,17373
130396,17374
130398,17375
130400,17376
130412,17377
130426,17378
130430,17379
130434,17380
130437,17381
130438,17382
130453,17383
130456,17384
130460,17385
130473,17386
130474,17387
130482,17388
130484,17389
130485,17390
130493,17391
130502,17392
130515,17393
130518,17394
130524,17395
130527,17396
130535,17397
130543,17398
130548,17399
130554,17400
130570,17401
130571,17402
130574,17403
130577,17404
130579,17405
130581,17406
130591,17407
130594,17408
130608,17409
130611,17410
130624,17411
130636,17412
130644,17413
130658,17414
130677,17415
130679,17416
130699,17417
130705,17418
130707,17419
130710,17420
130714,17421
130715,17422
130722,17423
130730,17424
130731,17425
130734,17426
130737,17427
130772,17428
130777,17429
130784,17430
130785,17431
130791,17432
130792,17433
130793,17434
130801,17435
130806,17436
130817,17437
130826,17438
130828,17439
130837,17440
130844,17441
130847,17442
130849,17443
130861,17444
130862,17445
130866,17446
130869,17447
130870,17448
130878,17449
130879,17450
130882,17451
130899,17452
130913,17453
130915,17454
130917,17455
130935,17456
130939,17457
130943,17458
130950,17459
130952,17460
130961,17461
130968,17462
130971,17463
130978,17464
130984,17465
131006,17466
131019,17467
131021,17468
131026,17469
131027,17470
131032,17471
131045,17472
131046,17473
131056,17474
131057,17475
131061,17476
131069,17477
131089,17478
131094,17479
131098,17480
131099,17481
131108,17482
131112,17483
131117,17484
131122,17485
131126,17486
131128,17487
131137,17488
131143,17489
131154,17490
131158,17491
131182,17492
131191,17493
131202,17494
131205,17495
131208,17496
131218,17497
131233,17498
131237,17499
131238,17500
131243,17501
131245,17502
131246,17503
131254,17504
131260,17505
131262,17506
131265,17507
131284,17508
131285,17509
131288,17510
131290,17511
131311,17512
131317,17513
131337,17514
131345,17515
131354,17516
131363,17517
131369,17518
131372,17519
131389,17520
131402,17521
131408,17522
131429,17523
131437,17524
131441,17525
131449,17526
131476,17527
131481,17528
131482,17529
131485,17530
131492,17531
131498,17532
131508,17533
131510,17534
131512,17535
131535,17536
131548,17537
131551,17538
131555,17539
131556,17540
131559,17541
131560,17542
131564,17543
131582,17544
131588,17545
131594,17546
131597,17547
131602,17548
131604,17549
131606,17550
131617,17551
131618,17552
131621,17553
131622,17554
131625,17555
131632,17556
131650,17557
131654,17558
131655,17559
131657,17560
131673,17561
131675,17562
131678,17563
131681,17564
131686,17565
131689,17566
131703,17567
131727,17568
131730,17569
131744,17570
131754,17571
131767,17572
131768,17573
131777,17574
131779,17575
131807,17576
131819,17577
131832,17578
131837,17579
131845,17580
131853,17581
131855,17582
131870,17583
131877,17584
131882,17585
131883,17586
131884,17587
131889,17588
131891,17589
131908,17590
131913,17591
131914,17592
131915,17593
131932,17594
131934,17595
131937,17596
131941,17597
131943,17598
131951,17599
131952,17600
131967,17601
131971,17602
131974,17603
131985,17604
131993,17605
132003,17606
132006,17607
132007,17608
132010,17609
132011,17610
132012,17611
132026,17612
132030,17613
132031,17614
132035,17615
132037,17616
132038,17617
132058,17618
132081,17619
132083,17620
132123,17621
132133,17622
132141,17623
132142,17624
132143,17625
132144,17626
132151,17627
132152,17628
132154,17629
132157,17630
132162,17631
132166,17632
132168,17633
132171,17634
132173,17635
132184,17636
132188,17637
132199,17638
132203,17639
132222,17640
132229,17641
132230,17642
132232,17643
132239,17644
132242,17645
132256,17646
132282,17647
132286,17648
132290,17649
132297,17650
132303,17651
132347,17652
132357,17653
132361,17654
132371,17655
132373,17656
132374,17657
132375,17658
132382,17659
132383,17660
132389,17661
132392,17662
132398,17663
132407,17664
132420,17665
132425,17666
132446,17667
132453,17668
132455,17669
132457,17670
132465,17671
132471,17672
132492,17673
132500,17674
132513,17675
132520,17676
132522,17677
132535,17678
132537,17679
132544,17680
132550,17681
132558,17682
132562,17683
132572,17684
132582,17685
132597,17686
132603,17687
132615,17688
132616,17689
132624,17690
132633,17691
132635,17692
132643,17693
132646,17694
132648,17695
132652,17696
132657,17697
132663,17698
132682,17699
132684,17700
132686,17701
132687,17702
132688,17703
132703,17704
132716,17705
132718,17706
132726,17707
132731,17708
132745,17709
132752,17710
132773,17711
132774,17712
132782,17713
132786,17714
132792,17715
132828,17716
132836,17717
132846,17718
132851,17719
132874,17720
132887,17721
132894,17722
132901,17723
132909,17724
132911,17725
132919,17726
132920,17727
132924,17728
132930,17729
132934,17730
132941,17731
132942,17732
132946,17733
132960,17734
132971,17735
132973,17736
132978,17737
132981,17738
132982,17739
132986,17740
132995,17741
132996,17742
133031,17743
133037,17744
133041,17745
133050,17746
133052,17747
133064,17748
133095,17749
133108,17750
133123,17751
133150,17752
133156,17753
133161,17754
133166,17755
133182,17756
133184,17757
133189,17758
133192,17759
133198,17760
133207,17761
133225,17762
133235,17763
133246,17764
133247,17765
133255,17766
133256,17767
133258,17768
133260,17769
133266,17770
133272,17771
133276,17772
133280,17773
133284,17774
133290,17775
133296,17776
133298,17777
133310,17778
133311,17779
133333,17780
133348,17781
133353,17782
133360,17783
133386,17784
133414,17785
133416,17786
133417,17787
133418,17788
133424,17789
133428,17790
133435,17791
133462,17792
133498,17793
133501,17794
133504,17795
133515,17796
133548,17797
133557,17798
133567,17799
133571,17800
133586,17801
133635,17802
133645,17803
133654,17804
133656,17805
133658,17806
133671,17807
133682,17808
133689,17809
133697,17810
133706,17811
133710,17812
133717,17813
133723,17814
133738,17815
133744,17816
133745,17817
133747,17818
133764,17819
133771,17820
133776,17821
133777,17822
133778,17823
133786,17824
133788,17825
133790,17826
133806,17827
133811,17828
133821,17829
133822,17830
133825,17831
133827,17832
133829,17833
133834,17834
133838,17835
133846,17836
133858,17837
133860,17838
133868,17839
133872,17840
133874,17841
133877,17842
133884,17843
133885,17844
133905,17845
133920,17846
133935,17847
133936,17848
133950,17849
133957,17850
133958,17851
133981,17852
134004,17853
134005,17854
134029,17855
134031,17856
134038,17857
134059,17858
134063,17859
134078,17860
134089,17861
134110,17862
134118,17863
134120,17864
134137,17865
134143,17866
134147,17867
134151,17868
134156,17869
134163,17870
134171,17871
134172,17872
134222,17873
134224,17874
134225,17875
134234,17876
134240,17877
134247,17878
134260,17879
134262,17880
134264,17881
134270,17882
134272,17883
134278,17884
134283,17885
134289,17886
134290,17887
134294,17888
134302,17889
134311,17890
134318,17891
134321,17892
134325,17893
134347,17894
134356,17895
134368,17896
134381,17897
134384,17898
134395,17899
134403,17900
134409,17901
134415,17902
134419,17903
134433,17904
134434,17905
134436,17906
134467,17907
134478,17908
134483,17909
134487,17910
134489,17911
134501,17912
134508,17913
134516,17914
134525,17915
134529,17916
134541,17917
134545,17918
134556,17919
134596,17920
134615,17921
134617,17922
134621,17923
134622,17924
134630,17925
134632,17926
134641,17927
134663,17928
134684,17929
134694,17930
134701,17931
134705,17932
134721,17933
134722,17934
134723,17935
134732,17936
134735,17937
134739,17938
134760,17939
134761,17940
134764,17941
134784,17942
134797,17943
134802,17944
134833,17945
134835,17946
134837,17947
134841,17948
134845,17949
134849,17950
134856,17951
134858,17952
134863,17953
134869,17954
134870,17955
134884,17956
134886,17957
134888,17958
134892,17959
134900,17960
134904,17961
134916,17962
134921,17963
134929,17964
134935,17965
134937,17966
134948,17967
134963,17968
134968,17969
134986,17970
134988,17971
134994,17972
134998,17973
135000,17974
135029,17975
135043,17976
135045,17977
135061,17978
135064,17979
135074,17980
135084,17981
135105,17982
135108,17983
135110,17984
135127,17985
135133,17986
135139,17987
135141,17988
135149,17989
135163,17990
135166,17991
135167,17992
135170,17993
135186,17994
135204,17995
135213,17996
135222,17997
135233,17998
135237,17999
135241,18000
135243,18001
135265,18002
135276,18003
135277,18004
135280,18005
135294,18006
135300,18007
135301,18008
135308,18009
135317,18010
135324,18011
135329,18012
135330,18013
135339,18014
135351,18015
135360,18016
135365,18017
135367,18018
135374,18019
135376,18020
135380,18021
135382,18022
135383,18023
135390,18024
135395,18025
135398,18026
135399,18027
135411,18028
135418,18029
135425,18030
135443,18031
135458,18032
135460,18033
135466,18034
135469,18035
135472,18036
135473,18037
135478,18038
135483,18039
135484,18040
135577,18041
135578,18042
135589,18043
135607,18044
135609,18045
135615,18046
135624,18047
135625,18048
135627,18049
135640,18050
135652,18051
135653,18052
135663,18053
135665,18054
135673,18055
135681,18056
135688,18057
135703,18058
135704,18059
135714,18060
135725,18061
135730,18062
135736,18063
135738,18064
135741,18065
135753,18066
135763,18067
135766,18068
135768,18069
135771,18070
135776,18071
135778,18072
135785,18073
135793,18074
135795,18075
135796,18076
135799,18077
135820,18078
135828,18079
135830,18080
135831,18081
135833,18082
135838,18083
135845,18084
135846,18085
135847,18086
135855,18087
135856,18088
135860,18089
135865,18090
135869,18091
135871,18092
135872,18093
135873,18094
135880,18095
135885,18096
135889,18097
135890,18098
135891,18099
135893,18100
135895,18101
135902,18102
135909,18103
135911,18104
135919,18105
135928,18106
135940,18107
135946,18108
135949,18109
135957,18110
135959,18111
135961,18112
135965,18113
135974,18114
135975,18115
135979,18116
135982,18117
135995,18118
135996,18119
136006,18120
136010,18121
136011,18122
136014,18123
136021,18124
136022,18125
136049,18126
136053,18127
136055,18128
136062,18129
136071,18130
136077,18131
136093,18132
136096,18133
136104,18134
136117,18135
136122,18136
136135,18137
136136,18138
136137,18139
136139,18140
136169,18141
136186,18142
136193,18143
136204,18144
136205,18145
136211,18146
136216,18147
136222,18148
136225,18149
136233,18150
136234,18151
136235,18152
136237,18153
136240,18154
136252,18155
136255,18156
136256,18157
136265,18158
136291,18159
136293,18160
136299,18161
136303,18162
136304,18163
136305,18164
136306,18165
136307,18166
136313,18167
136314,18168
136326,18169
136331,18170
136338,18171
136347,18172
136348,18173
136350,18174
136357,18175
136363,18176
136371,18177
136374,18178
136375,18179
136380,18180
136382,18181
136395,18182
136396,18183
136401,18184
136403,18185
136423,18186
136426,18187
136430,18188
136439,18189
136454,18190
136463,18191
136465,18192
136473,18193
136491,18194
136509,18195
136545,18196
136561,18197
136568,18198
136569,18199
136584,18200
136598,18201
136616,18202
136618,18203
136619,18204
136635,18205
136638,18206
136648,18207
136662,18208
136667,18209
136687,18210
136695,18211
136698,18212
136707,18213
136733,18214
136734,18215
136735,18216
136746,18217
136747,18218
136748,18219
136755,18220
136762,18221
136771,18222
136779,18223
136781,18224
136782,18225
136791,18226
136794,18227
136795,18228
136798,18229
136812,18230
136818,18231
136822,18232
136826,18233
136829,18234
136831,18235
136839,18236
136846,18237
136851,18238
136905,18239
136916,18240
136923,18241
136925,18242
136927,18243
136930,18244
136943,18245
136957,18246
136958,18247
136965,18248
136969,18249
136993,18250
137006,18251
137007,18252
137012,18253
137065,18254
137068,18255
137073,18256
137075,18257
137077,18258
137082,18259
137084,18260
137099,18261
137103,18262
137118,18263
137119,18264
137129,18265
137134,18266
137136,18267
137137,18268
137138,18269
137143,18270
137151,18271
137165,18272
137181,18273
137186,18274
137190,18275
137208,18276
137211,18277
137222,18278
137267,18279
137273,18280
137279,18281
137280,18282
137282,18283
137283,18284
137302,18285
137314,18286
137323,18287
137336,18288
137348,18289
137349,18290
137352,18291
137356,18292
137359,18293
137384,18294
137397,18295
137398,18296
137410,18297
137411,18298
137428,18299
137434,18300
137437,18301
137453,18302
137475,18303
137480,18304
137495,18305
137496,18306
137497,18307
137513,18308
137515,18309
137524,18310
137527,18311
137534,18312
137535,18313
137537,18314
137539,18315
137544,18316
137584,18317
137587,18318
137588,18319
137589,18320
137594,18321
137597,18322
137601,18323
137606,18324
137620,18325
137627,18326
137632,18327
137651,18328
137663,18329
137680,18330
137684,18331
137687,18332
137688,18333
137716,18334
137729,18335
137742,18336
137746,18337
137760,18338
137781,18339
137787,18340
137799,18341
137803,18342
137816,18343
137819,18344
137823,18345
137839,18346
137849,18347
137856,18348
137864,18349
137876,18350
137881,18351
137894,18352
137908,18353
137922,18354
137928,18355
137940,18356
137951,18357
137953,18358
137956,18359
137961,18360
137964,18361
137968,18362
137971,18363
137981,18364
137986,18365
137999,18366
138010,18367
138018,18368
138026,18369
138028,18370
138043,18371
138044,18372
138045,18373
138072,18374
138073,18375
138097,18376
138106,18377
138115,18378
138123,18379
138132,18380
138139,18381
138146,18382
138158,18383
138159,18384
138167,18385
138176,18386
138189,18387
138193,18388
138198,18389
138202,18390
138204,18391
138220,18392
138221,18393
138228,18394
138232,18395
138239,18396
138273,18397
138284,18398
138286,18399
138298,18400
138300,18401
138301,18402
138302,18403
138307,18404
138314,18405
138317,18406
138322,18407
138325,18408
138330,18409
138344,18410
138351,18411
138366,18412
138372,18413
138379,18414
138380,18415
138381,18416
138382,18417
138390,18418
138393,18419
138397,18420
138407,18421
138418,18422
138424,18423
138425,18424
138437,18425
138439,18426
138441,18427
138460,18428
138467,18429
138486,18430
138487,18431
138515,18432
138516,18433
138518,18434
138525,18435
138526,18436
138529,18437
138543,18438
138546,18439
138557,18440
138565,18441
138572,18442
138578,18443
138586,18444
138591,18445
138602,18446
138603,18447
138604,18448
138609,18449
138620,18450
138632,18451
138641,18452
138644,18453
138647,18454
138650,18455
138656,18456
138658,18457
138661,18458
138672,18459
138674,18460
138678,18461
138687,18462
138689,18463
138690,18464
138713,18465
138725,18466
138730,18467
138744,18468
138761,18469
138763,18470
138767,18471
138777,18472
138778,18473
138779,18474
138780,18475
138783,18476
138802,18477
138803,18478
138813,18479
138815,18480
138826,18481
138840,18482
138844,18483
138845,18484
138848,18485
138849,18486
138850,18487
138851,18488
138855,18489
138858,18490
138867,18491
138878,18492
138883,18493
138886,18494
138887,18495
138892,18496
138906,18497
138910,18498
138914,18499
138921,18500
138931,18501
138932,18502
138948,18503
138949,18504
138951,18505
138954,18506
138955,18507
138963,18508
138964,18509
138975,18510
138990,18511
138995,18512
138997,18513
138999,18514
139031,18515
139034,18516
139037,18517
139038,18518
139047,18519
139049,18520
139050,18521
139056,18522
139059,18523
139061,18524
139064,18525
139070,18526
139076,18527
139078,18528
139090,18529
139102,18530
139109,18531
139114,18532
139126,18533
139136,18534
139141,18535
139146,18536
139156,18537
139158,18538
139183,18539
139200,18540
139206,18541
139208,18542
139209,18543
139213,18544
139220,18545
139221,18546
139229,18547
139230,18548
139233,18549
139243,18550
139247,18551
139255,18552
139279,18553
139286,18554
139287,18555
139313,18556
139321,18557
139327,18558
139330,18559
139331,18560
139339,18561
139355,18562
139359,18563
139360,18564
139376,18565
139378,18566
139380,18567
139387,18568
139396,18569
139398,18570
139406,18571
139408,18572
139421,18573
139431,18574
139432,18575
139446,18576
139448,18577
139462,18578
139467,18579
139471,18580
139480,18581
139481,18582
139482,18583
139501,18584
139515,18585
139524,18586
139543,18587
139548,18588
139562,18589
139566,18590
139570,18591
139574,18592
139575,18593
139579,18594
139584,18595
139586,18596
139589,18597
139607,18598
139610,18599
139611,18600
139620,18601
139630,18602
139634,18603
139636,18604
139642,18605
139657,18606
139668,18607
139673,18608
139692,18609
139696,18610
139699,18611
139706,18612
139717,18613
139734,18614
139737,18615
139742,18616
139747,18617
139751,18618
139783,18619
139797,18620
139814,18621
139820,18622
139822,18623
139826,18624
139827,18625
139828,18626
139832,18627
139835,18628
139842,18629
139844,18630
139879,18631
139884,18632
139890,18633
139902,18634
139904,18635
139907,18636
139909,18637
139910,18638
139912,18639
139913,18640
139916,18641
139934,18642
139951,18643
139956,18644
139967,18645
139991,18646
139993,18647
139998,18648
140000,18649
140005,18650
140013,18651
140036,18652
140043,18653
140048,18654
140064,18655
140069,18656
140080,18657
140083,18658
140087,18659
140127,18660
140132,18661
140133,18662
140135,18663
140161,18664
140167,18665
140168,18666
140176,18667
140182,18668
140184,18669
140192,18670
140196,18671
140218,18672
140219,18673
140222,18674
140223,18675
140226,18676
140232,18677
140255,18678
140256,18679
140261,18680
140264,18681
140268,18682
140277,18683
140288,18684
140293,18685
140294,18686
140335,18687
140340,18688
140341,18689
140346,18690
140358,18691
140372,18692
140410,18693
140423,18694
140424,18695
140429,18696
140436,18697
140437,18698
140451,18699
140478,18700
140486,18701
140511,18702
140540,18703
140555,18704
140565,18705
140576,18706
140578,18707
140605,18708
140632,18709
140637,18710
140660,18711
140661,18712
140662,18713
140670,18714
140698,18715
140704,18716
140705,18717
140708,18718
140715,18719
140725,18720
140727,18721
140750,18722
140751,18723
140758,18724
140763,18725
140773,18726
140779,18727
140782,18728
140788,18729
140796,18730
140802,18731
140816,18732
140820,18733
140822,18734
140824,18735
140829,18736
140840,18737
140842,18738
140856,18739
140863,18740
140865,18741
140871,18742
140873,18743
140879,18744
140894,18745
140920,18746
140930,18747
140934,18748
140938,18749
140945,18750
140947,18751
140974,18752
140979,18753
140988,18754
140990,18755
140996,18756
140998,18757
141008,18758
141010,18759
141015,18760
141016,18761
141023,18762
141031,18763
141038,18764
141044,18765
141045,18766
141047,18767
141049,18768
141065,18769
141066,18770
141067,18771
141070,18772
141074,18773
141085,18774
141088,18775
141089,18776
141109,18777
141110,18778
141126,18779
141127,18780
141128,18781
141134,18782
141157,18783
141171,18784
141172,18785
141178,18786
141185,18787
141188,18788
141194,18789
141201,18790
141203,18791
141209,18792
141210,18793
141232,18794
141235,18795
141247,18796
141253,18797
141269,18798
141277,18799
141284,18800
141288,18801
141291,18802
141308,18803
141309,18804
141310,18805
141321,18806
141322,18807
141323,18808
141325,18809
141328,18810
141330,18811
141338,18812
141350,18813
141351,18814
141358,18815
141370,18816
141385,18817
141398,18818
141430,18819
141437,18820
141444,18821
141446,18822
141450,18823
141455,18824
141465,18825
141468,18826
141478,18827
141487,18828
141491,18829
141493,18830
141494,18831
141496,18832
141511,18833
141517,18834
141518,18835
141519,18836
141533,18837
141536,18838
141541,18839
141543,18840
141561,18841
141565,18842
141575,18843
141579,18844
141580,18845
141600,18846
141601,18847
141608,18848
141618,18849
141620,18850
141651,18851
141656,18852
141662,18853
141683,18854
141693,18855
141695,18856
141704,18857
141709,18858
141710,18859
141714,18860
141717,18861
141719,18862
141723,18863
141725,18864
141774,18865
141801,18866
141805,18867
141815,18868
141819,18869
141832,18870
141840,18871
141842,18872
141847,18873
141869,18874
141871,18875
141876,18876
141877,18877
141888,18878
141892,18879
141896,18880
141898,18881
141900,18882
141901,18883
141902,18884
141909,18885
141925,18886
141933,18887
141935,18888
141937,18889
141938,18890
141940,18891
141942,18892
141945,18893
141949,18894
141954,18895
141958,18896
141960,18897
141971,18898
141991,18899
141992,18900
141994,18901
141998,18902
142005,18903
142017,18904
142020,18905
142024,18906
142026,18907
142028,18908
142041,18909
142051,18910
142055,18911
142056,18912
142057,18913
142062,18914
142067,18915
142076,18916
142083,18917
142090,18918
142093,18919
142098,18920
142100,18921
142103,18922
142112,18923
142121,18924
142129,18925
142134,18926
142143,18927
142149,18928
142159,18929
142175,18930
142192,18931
142212,18932
142232,18933
142241,18934
142248,18935
142253,18936
142256,18937
142262,18938
142272,18939
142273,18940
142274,18941
142294,18942
142300,18943
142331,18944
142335,18945
142336,18946
142357,18947
142366,18948
142370,18949
142377,18950
142387,18951
142398,18952
142408,18953
142412,18954
142421,18955
142435,18956
142439,18957
142442,18958
142444,18959
142449,18960
142454,18961
142468,18962
142470,18963
142473,18964
142479,18965
142487,18966
142502,18967
142509,18968
142511,18969
142515,18970
142524,18971
142534,18972
142536,18973
142537,18974
142541,18975
142545,18976
142555,18977
142556,18978
142565,18979
142571,18980
142579,18981
142580,18982
142582,18983
142584,18984
142588,18985
142590,18986
142595,18987
142600,18988
142612,18989
142623,18990
142626,18991
142649,18992
142659,18993
142661,18994
142665,18995
142668,18996
142670,18997
142671,18998
142672,18999
142674,19000
142680,19001
142685,19002
142689,19003
142691,19004
142700,19005
142703,19006
142709,19007
142715,19008
142734,19009
142745,19010
142751,19011
142755,19012
142758,19013
142759,19014
142772,19015
142775,19016
142784,19017
142789,19018
142794,19019
142801,19020
142818,19021
142819,19022
142821,19023
142823,19024
142826,19025
142831,19026
142839,19027
142850,19028
142861,19029
142902,19030
142904,19031
142926,19032
142932,19033
142935,19034
142953,19035
142970,19036
142973,19037
142974,19038
142977,19039
142978,19040
142985,19041
143009,19042
143011,19043
143020,19044
143033,19045
143034,19046
143053,19047
143055,19048
143065,19049
143103,19050
143104,19051
143118,19052
143121,19053
143124,19054
143132,19055
143134,19056
143143,19057
143163,19058
143166,19059
143172,19060
143175,19061
143199,19062
143210,19063
143211,19064
143220,19065
143225,19066
143236,19067
143244,19068
143246,19069
143253,19070
143259,19071
143264,19072
143267,19073
143270,19074
143271,19075
143283,19076
143294,19077
143295,19078
143297,19079
143298,19080
143301,19081
143302,19082
143308,19083
143313,19084
143319,19085
143322,19086
143328,19087
143337,19088
143342,19089
143349,19090
143350,19091
143351,19092
143353,19093
143371,19094
143376,19095
143384,19096
143386,19097
143388,19098
143395,19099
143400,19100
143402,19101
143409,19102
143411,19103
143412,19104
143413,19105
143415,19106
143419,19107
143420,19108
143426,19109
143427,19110
143429,19111
143435,19112
143445,19113
143463,19114
143464,19115
143487,19116
143491,19117
143497,19118
143498,19119
143523,19120
143562,19121
143563,19122
143568,19123
143569,19124
143571,19125
143576,19126
143578,19127
143590,19128
143594,19129
143609,19130
143617,19131
143624,19132
143625,19133
143629,19134
143636,19135
143641,19136
143647,19137
143659,19138
143663,19139
143668,19140
143672,19141
143677,19142
143682,19143
143685,19144
143686,19145
143695,19146
143709,19147
143715,19148
143726,19149
143729,19150
143742,19151
143743,19152
143751,19153
143752,19154
143762,19155
143768,19156
143769,19157
143771,19158
143772,19159
143781,19160
143792,19161
143796,19162
143798,19163
143799,19164
143804,19165
143807,19166
143809,19167
143813,19168
143836,19169
143837,19170
143839,19171
143854,19172
143856,19173
143866,19174
143908,19175
143909,19176
143911,19177
143929,19178
143938,19179
143939,19180
143957,19181
143964,19182
143965,19183
143966,19184
143968,19185
143976,19186
144012,19187
144015,19188
144017,19189
144018,19190
144031,19191
144034,19192
144038,19193
144056,19194
144060,19195
144061,19196
144062,19197
144083,19198
144095,19199
144107,19200
144110,19201
144113,19202
144114,19203
144119,19204
144120,19205
144121,19206
144124,19207
144127,19208
144131,19209
144133,19210
144134,19211
144151,19212
144153,19213
144162,19214
144172,19215
144186,19216
144188,19217
144191,19218
144194,19219
144206,19220
144219,19221
144223,19222
144224,19223
144227,19224
144229,19225
144241,19226
144247,19227
144255,19228
144262,19229
144268,19230
144280,19231
144306,19232
144314,19233
144315,19234
144316,19235
144318,19236
144328,19237
144333,19238
144338,19239
144339,19240
144348,19241
144349,19242
144355,19243
144365,19244
144388,19245
144391,19246
144395,19247
144403,19248
144412,19249
144425,19250
144432,19251
144433,19252
144455,19253
144458,19254
144464,19255
144466,19256
144478,19257
144486,19258
144499,19259
144500,19260
144502,19261
144512,19262
144516,19263
144529,19264
144531,19265
144534,19266
144549,19267
144555,19268
144566,19269
144569,19270
144582,19271
144585,19272
144590,19273
144594,19274
144595,19275
144619,19276
144624,19277
144628,19278
144632,19279
144667,19280
144668,19281
144676,19282
144677,19283
144682,19284
144690,19285
144692,19286
144699,19287
144705,19288
144707,19289
144727,19290
144729,19291
144732,19292
144733,19293
144742,19294
144752,19295
144765,19296
144779,19297
144785,19298
144790,19299
144791,19300
144792,19301
144797,19302
144799,19303
144802,19304
144803,19305
144811,19306
144822,19307
144828,19308
144830,19309
144832,19310
144837,19311
144841,19312
144851,19313
144864,19314
144876,19315
144882,19316
144892,19317
144899,19318
144909,19319
144910,19320
144925,19321
144943,19322
144944,19323
144946,19324
144948,19325
144953,19326
144956,19327
144965,19328
144967,19329
144978,19330
144983,19331
144997,19332
145003,19333
145012,19334
145014,19335
145030,19336
145032,19337
145035,19338
145053,19339
145055,19340
145093,19341
145102,19342
145109,19343
145110,19344
145116,19345
145121,19346
145131,19347
145145,19348
145155,19349
145161,19350
145165,19351
145177,19352
145190,19353
145194,19354
145195,19355
145198,19356
145218,19357
145222,19358
145224,19359
145234,19360
145236,19361
145239,19362
145241,19363
145247,19364
145256,19365
145280,19366
145286,19367
145324,19368
145330,19369
145332,19370
145344,19371
145350,19372
145353,19373
145355,19374
145362,19375
145369,19376
145374,19377
145412,19378
145413,19379
145423,19380
145429,19381
145431,19382
145439,19383
145449,19384
145451,19385
145460,19386
145464,19387
145468,19388
145470,19389
145473,19390
145474,19391
145496,19392
145501,19393
145530,19394
145532,19395
145543,19396
145544,19397
145545,19398
145546,19399
145558,19400
145591,19401
145610,19402
145614,19403
145616,19404
145619,19405
145621,19406
145622,19407
145635,19408
145641,19409
145644,19410
145649,19411
145652,19412
145667,19413
145669,19414
145671,19415
145676,19416
145679,19417
145682,19418
145685,19419
145687,19420
145688,19421
145689,19422
145699,19423
145700,19424
145703,19425
145706,19426
145710,19427
145711,19428
145722,19429
145724,19430
145728,19431
145737,19432
145748,19433
145750,19434
145752,19435
145761,19436
145765,19437
145798,19438
145813,19439
145817,19440
145826,19441
145841,19442
145845,19443
145853,19444
145861,19445
145869,19446
145886,19447
145887,19448
145898,19449
145900,19450
145916,19451
145918,19452
145922,19453
145940,19454
145947,19455
145956,19456
145959,19457
145961,19458
145969,19459
145976,19460
145987,19461
145992,19462
145993,19463
145997,19464
145999,19465
146000,19466
146025,19467
146026,19468
146029,19469
146038,19470
146048,19471
146056,19472
146057,19473
146059,19474
146061,19475
146067,19476
146078,19477
146079,19478
146081,19479
146083,19480
146090,19481
146106,19482
146108,19483
146110,19484
146113,19485
146117,19486
146118,19487
146121,19488
146133,19489
146140,19490
146146,19491
146148,19492
146155,19493
146156,19494
146157,19495
146162,19496
146163,19497
146175,19498
146181,19499
146187,19500
146201,19501
146207,19502
146229,19503
146230,19504
146236,19505
146240,19506
146259,19507
146261,19508
146266,19509
146274,19510
146276,19511
146279,19512
146281,19513
146283,19514
146298,19515
146302,19516
146310,19517
146311,19518
146319,19519
146321,19520
146322,19521
146339,19522
146345,19523
146348,19524
146381,19525
146386,19526
146397,19527
146407,19528
146420,19529
146421,19530
146428,19531
146432,19532
146440,19533
146442,19534
146444,19535
146456,19536
146466,19537
146468,19538
146469,19539
146480,19540
146509,19541
146517,19542
146530,19543
146533,19544
146545,19545
146551,19546
146564,19547
146570,19548
146573,19549
146582,19550
146585,19551
146599,19552
146604,19553
146607,19554
146616,19555
146638,19556
146643,19557
146644,19558
146648,19559
146649,19560
146659,19561
146689,19562
146699,19563
146709,19564
146714,19565
146721,19566
146722,19567
146734,19568
146735,19569
146740,19570
146745,19571
146747,19572
146749,19573
146762,19574
146764,19575
146778,19576
146781,19577
146784,19578
146803,19579
146804,19580
146816,19581
146855,19582
146874,19583
146878,19584
146888,19585
146890,19586
146900,19587
146906,19588
146932,19589
146935,19590
146938,19591
146952,19592
146958,19593
146977,19594
146991,19595
146995,19596
147021,19597
147044,19598
147045,19599
147062,19600
147097,19601
147101,19602
147118,19603
147139,19604
147141,19605
147156,19606
147162,19607
147164,19608
147166,19609
147210,19610
147214,19611
147218,19612
147224,19613
147233,19614
147239,19615
147249,19616
147251,19617
147276,19618
147307,19619
147310,19620
147360,19621
147369,19622
147372,19623
147374,19624
147376,19625
147383,19626
147385,19627
147396,19628
147401,19629
147404,19630
147413,19631
147414,19632
147416,19633
147420,19634
147451,19635
147457,19636
147462,19637
147475,19638
147482,19639
147486,19640
147491,19641
147498,19642
147507,19643
147513,19644
147523,19645
147528,19646
147529,19647
147533,19648
147534,19649
147552,19650
147561,19651
147574,19652
147599,19653
147616,19654
147625,19655
147640,19656
147644,19657
147646,19658
147648,19659
147649,19660
147654,19661
147676,19662
147678,19663
147680,19664
147685,19665
147686,19666
147687,19667
147688,19668
147691,19669
147698,19670
147702,19671
147704,19672
147727,19673
147734,19674
147752,19675
147762,19676
147764,19677
147777,19678
147781,19679
147799,19680
147800,19681
147803,19682
147805,19683
147808,19684
147839,19685
147840,19686
147841,19687
147847,19688
147851,19689
147858,19690
147863,19691
147865,19692
147867,19693
147874,19694
147877,19695
147895,19696
147900,19697
147901,19698
147914,19699
147921,19700
147928,19701
147943,19702
147944,19703
147947,19704
147956,19705
147965,19706
147975,19707
147978,19708
147983,19709
147993,19710
148000,19711
148005,19712
148028,19713
148030,19714
148033,19715
148035,19716
148048,19717
148051,19718
148052,19719
148053,19720
148054,19721
148069,19722
148084,19723
148098,19724
148099,19725
148100,19726
148102,19727
148104,19728
148121,19729
148123,19730
148124,19731
148126,19732
148133,19733
148136,19734
148142,19735
148145,19736
148153,19737
148154,19738
148157,19739
148158,19740
148166,19741
148175,19742
148191,19743
148192,19744
148199,19745
148201,19746
148220,19747
148229,19748
148233,19749
148239,19750
148253,19751
148258,19752
148263,19753
148303,19754
148312,19755
148314,19756
148322,19757
148344,19758
148350,19759
148356,19760
148365,19761
148378,19762
148394,19763
148397,19764
148408,19765
148452,19766
148463,19767
148497,19768
148502,19769
148512,19770
148514,19771
148533,19772
148547,19773
148548,19774
148559,19775
148572,19776
148586,19777
148589,19778
148590,19779
148594,19780
148604,19781
148607,19782
148613,19783
148617,19784
148620,19785
148621,19786
148632,19787
148650,19788
148651,19789
148653,19790
148660,19791
148662,19792
148671,19793
148680,19794
148681,19795
148685,19796
148695,19797
148697,19798
148704,19799
148707,19800
148712,19801
148720,19802
148726,19803
148731,19804
148739,19805
148744,19806
148754,19807
148773,19808
148782,19809
148793,19810
148794,19811
148798,19812
148800,19813
148804,19814
148810,19815
148813,19816
148824,19817
148847,19818
148858,19819
148863,19820
148867,19821
148879,19822
148883,19823
148888,19824
148891,19825
148898,19826
148899,19827
148900,19828
148904,19829
148926,19830
148927,19831
148928,19832
148929,19833
148934,19834
148937,19835
148953,19836
148962,19837
148965,19838
148966,19839
148969,19840
148980,19841
148986,19842
148996,19843
149017,19844
149043,19845
149056,19846
149061,19847
149069,19848
149071,19849
149072,19850
149079,19851
149084,19852
149089,19853
149111,19854
149116,19855
149120,19856
149136,19857
149140,19858
149152,19859
149162,19860
149163,19861
149164,19862
149172,19863
149176,19864
149186,19865
149194,19866
149198,19867
149204,19868
149206,19869
149211,19870
149216,19871
149231,19872
149233,19873
149245,19874
149250,19875
149252,19876
149259,19877
149262,19878
149267,19879
149268,19880
149275,19881
149291,19882
149293,19883
149302,19884
149310,19885
149315,19886
149322,19887
149324,19888
149334,19889
149348,19890
149349,19891
149357,19892
149361,19893
149368,19894
149373,19895
149403,19896
149411,19897
149430,19898
149445,19899
149455,19900
149483,19901
149484,19902
149491,19903
149510,19904
149511,19905
149526,19906
149536,19907
149559,19908
149562,19909
149589,19910
149598,19911
149611,19912
149615,19913
149649,19914
149650,19915
149655,19916
149661,19917
149672,19918
149690,19919
149696,19920
149703,19921
149722,19922
149725,19923
149727,19924
149732,19925
149757,19926
149763,19927
149786,19928
149792,19929
149802,19930
149803,19931
149810,19932
149822,19933
149825,19934
149831,19935
149835,19936
149893,19937
149907,19938
149908,19939
149909,19940
149910,19941
149924,19942
149933,19943
149934,19944
149939,19945
149946,19946
149957,19947
149963,19948
149967,19949
149973,19950
149982,19951
149985,19952
150000,19953
150014,19954
150024,19955
150026,19956
150042,19957
150051,19958
150054,19959
150067,19960
150078,19961
150089,19962
150092,19963
150116,19964
150124,19965
150166,19966
150237,19967
150251,19968
150252,19969
150254,19970
150272,19971
150275,19972
150280,19973
150297,19974
150309,19975
150316,19976
150324,19977
150327,19978
150344,19979
150350,19980
150364,19981
150382,19982
150385,19983
150386,19984
150399,19985
150400,19986
150405,19987
150410,19988
150424,19989
150429,19990
150431,19991
150440,19992
150462,19993
150464,19994
150468,19995
150471,19996
150472,19997
150482,19998
150486,19999
150494,20000
150496,20001
150498,20002
150508,20003
150518,20004
150533,20005
150554,20006
150555,20007
150561,20008
150563,20009
150567,20010
150576,20011
150585,20012
150587,20013
150611,20014
150617,20015
150627,20016
150639,20017
150657,20018
150661,20019
150663,20020
150670,20021
150691,20022
150695,20023
150697,20024
150702,20025
150704,20026
150706,20027
150708,20028
150722,20029
150730,20030
150762,20031
150769,20032
150793,20033
150814,20034
150816,20035
150817,20036
150832,20037
150849,20038
150863,20039
150868,20040
150878,20041
150890,20042
150894,20043
150896,20044
150899,20045
150907,20046
150908,20047
150911,20048
150915,20049
150928,20050
150932,20051
150936,20052
150940,20053
150951,20054
150960,20055
150965,20056
150966,20057
150968,20058
150970,20059
150972,20060
150977,20061
150978,20062
150979,20063
150983,20064
150988,20065
151002,20066
151004,20067
151013,20068
151039,20069
151041,20070
151043,20071
151051,20072
151052,20073
151057,20074
151063,20075
151068,20076
151070,20077
151071,20078
151079,20079
151081,20080
151082,20081
151086,20082
151090,20083
151093,20084
151098,20085
151101,20086
151104,20087
151107,20088
151109,20089
151115,20090
151122,20091
151125,20092
151132,20093
151139,20094
151143,20095
151148,20096
151151,20097
151157,20098
151165,20099
151184,20100
151208,20101
151209,20102
151234,20103
151235,20104
151237,20105
151262,20106
151263,20107
151265,20108
151271,20109
151272,20110
151303,20111
151347,20112
151357,20113
151358,20114
151370,20115
151383,20116
151384,20117
151404,20118
151405,20119
151408,20120
151412,20121
151415,20122
151420,20123
151421,20124
151424,20125
151434,20126
151454,20127
151455,20128
151459,20129
151470,20130
151479,20131
151481,20132
151482,20133
151483,20134
151484,20135
151491,20136
151493,20137
151495,20138
151503,20139
151511,20140
151528,20141
151531,20142
151537,20143
151553,20144
151559,20145
151562,20146
151569,20147
151573,20148
151587,20149
151588,20150
151589,20151
151597,20152
151604,20153
151608,20154
151613,20155
151618,20156
151634,20157
151637,20158
151643,20159
151653,20160
151654,20161
151676,20162
151684,20163
151702,20164
151714,20165
151716,20166
151717,20167
151729,20168
151738,20169
151739,20170
151750,20171
151757,20172
151762,20173
151766,20174
151780,20175
151786,20176
151787,20177
151790,20178
151795,20179
151799,20180
151800,20181
151806,20182
151811,20183
151819,20184
151824,20185
151841,20186
151846,20187
151847,20188
151856,20189
151860,20190
151861,20191
151872,20192
151877,20193
151881,20194
151910,20195
151928,20196
151947,20197
151967,20198
151978,20199
151982,20200
151986,20201
151991,20202
152015,20203
152016,20204
152020,20205
152036,20206
152046,20207
152047,20208
152059,20209
152062,20210
152070,20211
152082,20212
152090,20213
152099,20214
152107,20215
152115,20216
152136,20217
152141,20218
152144,20219
152169,20220
152182,20221
152186,20222
152206,20223
152220,20224
152243,20225
152249,20226
152252,20227
152258,20228
152260,20229
152268,20230
152282,20231
152285,20232
152288,20233
152289,20234
152291,20235
152307,20236
152309,20237
152328,20238
152330,20239
152354,20240
152357,20241
152376,20242
152409,20243
152412,20244
152428,20245
152435,20246
152439,20247
152447,20248
152461,20249
152466,20250
152468,20251
152473,20252
152481,20253
152482,20254
152483,20255
152493,20256
152496,20257
152499,20258
152502,20259
152504,20260
152509,20261
152514,20262
152515,20263
152524,20264
152537,20265
152548,20266
152553,20267
152562,20268
152565,20269
152579,20270
152582,20271
152583,20272
152605,20273
152616,20274
152617,20275
152620,20276
152621,20277
152625,20278
152636,20279
152640,20280
152642,20281
152645,20282
152647,20283
152651,20284
152696,20285
152698,20286
152709,20287
152716,20288
152723,20289
152726,20290
152729,20291
152734,20292
152738,20293
152742,20294
152749,20295
152770,20296
152771,20297
152780,20298
152787,20299
152788,20300
152798,20301
152805,20302
152813,20303
152817,20304
152820,20305
152823,20306
152827,20307
152830,20308
152831,20309
152835,20310
152856,20311
152875,20312
152899,20313
152906,20314
152921,20315
152928,20316
152933,20317
152938,20318
152939,20319
152942,20320
152946,20321
152958,20322
152960,20323
152971,20324
152976,20325
152990,20326
152997,20327
153032,20328
153035,20329
153040,20330
153042,20331
153054,20332
153057,20333
153079,20334
153089,20335
153091,20336
153100,20337
153105,20338
153115,20339
153158,20340
153163,20341
153174,20342
153197,20343
153198,20344
153211,20345
153214,20346
153215,20347
153217,20348
153223,20349
153233,20350
153234,20351
153235,20352
153238,20353
153242,20354
153249,20355
153254,20356
153257,20357
153279,20358
153283,20359
153284,20360
153285,20361
153299,20362
153305,20363
153315,20364
153322,20365
153328,20366
153331,20367
153336,20368
153340,20369
153342,20370
153348,20371
153350,20372
153355,20373
153361,20374
153365,20375
153367,20376
153400,20377
153403,20378
153414,20379
153418,20380
153424,20381
153438,20382
153439,20383
153440,20384
153441,20385
153442,20386
153457,20387
153471,20388
153472,20389
153475,20390
153496,20391
153513,20392
153519,20393
153525,20394
153540,20395
153547,20396
153554,20397
153563,20398
153567,20399
153577,20400
153591,20401
153620,20402
153621,20403
153623,20404
153642,20405
153647,20406
153653,20407
153662,20408
153676,20409
153682,20410
153718,20411
153719,20412
153723,20413
153738,20414
153752,20415
153759,20416
153777,20417
153787,20418
153797,20419
153801,20420
153802,20421
153818,20422
153831,20423
153858,20424
153863,20425
153865,20426
153869,20427
153877,20428
153910,20429
153920,20430
153927,20431
153929,20432
153946,20433
153947,20434
153948,20435
153949,20436
153950,20437
153953,20438
153955,20439
153959,20440
153973,20441
153998,20442
153999,20443
154003,20444
154009,20445
154017,20446
154020,20447
154021,20448
154026,20449
154031,20450
154037,20451
154046,20452
154064,20453
154070,20454
154075,20455
154076,20456
154078,20457
154118,20458
154125,20459
154126,20460
154129,20461
154137,20462
154160,20463
154176,20464
154182,20465
154186,20466
154197,20467
154209,20468
154218,20469
154231,20470
154244,20471
154248,20472
154252,20473
154255,20474
154256,20475
154265,20476
154269,20477
154294,20478
154303,20479
154309,20480
154330,20481
154345,20482
154346,20483
154349,20484
154354,20485
154362,20486
154393,20487
154399,20488
154409,20489
154413,20490
154419,20491
154423,20492
154425,20493
154439,20494
154441,20495
154443,20496
154460,20497
154465,20498
154469,20499
154472,20500
154477,20501
154487,20502
154499,20503
154511,20504
154529,20505
154538,20506
154543,20507
154553,20508
154568,20509
154581,20510
154583,20511
154598,20512
154610,20513
154617,20514
154627,20515
154658,20516
154663,20517
154671,20518
154675,20519
154679,20520
154690,20521
154698,20522
154724,20523
154730,20524
154736,20525
154738,20526
154742,20527
154763,20528
154764,20529
154765,20530
154773,20531
154779,20532
154781,20533
154787,20534
154788,20535
154791,20536
154796,20537
154799,20538
154807,20539
154811,20540
154820,20541
154824,20542
154832,20543
154835,20544
154844,20545
154859,20546
154863,20547
154868,20548
154872,20549
154876,20550
154877,20551
154882,20552
154897,20553
154906,20554
154909,20555
154913,20556
154915,20557
154920,20558
154923,20559
154935,20560
154944,20561
154961,20562
154963,20563
154975,20564
154981,20565
154985,20566
154992,20567
154996,20568
155000,20569
155011,20570
155013,20571
155014,20572
155019,20573
155027,20574
155035,20575
155037,20576
155043,20577
155047,20578
155071,20579
155102,20580
155117,20581
155127,20582
155128,20583
155136,20584
155141,20585
155146,20586
155147,20587
155149,20588
155154,20589
155164,20590
155172,20591
155173,20592
155177,20593
155195,20594
155199,20595
155204,20596
155219,20597
155231,20598
155237,20599
155247,20600
155248,20601
155258,20602
155260,20603
155262,20604
155278,20605
155285,20606
155286,20607
155287,20608
155291,20609
155297,20610
155301,20611
155306,20612
155317,20613
155331,20614
155332,20615
155338,20616
155343,20617
155349,20618
155365,20619
155366,20620
155368,20621
155371,20622
155376,20623
155377,20624
155383,20625
155384,20626
155392,20627
155404,20628
155409,20629
155444,20630
155450,20631
155451,20632
155454,20633
155463,20634
155491,20635
155495,20636
155502,20637
155521,20638
155524,20639
155541,20640
155544,20641
155549,20642
155559,20643
155564,20644
155580,20645
155603,20646
155641,20647
155650,20648
155680,20649
155681,20650
155683,20651
155691,20652
155692,20653
155724,20654
155733,20655
155734,20656
155743,20657
155769,20658
155771,20659
155774,20660
155778,20661
155779,20662
155802,20663
155806,20664
155807,20665
155808,20666
155810,20667
155816,20668
155820,20669
155823,20670
155824,20671
155835,20672
155836,20673
155848,20674
155872,20675
155878,20676
155880,20677
155913,20678
155916,20679
155920,20680
155923,20681
155924,20682
155925,20683
155937,20684
155939,20685
155940,20686
155958,20687
155960,20688
155970,20689
155976,20690
155982,20691
155989,20692
155992,20693
155993,20694
156020,20695
156027,20696
156033,20697
156089,20698
156095,20699
156118,20700
156128,20701
156130,20702
156140,20703
156144,20704
156150,20705
156163,20706
156170,20707
156212,20708
156214,20709
156243,20710
156264,20711
156269,20712
156274,20713
156279,20714
156287,20715
156300,20716
156301,20717
156304,20718
156319,20719
156321,20720
156342,20721
156343,20722
156348,20723
156362,20724
156398,20725
156402,20726
156421,20727
156422,20728
156432,20729
156438,20730
156455,20731
156462,20732
156467,20733
156468,20734
156477,20735
156479,20736
156483,20737
156494,20738
156495,20739
156508,20740
156510,20741
156512,20742
156515,20743
156520,20744
156527,20745
156533,20746
156534,20747
156551,20748
156566,20749
156574,20750
156575,20751
156579,20752
156584,20753
156586,20754
156601,20755
156606,20756
156628,20757
156640,20758
156642,20759
156644,20760
156651,20761
156659,20762
156670,20763
156673,20764
156688,20765
156691,20766
156706,20767
156708,20768
156726,20769
156736,20770
156759,20771
156765,20772
156767,20773
156798,20774
156799,20775
156816,20776
156836,20777
156837,20778
156840,20779
156848,20780
156868,20781
156873,20782
156876,20783
156926,20784
156948,20785
156971,20786
156972,20787
156974,20788
156983,20789
156988,20790
156989,20791
156992,20792
156994,20793
157012,20794
157024,20795
157033,20796
157045,20797
157046,20798
157048,20799
157065,20800
157066,20801
157068,20802
157079,20803
157081,20804
157082,20805
157083,20806
157101,20807
157103,20808
157108,20809
157121,20810
157123,20811
157126,20812
157127,20813
157133,20814
157143,20815
157155,20816
157160,20817
157163,20818
157176,20819
157187,20820
157191,20821
157192,20822
157208,20823
157213,20824
157237,20825
157247,20826
157252,20827
157271,20828
157273,20829
157281,20830
157288,20831
157290,20832
157299,20833
157380,20834
157394,20835
157411,20836
157413,20837
157419,20838
157439,20839
157450,20840
157467,20841
157468,20842
157488,20843
157489,20844
157497,20845
157511,20846
157514,20847
157527,20848
157543,20849
157555,20850
157558,20851
157564,20852
157577,20853
157594,20854
157601,20855
157602,20856
157604,20857
157607,20858
157625,20859
157636,20860
157655,20861
157660,20862
157667,20863
157677,20864
157684,20865
157730,20866
157751,20867
157783,20868
157787,20869
157799,20870
157805,20871
157811,20872
157818,20873
157823,20874
157832,20875
157839,20876
157851,20877
157862,20878
157864,20879
157866,20880
157881,20881
157886,20882
157887,20883
157898,20884
157906,20885
157915,20886
157925,20887
157935,20888
157939,20889
157969,20890
157990,20891
157991,20892
157997,20893
158002,20894
158031,20895
158033,20896
158034,20897
158039,20898
158043,20899
158049,20900
158057,20901
158065,20902
158067,20903
158073,20904
158077,20905
158080,20906
158100,20907
158103,20908
158104,20909
158107,20910
158116,20911
158126,20912
158127,20913
158135,20914
158140,20915
158152,20916
158158,20917
158163,20918
158165,20919
158172,20920
158216,20921
158226,20922
158238,20923
158245,20924
158246,20925
158253,20926
158254,20927
158258,20928
158262,20929
158285,20930
158292,20931
158295,20932
158317,20933
158318,20934
158344,20935
158347,20936
158354,20937
158363,20938
158374,20939
158379,20940
158380,20941
158385,20942
158412,20943
158433,20944
158454,20945
158466,20946
158480,20947
158489,20948
158493,20949
158501,20950
158506,20951
158509,20952
158516,20953
158517,20954
158521,20955
158525,20956
158559,20957
158567,20958
158569,20959
158583,20960
158587,20961
158594,20962
158601,20963
158606,20964
158613,20965
158614,20966
158615,20967
158618,20968
158627,20969
158655,20970
158663,20971
158688,20972
158690,20973
158694,20974
158697,20975
158713,20976
158714,20977
158746,20978
158758,20979
158760,20980
158762,20981
158774,20982
158775,20983
158791,20984
158795,20985
158796,20986
158825,20987
158837,20988
158839,20989
158846,20990
158851,20991
158852,20992
158859,20993
158867,20994
158882,20995
158883,20996
158912,20997
158918,20998
158925,20999
158951,21000
158959,21001
158963,21002
158969,21003
158970,21004
158984,21005
158995,21006
158997,21007
159000,21008
159003,21009
159004,21010
159007,21011
159015,21012
159031,21013
159033,21014
159034,21015
159038,21016
159040,21017
159044,21018
159059,21019
159092,21020
159095,21021
159098,21022
159100,21023
159116,21024
159123,21025
159137,21026
159144,21027
159159,21028
159165,21029
159181,21030
159230,21031
159234,21032
159262,21033
159283,21034
159285,21035
159302,21036
159313,21037
159319,21038
159328,21039
159335,21040
159345,21041
159354,21042
159364,21043
159376,21044
159378,21045
159390,21046
159405,21047
159421,21048
159426,21049
159429,21050
159440,21051
159455,21052
159467,21053
159471,21054
159475,21055
159488,21056
159506,21057
159510,21058
159520,21059
159525,21060
159537,21061
159546,21062
159548,21063
159564,21064
159568,21065
159639,21066
159647,21067
159648,21068
159671,21069
159687,21070
159691,21071
159720,21072
159724,21073
159727,21074
159732,21075
159742,21076
159754,21077
159755,21078
159759,21079
159783,21080
159794,21081
159802,21082
159809,21083
159812,21084
159814,21085
159815,21086
159817,21087
159822,21088
159834,21089
159836,21090
159847,21091
159852,21092
159854,21093
159858,21094
159860,21095
159864,21096
159865,21097
159868,21098
159873,21099
159875,21100
159946,21101
159950,21102
159977,21103
159981,21104
160002,21105
160009,21106
160014,21107
160032,21108
160062,21109
160074,21110
160078,21111
160098,21112
160101,21113
160112,21114
160114,21115
160117,21116
160143,21117
160154,21118
160165,21119
160168,21120
160171,21121
160179,21122
160180,21123
160185,21124
160186,21125
160200,21126
160231,21127
160241,21128
160271,21129
160295,21130
160297,21131
160298,21132
160332,21133
160334,21134
160341,21135
160344,21136
160346,21137
160361,21138
160368,21139
160378,21140
160384,21141
160385,21142
160393,21143
160397,21144
160401,21145
160405,21146
160406,21147
160407,21148
160408,21149
160409,21150
160410,21151
160412,21152
160413,21153
160414,21154
160415,21155
160416,21156
160420,21157
160431,21158
160432,21159
160434,21160
160451,21161
160458,21162
160472,21163
160495,21164
160507,21165
160509,21166
160511,21167
160518,21168
160523,21169
160524,21170
160541,21171
160548,21172
160551,21173
160555,21174
160558,21175
160559,21176
160571,21177
160574,21178
160590,21179
160614,21180
160624,21181
160629,21182
160636,21183
160653,21184
160660,21185
160663,21186
160666,21187
160667,21188
160670,21189
160681,21190
160697,21191
160700,21192
160712,21193
160714,21194
160725,21195
160735,21196
160742,21197
160744,21198
160746,21199
160757,21200
160760,21201
160803,21202
160812,21203
160819,21204
160824,21205
160831,21206
160841,21207
160848,21208
160864,21209
160878,21210
160881,21211
160899,21212
160900,21213
160920,21214
160939,21215
160944,21216
160953,21217
160978,21218
160994,21219
161002,21220
161006,21221
161007,21222
161026,21223
161030,21224
161032,21225
161037,21226
161039,21227
161041,21228
161068,21229
161070,21230
161074,21231
161099,21232
161101,21233
161102,21234
161112,21235
161114,21236
161119,21237
161120,21238
161153,21239
161178,21240
161181,21241
161185,21242
161200,21243
161209,21244
161211,21245
161218,21246
161222,21247
161234,21248
161244,21249
161250,21250
161252,21251
161265,21252
161269,21253
161275,21254
161279,21255
161292,21256
161294,21257
161299,21258
161301,21259
161304,21260
161316,21261
161317,21262
161326,21263
161346,21264
161348,21265
161350,21266
161359,21267
161361,21268
161368,21269
161373,21270
161385,21271
161386,21272
161390,21273
161391,21274
161393,21275
161396,21276
161406,21277
161407,21278
161428,21279
161434,21280
161443,21281
161448,21282
161453,21283
161459,21284
161462,21285
161465,21286
161466,21287
161467,21288
161476,21289
161498,21290
161499,21291
161502,21292
161510,21293
161530,21294
161533,21295
161539,21296
161583,21297
161604,21298
161615,21299
161619,21300
161625,21301
161635,21302
161637,21303
161638,21304
161652,21305
161662,21306
161677,21307
161681,21308
161683,21309
161685,21310
161694,21311
161726,21312
161735,21313
161737,21314
161744,21315
161747,21316
161750,21317
161751,21318
161752,21319
161755,21320
161765,21321
161777,21322
161789,21323
161794,21324
161801,21325
161831,21326
161847,21327
161849,21328
161853,21329
161855,21330
161861,21331
161865,21332
161866,21333
161870,21334
161872,21335
161873,21336
161880,21337
161882,21338
161890,21339
161892,21340
161899,21341
161903,21342
161912,21343
161916,21344
161928,21345
161935,21346
161936,21347
161937,21348
161940,21349
161944,21350
161951,21351
161957,21352
161963,21353
161966,21354
161968,21355
161974,21356
161986,21357
161993,21358
161995,21359
162001,21360
162004,21361
162014,21362
162019,21363
162028,21364
162030,21365
162035,21366
162041,21367
162044,21368
162052,21369
162072,21370
162085,21371
162088,21372
162092,21373
162102,21374
162103,21375
162121,21376
162137,21377
162152,21378
162153,21379
162155,21380
162162,21381
162186,21382
162205,21383
162214,21384
162219,21385
162223,21386
162224,21387
162233,21388
162237,21389
162243,21390
162264,21391
162266,21392
162279,21393
162300,21394
162301,21395
162306,21396
162311,21397
162313,21398
162328,21399
162329,21400
162335,21401
162363,21402
162369,21403
162376,21404
162380,21405
162386,21406
162388,21407
162390,21408
162419,21409
162434,21410
162445,21411
162456,21412
162458,21413
162472,21414
162473,21415
162474,21416
162476,21417
162477,21418
162496,21419
162519,21420
162526,21421
162528,21422
162529,21423
162538,21424
162550,21425
162562,21426
162563,21427
162564,21428
162576,21429
162577,21430
162587,21431
162590,21432
162591,21433
162596,21434
162609,21435
162610,21436
162625,21437
162626,21438
162633,21439
162639,21440
162641,21441
162646,21442
162654,21443
162657,21444
162662,21445
162664,21446
162671,21447
162675,21448
162677,21449
162683,21450
162689,21451
162693,21452
162696,21453
162713,21454
162715,21455
162718,21456
162726,21457
162738,21458
162755,21459
162760,21460
162762,21461
162771,21462
162775,21463
162780,21464
162784,21465
162790,21466
162793,21467
162797,21468
162798,21469
162827,21470
162840,21471
162846,21472
162849,21473
162856,21474
162861,21475
162862,21476
162868,21477
162886,21478
162892,21479
162899,21480
162917,21481
162935,21482
162941,21483
162943,21484
162957,21485
162958,21486
162960,21487
162962,21488
162968,21489
162976,21490
162977,21491
162980,21492
162989,21493
163010,21494
163016,21495
163022,21496
163054,21497
163055,21498
163059,21499
163061,21500
163063,21501
163070,21502
163071,21503
163073,21504
163075,21505
163128,21506
163134,21507
163154,21508
163169,21509
163174,21510
163186,21511
163187,21512
163190,21513
163192,21514
163194,21515
163196,21516
163202,21517
163208,21518
163225,21519
163228,21520
163249,21521
163261,21522
163267,21523
163271,21524
163277,21525
163286,21526
163289,21527
163302,21528
163303,21529
163307,21530
163319,21531
163324,21532
163326,21533
163329,21534
163335,21535
163338,21536
163358,21537
163363,21538
163373,21539
163382,21540
163383,21541
163409,21542
163410,21543
163415,21544
163419,21545
163430,21546
163433,21547
163443,21548
163447,21549
163449,21550
163460,21551
163463,21552
163467,21553
163485,21554
163488,21555
163489,21556
163510,21557
163512,21558
163517,21559
163523,21560
163534,21561
163539,21562
163540,21563
163542,21564
163544,21565
163545,21566
163554,21567
163570,21568
163579,21569
163584,21570
163586,21571
163594,21572
163599,21573
163600,21574
163609,21575
163612,21576
163613,21577
163621,21578
163632,21579
163639,21580
163651,21581
163661,21582
163662,21583
163668,21584
163676,21585
163679,21586
163683,21587
163687,21588
163689,21589
163690,21590
163693,21591
163698,21592
163699,21593
163708,21594
163727,21595
163744,21596
163747,21597
163754,21598
163759,21599
163760,21600
163761,21601
163768,21602
163774,21603
163776,21604
163779,21605
163783,21606
163796,21607
163797,21608
163798,21609
163802,21610
163804,21611
163814,21612
163821,21613
163824,21614
163851,21615
163866,21616
163875,21617
163876,21618
163897,21619
163906,21620
163912,21621
163930,21622
163973,21623
163976,21624
163999,21625
164008,21626
164025,21627
164027,21628
164036,21629
164037,21630
164048,21631
164055,21632
164056,21633
164061,21634
164076,21635
164096,21636
164100,21637
164102,21638
164105,21639
164137,21640
164140,21641
164143,21642
164150,21643
164167,21644
164169,21645
164176,21646
164179,21647
164187,21648
164189,21649
164191,21650
164193,21651
164206,21652
164208,21653
164243,21654
164252,21655
164269,21656
164270,21657
164276,21658
164287,21659
164299,21660
164301,21661
164306,21662
164307,21663
164315,21664
164322,21665
164323,21666
164335,21667
164338,21668
164340,21669
164347,21670
164348,21671
164362,21672
164363,21673
164367,21674
164378,21675
164401,21676
164410,21677
164413,21678
164417,21679
164418,21680
164419,21681
164425,21682
164426,21683
164433,21684
164442,21685
164465,21686
164480,21687
164488,21688
164490,21689
164492,21690
164513,21691
164518,21692
164519,21693
164527,21694
164533,21695
164536,21696
164546,21697
164549,21698
164557,21699
164561,21700
164581,21701
164584,21702
164619,21703
164640,21704
164642,21705
164667,21706
164675,21707
164706,21708
164712,21709
164728,21710
164741,21711
164761,21712
164762,21713
164775,21714
164777,21715
164781,21716
164794,21717
164797,21718
164799,21719
164809,21720
164824,21721
164828,21722
164841,21723
164847,21724
164848,21725
164849,21726
164858,21727
164862,21728
164863,21729
164866,21730
164870,21731
164884,21732
164896,21733
164901,21734
164905,21735
164906,21736
164918,21737
164926,21738
164944,21739
164955,21740
164956,21741
164965,21742
164966,21743
164967,21744
164968,21745
164980,21746
164986,21747
164987,21748
165017,21749
165029,21750
165030,21751
165060,21752
165078,21753
165088,21754
165089,21755
165098,21756
165115,21757
165138,21758
165142,21759
165166,21760
165176,21761
165182,21762
165183,21763
165201,21764
165224,21765
165232,21766
165252,21767
165253,21768
165256,21769
165262,21770
165267,21771
165268,21772
165269,21773
165287,21774
165295,21775
165298,21776
165305,21777
165306,21778
165308,21779
165316,21780
165318,21781
165319,21782
165323,21783
165330,21784
165342,21785
165343,21786
165345,21787
165358,21788
165366,21789
165371,21790
165392,21791
165406,21792
165428,21793
165435,21794
165436,21795
165444,21796
165447,21797
165449,21798
165452,21799
165455,21800
165497,21801
165499,21802
165507,21803
165512,21804
165513,21805
165516,21806
165549,21807
165550,21808
165558,21809
165574,21810
165576,21811
165582,21812
165587,21813
165609,21814
165618,21815
165619,21816
165622,21817
165627,21818
165637,21819
165654,21820
165662,21821
165669,21822
165695,21823
165697,21824
165703,21825
165709,21826
165719,21827
165729,21828
165743,21829
165751,21830
165755,21831
165758,21832
165759,21833
165763,21834
165769,21835
165770,21836
165776,21837
165778,21838
165779,21839
165782,21840
165788,21841
165790,21842
165791,21843
165806,21844
165811,21845
165823,21846
165833,21847
165837,21848
165838,21849
165840,21850
165842,21851
165854,21852
165866,21853
165875,21854
165879,21855
165884,21856
165889,21857
165898,21858
165914,21859
165947,21860
165960,21861
165987,21862
165991,21863
166001,21864
166003,21865
166012,21866
166017,21867
166023,21868
166030,21869
166035,21870
166055,21871
166062,21872
166079,21873
166103,21874
166121,21875
166122,21876
166123,21877
166126,21878
166128,21879
166130,21880
166141,21881
166151,21882
166167,21883
166198,21884
166201,21885
166215,21886
166220,21887
166227,21888
166231,21889
166248,21890
166257,21891
166281,21892
166287,21893
166291,21894
166301,21895
166305,21896
166327,21897
166330,21898
166335,21899
166363,21900
166371,21901
166390,21902
166391,21903
166398,21904
166399,21905
166409,21906
166416,21907
166422,21908
166424,21909
166460,21910
166465,21911
166492,21912
166498,21913
166499,21914
166506,21915
166510,21916
166515,21917
166540,21918
166546,21919
166547,21920
166550,21921
166564,21922
166569,21923
166581,21924
166593,21925
166596,21926
166610,21927
166630,21928
166637,21929
166638,21930
166639,21931
166646,21932
166647,21933
166648,21934
166657,21935
166667,21936
166684,21937
166685,21938
166694,21939
166698,21940
166718,21941
166719,21942
166722,21943
166731,21944
166733,21945
166734,21946
166737,21947
166753,21948
166755,21949
166758,21950
166761,21951
166767,21952
166772,21953
166775,21954
166778,21955
166798,21956
166809,21957
166813,21958
166824,21959
166825,21960
166828,21961
166830,21962
166841,21963
166843,21964
166855,21965
166863,21966
166864,21967
166865,21968
166867,21969
166876,21970
166877,21971
166890,21972
166891,21973
166892,21974
166916,21975
166918,21976
166922,21977
166925,21978
166926,21979
166934,21980
166955,21981
166960,21982
166977,21983
166990,21984
166992,21985
167010,21986
167012,21987
167014,21988
167038,21989
167052,21990
167056,21991
167108,21992
167125,21993
167131,21994
167152,21995
167154,21996
167156,21997
167157,21998
167166,21999
167168,22000
167176,22001
167189,22002
167192,22003
167201,22004
167214,22005
167223,22006
167232,22007
167243,22008
167248,22009
167272,22010
167275,22011
167296,22012
167300,22013
167310,22014
167324,22015
167327,22016
167338,22017
167340,22018
167349,22019
167371,22020
167375,22021
167386,22022
167387,22023
167388,22024
167389,22025
167391,22026
167393,22027
167403,22028
167415,22029
167436,22030
167438,22031
167442,22032
167443,22033
167446,22034
167462,22035
167471,22036
167478,22037
167482,22038
167484,22039
167489,22040
167492,22041
167494,22042
167507,22043
167515,22044
167517,22045
167520,22046
167521,22047
167529,22048
167542,22049
167556,22050
167562,22051
167576,22052
167587,22053
167592,22054
167596,22055
167611,22056
167614,22057
167625,22058
167628,22059
167644,22060
167657,22061
167668,22062
167670,22063
167678,22064
167689,22065
167692,22066
167697,22067
167698,22068
167704,22069
167718,22070
167722,22071
167744,22072
167746,22073
167759,22074
167761,22075
167766,22076
167768,22077
167770,22078
167779,22079
167782,22080
167788,22081
167789,22082
167790,22083
167791,22084
167794,22085
167800,22086
167803,22087
167811,22088
167812,22089
167813,22090
167816,22091
167831,22092
167840,22093
167844,22094
167846,22095
167850,22096
167851,22097
167856,22098
167865,22099
167870,22100
167872,22101
167879,22102
167885,22103
167911,22104
167914,22105
167915,22106
167919,22107
167925,22108
167930,22109
167934,22110
167940,22111
167944,22112
167984,22113
167997,22114
167998,22115
168004,22116
168006,22117
168008,22118
168016,22119
168028,22120
168029,22121
168034,22122
168035,22123
168036,22124
168038,22125
168047,22126
168064,22127
168068,22128
168087,22129
168092,22130
168101,22131
168102,22132
168103,22133
168106,22134
168117,22135
168123,22136
168129,22137
168132,22138
168133,22139
168139,22140
168143,22141
168144,22142
168148,22143
168169,22144
168177,22145
168191,22146
168197,22147
168205,22148
168212,22149
168216,22150
168221,22151
168245,22152
168254,22153
168263,22154
168266,22155
168273,22156
168275,22157
168285,22158
168296,22159
168307,22160
168315,22161
168332,22162
168336,22163
168337,22164
168338,22165
168346,22166
168350,22167
168372,22168
168376,22169
168383,22170
168387,22171
168388,22172
168408,22173
168413,22174
168427,22175
168431,22176
168434,22177
168438,22178
168453,22179
168456,22180
168461,22181
168464,22182
168466,22183
168478,22184
168484,22185
168487,22186
168489,22187
168491,22188
168499,22189
168500,22190
168521,22191
168526,22192
168530,22193
168533,22194
168545,22195
168549,22196
168563,22197
168573,22198
168581,22199
168592,22200
168595,22201
168615,22202
168622,22203
168626,22204
168636,22205
168639,22206
168640,22207
168642,22208
168646,22209
168675,22210
168691,22211
168702,22212
168719,22213
168729,22214
168736,22215
168737,22216
168741,22217
168745,22218
168752,22219
168755,22220
168763,22221
168770,22222
168790,22223
168793,22224
168794,22225
168797,22226
168800,22227
168801,22228
168802,22229
168804,22230
168805,22231
168813,22232
168815,22233
168816,22234
168817,22235
168834,22236
168843,22237
168874,22238
168877,22239
168888,22240
168896,22241
168900,22242
168908,22243
168934,22244
168954,22245
168971,22246
168974,22247
168985,22248
168999,22249
169000,22250
169005,22251
169006,22252
169014,22253
169017,22254
169019,22255
169027,22256
169043,22257
169054,22258
169057,22259
169076,22260
169094,22261
169105,22262
169109,22263
169111,22264
169123,22265
169130,22266
169147,22267
169155,22268
169161,22269
169164,22270
169181,22271
169191,22272
169192,22273
169211,22274
169214,22275
169222,22276
169223,22277
169224,22278
169226,22279
169231,22280
169233,22281
169234,22282
169243,22283
169249,22284
169250,22285
169252,22286
169255,22287
169266,22288
169272,22289
169273,22290
169277,22291
169282,22292
169284,22293
169293,22294
169298,22295
169308,22296
169309,22297
169310,22298
169321,22299
169338,22300
169341,22301
169348,22302
169357,22303
169359,22304
169360,22305
169365,22306
169368,22307
169371,22308
169379,22309
169385,22310
169400,22311
169402,22312
169403,22313
169410,22314
169420,22315
169438,22316
169450,22317
169457,22318
169462,22319
169463,22320
169465,22321
169476,22322
169482,22323
169492,22324
169496,22325
169500,22326
169505,22327
169507,22328
169517,22329
169521,22330
169534,22331
169553,22332
169554,22333
169556,22334
169558,22335
169563,22336
169580,22337
169600,22338
169631,22339
169634,22340
169647,22341
169648,22342
169655,22343
169658,22344
169659,22345
169663,22346
169666,22347
169672,22348
169677,22349
169681,22350
169682,22351
169692,22352
169699,22353
169710,22354
169715,22355
169727,22356
169729,22357
169731,22358
169735,22359
169739,22360
169743,22361
169754,22362
169766,22363
169770,22364
169773,22365
169779,22366
169781,22367
169784,22368
169804,22369
169816,22370
169824,22371
169827,22372
169849,22373
169859,22374
169862,22375
169877,22376
169880,22377
169886,22378
169887,22379
169889,22380
169900,22381
169902,22382
169903,22383
169940,22384
169955,22385
169964,22386
169979,22387
169997,22388
170003,22389
170011,22390
170012,22391
170015,22392
170054,22393
170064,22394
170066,22395
170073,22396
170077,22397
170087,22398
170090,22399
170118,22400
170151,22401
170154,22402
170155,22403
170164,22404
170181,22405
170184,22406
170192,22407
170201,22408
170224,22409
170225,22410
170227,22411
170229,22412
170236,22413
170248,22414
170252,22415
170255,22416
170256,22417
170257,22418
170260,22419
170264,22420
170272,22421
170273,22422
170287,22423
170310,22424
170316,22425
170317,22426
170319,22427
170346,22428
170365,22429
170368,22430
170372,22431
170375,22432
170377,22433
170379,22434
170392,22435
170399,22436
170401,22437
170407,22438
170408,22439
170415,22440
170429,22441
170441,22442
170442,22443
170449,22444
170450,22445
170453,22446
170460,22447
170461,22448
170469,22449
170491,22450
170493,22451
170497,22452
170499,22453
170507,22454
170509,22455
170513,22456
170518,22457
170519,22458
170522,22459
170527,22460
170531,22461
170535,22462
170536,22463
170545,22464
170558,22465
170564,22466
170567,22467
170568,22468
170572,22469
170574,22470
170575,22471
170576,22472
170580,22473
170581,22474
170582,22475
170593,22476
170595,22477
170597,22478
170599,22479
170600,22480
170601,22481
170607,22482
170610,22483
170612,22484
170620,22485
170623,22486
170628,22487
170634,22488
170642,22489
170645,22490
170648,22491
170652,22492
170656,22493
170659,22494
170664,22495
170675,22496
170676,22497
170691,22498
170693,22499
170694,22500
170699,22501
170702,22502
170703,22503
170704,22504
170719,22505
170721,22506
170722,22507
170724,22508
170728,22509
170729,22510
170732,22511
170742,22512
170751,22513
170759,22514
170760,22515
170761,22516
170762,22517
170771,22518
170775,22519
170778,22520
170786,22521
170787,22522
170791,22523
170792,22524
170795,22525
170804,22526
170805,22527
170807,22528
170810,22529
170819,22530
170821,22531
170837,22532
170843,22533
170845,22534
170850,22535
170858,22536
170861,22537
170866,22538
170869,22539
170882,22540
170884,22541
170897,22542
170902,22543
170904,22544
170911,22545
170926,22546
170938,22547
170947,22548
170966,22549
170969,22550
170971,22551
170982,22552
170985,22553
170989,22554
170997,22555
171003,22556
171005,22557
171007,22558
171011,22559
171013,22560
171018,22561
171025,22562
171026,22563
171031,22564
171045,22565
171050,22566
171055,22567
171064,22568
171065,22569
171072,22570
171076,22571
171078,22572
171079,22573
171082,22574
171088,22575
171096,22576
171097,22577
171101,22578
171104,22579
171107,22580
171114,22581
171118,22582
171130,22583
171133,22584
171134,22585
171146,22586
171157,22587
171165,22588
171177,22589
171191,22590
171216,22591
171227,22592
171235,22593
171242,22594
171251,22595
171271,22596
171283,22597
171291,22598
171295,22599
171301,22600
171329,22601
171346,22602
171349,22603
171359,22604
171379,22605
171382,22606
171389,22607
171393,22608
171394,22609
171401,22610
171407,22611
171435,22612
171436,22613
171444,22614
171445,22615
171454,22616
171474,22617
171475,22618
171494,22619
171499,22620
171506,22621
171523,22622
171525,22623
171543,22624
171555,22625
171565,22626
171569,22627
171570,22628
171571,22629
171579,22630
171584,22631
171594,22632
171602,22633
171610,22634
171623,22635
171625,22636
171632,22637
171638,22638
171648,22639
171658,22640
171664,22641
171669,22642
171680,22643
171688,22644
171697,22645
171703,22646
171728,22647
171736,22648
171758,22649
171762,22650
171765,22651
171767,22652
171774,22653
171777,22654
171779,22655
171783,22656
171795,22657
171811,22658
171814,22659
171817,22660
171818,22661
171846,22662
171858,22663
171869,22664
171872,22665
171880,22666
171884,22667
171894,22668
171904,22669
171906,22670
171912,22671
171936,22672
171944,22673
171958,22674
171966,22675
171967,22676
171968,22677
171970,22678
171972,22679
171986,22680
171988,22681
171994,22682
171999,22683
172009,22684
172010,22685
172023,22686
172024,22687
172030,22688
172036,22689
172045,22690
172047,22691
172048,22692
172060,22693
172061,22694
172089,22695
172091,22696
172093,22697
172096,22698
172098,22699
172101,22700
172113,22701
172115,22702
172118,22703
172119,22704
172122,22705
172124,22706
172128,22707
172131,22708
172150,22709
172167,22710
172168,22711
172171,22712
172179,22713
172180,22714
172186,22715
172192,22716
172202,22717
172203,22718
172205,22719
172215,22720
172216,22721
172221,22722
172229,22723
172233,22724
172235,22725
172245,22726
172271,22727
172276,22728
172293,22729
172299,22730
172311,22731
172319,22732
172326,22733
172330,22734
172331,22735
172345,22736
172350,22737
172367,22738
172368,22739
172370,22740
172371,22741
172374,22742
172406,22743
172416,22744
172430,22745
172454,22746
172462,22747
172486,22748
172490,22749
172493,22750
172512,22751
172517,22752
172522,22753
172533,22754
172539,22755
172542,22756
172570,22757
172575,22758
172580,22759
172585,22760
172588,22761
172593,22762
172604,22763
172613,22764
172633,22765
172634,22766
172664,22767
172676,22768
172700,22769
172701,22770
172707,22771
172708,22772
172714,22773
172723,22774
172742,22775
172749,22776
172760,22777
172761,22778
172768,22779
172774,22780
172775,22781
172776,22782
172783,22783
172784,22784
172787,22785
172822,22786
172825,22787
172834,22788
172837,22789
172840,22790
172852,22791
172865,22792
172866,22793
172870,22794
172881,22795
172888,22796
172909,22797
172911,22798
172913,22799
172915,22800
172930,22801
172941,22802
172944,22803
172951,22804
172954,22805
172961,22806
172962,22807
172970,22808
172974,22809
172976,22810
173001,22811
173013,22812
173016,22813
173018,22814
173027,22815
173035,22816
173051,22817
173053,22818
173056,22819
173067,22820
173090,22821
173109,22822
173111,22823
173122,22824
173131,22825
173142,22826
173154,22827
173190,22828
173191,22829
173194,22830
173200,22831
173203,22832
173204,22833
173214,22834
173216,22835
173225,22836
173232,22837
173235,22838
173239,22839
173240,22840
173243,22841
173244,22842
173252,22843
173259,22844
173268,22845
173272,22846
173280,22847
173291,22848
173301,22849
173304,22850
173311,22851
173315,22852
173331,22853
173340,22854
173341,22855
173342,22856
173343,22857
173347,22858
173354,22859
173355,22860
173357,22861
173365,22862
173402,22863
173409,22864
173415,22865
173433,22866
173441,22867
173464,22868
173470,22869
173481,22870
173482,22871
173486,22872
173494,22873
173508,22874
173509,22875
173511,22876
173512,22877
173516,22878
173517,22879
173521,22880
173526,22881
173536,22882
173547,22883
173560,22884
173577,22885
173580,22886
173586,22887
173592,22888
173604,22889
173623,22890
173632,22891
173650,22892
173652,22893
173654,22894
173657,22895
173659,22896
173660,22897
173673,22898
173679,22899
173684,22900
173687,22901
173694,22902
173705,22903
173708,22904
173718,22905
173721,22906
173724,22907
173728,22908
173743,22909
173758,22910
173769,22911
173773,22912
173781,22913
173795,22914
173802,22915
173828,22916
173835,22917
173841,22918
173850,22919
173852,22920
173856,22921
173860,22922
173879,22923
173881,22924
173888,22925
173894,22926
173898,22927
173906,22928
173910,22929
173922,22930
173927,22931
173930,22932
173932,22933
173933,22934
173935,22935
173946,22936
173951,22937
173984,22938
173999,22939
174004,22940
174006,22941
174017,22942
174018,22943
174021,22944
174031,22945
174034,22946
174038,22947
174059,22948
174062,22949
174072,22950
174074,22951
174077,22952
174092,22953
174093,22954
174103,22955
174125,22956
174131,22957
174138,22958
174140,22959
174142,22960
174143,22961
174145,22962
174151,22963
174154,22964
174163,22965
174168,22966
174179,22967
174190,22968
174195,22969
174207,22970
174216,22971
174243,22972
174244,22973
174253,22974
174256,22975
174276,22976
174281,22977
174282,22978
174296,22979
174301,22980
174304,22981
174307,22982
174309,22983
174313,22984
174322,22985
174326,22986
174334,22987
174362,22988
174367,22989
174374,22990
174375,22991
174388,22992
174428,22993
174434,22994
174437,22995
174453,22996
174460,22997
174480,22998
174484,22999
174485,23000
174486,23001
174488,23002
174497,23003
174501,23004
174503,23005
174506,23006
174509,23007
174512,23008
174525,23009
174534,23010
174538,23011
174568,23012
174571,23013
174575,23014
174581,23015
174584,23016
174587,23017
174590,23018
174594,23019
174596,23020
174600,23021
174601,23022
174605,23023
174610,23024
174615,23025
174616,23026
174622,23027
174625,23028
174630,23029
174633,23030
174638,23031
174642,23032
174646,23033
174657,23034
174668,23035
174683,23036
174685,23037
174687,23038
174692,23039
174700,23040
174707,23041
174711,23042
174714,23043
174719,23044
174723,23045
174726,23046
174738,23047
174745,23048
174757,23049
174760,23050
174776,23051
174791,23052
174793,23053
174807,23054
174813,23055
174817,23056
174827,23057
174830,23058
174834,23059
174848,23060
174851,23061
174856,23062
174861,23063
174890,23064
174892,23065
174897,23066
174905,23067
174911,23068
174913,23069
174914,23070
174916,23071
174918,23072
174938,23073
174946,23074
174962,23075
174976,23076
174978,23077
174981,23078
174982,23079
174985,23080
174986,23081
174987,23082
174991,23083
174993,23084
174998,23085
175000,23086
175003,23087
175004,23088
175007,23089
175009,23090
175021,23091
175040,23092
175048,23093
175052,23094
175062,23095
175068,23096
175070,23097
175073,23098
175075,23099
175080,23100
175084,23101
175092,23102
175093,23103
175095,23104
175100,23105
175101,23106
175108,23107
175110,23108
175117,23109
175123,23110
175141,23111
175142,23112
175145,23113
175149,23114
175166,23115
175168,23116
175174,23117
175175,23118
175185,23119
175193,23120
175195,23121
175198,23122
175205,23123
175206,23124
175213,23125
175223,23126
175224,23127
175228,23128
175230,23129
175234,23130
175235,23131
175240,23132
175249,23133
175253,23134
175254,23135
175256,23136
175257,23137
175269,23138
175271,23139
175278,23140
175283,23141
175284,23142
175287,23143
175299,23144
175304,23145
175306,23146
175307,23147
175312,23148
175315,23149
175323,23150
175327,23151
175329,23152
175331,23153
175359,23154
175361,23155
175362,23156
175367,23157
175391,23158
175399,23159
175402,23160
175405,23161
175410,23162
175430,23163
175448,23164
175469,23165
175485,23166
175493,23167
175510,23168
175512,23169
175517,23170
175519,23171
175529,23172
175536,23173
175544,23174
175559,23175
175580,23176
175589,23177
175591,23178
175592,23179
175595,23180
175599,23181
175607,23182
175610,23183
175636,23184
175647,23185
175660,23186
175668,23187
175703,23188
175722,23189
175739,23190
175740,23191
175749,23192
175752,23193
175754,23194
175794,23195
175796,23196
175805,23197
175808,23198
175828,23199
175832,23200
175837,23201
175851,23202
175855,23203
175870,23204
175873,23205
175874,23206
175880,23207
175886,23208
175891,23209
175909,23210
175912,23211
175956,23212
175977,23213
175978,23214
175996,23215
176005,23216
176010,23217
176023,23218
176037,23219
176038,23220
176041,23221
176047,23222
176053,23223
176054,23224
176062,23225
176075,23226
176089,23227
176094,23228
176096,23229
176098,23230
176100,23231
176102,23232
176105,23233
176109,23234
176112,23235
176114,23236
176128,23237
176143,23238
176161,23239
176162,23240
176163,23241
176164,23242
176170,23243
176176,23244
176201,23245
176214,23246
176230,23247
176232,23248
176236,23249
176238,23250
176248,23251
176252,23252
176256,23253
176257,23254
176280,23255
176348,23256
176349,23257
176352,23258
176367,23259
176374,23260
176388,23261
176401,23262
176417,23263
176418,23264
176420,23265
176434,23266
176444,23267
176452,23268
176459,23269
176468,23270
176477,23271
176478,23272
176481,23273
176486,23274
176494,23275
176499,23276
176504,23277
176509,23278
176512,23279
176516,23280
176523,23281
176525,23282
176526,23283
176528,23284
176545,23285
176560,23286
176566,23287
176573,23288
176576,23289
176577,23290
176597,23291
176600,23292
176624,23293
176625,23294
176656,23295
176658,23296
176663,23297
176667,23298
176668,23299
176679,23300
176687,23301
176703,23302
176709,23303
176713,23304
176716,23305
176720,23306
176730,23307
176736,23308
176737,23309
176742,23310
176758,23311
176760,23312
176761,23313
176785,23314
176790,23315
176798,23316
176804,23317
176805,23318
176807,23319
176819,23320
176828,23321
176835,23322
176838,23323
176839,23324
176842,23325
176846,23326
176852,23327
176853,23328
176855,23329
176857,23330
176875,23331
176884,23332
176887,23333
176890,23334
176892,23335
176894,23336
176902,23337
176903,23338
176916,23339
176918,23340
176944,23341
176960,23342
176966,23343
176975,23344
176976,23345
176978,23346
176992,23347
176997,23348
177015,23349
177017,23350
177021,23351
177040,23352
177047,23353
177050,23354
177051,23355
177058,23356
177072,23357
177073,23358
177079,23359
177082,23360
177088,23361
177090,23362
177091,23363
177096,23364
177098,23365
177102,23366
177103,23367
177108,23368
177110,23369
177113,23370
177128,23371
177134,23372
177152,23373
177156,23374
177157,23375
177180,23376
177186,23377
177195,23378
177209,23379
177217,23380
177220,23381
177233,23382
177236,23383
177237,23384
177239,23385
177250,23386
177251,23387
177252,23388
177262,23389
177277,23390
177284,23391
177287,23392
177294,23393
177295,23394
177296,23395
177318,23396
177321,23397
177330,23398
177334,23399
177339,23400
177341,23401
177346,23402
177349,23403
177353,23404
177358,23405
177363,23406
177367,23407
177373,23408
177374,23409
177375,23410
177386,23411
177398,23412
177399,23413
177403,23414
177404,23415
177405,23416
177427,23417
177432,23418
177434,23419
177435,23420
177436,23421
177445,23422
177449,23423
177451,23424
177454,23425
177458,23426
177459,23427
177479,23428
177492,23429
177514,23430
177531,23431
177534,23432
177560,23433
177569,23434
177573,23435
177575,23436
177590,23437
177634,23438
177638,23439
177641,23440
177654,23441
177658,23442
177660,23443
177661,23444
177673,23445
177677,23446
177683,23447
177688,23448
177690,23449
177701,23450
177703,23451
177704,23452
177716,23453
177719,23454
177731,23455
177737,23456
177744,23457
177765,23458
177778,23459
177792,23460
177799,23461
177823,23462
177838,23463
177842,23464
177845,23465
177854,23466
177861,23467
177862,23468
177870,23469
177874,23470
177876,23471
177879,23472
177918,23473
177923,23474
177932,23475
177964,23476
177968,23477
177971,23478
177972,23479
177976,23480
177977,23481
177980,23482
177983,23483
177989,23484
177990,23485
177995,23486
178001,23487
178006,23488
178013,23489
178022,23490
178026,23491
178029,23492
178032,23493
178035,23494
178053,23495
178054,23496
178056,23497
178057,23498
178058,23499
178065,23500
178069,23501
178072,23502
178077,23503
178079,23504
178084,23505
178089,23506
178093,23507
178097,23508
178104,23509
178114,23510
178115,23511
178123,23512
178130,23513
178140,23514
178144,23515
178146,23516
178147,23517
178149,23518
178151,23519
178160,23520
178169,23521
178173,23522
178181,23523
178183,23524
178195,23525
178199,23526
178201,23527
178203,23528
178215,23529
178220,23530
178223,23531
178229,23532
178234,23533
178240,23534
178252,23535
178254,23536
178261,23537
178265,23538
178290,23539
178295,23540
178305,23541
178315,23542
178322,23543
178329,23544
178338,23545
178339,23546
178349,23547
178355,23548
178356,23549
178362,23550
178405,23551
178408,23552
178412,23553
178439,23554
178446,23555
178456,23556
178458,23557
178461,23558
178467,23559
178478,23560
178485,23561
178493,23562
178522,23563
178526,23564
178529,23565
178534,23566
178539,23567
178544,23568
178550,23569
178553,23570
178558,23571
178562,23572
178568,23573
178578,23574
178582,23575
178587,23576
178597,23577
178603,23578
178604,23579
178614,23580
178625,23581
178628,23582
178652,23583
178666,23584
178667,23585
178668,23586
178674,23587
178686,23588
178693,23589
178695,23590
178701,23591
178706,23592
178710,23593
178726,23594
178733,23595
178742,23596
178749,23597
178753,23598
178758,23599
178761,23600
178762,23601
178765,23602
178797,23603
178829,23604
178834,23605
178837,23606
178839,23607
178854,23608
178880,23609
178889,23610
178890,23611
178895,23612
178899,23613
178905,23614
178914,23615
178919,23616
178920,23617
178945,23618
178946,23619
178950,23620
178953,23621
178961,23622
178962,23623
178965,23624
178969,23625
178978,23626
178983,23627
178991,23628
179005,23629
179012,23630
179019,23631
179030,23632
179054,23633
179055,23634
179067,23635
179068,23636
179075,23637
179094,23638
179099,23639
179118,23640
179143,23641
179144,23642
179147,23643
179175,23644
179183,23645
179184,23646
179189,23647
179190,23648
179198,23649
179211,23650
179216,23651
179238,23652
179239,23653
179242,23654
179249,23655
179279,23656
179280,23657
179288,23658
179290,23659
179291,23660
179293,23661
179321,23662
179327,23663
179330,23664
179344,23665
179360,23666
179383,23667
179390,23668
179392,23669
179411,23670
179413,23671
179414,23672
179416,23673
179433,23674
179436,23675
179451,23676
179454,23677
179464,23678
179475,23679
179501,23680
179523,23681
179532,23682
179534,23683
179543,23684
179544,23685
179553,23686
179554,23687
179563,23688
179576,23689
179591,23690
179608,23691
179624,23692
179636,23693
179641,23694
179648,23695
179659,23696
179688,23697
179694,23698
179712,23699
179713,23700
179718,23701
179730,23702
179733,23703
179734,23704
179739,23705
179741,23706
179743,23707
179744,23708
179745,23709
179752,23710
179757,23711
179758,23712
179765,23713
179772,23714
179791,23715
179793,23716
179797,23717
179799,23718
179812,23719
179826,23720
179831,23721
179843,23722
179853,23723
179857,23724
179859,23725
179863,23726
179865,23727
179866,23728
179885,23729
179904,23730
179906,23731
179915,23732
179929,23733
179939,23734
179961,23735
179965,23736
179978,23737
179981,23738
179982,23739
179986,23740
180002,23741
180018,23742
180019,23743
180025,23744
180032,23745
180042,23746
180056,23747
180076,23748
180097,23749
180120,23750
180131,23751
180139,23752
180146,23753
180149,23754
180150,23755
180151,23756
180155,23757
180157,23758
180159,23759
180164,23760
180169,23761
180180,23762
180195,23763
180206,23764
180239,23765
180265,23766
180280,23767
180305,23768
180314,23769
180320,23770
180333,23771
180348,23772
180364,23773
180369,23774
180376,23775
180378,23776
180383,23777
180386,23778
180390,23779
180407,23780
180415,23781
180422,23782
180430,23783
180436,23784
180440,23785
180441,23786
180445,23787
180447,23788
180458,23789
180469,23790
180482,23791
180491,23792
180495,23793
180498,23794
180522,23795
180533,23796
180540,23797
180549,23798
180556,23799
180558,23800
180571,23801
180573,23802
180580,23803
180586,23804
180591,23805
180600,23806
180644,23807
180651,23808
180658,23809
180669,23810
180671,23811
180682,23812
180707,23813
180722,23814
180733,23815
180770,23816
180772,23817
180775,23818
180778,23819
180795,23820
180801,23821
180802,23822
180813,23823
180815,23824
180832,23825
180835,23826
180839,23827
180840,23828
180845,23829
180859,23830
180860,23831
180865,23832
180867,23833
180871,23834
180876,23835
180903,23836
180909,23837
180915,23838
180917,23839
180922,23840
180925,23841
180927,23842
180937,23843
180942,23844
180955,23845
180957,23846
180958,23847
180960,23848
180975,23849
180981,23850
180989,23851
180991,23852
181011,23853
181026,23854
181033,23855
181037,23856
181038,23857
181048,23858
181061,23859
181063,23860
181065,23861
181071,23862
181076,23863
181077,23864
181084,23865
181091,23866
181103,23867
181117,23868
181118,23869
181122,23870
181129,23871
181156,23872
181162,23873
181165,23874
181176,23875
181187,23876
181191,23877
181200,23878
181201,23879
181203,23880
181207,23881
181212,23882
181223,23883
181226,23884
181238,23885
181246,23886
181248,23887
181254,23888
181255,23889
181266,23890
181293,23891
181296,23892
181309,23893
181316,23894
181320,23895
181328,23896
181341,23897
181368,23898
181398,23899
181401,23900
181411,23901
181416,23902
181436,23903
181443,23904
181452,23905
181473,23906
181479,23907
181496,23908
181507,23909
181508,23910
181513,23911
181514,23912
181519,23913
181526,23914
181532,23915
181566,23916
181567,23917
181573,23918
181586,23919
181604,23920
181608,23921
181614,23922
181666,23923
181681,23924
181683,23925
181687,23926
181689,23927
181691,23928
181704,23929
181711,23930
181713,23931
181714,23932
181731,23933
181736,23934
181754,23935
181763,23936
181774,23937
181777,23938
181778,23939
181781,23940
181796,23941
181830,23942
181833,23943
181854,23944
181856,23945
181864,23946
181870,23947
181877,23948
181884,23949
181894,23950
181896,23951
181907,23952
181916,23953
181944,23954
181948,23955
181952,23956
181956,23957
181965,23958
181966,23959
181974,23960
181975,23961
181976,23962
181979,23963
181990,23964
181995,23965
181997,23966
182010,23967
182024,23968
182028,23969
182032,23970
182034,23971
182052,23972
182053,23973
182055,23974
182063,23975
182064,23976
182079,23977
182080,23978
182084,23979
182085,23980
182086,23981
182088,23982
182091,23983
182093,23984
182101,23985
182113,23986
182115,23987
182117,23988
182119,23989
182123,23990
182147,23991
182154,23992
182159,23993
182160,23994
182164,23995
182180,23996
182181,23997
182184,23998
182188,23999
182202,24000
182208,24001
182211,24002
182212,24003
182215,24004
182229,24005
182242,24006
182243,24007
182265,24008
182275,24009
182306,24010
182318,24011
182334,24012
182339,24013
182345,24014
182360,24015
182367,24016
182381,24017
182382,24018
182387,24019
182393,24020
182403,24021
182409,24022
182414,24023
182418,24024
182423,24025
182424,24026
182425,24027
182429,24028
182430,24029
182442,24030
182445,24031
182452,24032
182459,24033
182475,24034
182482,24035
182499,24036
182505,24037
182506,24038
182527,24039
182551,24040
182552,24041
182554,24042
182599,24043
182606,24044
182612,24045
182623,24046
182642,24047
182675,24048
182676,24049
182700,24050
182710,24051
182720,24052
182728,24053
182746,24054
182749,24055
182760,24056
182781,24057
182786,24058
182793,24059
182794,24060
182801,24061
182809,24062
182819,24063
182821,24064
182822,24065
182828,24066
182829,24067
182831,24068
182834,24069
182838,24070
182847,24071
182863,24072
182874,24073
182881,24074
182922,24075
182931,24076
182933,24077
182939,24078
182945,24079
182954,24080
182966,24081
182969,24082
182987,24083
182988,24084
182993,24085
182994,24086
183005,24087
183015,24088
183017,24089
183025,24090
183029,24091
183034,24092
183046,24093
183060,24094
183061,24095
183071,24096
183078,24097
183081,24098
183088,24099
183091,24100
183100,24101
183101,24102
183103,24103
183110,24104
183111,24105
183122,24106
183124,24107
183126,24108
183129,24109
183131,24110
183132,24111
183134,24112
183139,24113
183142,24114
183145,24115
183146,24116
183171,24117
183172,24118
183176,24119
183178,24120
183187,24121
183189,24122
183196,24123
183200,24124
183213,24125
183226,24126
183248,24127
183273,24128
183274,24129
183277,24130
183284,24131
183287,24132
183289,24133
183302,24134
183306,24135
183320,24136
183335,24137
183340,24138
183346,24139
183347,24140
183353,24141
183371,24142
183385,24143
183394,24144
183418,24145
183436,24146
183444,24147
183472,24148
183476,24149
183482,24150
183524,24151
183530,24152
183532,24153
183537,24154
183540,24155
183542,24156
183555,24157
183556,24158
183560,24159
183566,24160
183568,24161
183571,24162
183572,24163
183580,24164
183584,24165
183589,24166
183597,24167
183598,24168
183615,24169
183648,24170
183651,24171
183664,24172
183670,24173
183673,24174
183676,24175
183695,24176
183722,24177
183725,24178
183739,24179
183740,24180
183745,24181
183747,24182
183753,24183
183759,24184
183771,24185
183776,24186
183780,24187
183788,24188
183791,24189
183801,24190
183813,24191
183816,24192
183832,24193
183849,24194
183855,24195
183871,24196
183874,24197
183878,24198
183883,24199
183886,24200
183918,24201
183922,24202
183923,24203
183926,24204
183931,24205
183941,24206
183952,24207
183958,24208
183963,24209
183981,24210
183985,24211
183995,24212
184024,24213
184028,24214
184042,24215
184053,24216
184067,24217
184068,24218
184089,24219
184103,24220
184112,24221
184120,24222
184121,24223
184124,24224
184127,24225
184137,24226
184148,24227
184152,24228
184154,24229
184163,24230
184175,24231
184186,24232
184190,24233
184195,24234
184196,24235
184197,24236
184202,24237
184203,24238
184216,24239
184223,24240
184235,24241
184237,24242
184263,24243
184265,24244
184270,24245
184272,24246
184279,24247
184295,24248
184299,24249
184305,24250
184310,24251
184313,24252
184319,24253
184328,24254
184342,24255
184354,24256
184360,24257
184363,24258
184365,24259
184372,24260
184386,24261
184387,24262
184389,24263
184401,24264
184402,24265
184424,24266
184435,24267
184443,24268
184445,24269
184465,24270
184473,24271
184479,24272
184482,24273
184483,24274
184485,24275
184486,24276
184493,24277
184497,24278
184500,24279
184513,24280
184532,24281
184540,24282
184547,24283
184562,24284
184591,24285
184629,24286
184632,24287
184636,24288
184639,24289
184647,24290
184648,24291
184649,24292
184653,24293
184655,24294
184661,24295
184684,24296
184693,24297
184705,24298
184706,24299
184719,24300
184729,24301
184744,24302
184748,24303
184760,24304
184770,24305
184777,24306
184782,24307
184788,24308
184789,24309
184792,24310
184838,24311
184845,24312
184870,24313
184890,24314
184891,24315
184904,24316
184906,24317
184918,24318
184924,24319
184930,24320
184934,24321
184960,24322
184966,24323
184975,24324
184976,24325
184985,24326
184990,24327
184993,24328
185006,24329
185011,24330
185051,24331
185056,24332
185071,24333
185087,24334
185094,24335
185100,24336
185111,24337
185119,24338
185123,24339
185135,24340
185136,24341
185137,24342
185140,24343
185147,24344
185153,24345
185154,24346
185163,24347
185176,24348
185179,24349
185192,24350
185210,24351
185227,24352
185232,24353
185233,24354
185244,24355
185248,24356
185249,24357
185252,24358
185254,24359
185263,24360
185275,24361
185280,24362
185282,24363
185287,24364
185288,24365
185289,24366
185296,24367
185299,24368
185302,24369
185308,24370
185313,24371
185317,24372
185327,24373
185331,24374
185335,24375
185339,24376
185347,24377
185351,24378
185354,24379
185359,24380
185366,24381
185369,24382
185377,24383
185379,24384
185384,24385
185390,24386
185392,24387
185402,24388
185404,24389
185412,24390
185417,24391
185437,24392
185439,24393
185448,24394
185450,24395
185452,24396
185456,24397
185462,24398
185467,24399
185468,24400
185472,24401
185473,24402
185477,24403
185496,24404
185497,24405
185510,24406
185514,24407
185519,24408
185521,24409
185528,24410
185538,24411
185554,24412
185580,24413
185593,24414
185608,24415
185634,24416
185640,24417
185643,24418
185651,24419
185653,24420
185664,24421
185671,24422
185676,24423
185677,24424
185683,24425
185694,24426
185695,24427
185696,24428
185722,24429
185726,24430
185731,24431
185758,24432
185771,24433
185789,24434
185795,24435
185834,24436
185860,24437
185921,24438
185933,24439
185942,24440
185955,24441
185988,24442
185992,24443
185997,24444
186000,24445
186010,24446
186017,24447
186024,24448
186032,24449
186037,24450
186038,24451
186039,24452
186042,24453
186046,24454
186057,24455
186104,24456
186113,24457
186115,24458
186143,24459
186152,24460
186203,24461
186238,24462
186242,24463
186294,24464
186312,24465
186323,24466
186326,24467
186334,24468
186415,24469
186435,24470
186439,24471
186446,24472
186447,24473
186457,24474
186498,24475
186516,24476
186521,24477
186527,24478
186533,24479
186547,24480
186558,24481
186570,24482
186591,24483
186601,24484
186604,24485
186611,24486
186623,24487
186628,24488
186644,24489
186646,24490
186648,24491
186650,24492
186656,24493
186664,24494
186666,24495
186678,24496
186680,24497
186694,24498
186697,24499
186701,24500
186714,24501
186728,24502
186736,24503
186739,24504
186748,24505
186762,24506
186768,24507
186773,24508
186780,24509
186782,24510
186784,24511
186807,24512
186811,24513
186821,24514
186824,24515
186832,24516
186837,24517
186841,24518
186848,24519
186849,24520
186850,24521
186852,24522
186857,24523
186865,24524
186866,24525
186867,24526
186883,24527
186885,24528
186890,24529
186899,24530
186916,24531
186924,24532
186939,24533
186969,24534
186970,24535
186971,24536
186979,24537
186991,24538
187003,24539
187008,24540
187024,24541
187025,24542
187029,24543
187030,24544
187031,24545
187034,24546
187035,24547
187039,24548
187040,24549
187043,24550
187059,24551
187065,24552
187072,24553
187090,24554
187104,24555
187108,24556
187115,24557
187117,24558
187123,24559
187145,24560
187153,24561
187155,24562
187163,24563
187170,24564
187171,24565
187172,24566
187187,24567
187192,24568
187232,24569
187233,24570
187239,24571
187244,24572
187248,24573
187256,24574
187257,24575
187260,24576
187262,24577
187266,24578
187274,24579
187286,24580
187289,24581
187290,24582
187309,24583
187333,24584
187343,24585
187372,24586
187374,24587
187378,24588
187387,24589
187408,24590
187409,24591
187410,24592
187422,24593
187425,24594
187426,24595
187427,24596
187430,24597
187462,24598
187463,24599
187469,24600
187476,24601
187478,24602
187481,24603
187487,24604
187517,24605
187520,24606
187533,24607
187540,24608
187550,24609
187557,24610
187565,24611
187574,24612
187579,24613
187584,24614
187598,24615
187606,24616
187607,24617
187612,24618
187613,24619
187618,24620
187621,24621
187624,24622
187626,24623
187682,24624
187696,24625
187701,24626
187704,24627
187726,24628
187729,24629
187745,24630
187747,24631
187752,24632
187761,24633
187762,24634
187763,24635
187790,24636
187801,24637
187805,24638
187810,24639
187812,24640
187822,24641
187830,24642
187835,24643
187842,24644
187863,24645
187871,24646
187896,24647
187904,24648
187906,24649
187907,24650
187913,24651
187915,24652
187917,24653
187918,24654
187919,24655
187922,24656
187929,24657
187931,24658
187932,24659
187944,24660
187948,24661
187954,24662
187960,24663
187970,24664
187972,24665
187978,24666
187980,24667
187981,24668
187989,24669
187990,24670
187994,24671
188010,24672
188022,24673
188024,24674
188026,24675
188027,24676
188038,24677
188044,24678
188064,24679
188084,24680
188106,24681
188118,24682
188119,24683
188123,24684
188129,24685
188130,24686
188132,24687
188143,24688
188155,24689
188162,24690
188171,24691
188178,24692
188190,24693
188208,24694
188210,24695
188231,24696
188253,24697
188263,24698
188268,24699
188273,24700
188276,24701
188279,24702
188280,24703
188288,24704
188297,24705
188302,24706
188318,24707
188331,24708
188350,24709
188369,24710
188379,24711
188389,24712
188396,24713
188398,24714
188406,24715
188411,24716
188412,24717
188418,24718
188421,24719
188427,24720
188441,24721
188455,24722
188463,24723
188478,24724
188483,24725
188484,24726
188490,24727
188503,24728
188513,24729
188518,24730
188528,24731
188529,24732
188542,24733
188545,24734
188546,24735
188550,24736
188557,24737
188558,24738
188564,24739
188583,24740
188589,24741
188593,24742
188598,24743
188628,24744
188636,24745
188658,24746
188659,24747
188661,24748
188662,24749
188668,24750
188673,24751
188676,24752
188685,24753
188696,24754
188702,24755
188704,24756
188731,24757
188740,24758
188771,24759
188779,24760
188780,24761
188786,24762
188788,24763
188792,24764
188793,24765
188794,24766
188796,24767
188799,24768
188809,24769
188813,24770
188845,24771
188854,24772
188877,24773
188878,24774
188890,24775
188902,24776
188908,24777
188909,24778
188912,24779
188929,24780
188951,24781
189005,24782
189042,24783
189064,24784
189065,24785
189066,24786
189076,24787
189080,24788
189100,24789
189104,24790
189105,24791
189108,24792
189115,24793
189131,24794
189139,24795
189144,24796
189151,24797
189165,24798
189190,24799
189210,24800
189220,24801
189227,24802
189235,24803
189239,24804
189249,24805
189254,24806
189266,24807
189279,24808
189286,24809
189318,24810
189320,24811
189330,24812
189334,24813
189335,24814
189337,24815
189339,24816
189340,24817
189346,24818
189349,24819
189356,24820
189382,24821
189392,24822
189398,24823
189403,24824
189408,24825
189426,24826
189431,24827
189441,24828
189450,24829
189457,24830
189463,24831
189474,24832
189481,24833
189490,24834
189497,24835
189499,24836
189514,24837
189516,24838
189526,24839
189536,24840
189540,24841
189541,24842
189544,24843
189554,24844
189557,24845
189558,24846
189565,24847
189584,24848
189586,24849
189609,24850
189619,24851
189623,24852
189631,24853
189632,24854
189655,24855
189665,24856
189666,24857
189668,24858
189678,24859
189686,24860
189690,24861
189694,24862
189718,24863
189721,24864
189722,24865
189725,24866
189747,24867
189750,24868
189766,24869
189778,24870
189789,24871
189804,24872
189813,24873
189816,24874
189833,24875
189835,24876
189844,24877
189847,24878
189848,24879
189855,24880
189857,24881
189876,24882
189877,24883
189891,24884
189893,24885
189918,24886
189921,24887
189935,24888
189939,24889
189949,24890
189951,24891
189961,24892
189971,24893
189973,24894
189976,24895
189983,24896
189985,24897
189996,24898
190023,24899
190033,24900
190062,24901
190074,24902
190076,24903
190080,24904
190082,24905
190097,24906
190104,24907
190109,24908
190111,24909
190123,24910
190134,24911
190161,24912
190171,24913
190172,24914
190175,24915
190185,24916
190187,24917
190220,24918
190228,24919
190265,24920
190272,24921
190278,24922
190289,24923
190293,24924
190298,24925
190299,24926
190305,24927
190309,24928
190318,24929
190321,24930
190325,24931
190331,24932
190335,24933
190336,24934
190345,24935
190347,24936
190350,24937
190364,24938
190365,24939
190374,24940
190386,24941
190398,24942
190407,24943
190409,24944
190412,24945
190419,24946
190422,24947
190432,24948
190440,24949
190441,24950
190444,24951
190445,24952
190448,24953
190451,24954
190459,24955
190479,24956
190485,24957
190491,24958
190497,24959
190499,24960
190506,24961
190509,24962
190512,24963
190514,24964
190521,24965
190523,24966
190531,24967
190533,24968
190537,24969
190538,24970
190573,24971
190585,24972
190592,24973
190604,24974
190609,24975
190636,24976
190637,24977
190642,24978
190650,24979
190688,24980
190690,24981
190708,24982
190729,24983
190741,24984
190753,24985
190778,24986
190784,24987
190789,24988
190791,24989
190806,24990
190807,24991
190808,24992
190814,24993
190818,24994
190831,24995
190842,24996
190844,24997
190846,24998
190849,24999
190862,25000
190885,25001
190887,25002
190890,25003
190902,25004
190917,25005
190922,25006
190923,25007
190925,25008
190933,25009
190939,25010
190953,25011
190955,25012
190960,25013
190965,25014
190973,25015
190976,25016
190981,25017
190996,25018
190997,25019
191001,25020
191007,25021
191014,25022
191035,25023
191049,25024
191070,25025
191072,25026
191075,25027
191079,25028
191088,25029
191093,25030
191099,25031
191108,25032
191110,25033
191122,25034
191126,25035
191150,25036
191157,25037
191159,25038
191163,25039
191165,25040
191166,25041
191173,25042
191177,25043
191178,25044
191187,25045
191188,25046
191190,25047
191214,25048
191226,25049
191247,25050
191274,25051
191288,25052
191293,25053
191294,25054
191300,25055
191316,25056
191327,25057
191425,25058
191430,25059
191444,25060
191448,25061
191468,25062
191498,25063
191505,25064
191506,25065
191508,25066
191515,25067
191520,25068
191521,25069
191523,25070
191524,25071
191531,25072
191542,25073
191547,25074
191548,25075
191555,25076
191560,25077
191575,25078
191587,25079
191589,25080
191596,25081
191599,25082
191604,25083
191610,25084
191626,25085
191630,25086
191637,25087
191638,25088
191670,25089
191671,25090
191683,25091
191685,25092
191694,25093
191707,25094
191714,25095
191715,25096
191716,25097
191720,25098
191724,25099
191728,25100
191740,25101
191752,25102
191756,25103
191761,25104
191766,25105
191775,25106
191777,25107
191779,25108
191795,25109
191803,25110
191807,25111
191815,25112
191819,25113
191841,25114
191845,25115
191865,25116
191875,25117
191879,25118
191881,25119
191883,25120
191885,25121
191887,25122
191888,25123
191896,25124
191900,25125
191912,25126
191913,25127
191914,25128
191937,25129
191961,25130
191968,25131
191976,25132
191978,25133
191986,25134
191991,25135
192002,25136
192007,25137
192011,25138
192021,25139
192023,25140
192033,25141
192037,25142
192038,25143
192063,25144
192068,25145
192083,25146
192093,25147
192095,25148
192101,25149
192119,25150
192121,25151
192129,25152
192135,25153
192147,25154
192155,25155
192158,25156
192159,25157
192165,25158
192176,25159
192185,25160
192191,25161
192199,25162
192203,25163
192211,25164
192222,25165
192228,25166
192230,25167
192235,25168
192240,25169
192244,25170
192245,25171
192249,25172
192257,25173
192262,25174
192278,25175
192280,25176
192287,25177
192302,25178
192305,25179
192308,25180
192335,25181
192348,25182
192350,25183
192351,25184
192353,25185
192354,25186
192374,25187
192375,25188
192387,25189
192393,25190
192399,25191
192413,25192
192424,25193
192426,25194
192428,25195
192429,25196
192449,25197
192453,25198
192460,25199
192462,25200
192472,25201
192476,25202
192479,25203
192492,25204
192500,25205
192512,25206
192514,25207
192535,25208
192544,25209
192560,25210
192587,25211
192607,25212
192621,25213
192629,25214
192634,25215
192641,25216
192644,25217
192660,25218
192662,25219
192665,25220
192673,25221
192684,25222
192696,25223
192705,25224
192710,25225
192719,25226
192725,25227
192726,25228
192727,25229
192733,25230
192739,25231
192749,25232
192756,25233
192760,25234
192762,25235
192764,25236
192765,25237
192767,25238
192776,25239
192778,25240
192779,25241
192803,25242
192804,25243
192806,25244
192820,25245
192822,25246
192832,25247
192842,25248
192844,25249
192845,25250
192854,25251
192858,25252
192861,25253
192875,25254
192880,25255
192895,25256
192906,25257
192914,25258
192935,25259
192960,25260
192964,25261
192979,25262
192982,25263
192992,25264
192999,25265
193003,25266
193015,25267
193017,25268
193063,25269
193070,25270
193084,25271
193106,25272
193117,25273
193118,25274
193131,25275
193143,25276
193148,25277
193149,25278
193156,25279
193162,25280
193168,25281
193237,25282
193244,25283
193248,25284
193272,25285
193294,25286
193300,25287
193322,25288
193326,25289
193335,25290
193336,25291
193337,25292
193338,25293
193339,25294
193344,25295
193350,25296
193352,25297
193368,25298
193379,25299
193386,25300
193403,25301
193412,25302
193416,25303
193417,25304
193420,25305
193421,25306
193428,25307
193432,25308
193441,25309
193442,25310
193446,25311
193448,25312
193458,25313
193469,25314
193470,25315
193472,25316
193482,25317
193498,25318
193499,25319
193500,25320
193502,25321
193512,25322
193517,25323
193518,25324
193522,25325
193529,25326
193531,25327
193533,25328
193540,25329
193542,25330
193549,25331
193560,25332
193572,25333
193584,25334
193606,25335
193610,25336
193612,25337
193615,25338
193617,25339
193620,25340
193634,25341
193637,25342
193641,25343
193642,25344
193648,25345
193660,25346
193661,25347
193664,25348
193667,25349
193672,25350
193676,25351
193680,25352
193695,25353
193696,25354
193716,25355
193720,25356
193723,25357
193736,25358
193738,25359
193740,25360
193746,25361
193749,25362
193750,25363
193759,25364
193765,25365
193768,25366
193769,25367
193778,25368
193785,25369
193786,25370
193798,25371
193805,25372
193817,25373
193819,25374
193825,25375
193830,25376
193846,25377
193854,25378
193857,25379
193859,25380
193860,25381
193871,25382
193873,25383
193875,25384
193886,25385
193890,25386
193898,25387
193904,25388
193917,25389
193920,25390
193925,25391
193926,25392
193935,25393
193938,25394
193940,25395
193943,25396
193944,25397
193962,25398
193966,25399
193974,25400
194002,25401
194005,25402
194006,25403
194009,25404
194016,25405
194018,25406
194025,25407
194027,25408
194112,25409
194124,25410
194129,25411
194134,25412
194138,25413
194156,25414
194161,25415
194172,25416
194187,25417
194202,25418
194205,25419
194206,25420
194221,25421
194222,25422
194229,25423
194237,25424
194243,25425
194253,25426
194257,25427
194260,25428
194266,25429
194273,25430
194282,25431
194287,25432
194296,25433
194299,25434
194305,25435
194306,25436
194339,25437
194358,25438
194364,25439
194366,25440
194378,25441
194388,25442
194411,25443
194421,25444
194423,25445
194425,25446
194436,25447
194451,25448
194454,25449
194457,25450
194463,25451
194475,25452
194492,25453
194500,25454
194506,25455
194513,25456
194514,25457
194518,25458
194519,25459
194525,25460
194534,25461
194543,25462
194544,25463
194556,25464
194568,25465
194572,25466
194577,25467
194585,25468
194590,25469
194597,25470
194600,25471
194602,25472
194605,25473
194606,25474
194614,25475
194636,25476
194637,25477
194639,25478
194642,25479
194645,25480
194646,25481
194648,25482
194649,25483
194669,25484
194676,25485
194685,25486
194688,25487
194690,25488
194694,25489
194699,25490
194701,25491
194705,25492
194706,25493
194709,25494
194710,25495
194717,25496
194719,25497
194732,25498
194735,25499
194738,25500
194739,25501
194747,25502
194772,25503
194777,25504
194779,25505
194799,25506
194803,25507
194809,25508
194824,25509
194825,25510
194831,25511
194861,25512
194877,25513
194882,25514
194913,25515
194920,25516
194924,25517
194925,25518
194929,25519
194936,25520
194942,25521
194957,25522
194974,25523
194992,25524
195000,25525
195008,25526
195016,25527
195033,25528
195041,25529
195049,25530
195057,25531
195063,25532
195070,25533
195079,25534
195085,25535
195091,25536
195100,25537
195101,25538
195102,25539
195108,25540
195116,25541
195123,25542
195124,25543
195128,25544
195129,25545
195143,25546
195145,25547
195171,25548
195178,25549
195182,25550
195188,25551
195195,25552
195198,25553
195238,25554
195241,25555
195247,25556
195252,25557
195262,25558
195264,25559
195278,25560
195287,25561
195304,25562
195322,25563
195326,25564
195327,25565
195331,25566
195336,25567
195347,25568
195351,25569
195372,25570
195374,25571
195386,25572
195388,25573
195394,25574
195416,25575
195422,25576
195435,25577
195439,25578
195445,25579
195455,25580
195465,25581
195468,25582
195469,25583
195474,25584
195477,25585
195488,25586
195492,25587
195502,25588
195525,25589
195529,25590
195572,25591
195573,25592
195583,25593
195585,25594
195653,25595
195660,25596
195662,25597
195683,25598
195694,25599
195708,25600
195714,25601
195716,25602
195723,25603
195727,25604
195762,25605
195764,25606
195767,25607
195770,25608
195805,25609
195821,25610
195826,25611
195861,25612
195885,25613
195898,25614
195901,25615
195903,25616
195904,25617
195940,25618
195941,25619
195943,25620
195951,25621
195965,25622
195971,25623
195980,25624
195981,25625
195985,25626
195997,25627
196006,25628
196009,25629
196013,25630
196014,25631
196018,25632
196031,25633
196047,25634
196049,25635
196050,25636
196052,25637
196053,25638
196054,25639
196055,25640
196057,25641
196066,25642
196077,25643
196099,25644
196100,25645
196106,25646
196108,25647
196112,25648
196113,25649
196115,25650
196119,25651
196121,25652
196129,25653
196133,25654
196137,25655
196146,25656
196148,25657
196149,25658
196160,25659
196170,25660
196178,25661
196187,25662
196191,25663
196202,25664
196204,25665
196206,25666
196210,25667
196225,25668
196228,25669
196251,25670
196253,25671
196254,25672
196261,25673
196281,25674
196282,25675
196287,25676
196288,25677
196298,25678
196317,25679
196348,25680
196363,25681
196384,25682
196392,25683
196425,25684
196434,25685
196440,25686
196441,25687
196442,25688
196457,25689
196466,25690
196468,25691
196474,25692
196475,25693
196477,25694
196479,25695
196481,25696
196493,25697
196502,25698
196507,25699
196527,25700
196544,25701
196553,25702
196562,25703
196569,25704
196570,25705
196583,25706
196585,25707
196588,25708
196598,25709
196605,25710
196621,25711
196628,25712
196630,25713
196641,25714
196653,25715
196656,25716
196668,25717
196672,25718
196673,25719
196687,25720
196697,25721
196711,25722
196723,25723
196724,25724
196729,25725
196736,25726
196738,25727
196746,25728
196747,25729
196755,25730
196756,25731
196765,25732
196766,25733
196771,25734
196773,25735
196775,25736
196776,25737
196782,25738
196784,25739
196791,25740
196810,25741
196812,25742
196821,25743
196854,25744
196856,25745
196857,25746
196858,25747
196875,25748
196885,25749
196886,25750
196891,25751
196898,25752
196908,25753
196910,25754
196915,25755
196930,25756
196951,25757
196955,25758
196970,25759
196985,25760
197012,25761
197020,25762
197060,25763
197085,25764
197087,25765
197124,25766
197130,25767
197131,25768
197135,25769
197159,25770
197175,25771
197183,25772
197186,25773
197189,25774
197206,25775
197226,25776
197245,25777
197255,25778
197270,25779
197272,25780
197286,25781
197293,25782
197298,25783
197300,25784
197311,25785
197330,25786
197338,25787
197345,25788
197356,25789
197361,25790
197364,25791
197369,25792
197375,25793
197376,25794
197393,25795
197404,25796
197405,25797
197408,25798
197410,25799
197424,25800
197425,25801
197464,25802
197502,25803
197503,25804
197505,25805
197523,25806
197533,25807
197548,25808
197550,25809
197556,25810
197586,25811
197598,25812
197609,25813
197644,25814
197646,25815
197659,25816
197660,25817
197664,25818
197669,25819
197685,25820
197687,25821
197688,25822
197725,25823
197727,25824
197728,25825
197735,25826
197740,25827
197753,25828
197757,25829
197759,25830
197760,25831
197763,25832
197775,25833
197784,25834
197792,25835
197807,25836
197808,25837
197812,25838
197816,25839
197823,25840
197828,25841
197836,25842
197844,25843
197866,25844
197874,25845
197882,25846
197883,25847
197911,25848
197913,25849
197927,25850
197934,25851
197937,25852
197939,25853
197942,25854
197944,25855
197954,25856
197955,25857
197959,25858
197961,25859
197971,25860
197973,25861
197977,25862
197984,25863
197987,25864
197997,25865
198011,25866
198012,25867
198029,25868
198045,25869
198046,25870
198053,25871
198055,25872
198061,25873
198062,25874
198076,25875
198078,25876
198114,25877
198139,25878
198146,25879
198165,25880
198177,25881
198207,25882
198210,25883
198213,25884
198214,25885
198222,25886
198243,25887
198246,25888
198248,25889
198264,25890
198289,25891
198290,25892
198295,25893
198303,25894
198304,25895
198306,25896
198312,25897
198314,25898
198331,25899
198334,25900
198336,25901
198343,25902
198352,25903
198355,25904
198357,25905
198369,25906
198374,25907
198389,25908
198400,25909
198412,25910
198414,25911
198442,25912
198453,25913
198461,25914
198464,25915
198480,25916
198483,25917
198487,25918
198491,25919
198506,25920
198507,25921
198515,25922
198533,25923
198542,25924
198544,25925
198557,25926
198564,25927
198573,25928
198583,25929
198585,25930
198589,25931
198597,25932
198607,25933
198609,25934
198620,25935
198621,25936
198622,25937
198623,25938
198625,25939
198633,25940
198650,25941
198656,25942
198671,25943
198684,25944
198692,25945
198699,25946
198702,25947
198711,25948
198720,25949
198721,25950
198726,25951
198727,25952
198736,25953
198738,25954
198741,25955
198754,25956
198760,25957
198767,25958
198776,25959
198781,25960
198782,25961
198790,25962
198807,25963
198809,25964
198834,25965
198835,25966
198840,25967
198842,25968
198846,25969
198856,25970
198876,25971
198877,25972
198887,25973
198903,25974
198913,25975
198920,25976
198930,25977
198937,25978
198946,25979
198952,25980
198958,25981
198982,25982
198983,25983
198992,25984
198996,25985
199000,25986
199006,25987
199016,25988
199025,25989
199030,25990
199041,25991
199047,25992
199054,25993
199063,25994
199071,25995
199088,25996
199092,25997
199095,25998
199106,25999
199138,26000
199141,26001
199142,26002
199144,26003
199166,26004
199176,26005
199178,26006
199180,26007
199193,26008
199209,26009
199219,26010
199244,26011
199248,26012
199255,26013
199290,26014
199309,26015
199312,26016
199318,26017
199327,26018
199333,26019
199336,26020
199347,26021
199353,26022
199356,26023
199357,26024
199359,26025
199375,26026
199378,26027
199384,26028
199390,26029
199391,26030
199393,26031
199415,26032
199416,26033
199418,26034
199431,26035
199442,26036
199443,26037
199466,26038
199481,26039
199491,26040
199492,26041
199494,26042
199502,26043
199510,26044
199512,26045
199515,26046
199528,26047
199545,26048
199555,26049
199562,26050
199565,26051
199566,26052
199569,26053
199572,26054
199575,26055
199579,26056
199597,26057
199605,26058
199633,26059
199640,26060
199649,26061
199658,26062
199662,26063
199668,26064
199686,26065
199722,26066
199734,26067
199738,26068
199754,26069
199764,26070
199772,26071
199783,26072
199795,26073
199799,26074
199800,26075
199841,26076
199856,26077
199857,26078
199859,26079
199864,26080
199870,26081
199871,26082
199898,26083
199901,26084
199905,26085
199914,26086
199923,26087
199927,26088
199951,26089
199953,26090
199966,26091
199981,26092
199984,26093
200009,26094
200011,26095
200028,26096
200042,26097
200054,26098
200095,26099
200124,26100
200130,26101
200190,26102
200193,26103
200196,26104
200198,26105
200206,26106
200213,26107
200226,26108
200233,26109
200234,26110
200245,26111
200246,26112
200248,26113
200250,26114
200252,26115
200269,26116
200287,26117
200297,26118
200300,26119
200313,26120
200315,26121
200323,26122
200334,26123
200344,26124
200369,26125
200370,26126
200374,26127
200380,26128
200382,26129
200386,26130
200388,26131
200390,26132
200402,26133
200408,26134
200409,26135
200415,26136
200416,26137
200418,26138
200419,26139
200420,26140
200422,26141
200435,26142
200459,26143
200472,26144
200493,26145
200508,26146
200530,26147
200556,26148
200557,26149
200568,26150
200574,26151
200583,26152
200585,26153
200587,26154
200590,26155
200593,26156
200599,26157
200607,26158
200608,26159
200609,26160
200631,26161
200641,26162
200643,26163
200646,26164
200653,26165
200658,26166
200659,26167
200667,26168
200674,26169
200689,26170
200699,26171
200700,26172
200707,26173
200712,26174
200721,26175
200747,26176
200765,26177
200772,26178
200783,26179
200790,26180
200797,26181
200811,26182
200814,26183
200816,26184
200817,26185
200829,26186
200831,26187
200832,26188
200847,26189
200867,26190
200870,26191
200876,26192
200878,26193
200888,26194
200891,26195
200918,26196
200937,26197
200949,26198
200956,26199
200975,26200
200978,26201
200983,26202
200984,26203
200993,26204
201014,26205
201017,26206
201025,26207
201036,26208
201042,26209
201050,26210
201058,26211
201065,26212
201066,26213
201073,26214
201081,26215
201107,26216
201114,26217
201133,26218
201137,26219
201141,26220
201147,26221
201151,26222
201152,26223
201160,26224
201161,26225
201170,26226
201174,26227
201206,26228
201256,26229
201259,26230
201268,26231
201275,26232
201290,26233
201303,26234
201323,26235
201346,26236
201349,26237
201353,26238
201359,26239
201383,26240
201404,26241
201413,26242
201415,26243
201427,26244
201432,26245
201439,26246
201445,26247
201447,26248
201455,26249
201464,26250
201470,26251
201475,26252
201493,26253
201515,26254
201519,26255
201521,26256
201526,26257
201537,26258
201548,26259
201557,26260
201565,26261
201568,26262
201575,26263
201576,26264
201579,26265
201592,26266
201593,26267
201616,26268
201634,26269
201637,26270
201641,26271
201644,26272
201646,26273
201650,26274
201654,26275
201657,26276
201664,26277
201673,26278
201674,26279
201677,26280
201684,26281
201690,26282
201697,26283
201702,26284
201706,26285
201714,26286
201723,26287
201724,26288
201725,26289
201731,26290
201736,26291
201740,26292
201746,26293
201751,26294
201754,26295
201760,26296
201768,26297
201775,26298
201776,26299
201782,26300
201783,26301
201791,26302
201794,26303
201810,26304
201829,26305
201869,26306
201870,26307
201889,26308
201891,26309
201898,26310
201907,26311
201908,26312
201911,26313
201923,26314
201924,26315
201936,26316
201952,26317
201957,26318
201958,26319
201964,26320
201969,26321
201970,26322
201976,26323
202000,26324
202006,26325
202011,26326
202016,26327
202025,26328
202036,26329
202046,26330
202058,26331
202061,26332
202063,26333
202069,26334
202073,26335
202077,26336
202089,26337
202095,26338
202124,26339
202127,26340
202138,26341
202141,26342
202147,26343
202173,26344
202174,26345
202182,26346
202188,26347
202189,26348
202195,26349
202205,26350
202206,26351
202209,26352
202210,26353
202212,26354
202213,26355
202224,26356
202239,26357
202246,26358
202254,26359
202257,26360
202260,26361
202277,26362
202288,26363
202297,26364
202299,26365
202300,26366
202322,26367
202324,26368
202327,26369
202346,26370
202353,26371
202354,26372
202358,26373
202359,26374
202379,26375
202381,26376
202398,26377
202405,26378
202410,26379
202417,26380
202441,26381
202447,26382
202462,26383
202470,26384
202477,26385
202496,26386
202501,26387
202518,26388
202532,26389
202534,26390
202536,26391
202537,26392
202547,26393
202553,26394
202564,26395
202576,26396
202578,26397
202602,26398
202606,26399
202619,26400
202647,26401
202648,26402
202651,26403
202664,26404
202670,26405
202688,26406
202706,26407
202711,26408
202712,26409
202727,26410
202738,26411
202742,26412
202743,26413
202759,26414
202764,26415
202772,26416
202783,26417
202793,26418
202803,26419
202821,26420
202826,26421
202834,26422
202842,26423
202859,26424
202885,26425
202905,26426
202912,26427
202918,26428
202919,26429
202942,26430
202947,26431
202963,26432
202979,26433
202997,26434
203014,26435
203017,26436
203020,26437
203031,26438
203033,26439
203039,26440
203044,26441
203047,26442
203051,26443
203058,26444
203075,26445
203093,26446
203111,26447
203134,26448
203143,26449
203151,26450
203156,26451
203161,26452
203175,26453
203180,26454
203195,26455
203213,26456
203217,26457
203219,26458
203231,26459
203240,26460
203246,26461
203249,26462
203260,26463
203265,26464
203274,26465
203280,26466
203281,26467
203313,26468
203315,26469
203316,26470
203317,26471
203361,26472
203376,26473
203379,26474
203380,26475
203390,26476
203392,26477
203394,26478
203401,26479
203408,26480
203411,26481
203422,26482
203424,26483
203425,26484
203438,26485
203441,26486
203442,26487
203455,26488
203480,26489
203488,26490
203500,26491
203502,26492
203504,26493
203506,26494
203511,26495
203516,26496
203519,26497
203523,26498
203531,26499
203541,26500
203566,26501
203567,26502
203574,26503
203575,26504
203582,26505
203598,26506
203603,26507
203607,26508
203617,26509
203618,26510
203621,26511
203629,26512
203642,26513
203649,26514
203664,26515
203668,26516
203669,26517
203689,26518
203742,26519
203751,26520
203764,26521
203766,26522
203787,26523
203797,26524
203799,26525
203805,26526
203820,26527
203827,26528
203829,26529
203840,26530
203844,26531
203850,26532
203871,26533
203877,26534
203897,26535
203899,26536
203900,26537
203902,26538
203910,26539
203918,26540
203937,26541
203956,26542
203958,26543
203963,26544
203968,26545
203973,26546
203993,26547
203999,26548
204011,26549
204014,26550
204031,26551
204039,26552
204044,26553
204059,26554
204085,26555
204092,26556
204100,26557
204107,26558
204109,26559
204115,26560
204117,26561
204122,26562
204126,26563
204129,26564
204130,26565
204131,26566
204147,26567
204149,26568
204160,26569
204162,26570
204163,26571
204164,26572
204167,26573
204172,26574
204179,26575
204192,26576
204196,26577
204203,26578
204205,26579
204206,26580
204218,26581
204246,26582
204250,26583
204255,26584
204275,26585
204285,26586
204309,26587
204311,26588
204316,26589
204320,26590
204333,26591
204334,26592
204359,26593
204363,26594
204375,26595
204381,26596
204386,26597
204391,26598
204393,26599
204394,26600
204395,26601
204401,26602
204410,26603
204414,26604
204418,26605
204432,26606
204435,26607
204448,26608
204449,26609
204452,26610
204455,26611
204457,26612
204466,26613
204467,26614
204470,26615
204474,26616
204478,26617
204489,26618
204494,26619
204500,26620
204501,26621
204504,26622
204506,26623
204522,26624
204527,26625
204548,26626
204561,26627
204571,26628
204591,26629
204592,26630
204602,26631
204611,26632
204619,26633
204622,26634
204623,26635
204631,26636
204634,26637
204636,26638
204638,26639
204641,26640
204648,26641
204652,26642
204653,26643
204660,26644
204663,26645
204672,26646
204676,26647
204678,26648
204692,26649
204696,26650
204697,26651
204698,26652
204718,26653
204719,26654
204720,26655
204733,26656
204736,26657
204740,26658
204748,26659
204753,26660
204762,26661
204765,26662
204777,26663
204780,26664
204781,26665
204782,26666
204783,26667
204790,26668
204792,26669
204793,26670
204794,26671
204804,26672
204807,26673
204809,26674
204813,26675
204817,26676
204822,26677
204825,26678
204830,26679
204844,26680
204854,26681
204860,26682
204864,26683
204909,26684
204926,26685
204929,26686
204936,26687
204938,26688
204943,26689
204946,26690
204964,26691
204972,26692
204978,26693
204993,26694
204998,26695
205001,26696
205019,26697
205024,26698
205028,26699
205038,26700
205059,26701
205069,26702
205072,26703
205085,26704
205118,26705
205132,26706
205145,26707
205148,26708
205153,26709
205162,26710
205166,26711
205171,26712
205179,26713
205188,26714
205197,26715
205199,26716
205200,26717
205202,26718
205222,26719
205225,26720
205226,26721
205231,26722
205245,26723
205259,26724
205260,26725
205270,26726
205280,26727
205281,26728
205285,26729
205291,26730
205308,26731
205311,26732
205314,26733
205317,26734
205318,26735
205328,26736
205338,26737
205349,26738
205350,26739
205353,26740
205355,26741
205356,26742
205365,26743
205374,26744
205378,26745
205383,26746
205389,26747
205408,26748
205412,26749
205417,26750
205418,26751
205426,26752
205437,26753
205443,26754
205448,26755
205451,26756
205473,26757
205483,26758
205485,26759
205487,26760
205492,26761
205495,26762
205502,26763
205503,26764
205508,26765
205510,26766
205512,26767
205517,26768
205520,26769
205536,26770
205538,26771
205539,26772
205554,26773
205556,26774
205560,26775
205571,26776
205587,26777
205620,26778
205632,26779
205708,26780
205714,26781
205728,26782
205735,26783
205745,26784
205747,26785
205749,26786
205753,26787
205762,26788
205764,26789
205765,26790
205772,26791
205774,26792
205783,26793
205784,26794
205790,26795
205796,26796
205804,26797
205843,26798
205845,26799
205847,26800
205848,26801
205849,26802
205853,26803
205854,26804
205856,26805
205867,26806
205871,26807
205878,26808
205898,26809
205909,26810
205911,26811
205915,26812
205919,26813
205922,26814
205938,26815
205939,26816
205943,26817
205963,26818
205967,26819
205969,26820
205971,26821
205975,26822
205977,26823
205979,26824
205980,26825
205989,26826
205992,26827
205996,26828
205999,26829
206000,26830
206013,26831
206016,26832
206034,26833
206042,26834
206045,26835
206050,26836
206058,26837
206060,26838
206067,26839
206074,26840
206097,26841
206107,26842
206109,26843
206153,26844
206158,26845
206160,26846
206164,26847
206172,26848
206177,26849
206187,26850
206195,26851
206201,26852
206202,26853
206204,26854
206217,26855
206219,26856
206249,26857
206272,26858
206277,26859
206294,26860
206300,26861
206301,26862
206305,26863
206308,26864
206335,26865
206342,26866
206363,26867
206375,26868
206384,26869
206387,26870
206389,26871
206393,26872
206417,26873
206418,26874
206423,26875
206424,26876
206431,26877
206438,26878
206440,26879
206441,26880
206448,26881
206464,26882
206498,26883
206520,26884
206530,26885
206531,26886
206534,26887
206553,26888
206561,26889
206563,26890
206564,26891
206567,26892
206570,26893
206573,26894
206581,26895
206583,26896
206600,26897
206610,26898
206621,26899
206627,26900
206634,26901
206635,26902
206646,26903
206655,26904
206657,26905
206659,26906
206662,26907
206665,26908
206675,26909
206684,26910
206691,26911
206695,26912
206701,26913
206709,26914
206717,26915
206736,26916
206746,26917
206749,26918
206754,26919
206755,26920
206762,26921
206764,26922
206775,26923
206788,26924
206794,26925
206800,26926
206808,26927
206825,26928
206836,26929
206852,26930
206865,26931
206866,26932
206871,26933
206877,26934
206891,26935
206894,26936
206900,26937
206903,26938
206917,26939
206920,26940
206932,26941
206944,26942
206958,26943
206959,26944
206967,26945
206972,26946
206979,26947
206993,26948
206994,26949
207002,26950
207003,26951
207006,26952
207010,26953
207035,26954
207050,26955
207052,26956
207053,26957
207059,26958
207085,26959
207095,26960
207104,26961
207113,26962
207115,26963
207133,26964
207134,26965
207135,26966
207148,26967
207149,26968
207152,26969
207173,26970
207178,26971
207180,26972
207184,26973
207192,26974
207199,26975
207211,26976
207246,26977
207249,26978
207251,26979
207254,26980
207258,26981
207259,26982
207266,26983
207270,26984
207275,26985
207276,26986
207291,26987
207300,26988
207301,26989
207303,26990
207304,26991
207317,26992
207319,26993
207330,26994
207339,26995
207340,26996
207341,26997
207349,26998
207350,26999
207356,27000
207358,27001
207366,27002
207384,27003
207385,27004
207391,27005
207400,27006
207411,27007
207412,27008
207417,27009
207440,27010
207450,27011
207470,27012
207488,27013
207492,27014
207494,27015
207498,27016
207499,27017
207500,27018
207514,27019
207520,27020
207531,27021
207533,27022
207552,27023
207554,27024
207560,27025
207563,27026
207569,27027
207570,27028
207573,27029
207580,27030
207584,27031
207590,27032
207598,27033
207599,27034
207616,27035
207617,27036
207619,27037
207623,27038
207635,27039
207636,27040
207641,27041
207645,27042
207651,27043
207657,27044
207669,27045
207679,27046
207683,27047
207686,27048
207697,27049
207702,27050
207712,27051
207715,27052
207721,27053
207727,27054
207734,27055
207748,27056
207750,27057
207756,27058
207760,27059
207775,27060
207778,27061
207782,27062
207791,27063
207805,27064
207823,27065
207825,27066
207835,27067
207860,27068
207868,27069
207872,27070
207873,27071
207875,27072
207878,27073
207882,27074
207883,27075
207897,27076
207903,27077
207916,27078
207921,27079
207922,27080
207924,27081
207926,27082
207928,27083
207952,27084
207958,27085
207964,27086
207965,27087
207967,27088
207971,27089
207979,27090
207988,27091
208004,27092
208007,27093
208009,27094
208013,27095
208015,27096
208018,27097
208019,27098
208027,27099
208033,27100
208035,27101
208038,27102
208039,27103
208040,27104
208047,27105
208050,27106
208053,27107
208058,27108
208059,27109
208064,27110
208075,27111
208077,27112
208082,27113
208085,27114
208095,27115
208099,27116
208103,27117
208104,27118
208111,27119
208112,27120
208121,27121
208124,27122
208134,27123
208141,27124
208143,27125
208147,27126
208150,27127
208152,27128
208161,27129
208169,27130
208176,27131
208177,27132
208187,27133
208192,27134
208193,27135
208194,27136
208213,27137
208215,27138
208218,27139
208236,27140
208246,27141
208248,27142
208250,27143
208251,27144
208255,27145
208257,27146
208264,27147
208267,27148
208280,27149
208287,27150
208292,27151
208293,27152
208298,27153
208302,27154
208310,27155
208315,27156
208316,27157
208323,27158
208332,27159
208336,27160
208338,27161
208339,27162
208340,27163
208347,27164
208351,27165
208352,27166
208354,27167
208358,27168
208364,27169
208365,27170
208367,27171
208376,27172
208378,27173
208380,27174
208382,27175
208385,27176
208390,27177
208393,27178
208403,27179
208406,27180
208409,27181
208410,27182
208415,27183
208417,27184
208419,27185
208423,27186
208428,27187
208429,27188
208435,27189
208448,27190
208449,27191
208450,27192
208451,27193
208454,27194
208463,27195
208468,27196
208474,27197
208478,27198
208480,27199
208481,27200
208482,27201
208485,27202
208490,27203
208492,27204
208494,27205
208498,27206
208502,27207
208506,27208
208507,27209
208508,27210
208509,27211
208510,27212
208513,27213
208519,27214
208523,27215
208525,27216
208540,27217
208541,27218
208549,27219
208551,27220
208555,27221
208556,27222
208563,27223
208566,27224
208568,27225
208570,27226
208583,27227
208584,27228
208590,27229
208591,27230
208596,27231
208600,27232
208602,27233
208605,27234
208606,27235
208607,27236
208614,27237
208615,27238
208620,27239
208622,27240
208624,27241
208633,27242
208635,27243
208641,27244
208644,27245
208645,27246
208648,27247
208663,27248
208665,27249
208666,27250
208668,27251
208671,27252
208674,27253
208677,27254
208683,27255
208684,27256
208687,27257
208697,27258
208700,27259
208706,27260
208715,27261
208722,27262
208723,27263
208727,27264
208740,27265
208741,27266
208750,27267
208751,27268
208755,27269
208756,27270
208760,27271
208763,27272
208765,27273
208768,27274
208775,27275
208781,27276
208785,27277
208786,27278
208788,27279
208794,27280
208795,27281
208796,27282
208811,27283
208815,27284
208829,27285
208830,27286
208863,27287
208866,27288
208867,27289
208872,27290
208875,27291
208877,27292
208880,27293
208886,27294
208894,27295
208897,27296
208899,27297
208901,27298
208907,27299
208934,27300
208936,27301
208942,27302
208944,27303
208960,27304
208963,27305
208969,27306
208975,27307
208976,27308
208994,27309
209004,27310
209006,27311
209025,27312
209033,27313
209042,27314
209047,27315
209050,27316
209059,27317
209062,27318
209081,27319
209087,27320
209090,27321
209102,27322
209114,27323
209120,27324
209123,27325
209134,27326
209147,27327
209148,27328
209149,27329
209154,27330
209155,27331
209156,27332
209157,27333
209160,27334
209163,27335
209172,27336
209174,27337
209186,27338
209187,27339
209190,27340
209194,27341
209199,27342
209204,27343
209220,27344
209224,27345
209229,27346
209233,27347
209238,27348
209257,27349
209265,27350
209272,27351
209273,27352
209303,27353
209308,27354
209313,27355
209317,27356
209321,27357
209329,27358
209371,27359
209373,27360
209375,27361
209376,27362
209385,27363
209389,27364
209394,27365
209404,27366
209405,27367
209424,27368
209430,27369
209438,27370
209439,27371
209446,27372
209458,27373
209464,27374
209475,27375
209477,27376
209480,27377
209484,27378
209486,27379
209494,27380
209498,27381
209509,27382
209516,27383
209524,27384
209533,27385
209536,27386
209540,27387
209548,27388
209552,27389
209554,27390
209563,27391
209569,27392
209575,27393
209595,27394
209609,27395
209619,27396
209625,27397
209628,27398
209630,27399
209631,27400
209633,27401
209651,27402
209654,27403
209657,27404
209662,27405
209666,27406
209672,27407
209673,27408
209684,27409
209685,27410
209687,27411
209724,27412
209728,27413
209742,27414
209754,27415
209755,27416
209756,27417
209759,27418
209762,27419
209764,27420
209765,27421
209789,27422
209798,27423
209811,27424
209816,27425
209817,27426
209823,27427
209830,27428
209833,27429
209841,27430
209845,27431
209848,27432
209863,27433
209870,27434
209873,27435
209875,27436
209879,27437
209880,27438
209882,27439
209903,27440
209907,27441
209919,27442
209929,27443
209932,27444
209938,27445
209953,27446
209962,27447
209974,27448
209975,27449
209985,27450
210006,27451
210023,27452
210035,27453
210063,27454
210077,27455
210097,27456
210131,27457
210142,27458
210160,27459
210168,27460
210174,27461
210215,27462
210223,27463
210242,27464
210259,27465
210261,27466
210273,27467
210275,27468
210276,27469
210287,27470
210291,27471
210299,27472
210310,27473
210311,27474
210312,27475
210314,27476
210315,27477
210317,27478
210324,27479
210330,27480
210346,27481
210367,27482
210372,27483
210385,27484
210406,27485
210420,27486
210429,27487
210430,27488
210441,27489
210451,27490
210455,27491
210460,27492
210476,27493
210477,27494
210485,27495
210486,27496
210493,27497
210496,27498
210498,27499
210500,27500
210509,27501
210535,27502
210550,27503
210573,27504
210574,27505
210585,27506
210587,27507
210588,27508
210594,27509
210597,27510
210599,27511
210604,27512
210622,27513
210625,27514
210627,27515
210653,27516
210662,27517
210685,27518
210695,27519
210703,27520
210705,27521
210706,27522
210708,27523
210711,27524
210717,27525
210720,27526
210722,27527
210731,27528
210738,27529
210740,27530
210761,27531
210772,27532
210783,27533
210791,27534
210792,27535
210802,27536
210810,27537
210816,27538
210822,27539
210824,27540
210827,27541
210835,27542
210836,27543
210838,27544
210848,27545
210849,27546
210850,27547
210855,27548
210861,27549
210868,27550
210872,27551
210874,27552
210896,27553
210905,27554
210906,27555
210910,27556
210912,27557
210921,27558
210923,27559
210926,27560
210933,27561
210935,27562
210945,27563
210948,27564
210959,27565
210966,27566
210969,27567
210973,27568
210979,27569
210990,27570
211012,27571
211028,27572
211032,27573
211041,27574
211050,27575
211063,27576
211082,27577
211086,27578
211098,27579
211117,27580
211121,27581
211137,27582
211145,27583
211152,27584
211158,27585
211167,27586
211174,27587
211176,27588
211179,27589
211182,27590
211194,27591
211199,27592
211206,27593
211209,27594
211212,27595
211222,27596
211231,27597
211241,27598
211242,27599
211252,27600
211255,27601
211260,27602
211264,27603
211288,27604
211292,27605
211297,27606
211303,27607
211307,27608
211320,27609
211321,27610
211335,27611
211343,27612
211344,27613
211351,27614
211353,27615
211359,27616
211360,27617
211361,27618
211368,27619
211373,27620
211378,27621
211383,27622
211389,27623
211393,27624
211400,27625
211420,27626
211426,27627
211430,27628
211432,27629
211460,27630
211461,27631
211478,27632
211493,27633
211500,27634
211521,27635
211558,27636
211562,27637
211570,27638
211601,27639
211603,27640
211605,27641
211610,27642
211656,27643
211674,27644
211684,27645
211685,27646
211692,27647
211694,27648
211708,27649
211713,27650
211720,27651
211731,27652
211744,27653
211747,27654
211761,27655
211767,27656
211770,27657
211772,27658
211796,27659
211823,27660
211847,27661
211862,27662
211868,27663
211872,27664
211876,27665
211884,27666
211895,27667
211919,27668
211922,27669
211937,27670
211944,27671
211953,27672
211961,27673
211971,27674
211976,27675
211978,27676
212001,27677
212002,27678
212006,27679
212009,27680
212021,27681
212031,27682
212057,27683
212063,27684
212075,27685
212088,27686
212109,27687
212119,27688
212124,27689
212125,27690
212128,27691
212129,27692
212130,27693
212138,27694
212142,27695
212151,27696
212159,27697
212170,27698
212175,27699
212179,27700
212181,27701
212188,27702
212212,27703
212216,27704
212220,27705
212226,27706
212250,27707
212252,27708
212253,27709
212259,27710
212260,27711
212265,27712
212268,27713
212275,27714
212287,27715
212288,27716
212300,27717
212325,27718
212328,27719
212331,27720
212333,27721
212344,27722
212350,27723
212357,27724
212371,27725
212385,27726
212394,27727
212408,27728
212411,27729
212419,27730
212420,27731
212427,27732
212432,27733
212439,27734
212442,27735
212465,27736
212467,27737
212481,27738
212486,27739
212497,27740
212502,27741
212509,27742
212519,27743
212539,27744
212541,27745
212546,27746
212547,27747
212559,27748
212563,27749
212568,27750
212578,27751
212579,27752
212580,27753
212591,27754
212612,27755
212618,27756
212626,27757
212628,27758
212631,27759
212636,27760
212637,27761
212640,27762
212645,27763
212694,27764
212697,27765
212719,27766
212731,27767
212739,27768
212740,27769
212758,27770
212775,27771
212779,27772
212789,27773
212797,27774
212798,27775
212802,27776
212804,27777
212806,27778
212835,27779
212844,27780
212847,27781
212849,27782
212850,27783
212851,27784
212853,27785
212857,27786
212859,27787
212871,27788
212877,27789
212888,27790
212891,27791
212893,27792
212895,27793
212898,27794
212915,27795
212923,27796
212927,27797
212931,27798
212941,27799
212947,27800
212954,27801
212965,27802
212983,27803
212984,27804
212985,27805
212986,27806
212989,27807
212991,27808
213006,27809
213018,27810
213032,27811
213047,27812
213056,27813
213057,27814
213064,27815
213066,27816
213068,27817
213075,27818
213079,27819
213082,27820
213083,27821
213094,27822
213098,27823
213102,27824
213104,27825
213111,27826
213115,27827
213119,27828
213126,27829
213132,27830
213141,27831
213150,27832
213191,27833
213197,27834
213202,27835
213206,27836
213207,27837
213210,27838
213212,27839
213220,27840
213222,27841
213249,27842
213255,27843
213256,27844
213257,27845
213284,27846
213288,27847
213312,27848
213316,27849
213318,27850
213322,27851
213324,27852
213350,27853
213353,27854
213354,27855
213369,27856
213379,27857
213408,27858
213410,27859
213416,27860
213426,27861
213428,27862
213461,27863
213463,27864
213465,27865
213475,27866
213494,27867
213515,27868
213518,27869
213523,27870
213526,27871
213530,27872
213531,27873
213537,27874
213538,27875
213561,27876
213567,27877
213570,27878
213598,27879
213607,27880
213610,27881
213612,27882
213625,27883
213628,27884
213637,27885
213638,27886
213641,27887
213654,27888
213656,27889
213657,27890
213661,27891
213663,27892
213664,27893
213666,27894
213672,27895
213676,27896
213678,27897
213684,27898
213700,27899
213701,27900
213707,27901
213708,27902
213712,27903
213733,27904
213747,27905
213760,27906
213780,27907
213782,27908
213806,27909
213812,27910
213823,27911
213830,27912
213831,27913
213837,27914
213839,27915
213843,27916
213845,27917
213846,27918
213851,27919
213859,27920
213871,27921
213873,27922
213881,27923
213886,27924
213905,27925
213913,27926
213915,27927
213919,27928
213920,27929
213925,27930
213929,27931
213938,27932
213941,27933
213953,27934
213972,27935
213973,27936
213998,27937
213999,27938
214011,27939
214032,27940
214042,27941
214072,27942
214102,27943
214118,27944
214127,27945
214133,27946
214138,27947
214148,27948
214155,27949
214166,27950
214179,27951
214202,27952
214205,27953
214212,27954
214217,27955
214223,27956
214224,27957
214228,27958
214230,27959
214234,27960
214244,27961
214250,27962
214252,27963
214261,27964
214272,27965
214301,27966
214315,27967
214332,27968
214335,27969
214340,27970
214348,27971
214369,27972
214376,27973
214379,27974
214394,27975
214397,27976
214426,27977
214436,27978
214459,27979
214464,27980
214487,27981
214521,27982
214528,27983
214547,27984
214551,27985
214554,27986
214581,27987
214583,27988
214588,27989
214597,27990
214599,27991
214609,27992
214610,27993
214620,27994
214624,27995
214631,27996
214641,27997
214651,27998
214662,27999
214686,28000
214714,28001
214715,28002
214716,28003
214717,28004
214736,28005
214743,28006
214745,28007
214751,28008
214786,28009
214795,28010
214804,28011
214807,28012
214812,28013
214821,28014
214826,28015
214829,28016
214835,28017
214848,28018
214854,28019
214856,28020
214857,28021
214860,28022
214865,28023
214876,28024
214879,28025
214890,28026
214909,28027
214920,28028
214929,28029
214932,28030
214935,28031
214941,28032
214954,28033
214984,28034
214990,28035
215003,28036
215006,28037
215020,28038
215024,28039
215026,28040
215028,28041
215035,28042
215040,28043
215059,28044
215071,28045
215078,28046
215091,28047
215100,28048
215110,28049
215122,28050
215125,28051
215136,28052
215139,28053
215148,28054
215149,28055
215153,28056
215161,28057
215180,28058
215183,28059
215185,28060
215204,28061
215206,28062
215212,28063
215216,28064
215224,28065
215225,28066
215226,28067
215240,28068
215241,28069
215256,28070
215278,28071
215289,28072
215297,28073
215298,28074
215304,28075
215315,28076
215325,28077
215343,28078
215346,28079
215352,28080
215357,28081
215359,28082
215361,28083
215362,28084
215371,28085
215375,28086
215388,28087
215389,28088
215413,28089
215421,28090
215448,28091
215451,28092
215480,28093
215498,28094
215506,28095
215512,28096
215522,28097
215543,28098
215545,28099
215548,28100
215594,28101
215599,28102
215607,28103
215609,28104
215613,28105
215622,28106
215624,28107
215627,28108
215636,28109
215652,28110
215671,28111
215672,28112
215677,28113
215683,28114
215693,28115
215698,28116
215701,28117
215708,28118
215709,28119
215720,28120
215721,28121
215728,28122
215739,28123
215745,28124
215746,28125
215749,28126
215753,28127
215755,28128
215770,28129
215772,28130
215784,28131
215787,28132
215788,28133
215793,28134
215794,28135
215797,28136
215801,28137
215808,28138
215810,28139
215817,28140
215820,28141
215821,28142
215829,28143
215836,28144
215848,28145
215849,28146
215887,28147
215903,28148
215912,28149
215929,28150
215931,28151
215932,28152
215934,28153
215937,28154
215942,28155
215947,28156
215949,28157
215953,28158
215962,28159
215968,28160
215977,28161
215980,28162
215983,28163
215986,28164
215988,28165
215998,28166
216001,28167
216010,28168
216012,28169
216019,28170
216023,28171
216027,28172
216037,28173
216045,28174
216057,28175
216059,28176
216076,28177
216079,28178
216098,28179
216099,28180
216100,28181
216103,28182
216104,28183
216105,28184
216110,28185
216133,28186
216147,28187
216151,28188
216155,28189
216159,28190
216160,28191
216162,28192
216167,28193
216176,28194
216186,28195
216188,28196
216202,28197
216208,28198
216211,28199
216214,28200
216223,28201
216225,28202
216240,28203
216241,28204
216260,28205
216262,28206
216267,28207
216278,28208
216283,28209
216294,28210
216298,28211
216302,28212
216316,28213
216328,28214
216329,28215
216335,28216
216336,28217
216337,28218
216343,28219
216345,28220
216366,28221
216369,28222
216381,28223
216386,28224
216388,28225
216397,28226
216401,28227
216409,28228
216411,28229
216416,28230
216422,28231
216427,28232
216432,28233
216435,28234
216436,28235
216441,28236
216442,28237
216444,28238
216455,28239
216465,28240
216466,28241
216474,28242
216476,28243
216495,28244
216501,28245
216508,28246
216516,28247
216520,28248
216563,28249
216566,28250
216568,28251
216592,28252
216602,28253
216605,28254
216609,28255
216613,28256
216619,28257
216631,28258
216643,28259
216670,28260
216679,28261
216682,28262
216683,28263
216689,28264
216690,28265
216691,28266
216722,28267
216724,28268
216745,28269
216752,28270
216773,28271
216781,28272
216792,28273
216796,28274
216797,28275
216829,28276
216841,28277
216847,28278
216849,28279
216851,28280
216861,28281
216864,28282
216869,28283
216877,28284
216882,28285
216883,28286
216889,28287
216897,28288
216907,28289
216915,28290
216925,28291
216931,28292
216932,28293
216933,28294
216935,28295
216945,28296
216955,28297
216962,28298
216989,28299
217002,28300
217012,28301
217017,28302
217027,28303
217028,28304
217032,28305
217045,28306
217049,28307
217052,28308
217056,28309
217089,28310
217097,28311
217106,28312
217107,28313
217113,28314
217117,28315
217121,28316
217134,28317
217147,28318
217148,28319
217167,28320
217173,28321
217179,28322
217192,28323
217193,28324
217197,28325
217200,28326
217207,28327
217211,28328
217212,28329
217213,28330
217223,28331
217252,28332
217262,28333
217270,28334
217279,28335
217282,28336
217292,28337
217300,28338
217313,28339
217314,28340
217318,28341
217323,28342
217328,28343
217329,28344
217333,28345
217346,28346
217359,28347
217366,28348
217372,28349
217375,28350
217386,28351
217395,28352
217396,28353
217409,28354
217426,28355
217427,28356
217439,28357
217444,28358
217458,28359
217461,28360
217468,28361
217471,28362
217473,28363
217475,28364
217491,28365
217496,28366
217499,28367
217512,28368
217513,28369
217516,28370
217521,28371
217527,28372
217537,28373
217539,28374
217557,28375
217560,28376
217564,28377
217566,28378
217571,28379
217584,28380
217617,28381
217619,28382
217647,28383
217654,28384
217666,28385
217673,28386
217681,28387
217682,28388
217688,28389
217701,28390
217705,28391
217709,28392
217726,28393
217740,28394
217742,28395
217747,28396
217751,28397
217765,28398
217781,28399
217811,28400
217818,28401
217839,28402
217842,28403
217845,28404
217873,28405
217889,28406
217895,28407
217902,28408
217910,28409
217912,28410
217917,28411
217929,28412
217958,28413
217967,28414
217969,28415
217971,28416
217977,28417
217986,28418
217995,28419
218010,28420
218046,28421
218051,28422
218053,28423
218068,28424
218083,28425
218086,28426
218089,28427
218113,28428
218116,28429
218121,28430
218128,28431
218133,28432
218140,28433
218146,28434
218151,28435
218152,28436
218156,28437
218160,28438
218177,28439
218182,28440
218187,28441
218190,28442
218193,28443
218197,28444
218220,28445
218221,28446
218224,28447
218240,28448
218241,28449
218242,28450
218249,28451
218258,28452
218271,28453
218273,28454
218276,28455
218279,28456
218283,28457
218286,28458
218290,28459
218312,28460
218313,28461
218318,28462
218320,28463
218322,28464
218325,28465
218326,28466
218334,28467
218344,28468
218345,28469
218355,28470
218358,28471
218359,28472
218360,28473
218378,28474
218379,28475
218384,28476
218385,28477
218389,28478
218403,28479
218404,28480
218411,28481
218415,28482
218421,28483
218427,28484
218430,28485
218439,28486
218450,28487
218479,28488
218491,28489
218497,28490
218502,28491
218514,28492
218519,28493
218526,28494
218530,28495
218551,28496
218552,28497
218562,28498
218568,28499
218569,28500
218572,28501
218589,28502
218608,28503
218613,28504
218615,28505
218636,28506
218638,28507
218640,28508
218660,28509
218662,28510
218676,28511
218683,28512
218687,28513
218689,28514
218695,28515
218703,28516
218714,28517
218718,28518
218719,28519
218721,28520
218724,28521
218732,28522
218756,28523
218759,28524
218760,28525
218763,28526
218781,28527
218800,28528
218809,28529
218811,28530
218831,28531
218836,28532
218840,28533
218844,28534
218848,28535
218865,28536
218866,28537
218867,28538
218875,28539
218879,28540
218930,28541
218935,28542
218936,28543
218945,28544
218946,28545
218970,28546
218976,28547
218980,28548
218985,28549
218995,28550
219008,28551
219012,28552
219013,28553
219035,28554
219055,28555
219057,28556
219065,28557
219073,28558
219086,28559
219087,28560
219102,28561
219110,28562
219115,28563
219117,28564
219132,28565
219133,28566
219147,28567
219149,28568
219178,28569
219195,28570
219200,28571
219208,28572
219209,28573
219219,28574
219220,28575
219223,28576
219235,28577
219250,28578
219254,28579
219259,28580
219260,28581
219278,28582
219285,28583
219294,28584
219301,28585
219321,28586
219331,28587
219332,28588
219346,28589
219353,28590
219355,28591
219372,28592
219374,28593
219379,28594
219387,28595
219391,28596
219392,28597
219416,28598
219417,28599
219418,28600
219420,28601
219423,28602
219425,28603
219462,28604
219482,28605
219490,28606
219524,28607
219526,28608
219530,28609
219546,28610
219558,28611
219587,28612
219590,28613
219593,28614
219597,28615
219608,28616
219609,28617
219611,28618
219612,28619
219624,28620
219631,28621
219644,28622
219648,28623
219650,28624
219652,28625
219654,28626
219659,28627
219671,28628
219680,28629
219683,28630
219703,28631
219721,28632
219726,28633
219728,28634
219729,28635
219752,28636
219759,28637
219769,28638
219798,28639
219812,28640
219813,28641
219821,28642
219830,28643
219837,28644
219838,28645
219852,28646
219860,28647
219864,28648
219869,28649
219872,28650
219887,28651
219904,28652
219906,28653
219910,28654
219913,28655
219921,28656
219924,28657
219925,28658
219933,28659
219938,28660
219941,28661
219943,28662
219949,28663
219951,28664
219952,28665
219955,28666
219974,28667
219976,28668
219978,28669
219993,28670
219996,28671
220006,28672
220013,28673
220014,28674
220021,28675
220042,28676
220081,28677
220089,28678
220091,28679
220095,28680
220118,28681
220119,28682
220122,28683
220128,28684
220147,28685
220154,28686
220158,28687
220162,28688
220170,28689
220185,28690
220198,28691
220201,28692
220240,28693
220261,28694
220276,28695
220277,28696
220278,28697
220297,28698
220299,28699
220302,28700
220307,28701
220309,28702
220314,28703
220316,28704
220326,28705
220331,28706
220339,28707
220344,28708
220364,28709
220370,28710
220371,28711
220376,28712
220382,28713
220390,28714
220396,28715
220399,28716
220401,28717
220413,28718
220432,28719
220435,28720
220441,28721
220448,28722
220451,28723
220454,28724
220456,28725
220459,28726
220464,28727
220469,28728
220479,28729
220481,28730
220484,28731
220485,28732
220489,28733
220490,28734
220497,28735
220498,28736
220499,28737
220502,28738
220503,28739
220512,28740
220514,28741
220517,28742
220522,28743
220535,28744
220551,28745
220564,28746
220576,28747
220584,28748
220586,28749
220590,28750
220597,28751
220598,28752
220607,28753
220608,28754
220611,28755
220613,28756
220617,28757
220620,28758
220626,28759
220630,28760
220635,28761
220641,28762
220653,28763
220656,28764
220660,28765
220661,28766
220664,28767
220666,28768
220669,28769
220683,28770
220688,28771
220695,28772
220699,28773
220714,28774
220717,28775
220724,28776
220736,28777
220753,28778
220756,28779
220757,28780
220759,28781
220788,28782
220793,28783
220829,28784
220841,28785
220847,28786
220867,28787
220875,28788
220877,28789
220889,28790
220892,28791
220896,28792
220911,28793
220920,28794
220931,28795
220945,28796
220957,28797
220958,28798
220967,28799
221001,28800
221008,28801
221015,28802
221036,28803
221040,28804
221048,28805
221050,28806
221051,28807
221054,28808
221088,28809
221099,28810
221103,28811
221113,28812
221114,28813
221115,28814
221117,28815
221125,28816
221135,28817
221136,28818
221183,28819
221185,28820
221186,28821
221199,28822
221232,28823
221233,28824
221238,28825
221257,28826
221262,28827
221277,28828
221281,28829
221290,28830
221292,28831
221297,28832
221298,28833
221302,28834
221307,28835
221309,28836
221318,28837
221327,28838
221346,28839
221352,28840
221362,28841
221369,28842
221370,28843
221389,28844
221395,28845
221420,28846
221445,28847
221447,28848
221452,28849
221461,28850
221488,28851
221495,28852
221510,28853
221524,28854
221537,28855
221538,28856
221543,28857
221550,28858
221553,28859
221557,28860
221565,28861
221591,28862
221620,28863
221627,28864
221629,28865
221640,28866
221647,28867
221655,28868
221663,28869
221668,28870
221669,28871
221671,28872
221672,28873
221681,28874
221687,28875
221690,28876
221691,28877
221696,28878
221698,28879
221701,28880
221702,28881
221705,28882
221706,28883
221712,28884
221713,28885
221724,28886
221732,28887
221744,28888
221753,28889
221777,28890
221779,28891
221780,28892
221796,28893
221802,28894
221844,28895
221849,28896
221867,28897
221870,28898
221871,28899
221887,28900
221898,28901
221900,28902
221903,28903
221904,28904
221924,28905
221945,28906
221946,28907
221948,28908
221953,28909
221967,28910
221975,28911
221981,28912
221985,28913
222018,28914
222019,28915
222020,28916
222034,28917
222035,28918
222042,28919
222048,28920
222049,28921
222050,28922
222053,28923
222062,28924
222073,28925
222075,28926
222088,28927
222109,28928
222110,28929
222112,28930
222126,28931
222135,28932
222138,28933
222140,28934
222150,28935
222152,28936
222171,28937
222177,28938
222181,28939
222190,28940
222204,28941
222207,28942
222210,28943
222217,28944
222220,28945
222245,28946
222254,28947
222261,28948
222277,28949
222284,28950
222292,28951
222293,28952
222296,28953
222305,28954
222318,28955
222321,28956
222322,28957
222348,28958
222353,28959
222363,28960
222368,28961
222372,28962
222391,28963
222395,28964
222404,28965
222412,28966
222418,28967
222427,28968
222429,28969
222488,28970
222492,28971
222498,28972
222501,28973
222506,28974
222520,28975
222525,28976
222545,28977
222563,28978
222572,28979
222590,28980
222597,28981
222607,28982
222609,28983
222614,28984
222621,28985
222622,28986
222628,28987
222638,28988
222642,28989
222646,28990
222654,28991
222657,28992
222670,28993
222674,28994
222677,28995
222679,28996
222683,28997
222687,28998
222688,28999
222693,29000
222708,29001
222716,29002
222718,29003
222737,29004
222743,29005
222745,29006
222748,29007
222750,29008
222765,29009
222779,29010
222786,29011
222788,29012
222795,29013
222800,29014
222801,29015
222803,29016
222814,29017
222815,29018
222819,29019
222820,29020
222823,29021
222825,29022
222826,29023
222831,29024
222834,29025
222836,29026
222861,29027
222870,29028
222884,29029
222896,29030
222901,29031
222906,29032
222912,29033
222941,29034
222963,29035
222977,29036
223015,29037
223022,29038
223036,29039
223055,29040
223059,29041
223066,29042
223086,29043
223087,29044
223091,29045
223101,29046
223105,29047
223115,29048
223127,29049
223132,29050
223143,29051
223145,29052
223154,29053
223155,29054
223156,29055
223157,29056
223164,29057
223168,29058
223174,29059
223178,29060
223190,29061
223191,29062
223200,29063
223201,29064
223208,29065
223210,29066
223211,29067
223212,29068
223226,29069
223231,29070
223238,29071
223253,29072
223268,29073
223291,29074
223292,29075
223301,29076
223307,29077
223315,29078
223321,29079
223325,29080
223326,29081
223331,29082
223345,29083
223347,29084
223350,29085
223354,29086
223364,29087
223368,29088
223376,29089
223386,29090
223391,29091
223402,29092
223416,29093
223422,29094
223430,29095
223431,29096
223436,29097
223438,29098
223454,29099
223455,29100
223461,29101
223472,29102
223482,29103
223494,29104
223501,29105
223509,29106
223510,29107
223511,29108
223513,29109
223521,29110
223523,29111
223526,29112
223528,29113
223530,29114
223544,29115
223554,29116
223559,29117
223561,29118
223565,29119
223566,29120
223587,29121
223607,29122
223608,29123
223612,29124
223620,29125
223630,29126
223635,29127
223640,29128
223642,29129
223644,29130
223647,29131
223690,29132
223695,29133
223697,29134
223698,29135
223701,29136
223705,29137
223706,29138
223710,29139
223711,29140
223714,29141
223717,29142
223721,29143
223734,29144
223748,29145
223756,29146
223758,29147
223759,29148
223768,29149
223780,29150
223784,29151
223787,29152
223795,29153
223803,29154
223814,29155
223815,29156
223816,29157
223849,29158
223854,29159
223857,29160
223862,29161
223872,29162
223874,29163
223879,29164
223892,29165
223897,29166
223898,29167
223902,29168
223904,29169
223912,29170
223927,29171
223942,29172
223947,29173
223950,29174
223953,29175
223954,29176
223956,29177
223958,29178
223968,29179
223977,29180
223982,29181
223986,29182
223990,29183
223996,29184
223999,29185
224000,29186
224003,29187
224010,29188
224013,29189
224024,29190
224025,29191
224036,29192
224039,29193
224049,29194
224057,29195
224085,29196
224093,29197
224099,29198
224101,29199
224105,29200
224108,29201
224113,29202
224115,29203
224118,29204
224120,29205
224122,29206
224124,29207
224136,29208
224138,29209
224142,29210
224146,29211
224150,29212
224159,29213
224175,29214
224191,29215
224199,29216
224206,29217
224209,29218
224213,29219
224214,29220
224217,29221
224220,29222
224221,29223
224226,29224
224236,29225
224240,29226
224249,29227
224250,29228
224251,29229
224252,29230
224259,29231
224269,29232
224284,29233
224289,29234
224295,29235
224303,29236
224308,29237
224320,29238
224321,29239
224326,29240
224331,29241
224332,29242
224340,29243
224342,29244
224347,29245
224349,29246
224359,29247
224360,29248
224366,29249
224373,29250
224393,29251
224426,29252
224427,29253
224430,29254
224435,29255
224439,29256
224447,29257
224459,29258
224460,29259
224476,29260
224479,29261
224481,29262
224498,29263
224525,29264
224527,29265
224533,29266
224549,29267
224554,29268
224563,29269
224564,29270
224577,29271
224593,29272
224606,29273
224609,29274
224611,29275
224612,29276
224625,29277
224626,29278
224636,29279
224638,29280
224644,29281
224646,29282
224657,29283
224659,29284
224663,29285
224667,29286
224671,29287
224672,29288
224696,29289
224711,29290
224726,29291
224749,29292
224752,29293
224754,29294
224764,29295
224768,29296
224780,29297
224809,29298
224829,29299
224831,29300
224865,29301
224866,29302
224887,29303
224897,29304
224904,29305
224920,29306
224923,29307
224924,29308
224927,29309
224935,29310
224944,29311
224948,29312
224977,29313
224984,29314
224985,29315
224989,29316
224992,29317
224997,29318
225002,29319
225010,29320
225022,29321
225031,29322
225041,29323
225042,29324
225043,29325
225059,29326
225063,29327
225065,29328
225066,29329
225078,29330
225080,29331
225086,29332
225087,29333
225149,29334
225163,29335
225177,29336
225186,29337
225187,29338
225191,29339
225199,29340
225213,29341
225214,29342
225223,29343
225232,29344
225255,29345
225261,29346
225274,29347
225275,29348
225286,29349
225293,29350
225313,29351
225315,29352
225316,29353
225317,29354
225327,29355
225346,29356
225365,29357
225366,29358
225368,29359
225378,29360
225379,29361
225389,29362
225411,29363
225414,29364
225432,29365
225435,29366
225440,29367
225449,29368
225472,29369
225482,29370
225495,29371
225498,29372
225520,29373
225538,29374
225542,29375
225558,29376
225593,29377
225595,29378
225599,29379
225603,29380
225610,29381
225612,29382
225617,29383
225618,29384
225623,29385
225634,29386
225655,29387
225657,29388
225659,29389
225666,29390
225673,29391
225683,29392
225686,29393
225687,29394
225703,29395
225705,29396
225710,29397
225717,29398
225718,29399
225727,29400
225730,29401
225731,29402
225736,29403
225754,29404
225763,29405
225768,29406
225775,29407
225776,29408
225799,29409
225810,29410
225815,29411
225821,29412
225826,29413
225831,29414
225832,29415
225834,29416
225851,29417
225855,29418
225867,29419
225875,29420
225879,29421
225886,29422
225887,29423
225902,29424
225903,29425
225908,29426
225910,29427
225930,29428
225935,29429
225937,29430
225938,29431
225939,29432
225962,29433
225969,29434
225986,29435
225989,29436
225996,29437
226003,29438
226006,29439
226007,29440
226010,29441
226014,29442
226022,29443
226026,29444
226028,29445
226031,29446
226032,29447
226037,29448
226067,29449
226069,29450
226095,29451
226108,29452
226117,29453
226126,29454
226132,29455
226141,29456
226148,29457
226172,29458
226182,29459
226184,29460
226202,29461
226205,29462
226209,29463
226215,29464
226217,29465
226220,29466
226231,29467
226241,29468
226256,29469
226267,29470
226280,29471
226285,29472
226291,29473
226306,29474
226325,29475
226331,29476
226336,29477
226337,29478
226338,29479
226341,29480
226343,29481
226349,29482
226356,29483
226361,29484
226362,29485
226374,29486
226375,29487
226377,29488
226393,29489
226394,29490
226419,29491
226422,29492
226423,29493
226427,29494
226439,29495
226454,29496
226462,29497
226473,29498
226474,29499
226482,29500
226488,29501
226491,29502
226492,29503
226513,29504
226519,29505
226522,29506
226523,29507
226530,29508
226542,29509
226545,29510
226548,29511
226553,29512
226554,29513
226556,29514
226564,29515
226566,29516
226568,29517
226569,29518
226573,29519
226590,29520
226595,29521
226597,29522
226616,29523
226633,29524
226635,29525
226638,29526
226654,29527
226665,29528
226671,29529
226679,29530
226681,29531
226682,29532
226689,29533
226693,29534
226700,29535
226702,29536
226713,29537
226724,29538
226725,29539
226726,29540
226728,29541
226739,29542
226745,29543
226746,29544
226758,29545
226762,29546
226771,29547
226772,29548
226775,29549
226781,29550
226788,29551
226806,29552
226807,29553
226809,29554
226836,29555
226847,29556
226874,29557
226879,29558
226891,29559
226895,29560
226897,29561
226903,29562
226916,29563
226918,29564
226920,29565
226925,29566
226926,29567
226943,29568
226945,29569
226946,29570
226950,29571
226960,29572
226961,29573
226965,29574
226969,29575
226975,29576
226976,29577
226982,29578
226987,29579
226991,29580
226993,29581
226995,29582
226996,29583
226998,29584
227006,29585
227007,29586
227009,29587
227013,29588
227014,29589
227021,29590
227025,29591
227054,29592
227055,29593
227056,29594
227062,29595
227065,29596
227072,29597
227088,29598
227093,29599
227096,29600
227097,29601
227106,29602
227107,29603
227126,29604
227142,29605
227146,29606
227161,29607
227169,29608
227176,29609
227183,29610
227184,29611
227186,29612
227188,29613
227192,29614
227202,29615
227208,29616
227210,29617
227238,29618
227249,29619
227250,29620
227253,29621
227275,29622
227276,29623
227277,29624
227282,29625
227283,29626
227287,29627
227292,29628
227295,29629
227296,29630
227302,29631
227305,29632
227313,29633
227317,29634
227327,29635
227328,29636
227342,29637
227368,29638
227371,29639
227377,29640
227385,29641
227390,29642
227392,29643
227393,29644
227397,29645
227404,29646
227413,29647
227414,29648
227422,29649
227424,29650
227428,29651
227436,29652
227438,29653
227447,29654
227448,29655
227451,29656
227452,29657
227467,29658
227488,29659
227491,29660
227494,29661
227496,29662
227517,29663
227520,29664
227532,29665
227533,29666
227544,29667
227559,29668
227568,29669
227589,29670
227591,29671
227610,29672
227612,29673
227633,29674
227641,29675
227646,29676
227651,29677
227654,29678
227672,29679
227674,29680
227681,29681
227682,29682
227686,29683
227702,29684
227703,29685
227705,29686
227718,29687
227721,29688
227723,29689
227745,29690
227748,29691
227768,29692
227771,29693
227774,29694
227783,29695
227786,29696
227801,29697
227805,29698
227814,29699
227820,29700
227836,29701
227842,29702
227855,29703
227859,29704
227861,29705
227862,29706
227870,29707
227879,29708
227883,29709
227884,29710
227886,29711
227889,29712
227925,29713
227926,29714
227930,29715
227938,29716
227939,29717
227947,29718
227961,29719
227976,29720
227985,29721
227998,29722
228008,29723
228016,29724
228019,29725
228020,29726
228021,29727
228024,29728
228039,29729
228041,29730
228047,29731
228064,29732
228065,29733
228067,29734
228073,29735
228080,29736
228094,29737
228096,29738
228104,29739
228108,29740
228111,29741
228125,29742
228128,29743
228136,29744
228142,29745
228145,29746
228169,29747
228180,29748
228181,29749
228187,29750
228189,29751
228190,29752
228198,29753
228199,29754
228207,29755
228214,29756
228223,29757
228228,29758
228242,29759
228245,29760
228248,29761
228249,29762
228250,29763
228254,29764
228255,29765
228270,29766
228303,29767
228311,29768
228313,29769
228321,29770
228323,29771
228324,29772
228328,29773
228332,29774
228340,29775
228345,29776
228351,29777
228364,29778
228374,29779
228382,29780
228383,29781
228412,29782
228417,29783
228418,29784
228421,29785
228433,29786
228435,29787
228438,29788
228442,29789
228445,29790
228452,29791
228455,29792
228473,29793
228477,29794
228504,29795
228508,29796
228509,29797
228520,29798
228522,29799
228544,29800
228547,29801
228569,29802
228571,29803
228579,29804
228595,29805
228607,29806
228626,29807
228629,29808
228633,29809
228641,29810
228644,29811
228652,29812
228676,29813
228678,29814
228681,29815
228684,29816
228692,29817
228694,29818
228726,29819
228727,29820
228738,29821
228739,29822
228743,29823
228744,29824
228750,29825
228760,29826
228764,29827
228768,29828
228787,29829
228789,29830
228790,29831
228799,29832
228802,29833
228813,29834
228820,29835
228824,29836
228837,29837
228839,29838
228855,29839
228865,29840
228868,29841
228880,29842
228883,29843
228891,29844
228897,29845
228899,29846
228909,29847
228913,29848
228943,29849
228947,29850
228978,29851
228990,29852
228993,29853
228998,29854
229002,29855
229003,29856
229008,29857
229010,29858
229011,29859
229013,29860
229015,29861
229032,29862
229041,29863
229045,29864
229055,29865
229059,29866
229064,29867
229065,29868
229068,29869
229069,29870
229076,29871
229085,29872
229091,29873
229102,29874
229140,29875
229148,29876
229151,29877
229160,29878
229173,29879
229177,29880
229192,29881
229196,29882
229214,29883
229216,29884
229228,29885
229243,29886
229244,29887
229255,29888
229258,29889
229282,29890
229305,29891
229310,29892
229313,29893
229314,29894
229329,29895
229331,29896
229334,29897
229340,29898
229342,29899
229344,29900
229358,29901
229386,29902
229391,29903
229393,29904
229405,29905
229409,29906
229410,29907
229412,29908
229417,29909
229422,29910
229434,29911
229440,29912
229446,29913
229448,29914
229454,29915
229456,29916
229472,29917
229495,29918
229496,29919
229497,29920
229498,29921
229499,29922
229501,29923
229502,29924
229505,29925
229513,29926
229551,29927
229568,29928
229589,29929
229593,29930
229600,29931
229605,29932
229607,29933
229609,29934
229611,29935
229618,29936
229619,29937
229629,29938
229630,29939
229632,29940
229635,29941
229654,29942
229656,29943
229658,29944
229673,29945
229678,29946
229681,29947
229682,29948
229687,29949
229696,29950
229703,29951
229707,29952
229710,29953
229729,29954
229734,29955
229741,29956
229742,29957
229743,29958
229744,29959
229757,29960
229767,29961
229768,29962
229770,29963
229771,29964
229780,29965
229816,29966
229817,29967
229839,29968
229847,29969
229863,29970
229871,29971
229875,29972
229876,29973
229899,29974
229901,29975
229912,29976
229921,29977
229922,29978
229952,29979
229971,29980
229972,29981
230013,29982
230022,29983
230030,29984
230037,29985
230047,29986
230048,29987
230050,29988
230052,29989
230060,29990
230079,29991
230094,29992
230105,29993
230115,29994
230133,29995
230145,29996
230156,29997
230173,29998
230180,29999
230217,30000
230239,30001
230241,30002
230245,30003
230246,30004
230249,30005
230253,30006
230255,30007
230259,30008
230262,30009
230289,30010
230290,30011
230293,30012
230317,30013
230335,30014
230336,30015
230340,30016
230374,30017
230381,30018
230400,30019
230402,30020
230404,30021
230411,30022
230421,30023
230427,30024
230429,30025
230436,30026
230458,30027
230459,30028
230465,30029
230467,30030
230474,30031
230476,30032
230477,30033
230490,30034
230491,30035
230496,30036
230505,30037
230514,30038
230522,30039
230524,30040
230531,30041
230534,30042
230541,30043
230544,30044
230560,30045
230581,30046
230590,30047
230599,30048
230602,30049
230605,30050
230611,30051
230625,30052
230626,30053
230627,30054
230628,30055
230629,30056
230630,30057
230632,30058
230661,30059
230668,30060
230672,30061
230681,30062
230687,30063
230694,30064
230698,30065
230699,30066
230700,30067
230708,30068
230712,30069
230715,30070
230721,30071
230739,30072
230742,30073
230743,30074
230749,30075
230751,30076
230752,30077
230757,30078
230758,30079
230766,30080
230772,30081
230775,30082
230776,30083
230798,30084
230803,30085
230812,30086
230825,30087
230826,30088
230835,30089
230838,30090
230855,30091
230873,30092
230878,30093
230890,30094
230900,30095
230930,30096
230946,30097
230949,30098
230953,30099
230956,30100
230962,30101
230963,30102
230970,30103
230971,30104
230985,30105
230989,30106
230991,30107
230996,30108
230997,30109
231001,30110
231022,30111
231041,30112
231048,30113
231069,30114
231081,30115
231127,30116
231130,30117
231132,30118
231142,30119
231149,30120
231167,30121
231172,30122
231177,30123
231183,30124
231185,30125
231190,30126
231195,30127
231205,30128
231210,30129
231221,30130
231224,30131
231225,30132
231227,30133
231234,30134
231237,30135
231241,30136
231251,30137
231252,30138
231255,30139
231263,30140
231264,30141
231265,30142
231266,30143
231290,30144
231292,30145
231294,30146
231295,30147
231296,30148
231297,30149
231299,30150
231305,30151
231313,30152
231316,30153
231329,30154
231337,30155
231340,30156
231346,30157
231351,30158
231354,30159
231357,30160
231361,30161
231363,30162
231374,30163
231390,30164
231393,30165
231395,30166
231422,30167
231425,30168
231434,30169
231443,30170
231458,30171
231461,30172
231462,30173
231466,30174
231485,30175
231490,30176
231494,30177
231497,30178
231508,30179
231510,30180
231518,30181
231520,30182
231521,30183
231532,30184
231552,30185
231560,30186
231561,30187
231575,30188
231585,30189
231601,30190
231603,30191
231613,30192
231617,30193
231635,30194
231639,30195
231650,30196
231656,30197
231657,30198
231660,30199
231672,30200
231680,30201
231694,30202
231717,30203
231721,30204
231723,30205
231727,30206
231735,30207
231761,30208
231767,30209
231775,30210
231795,30211
231812,30212
231814,30213
231819,30214
231820,30215
231821,30216
231823,30217
231827,30218
231838,30219
231840,30220
231842,30221
231843,30222
231848,30223
231851,30224
231854,30225
231857,30226
231865,30227
231869,30228
231870,30229
231875,30230
231886,30231
231891,30232
231894,30233
231897,30234
231911,30235
231918,30236
231979,30237
231982,30238
231993,30239
232002,30240
232005,30241
232013,30242
232030,30243
232036,30244
232042,30245
232047,30246
232048,30247
232052,30248
232066,30249
232067,30250
232070,30251
232080,30252
232093,30253
232099,30254
232103,30255
232106,30256
232107,30257
232111,30258
232131,30259
232143,30260
232148,30261
232154,30262
232169,30263
232171,30264
232185,30265
232195,30266
232199,30267
232211,30268
232216,30269
232219,30270
232222,30271
232243,30272
232247,30273
232251,30274
232263,30275
232271,30276
232281,30277
232292,30278
232295,30279
232305,30280
232308,30281
232312,30282
232316,30283
232320,30284
232324,30285
232332,30286
232333,30287
232340,30288
232343,30289
232357,30290
232368,30291
232392,30292
232410,30293
232412,30294
232414,30295
232415,30296
232416,30297
232422,30298
232424,30299
232434,30300
232437,30301
232440,30302
232448,30303
232449,30304
232455,30305
232456,30306
232458,30307
232461,30308
232463,30309
232475,30310
232486,30311
232492,30312
232493,30313
232502,30314
232528,30315
232538,30316
232541,30317
232543,30318
232555,30319
232565,30320
232570,30321
232579,30322
232583,30323
232585,30324
232592,30325
232598,30326
232602,30327
232606,30328
232611,30329
232616,30330
232620,30331
232624,30332
232626,30333
232634,30334
232647,30335
232657,30336
232670,30337
232688,30338
232704,30339
232708,30340
232709,30341
232736,30342
232740,30343
232752,30344
232755,30345
232756,30346
232773,30347
232774,30348
232775,30349
232777,30350
232795,30351
232801,30352
232805,30353
232817,30354
232820,30355
232832,30356
232835,30357
232838,30358
232852,30359
232853,30360
232874,30361
232925,30362
232929,30363
232930,30364
232932,30365
232936,30366
232944,30367
232945,30368
232959,30369
232964,30370
232966,30371
232978,30372
232980,30373
232983,30374
232989,30375
232990,30376
233004,30377
233022,30378
233028,30379
233032,30380
233037,30381
233040,30382
233041,30383
233047,30384
233049,30385
233052,30386
233059,30387
233061,30388
233077,30389
233084,30390
233087,30391
233097,30392
233110,30393
233117,30394
233119,30395
233125,30396
233127,30397
233143,30398
233154,30399
233167,30400
233173,30401
233177,30402
233193,30403
233196,30404
233198,30405
233203,30406
233205,30407
233217,30408
233233,30409
233235,30410
233236,30411
233242,30412
233244,30413
233245,30414
233249,30415
233250,30416
233256,30417
233265,30418
233275,30419
233276,30420
233299,30421
233309,30422
233312,30423
233315,30424
233331,30425
233361,30426
233362,30427
233366,30428
233374,30429
233383,30430
233392,30431
233398,30432
233409,30433
233415,30434
233427,30435
233430,30436
233431,30437
233435,30438
233436,30439
233444,30440
233445,30441
233451,30442
233466,30443
233480,30444
233481,30445
233495,30446
233499,30447
233505,30448
233526,30449
233527,30450
233529,30451
233534,30452
233543,30453
233556,30454
233564,30455
233578,30456
233579,30457
233599,30458
233606,30459
233608,30460
233620,30461
233622,30462
233633,30463
233638,30464
233644,30465
233646,30466
233648,30467
233649,30468
233656,30469
233659,30470
233670,30471
233695,30472
233697,30473
233703,30474
233706,30475
233709,30476
233711,30477
233714,30478
233718,30479
233719,30480
233723,30481
233731,30482
233733,30483
233737,30484
233738,30485
233745,30486
233747,30487
233753,30488
233754,30489
233769,30490
233777,30491
233778,30492
233783,30493
233791,30494
233793,30495
233798,30496
233800,30497
233812,30498
233817,30499
233818,30500
233821,30501
233828,30502
233829,30503
233842,30504
233845,30505
233853,30506
233856,30507
233857,30508
233867,30509
233868,30510
233869,30511
233871,30512
233889,30513
233898,30514
233901,30515
233903,30516
233908,30517
233911,30518
233917,30519
233923,30520
233927,30521
233928,30522
233929,30523
233930,30524
233931,30525
233947,30526
233952,30527
233953,30528
233955,30529
233962,30530
233969,30531
233976,30532
233983,30533
233988,30534
233989,30535
233991,30536
233997,30537
234001,30538
234021,30539
234023,30540
234029,30541
234032,30542
234064,30543
234066,30544
234108,30545
234113,30546
234122,30547
234133,30548
234134,30549
234136,30550
234141,30551
234147,30552
234156,30553
234160,30554
234162,30555
234163,30556
234165,30557
234166,30558
234174,30559
234178,30560
234190,30561
234192,30562
234205,30563
234209,30564
234236,30565
234244,30566
234257,30567
234281,30568
234286,30569
234288,30570
234289,30571
234328,30572
234341,30573
234358,30574
234359,30575
234399,30576
234401,30577
234406,30578
234410,30579
234448,30580
234465,30581
234477,30582
234480,30583
234492,30584
234498,30585
234510,30586
234524,30587
234530,30588
234544,30589
234556,30590
234565,30591
234576,30592
234581,30593
234587,30594
234597,30595
234613,30596
234614,30597
234622,30598
234623,30599
234624,30600
234646,30601
234647,30602
234672,30603
234675,30604
234678,30605
234679,30606
234683,30607
234685,30608
234702,30609
234708,30610
234714,30611
234719,30612
234721,30613
234722,30614
234723,30615
234734,30616
234743,30617
234753,30618
234755,30619
234757,30620
234759,30621
234765,30622
234767,30623
234778,30624
234781,30625
234784,30626
234788,30627
234805,30628
234806,30629
234808,30630
234816,30631
234828,30632
234860,30633
234879,30634
234881,30635
234885,30636
234893,30637
234900,30638
234901,30639
234903,30640
234925,30641
234927,30642
234937,30643
234948,30644
234953,30645
234954,30646
234968,30647
234973,30648
234975,30649
234983,30650
234989,30651
235004,30652
235011,30653
235028,30654
235030,30655
235034,30656
235037,30657
235055,30658
235057,30659
235059,30660
235078,30661
235080,30662
235090,30663
235099,30664
235103,30665
235105,30666
235109,30667
235113,30668
235117,30669
235123,30670
235145,30671
235146,30672
235155,30673
235168,30674
235171,30675
235173,30676
235174,30677
235178,30678
235186,30679
235188,30680
235192,30681
235196,30682
235206,30683
235207,30684
235209,30685
235214,30686
235218,30687
235221,30688
235250,30689
235271,30690
235282,30691
235283,30692
235295,30693
235324,30694
235327,30695
235342,30696
235363,30697
235369,30698
235371,30699
235375,30700
235377,30701
235384,30702
235392,30703
235394,30704
235396,30705
235403,30706
235420,30707
235428,30708
235429,30709
235438,30710
235439,30711
235442,30712
235462,30713
235475,30714
235477,30715
235480,30716
235486,30717
235493,30718
235494,30719
235498,30720
235506,30721
235513,30722
235518,30723
235523,30724
235525,30725
235527,30726
235538,30727
235543,30728
235560,30729
235569,30730
235579,30731
235589,30732
235591,30733
235613,30734
235615,30735
235619,30736
235650,30737
235652,30738
235669,30739
235671,30740
235677,30741
235684,30742
235688,30743
235698,30744
235705,30745
235709,30746
235712,30747
235717,30748
235728,30749
235730,30750
235736,30751
235744,30752
235745,30753
235746,30754
235752,30755
235766,30756
235768,30757
235780,30758
235783,30759
235806,30760
235808,30761
235812,30762
235821,30763
235826,30764
235828,30765
235839,30766
235841,30767
235842,30768
235849,30769
235860,30770
235864,30771
235866,30772
235872,30773
235878,30774
235884,30775
235888,30776
235895,30777
235915,30778
235925,30779
235929,30780
235931,30781
235932,30782
235935,30783
235946,30784
235948,30785
235952,30786
235974,30787
235978,30788
235996,30789
236005,30790
236006,30791
236012,30792
236017,30793
236023,30794
236025,30795
236030,30796
236032,30797
236033,30798
236034,30799
236044,30800
236058,30801
236061,30802
236065,30803
236072,30804
236073,30805
236076,30806
236078,30807
236084,30808
236096,30809
236097,30810
236112,30811
236113,30812
236129,30813
236133,30814
236146,30815
236148,30816
236150,30817
236155,30818
236156,30819
236161,30820
236164,30821
236172,30822
236186,30823
236198,30824
236205,30825
236213,30826
236224,30827
236235,30828
236237,30829
236247,30830
236251,30831
236255,30832
236262,30833
236267,30834
236269,30835
236271,30836
236280,30837
236283,30838
236296,30839
236299,30840
236300,30841
236301,30842
236310,30843
236322,30844
236323,30845
236340,30846
236352,30847
236355,30848
236378,30849
236380,30850
236391,30851
236392,30852
236399,30853
236401,30854
236408,30855
236409,30856
236413,30857
236421,30858
236426,30859
236433,30860
236436,30861
236440,30862
236444,30863
236474,30864
236480,30865
236481,30866
236508,30867
236510,30868
236527,30869
236544,30870
236550,30871
236562,30872
236565,30873
236574,30874
236577,30875
236580,30876
236583,30877
236587,30878
236592,30879
236595,30880
236606,30881
236615,30882
236617,30883
236618,30884
236621,30885
236625,30886
236631,30887
236639,30888
236643,30889
236648,30890
236655,30891
236659,30892
236661,30893
236664,30894
236668,30895
236678,30896
236700,30897
236716,30898
236727,30899
236728,30900
236731,30901
236754,30902
236757,30903
236774,30904
236782,30905
236805,30906
236814,30907
236827,30908
236834,30909
236837,30910
236840,30911
236842,30912
236844,30913
236855,30914
236860,30915
236869,30916
236872,30917
236885,30918
236886,30919
236895,30920
236909,30921
236913,30922
236914,30923
236918,30924
236931,30925
236934,30926
236939,30927
236943,30928
236948,30929
236949,30930
236955,30931
236959,30932
236961,30933
236977,30934
236979,30935
236990,30936
236994,30937
237025,30938
237031,30939
237033,30940
237047,30941
237050,30942
237064,30943
237065,30944
237070,30945
237072,30946
237075,30947
237078,30948
237089,30949
237090,30950
237091,30951
237115,30952
237117,30953
237121,30954
237131,30955
237132,30956
237147,30957
237154,30958
237168,30959
237171,30960
237172,30961
237173,30962
237175,30963
237208,30964
237210,30965
237218,30966
237225,30967
237240,30968
237242,30969
237257,30970
237263,30971
237264,30972
237268,30973
237271,30974
237275,30975
237276,30976
237281,30977
237283,30978
237289,30979
237290,30980
237299,30981
237308,30982
237310,30983
237313,30984
237320,30985
237323,30986
237339,30987
237350,30988
237355,30989
237363,30990
237372,30991
237376,30992
237381,30993
237385,30994
237389,30995
237391,30996
237397,30997
237398,30998
237399,30999
237404,31000
237407,31001
237411,31002
237412,31003
237413,31004
237426,31005
237429,31006
237432,31007
237433,31008
237434,31009
237436,31010
237437,31011
237439,31012
237441,31013
237443,31014
237451,31015
237474,31016
237477,31017
237482,31018
237486,31019
237518,31020
237521,31021
237534,31022
237535,31023
237536,31024
237537,31025
237553,31026
237558,31027
237559,31028
237563,31029
237575,31030
237577,31031
237580,31032
237585,31033
237586,31034
237595,31035
237607,31036
237612,31037
237620,31038
237646,31039
237648,31040
237650,31041
237655,31042
237659,31043
237660,31044
237676,31045
237684,31046
237701,31047
237713,31048
237715,31049
237722,31050
237727,31051
237734,31052
237740,31053
237748,31054
237758,31055
237763,31056
237767,31057
237773,31058
237776,31059
237782,31060
237789,31061
237797,31062
237799,31063
237804,31064
237805,31065
237808,31066
237824,31067
237834,31068
237836,31069
237838,31070
237842,31071
237851,31072
237856,31073
237866,31074
237868,31075
237877,31076
237890,31077
237898,31078
237900,31079
237912,31080
237914,31081
237917,31082
237926,31083
237941,31084
237948,31085
237960,31086
237962,31087
237966,31088
237968,31089
237978,31090
237982,31091
237990,31092
238002,31093
238008,31094
238010,31095
238014,31096
238024,31097
238034,31098
238044,31099
238050,31100
238057,31101
238065,31102
238074,31103
238077,31104
238079,31105
238080,31106
238096,31107
238120,31108
238125,31109
238131,31110
238146,31111
238170,31112
238177,31113
238178,31114
238179,31115
238181,31116
238184,31117
238186,31118
238194,31119
238222,31120
238226,31121
238227,31122
238231,31123
238235,31124
238238,31125
238241,31126
238246,31127
238257,31128
238265,31129
238276,31130
238283,31131
238290,31132
238292,31133
238304,31134
238319,31135
238321,31136
238322,31137
238323,31138
238339,31139
238347,31140
238350,31141
238381,31142
238390,31143
238396,31144
238400,31145
238419,31146
238426,31147
238456,31148
238458,31149
238461,31150
238462,31151
238471,31152
238472,31153
238475,31154
238477,31155
238489,31156
238491,31157
238508,31158
238526,31159
238527,31160
238540,31161
238541,31162
238545,31163
238557,31164
238568,31165
238579,31166
238607,31167
238610,31168
238612,31169
238613,31170
238617,31171
238623,31172
238624,31173
238625,31174
238630,31175
238639,31176
238642,31177
238644,31178
238647,31179
238652,31180
238678,31181
238689,31182
238691,31183
238698,31184
238699,31185
238704,31186
238710,31187
238731,31188
238733,31189
238739,31190
238740,31191
238753,31192
238754,31193
238757,31194
238767,31195
238768,31196
238779,31197
238781,31198
238784,31199
238788,31200
238805,31201
238810,31202
238819,31203
238821,31204
238823,31205
238827,31206
238836,31207
238841,31208
238849,31209
238852,31210
238864,31211
238866,31212
238882,31213
238887,31214
238889,31215
238890,31216
238898,31217
238904,31218
238915,31219
238918,31220
238922,31221
238926,31222
238932,31223
238936,31224
238942,31225
238949,31226
238961,31227
238962,31228
238966,31229
238967,31230
238968,31231
238969,31232
238982,31233
239004,31234
239015,31235
239020,31236
239028,31237
239033,31238
239041,31239
239050,31240
239063,31241
239067,31242
239070,31243
239071,31244
239074,31245
239076,31246
239089,31247
239097,31248
239106,31249
239108,31250
239135,31251
239141,31252
239147,31253
239161,31254
239170,31255
239176,31256
239183,31257
239195,31258
239200,31259
239213,31260
239220,31261
239241,31262
239251,31263
239279,31264
239295,31265
239310,31266
239317,31267
239322,31268
239330,31269
239345,31270
239354,31271
239357,31272
239374,31273
239380,31274
239392,31275
239393,31276
239407,31277
239413,31278
239418,31279
239423,31280
239426,31281
239431,31282
239433,31283
239437,31284
239449,31285
239456,31286
239460,31287
239467,31288
239468,31289
239481,31290
239486,31291
239488,31292
239502,31293
239523,31294
239531,31295
239532,31296
239535,31297
239545,31298
239546,31299
239552,31300
239554,31301
239557,31302
239567,31303
239569,31304
239574,31305
239575,31306
239584,31307
239593,31308
239594,31309
239602,31310
239609,31311
239619,31312
239623,31313
239626,31314
239630,31315
239635,31316
239642,31317
239655,31318
239656,31319
239660,31320
239661,31321
239663,31322
239670,31323
239672,31324
239688,31325
239692,31326
239696,31327
239701,31328
239705,31329
239708,31330
239718,31331
239736,31332
239740,31333
239756,31334
239775,31335
239783,31336
239788,31337
239794,31338
239801,31339
239808,31340
239821,31341
239834,31342
239842,31343
239847,31344
239876,31345
239912,31346
239914,31347
239946,31348
239958,31349
239966,31350
239976,31351
239977,31352
239982,31353
239991,31354
239998,31355
240024,31356
240031,31357
240033,31358
240035,31359
240043,31360
240046,31361
240049,31362
240051,31363
240054,31364
240056,31365
240062,31366
240098,31367
240099,31368
240100,31369
240105,31370
240107,31371
240111,31372
240113,31373
240118,31374
240124,31375
240131,31376
240141,31377
240144,31378
240155,31379
240159,31380
240164,31381
240177,31382
240207,31383
240209,31384
240213,31385
240219,31386
240224,31387
240225,31388
240226,31389
240235,31390
240236,31391
240239,31392
240248,31393
240252,31394
240254,31395
240258,31396
240260,31397
240267,31398
240272,31399
240275,31400
240280,31401
240283,31402
240289,31403
240295,31404
240307,31405
240312,31406
240318,31407
240327,31408
240331,31409
240332,31410
240333,31411
240335,31412
240348,31413
240353,31414
240367,31415
240370,31416
240375,31417
240380,31418
240394,31419
240400,31420
240401,31421
240402,31422
240403,31423
240411,31424
240415,31425
240430,31426
240432,31427
240434,31428
240441,31429
240442,31430
240445,31431
240454,31432
240470,31433
240484,31434
240490,31435
240494,31436
240495,31437
240510,31438
240515,31439
240526,31440
240528,31441
240531,31442
240541,31443
240567,31444
240568,31445
240569,31446
240570,31447
240580,31448
240600,31449
240601,31450
240602,31451
240604,31452
240609,31453
240618,31454
240629,31455
240630,31456
240633,31457
240635,31458
240643,31459
240654,31460
240660,31461
240663,31462
240677,31463
240686,31464
240700,31465
240704,31466
240710,31467
240713,31468
240720,31469
240729,31470
240737,31471
240743,31472
240745,31473
240747,31474
240756,31475
240759,31476
240770,31477
240787,31478
240789,31479
240795,31480
240809,31481
240810,31482
240811,31483
240822,31484
240827,31485
240829,31486
240854,31487
240882,31488
240883,31489
240884,31490
240897,31491
240906,31492
240917,31493
240918,31494
240926,31495
240927,31496
240930,31497
240932,31498
240946,31499
240951,31500
240969,31501
240977,31502
241005,31503
241012,31504
241027,31505
241033,31506
241042,31507
241051,31508
241062,31509
241080,31510
241084,31511
241086,31512
241087,31513
241096,31514
241100,31515
241131,31516
241146,31517
241178,31518
241191,31519
241198,31520
241199,31521
241204,31522
241211,31523
241214,31524
241239,31525
241265,31526
241266,31527
241268,31528
241271,31529
241274,31530
241289,31531
241291,31532
241294,31533
241305,31534
241306,31535
241307,31536
241315,31537
241316,31538
241317,31539
241326,31540
241332,31541
241344,31542
241345,31543
241357,31544
241367,31545
241394,31546
241398,31547
241401,31548
241408,31549
241414,31550
241415,31551
241430,31552
241432,31553
241441,31554
241467,31555
241482,31556
241484,31557
241491,31558
241492,31559
241495,31560
241503,31561
241513,31562
241517,31563
241523,31564
241524,31565
241527,31566
241531,31567
241537,31568
241544,31569
241545,31570
241548,31571
241555,31572
241562,31573
241565,31574
241567,31575
241579,31576
241582,31577
241591,31578
241592,31579
241593,31580
241597,31581
241609,31582
241614,31583
241617,31584
241626,31585
241628,31586
241633,31587
241641,31588
241646,31589
241648,31590
241652,31591
241653,31592
241654,31593
241660,31594
241666,31595
241678,31596
241682,31597
241697,31598
241713,31599
241720,31600
241723,31601
241732,31602
241736,31603
241738,31604
241741,31605
241749,31606
241756,31607
241787,31608
241791,31609
241797,31610
241799,31611
241802,31612
241806,31613
241810,31614
241814,31615
241815,31616
241839,31617
241845,31618
241874,31619
241885,31620
241889,31621
241901,31622
241907,31623
241919,31624
241922,31625
241933,31626
241942,31627
241944,31628
241949,31629
241952,31630
241960,31631
241965,31632
241967,31633
241980,31634
241992,31635
242005,31636
242006,31637
242007,31638
242011,31639
242029,31640
242037,31641
242038,31642
242042,31643
242048,31644
242050,31645
242051,31646
242059,31647
242061,31648
242065,31649
242069,31650
242073,31651
242077,31652
242083,31653
242097,31654
242098,31655
242103,31656
242106,31657
242113,31658
242118,31659
242122,31660
242124,31661
242129,31662
242136,31663
242138,31664
242143,31665
242153,31666
242178,31667
242199,31668
242202,31669
242214,31670
242215,31671
242216,31672
242217,31673
242219,31674
242220,31675
242232,31676
242233,31677
242240,31678
242244,31679
242245,31680
242247,31681
242248,31682
242249,31683
242252,31684
242260,31685
242269,31686
242273,31687
242278,31688
242287,31689
242291,31690
242299,31691
242309,31692
242310,31693
242316,31694
242317,31695
242319,31696
242333,31697
242334,31698
242349,31699
242351,31700
242361,31701
242362,31702
242371,31703
242379,31704
242381,31705
242382,31706
242397,31707
242403,31708
242409,31709
242414,31710
242425,31711
242431,31712
242445,31713
242448,31714
242454,31715
242458,31716
242465,31717
242467,31718
242473,31719
242474,31720
242477,31721
242485,31722
242488,31723
242494,31724
242498,31725
242499,31726
242500,31727
242506,31728
242515,31729
242519,31730
242525,31731
242526,31732
242528,31733
242536,31734
242544,31735
242546,31736
242547,31737
242548,31738
242584,31739
242590,31740
242616,31741
242618,31742
242620,31743
242631,31744
242637,31745
242639,31746
242640,31747
242642,31748
242643,31749
242646,31750
242658,31751
242661,31752
242665,31753
242692,31754
242701,31755
242708,31756
242715,31757
242718,31758
242719,31759
242723,31760
242730,31761
242742,31762
242748,31763
242752,31764
242763,31765
242775,31766
242781,31767
242790,31768
242794,31769
242812,31770
242815,31771
242822,31772
242824,31773
242828,31774
242830,31775
242831,31776
242832,31777
242833,31778
242843,31779
242849,31780
242878,31781
242884,31782
242887,31783
242891,31784
242898,31785
242901,31786
242903,31787
242914,31788
242936,31789
242959,31790
242961,31791
242962,31792
242964,31793
242972,31794
242977,31795
242979,31796
242982,31797
242989,31798
242992,31799
242999,31800
243000,31801
243004,31802
243008,31803
243035,31804
243038,31805
243044,31806
243050,31807
243058,31808
243065,31809
243070,31810
243075,31811
243077,31812
243087,31813
243088,31814
243094,31815
243100,31816
243104,31817
243117,31818
243120,31819
243125,31820
243141,31821
243142,31822
243150,31823
243151,31824
243154,31825
243166,31826
243173,31827
243186,31828
243189,31829
243200,31830
243210,31831
243213,31832
243214,31833
243221,31834
243229,31835
243236,31836
243241,31837
243258,31838
243290,31839
243294,31840
243301,31841
243311,31842
243312,31843
243314,31844
243315,31845
243328,31846
243332,31847
243341,31848
243344,31849
243360,31850
243363,31851
243376,31852
243387,31853
243397,31854
243448,31855
243449,31856
243471,31857
243488,31858
243490,31859
243491,31860
243492,31861
243493,31862
243494,31863
243513,31864
243514,31865
243515,31866
243518,31867
243522,31868
243526,31869
243527,31870
243529,31871
243531,31872
243533,31873
243544,31874
243548,31875
243553,31876
243554,31877
243562,31878
243563,31879
243577,31880
243584,31881
243585,31882
243607,31883
243613,31884
243651,31885
243663,31886
243667,31887
243699,31888
243700,31889
243720,31890
243722,31891
243745,31892
243756,31893
243759,31894
243768,31895
243769,31896
243781,31897
243785,31898
243790,31899
243804,31900
243805,31901
243814,31902
243840,31903
243841,31904
243847,31905
243851,31906
243863,31907
243875,31908
243876,31909
243878,31910
243879,31911
243883,31912
243888,31913
243889,31914
243891,31915
243896,31916
243899,31917
243910,31918
243918,31919
243929,31920
243930,31921
243942,31922
243943,31923
243949,31924
243951,31925
243966,31926
243967,31927
243978,31928
243984,31929
243996,31930
244001,31931
244007,31932
244020,31933
244021,31934
244039,31935
244056,31936
244066,31937
244067,31938
244070,31939
244074,31940
244080,31941
244084,31942
244092,31943
244095,31944
244097,31945
244098,31946
244106,31947
244139,31948
244147,31949
244148,31950
244170,31951
244171,31952
244172,31953
244189,31954
244204,31955
244208,31956
244224,31957
244230,31958
244264,31959
244275,31960
244277,31961
244286,31962
244293,31963
244298,31964
244310,31965
244314,31966
244318,31967
244327,31968
244340,31969
244344,31970
244349,31971
244352,31972
244359,31973
244378,31974
244385,31975
244389,31976
244400,31977
244414,31978
244418,31979
244420,31980
244421,31981
244422,31982
244442,31983
244444,31984
244445,31985
244452,31986
244453,31987
244455,31988
244456,31989
244459,31990
244470,31991
244471,31992
244480,31993
244482,31994
244484,31995
244485,31996
244486,31997
244493,31998
244494,31999
244498,32000
244517,32001
244532,32002
244540,32003
244545,32004
244572,32005
244577,32006
244584,32007
244588,32008
244593,32009
244599,32010
244602,32011
244607,32012
244614,32013
244622,32014
244627,32015
244641,32016
244642,32017
244643,32018
244647,32019
244657,32020
244659,32021
244662,32022
244665,32023
244666,32024
244670,32025
244676,32026
244679,32027
244685,32028
244688,32029
244699,32030
244708,32031
244710,32032
244719,32033
244727,32034
244736,32035
244742,32036
244744,32037
244761,32038
244768,32039
244779,32040
244781,32041
244784,32042
244786,32043
244790,32044
244794,32045
244814,32046
244817,32047
244820,32048
244823,32049
244854,32050
244871,32051
244873,32052
244874,32053
244878,32054
244879,32055
244881,32056
244884,32057
244886,32058
244891,32059
244892,32060
244894,32061
244900,32062
244901,32063
244904,32064
244908,32065
244915,32066
244918,32067
244919,32068
244923,32069
244925,32070
244927,32071
244928,32072
244939,32073
244940,32074
244944,32075
244953,32076
244955,32077
244964,32078
244989,32079
244991,32080
244993,32081
244994,32082
244995,32083
244996,32084
244998,32085
245001,32086
245007,32087
245016,32088
245029,32089
245033,32090
245035,32091
245045,32092
245046,32093
245048,32094
245058,32095
245068,32096
245077,32097
245079,32098
245088,32099
245102,32100
245127,32101
245128,32102
245135,32103
245138,32104
245144,32105
245150,32106
245157,32107
245161,32108
245165,32109
245181,32110
245182,32111
245184,32112
245188,32113
245194,32114
245203,32115
245210,32116
245215,32117
245231,32118
245237,32119
245249,32120
245257,32121
245276,32122
245281,32123
245284,32124
245287,32125
245294,32126
245295,32127
245298,32128
245311,32129
245312,32130
245313,32131
245320,32132
245322,32133
245328,32134
245339,32135
245346,32136
245352,32137
245362,32138
245371,32139
245372,32140
245373,32141
245393,32142
245399,32143
245408,32144
245410,32145
245432,32146
245438,32147
245440,32148
245445,32149
245446,32150
245450,32151
245475,32152
245489,32153
245499,32154
245503,32155
245504,32156
245521,32157
245534,32158
245542,32159
245559,32160
245568,32161
245572,32162
245578,32163
245585,32164
245592,32165
245604,32166
245607,32167
245608,32168
245616,32169
245618,32170
245627,32171
245645,32172
245649,32173
245650,32174
245655,32175
245660,32176
245666,32177
245667,32178
245691,32179
245703,32180
245729,32181
245740,32182
245750,32183
245765,32184
245782,32185
245790,32186
245799,32187
245814,32188
245816,32189
245827,32190
245828,32191
245829,32192
245832,32193
245839,32194
245851,32195
245852,32196
245857,32197
245864,32198
245867,32199
245871,32200
245874,32201
245877,32202
245893,32203
245901,32204
245920,32205
245925,32206
245927,32207
245929,32208
245938,32209
245948,32210
245958,32211
245963,32212
245976,32213
245978,32214
245993,32215
246000,32216
246007,32217
246009,32218
246013,32219
246020,32220
246024,32221
246030,32222
246033,32223
246036,32224
246071,32225
246075,32226
246088,32227
246104,32228
246121,32229
246134,32230
246150,32231
246153,32232
246156,32233
246164,32234
246167,32235
246175,32236
246193,32237
246196,32238
246201,32239
246205,32240
246207,32241
246209,32242
246216,32243
246218,32244
246230,32245
246232,32246
246241,32247
246247,32248
246257,32249
246258,32250
246261,32251
246264,32252
246268,32253
246269,32254
246295,32255
246304,32256
246311,32257
246313,32258
246317,32259
246318,32260
246328,32261
246333,32262
246338,32263
246344,32264
246349,32265
246354,32266
246375,32267
246388,32268
246391,32269
246395,32270
246400,32271
246408,32272
246411,32273
246418,32274
246427,32275
246433,32276
246437,32277
246439,32278
246447,32279
246448,32280
246449,32281
246456,32282
246459,32283
246468,32284
246470,32285
246475,32286
246483,32287
246495,32288
246507,32289
246512,32290
246513,32291
246528,32292
246529,32293
246550,32294
246582,32295
246586,32296
246598,32297
246617,32298
246620,32299
246621,32300
246625,32301
246634,32302
246645,32303
246646,32304
246655,32305
246657,32306
246671,32307
246678,32308
246691,32309
246706,32310
246711,32311
246720,32312
246722,32313
246726,32314
246730,32315
246734,32316
246740,32317
246757,32318
246759,32319
246766,32320
246771,32321
246776,32322
246783,32323
246794,32324
246798,32325
246820,32326
246823,32327
246828,32328
246843,32329
246846,32330
246874,32331
246907,32332
246910,32333
246914,32334
246915,32335
246921,32336
246923,32337
246932,32338
246933,32339
246952,32340
246956,32341
246959,32342
246964,32343
246967,32344
246980,32345
246995,32346
247010,32347
247015,32348
247020,32349
247039,32350
247055,32351
247057,32352
247059,32353
247060,32354
247068,32355
247071,32356
247082,32357
247097,32358
247099,32359
247105,32360
247108,32361
247112,32362
247129,32363
247134,32364
247140,32365
247141,32366
247166,32367
247176,32368
247185,32369
247189,32370
247199,32371
247201,32372
247211,32373
247238,32374
247240,32375
247241,32376
247262,32377
247268,32378
247269,32379
247272,32380
247278,32381
247289,32382
247292,32383
247295,32384
247301,32385
247315,32386
247336,32387
247353,32388
247357,32389
247363,32390
247379,32391
247422,32392
247423,32393
247429,32394
247442,32395
247444,32396
247447,32397
247449,32398
247452,32399
247461,32400
247471,32401
247474,32402
247476,32403
247479,32404
247482,32405
247492,32406
247517,32407
247518,32408
247521,32409
247527,32410
247537,32411
247543,32412
247544,32413
247560,32414
247571,32415
247578,32416
247582,32417
247583,32418
247585,32419
247588,32420
247590,32421
247593,32422
247595,32423
247609,32424
247616,32425
247623,32426
247626,32427
247628,32428
247664,32429
247674,32430
247683,32431
247704,32432
247726,32433
247729,32434
247739,32435
247745,32436
247751,32437
247752,32438
247755,32439
247788,32440
247790,32441
247792,32442
247795,32443
247804,32444
247829,32445
247835,32446
247837,32447
247840,32448
247848,32449
247852,32450
247855,32451
247859,32452
247860,32453
247868,32454
247869,32455
247870,32456
247877,32457
247878,32458
247880,32459
247887,32460
247890,32461
247897,32462
247901,32463
247902,32464
247910,32465
247916,32466
247918,32467
247920,32468
247921,32469
247927,32470
247933,32471
247958,32472
247966,32473
247969,32474
247978,32475
247979,32476
247986,32477
247997,32478
247998,32479
247999,32480
248003,32481
248007,32482
248023,32483
248033,32484
248054,32485
248056,32486
248062,32487
248063,32488
248064,32489
248067,32490
248092,32491
248098,32492
248099,32493
248101,32494
248110,32495
248115,32496
248131,32497
248138,32498
248139,32499
248144,32500
248155,32501
248158,32502
248160,32503
248168,32504
248169,32505
248170,32506
248174,32507
248178,32508
248179,32509
248209,32510
248213,32511
248221,32512
248225,32513
248249,32514
248250,32515
248259,32516
248273,32517
248274,32518
248280,32519
248287,32520
248292,32521
248308,32522
248311,32523
248312,32524
248316,32525
248325,32526
248356,32527
248360,32528
248361,32529
248362,32530
248365,32531
248372,32532
248373,32533
248382,32534
248383,32535
248387,32536
248397,32537
248398,32538
248403,32539
248409,32540
248413,32541
248419,32542
248434,32543
248440,32544
248464,32545
248468,32546
248472,32547
248477,32548
248479,32549
248487,32550
248492,32551
248494,32552
248496,32553
248497,32554
248505,32555
248509,32556
248525,32557
248531,32558
248539,32559
248540,32560
248547,32561
248566,32562
248570,32563
248572,32564
248580,32565
248582,32566
248597,32567
248602,32568
248604,32569
248607,32570
248613,32571
248615,32572
248622,32573
248649,32574
248656,32575
248668,32576
248669,32577
248677,32578
248704,32579
248714,32580
248717,32581
248718,32582
248724,32583
248726,32584
248727,32585
248735,32586
248749,32587
248752,32588
248772,32589
248775,32590
248781,32591
248784,32592
248787,32593
248793,32594
248805,32595
248810,32596
248815,32597
248816,32598
248821,32599
248850,32600
248901,32601
248909,32602
248922,32603
248951,32604
248965,32605
248966,32606
248967,32607
248975,32608
248980,32609
248985,32610
249000,32611
249006,32612
249015,32613
249026,32614
249032,32615
249040,32616
249046,32617
249048,32618
249053,32619
249058,32620
249063,32621
249064,32622
249068,32623
249072,32624
249083,32625
249096,32626
249098,32627
249103,32628
249111,32629
249128,32630
249131,32631
249140,32632
249142,32633
249146,32634
249150,32635
249151,32636
249161,32637
249163,32638
249174,32639
249178,32640
249187,32641
249200,32642
249201,32643
249206,32644
249210,32645
249220,32646
249223,32647
249228,32648
249229,32649
249235,32650
249238,32651
249246,32652
249256,32653
249261,32654
249292,32655
249294,32656
249305,32657
249346,32658
249352,32659
249353,32660
249355,32661
249359,32662
249361,32663
249374,32664
249384,32665
249386,32666
249393,32667
249401,32668
249404,32669
249405,32670
249407,32671
249411,32672
249426,32673
249429,32674
249445,32675
249446,32676
249480,32677
249508,32678
249527,32679
249536,32680
249539,32681
249541,32682
249542,32683
249544,32684
249556,32685
249559,32686
249574,32687
249578,32688
249579,32689
249591,32690
249592,32691
249595,32692
249598,32693
249612,32694
249620,32695
249628,32696
249632,32697
249633,32698
249634,32699
249638,32700
249650,32701
249658,32702
249688,32703
249695,32704
249706,32705
249708,32706
249712,32707
249721,32708
249722,32709
249723,32710
249729,32711
249732,32712
249735,32713
249736,32714
249739,32715
249746,32716
249751,32717
249791,32718
249811,32719
249825,32720
249826,32721
249827,32722
249829,32723
249848,32724
249862,32725
249866,32726
249878,32727
249886,32728
249894,32729
249895,32730
249896,32731
249924,32732
249928,32733
249930,32734
249946,32735
249953,32736
249954,32737
249956,32738
249958,32739
249989,32740
249994,32741
249997,32742
250006,32743
250007,32744
250015,32745
250016,32746
250018,32747
250061,32748
250065,32749
250080,32750
250101,32751
250103,32752
250105,32753
250106,32754
250151,32755
250153,32756
250161,32757
250163,32758
250184,32759
250186,32760
250196,32761
250197,32762
250198,32763
250219,32764
250223,32765
250249,32766
250254,32767
250269,32768
250273,32769
250274,32770
250288,32771
250295,32772
250300,32773
250301,32774
250303,32775
250307,32776
250318,32777
250321,32778
250322,32779
250326,32780
250330,32781
250333,32782
250338,32783
250341,32784
250342,32785
250344,32786
250347,32787
250353,32788
250359,32789
250367,32790
250368,32791
250375,32792
250381,32793
250383,32794
250385,32795
250391,32796
250398,32797
250399,32798
250401,32799
250405,32800
250406,32801
250407,32802
250409,32803
250419,32804
250427,32805
250431,32806
250439,32807
250444,32808
250447,32809
250449,32810
250454,32811
250456,32812
250459,32813
250461,32814
250472,32815
250474,32816
250477,32817
250479,32818
250483,32819
250494,32820
250502,32821
250503,32822
250506,32823
250509,32824
250510,32825
250513,32826
250518,32827
250523,32828
250532,32829
250533,32830
250539,32831
250543,32832
250544,32833
250578,32834
250585,32835
250599,32836
250600,32837
250609,32838
250622,32839
250634,32840
250645,32841
250646,32842
250674,32843
250683,32844
250686,32845
250695,32846
250705,32847
250709,32848
250710,32849
250724,32850
250725,32851
250729,32852
250733,32853
250736,32854
250739,32855
250750,32856
250751,32857
250764,32858
250767,32859
250768,32860
250770,32861
250788,32862
250794,32863
250797,32864
250800,32865
250804,32866
250832,32867
250851,32868
250853,32869
250876,32870
250884,32871
250892,32872
250893,32873
250894,32874
250903,32875
250912,32876
250919,32877
250922,32878
250925,32879
250932,32880
250933,32881
250935,32882
250936,32883
250939,32884
250940,32885
250947,32886
250948,32887
250951,32888
250952,32889
250962,32890
250969,32891
250970,32892
250977,32893
250979,32894
250984,32895
250987,32896
250989,32897
250990,32898
250997,32899
251003,32900
251009,32901
251017,32902
251019,32903
251036,32904
251043,32905
251047,32906
251050,32907
251052,32908
251067,32909
251069,32910
251071,32911
251085,32912
251093,32913
251097,32914
251115,32915
251122,32916
251127,32917
251133,32918
251140,32919
251146,32920
251149,32921
251150,32922
251152,32923
251157,32924
251164,32925
251165,32926
251170,32927
251172,32928
251176,32929
251199,32930
251204,32931
251216,32932
251223,32933
251229,32934
251233,32935
251242,32936
251243,32937
251251,32938
251253,32939
251263,32940
251269,32941
251278,32942
251295,32943
251302,32944
251317,32945
251325,32946
251326,32947
251327,32948
251339,32949
251342,32950
251352,32951
251362,32952
251377,32953
251378,32954
251391,32955
251394,32956
251398,32957
251400,32958
251404,32959
251408,32960
251422,32961
251423,32962
251431,32963
251439,32964
251442,32965
251449,32966
251467,32967
251474,32968
251478,32969
251483,32970
251488,32971
251495,32972
251499,32973
251502,32974
251506,32975
251509,32976
251518,32977
251519,32978
251522,32979
251523,32980
251527,32981
251530,32982
251537,32983
251541,32984
251560,32985
251561,32986
251572,32987
251575,32988
251580,32989
251594,32990
251606,32991
251613,32992
251620,32993
251631,32994
251636,32995
251637,32996
251642,32997
251643,32998
251651,32999
251667,33000
251671,33001
251674,33002
251684,33003
251696,33004
251698,33005
251702,33006
251715,33007
251721,33008
251730,33009
251737,33010
251739,33011
251743,33012
251744,33013
251750,33014
251751,33015
251752,33016
251754,33017
251757,33018
251779,33019
251795,33020
251806,33021
251808,33022
251811,33023
251820,33024
251842,33025
251843,33026
251844,33027
251851,33028
251859,33029
251872,33030
251877,33031
251890,33032
251898,33033
251908,33034
251910,33035
251947,33036
251964,33037
251972,33038
251974,33039
251975,33040
251984,33041
252004,33042
252006,33043
252007,33044
252015,33045
252020,33046
252031,33047
252034,33048
252038,33049
252045,33050
252049,33051
252066,33052
252071,33053
252074,33054
252080,33055
252081,33056
252086,33057
252088,33058
252091,33059
252101,33060
252111,33061
252113,33062
252126,33063
252151,33064
252159,33065
252169,33066
252172,33067
252176,33068
252199,33069
252209,33070
252222,33071
252224,33072
252227,33073
252229,33074
252233,33075
252241,33076
252263,33077
252268,33078
252274,33079
252278,33080
252279,33081
252280,33082
252282,33083
252287,33084
252292,33085
252310,33086
252311,33087
252335,33088
252336,33089
252340,33090
252343,33091
252345,33092
252347,33093
252349,33094
252351,33095
252356,33096
252377,33097
252378,33098
252383,33099
252385,33100
252409,33101
252412,33102
252418,33103
252419,33104
252420,33105
252426,33106
252428,33107
252453,33108
252454,33109
252468,33110
252471,33111
252475,33112
252482,33113
252502,33114
252505,33115
252507,33116
252509,33117
252510,33118
252518,33119
252520,33120
252527,33121
252542,33122
252558,33123
252559,33124
252560,33125
252566,33126
252567,33127
252573,33128
252574,33129
252601,33130
252603,33131
252617,33132
252621,33133
252622,33134
252627,33135
252628,33136
252629,33137
252636,33138
252637,33139
252642,33140
252644,33141
252652,33142
252654,33143
252657,33144
252658,33145
252662,33146
252676,33147
252693,33148
252694,33149
252695,33150
252698,33151
252703,33152
252705,33153
252719,33154
252721,33155
252736,33156
252743,33157
252752,33158
252767,33159
252775,33160
252777,33161
252783,33162
252785,33163
252798,33164
252806,33165
252819,33166
252820,33167
252827,33168
252829,33169
252832,33170
252843,33171
252844,33172
252846,33173
252848,33174
252865,33175
252869,33176
252874,33177
252877,33178
252884,33179
252896,33180
252900,33181
252901,33182
252903,33183
252908,33184
252909,33185
252917,33186
252922,33187
252933,33188
252947,33189
252948,33190
252961,33191
252982,33192
253005,33193
253033,33194
253036,33195
253062,33196
253063,33197
253082,33198
253105,33199
253106,33200
253115,33201
253120,33202
253133,33203
253147,33204
253189,33205
253193,33206
253202,33207
253209,33208
253210,33209
253226,33210
253228,33211
253246,33212
253256,33213
253310,33214
253311,33215
253313,33216
253315,33217
253322,33218
253324,33219
253331,33220
253346,33221
253352,33222
253368,33223
253375,33224
253386,33225
253403,33226
253405,33227
253407,33228
253411,33229
253434,33230
253469,33231
253482,33232
253504,33233
253514,33234
253517,33235
253556,33236
253563,33237
253572,33238
253580,33239
253587,33240
253590,33241
253601,33242
253602,33243
253615,33244
253622,33245
253626,33246
253629,33247
253636,33248
253652,33249
253657,33250
253663,33251
253667,33252
253668,33253
253689,33254
253697,33255
253699,33256
253714,33257
253736,33258
253737,33259
253738,33260
253741,33261
253764,33262
253769,33263
253771,33264
253773,33265
253780,33266
253790,33267
253792,33268
253793,33269
253797,33270
253821,33271
253826,33272
253828,33273
253829,33274
253841,33275
253852,33276
253855,33277
253859,33278
253867,33279
253871,33280
253886,33281
253895,33282
253921,33283
253928,33284
253949,33285
253958,33286
253964,33287
253966,33288
253991,33289
253997,33290
253999,33291
254005,33292
254022,33293
254027,33294
254036,33295
254038,33296
254042,33297
254043,33298
254053,33299
254054,33300
254055,33301
254064,33302
254066,33303
254068,33304
254084,33305
254086,33306
254092,33307
254099,33308
254101,33309
254105,33310
254106,33311
254108,33312
254115,33313
254120,33314
254121,33315
254124,33316
254127,33317
254130,33318
254138,33319
254144,33320
254153,33321
254159,33322
254160,33323
254169,33324
254170,33325
254174,33326
254176,33327
254179,33328
254181,33329
254184,33330
254189,33331
254190,33332
254195,33333
254196,33334
254201,33335
254206,33336
254214,33337
254221,33338
254224,33339
254235,33340
254237,33341
254241,33342
254261,33343
254268,33344
254270,33345
254278,33346
254287,33347
254288,33348
254289,33349
254299,33350
254303,33351
254315,33352
254320,33353
254337,33354
254355,33355
254365,33356
254366,33357
254370,33358
254376,33359
254377,33360
254381,33361
254382,33362
254386,33363
254403,33364
254405,33365
254409,33366
254412,33367
254417,33368
254442,33369
254443,33370
254450,33371
254465,33372
254467,33373
254481,33374
254486,33375
254488,33376
254491,33377
254498,33378
254502,33379
254515,33380
254518,33381
254520,33382
254524,33383
254528,33384
254534,33385
254538,33386
254539,33387
254543,33388
254547,33389
254568,33390
254584,33391
254589,33392
254625,33393
254628,33394
254639,33395
254643,33396
254649,33397
254676,33398
254683,33399
254690,33400
254704,33401
254707,33402
254716,33403
254719,33404
254751,33405
254754,33406
254755,33407
254769,33408
254774,33409
254777,33410
254779,33411
254783,33412
254786,33413
254822,33414
254839,33415
254852,33416
254856,33417
254858,33418
254859,33419
254863,33420
254865,33421
254867,33422
254899,33423
254934,33424
254938,33425
254941,33426
254959,33427
254971,33428
254981,33429
254995,33430
254999,33431
255011,33432
255014,33433
255019,33434
255029,33435
255038,33436
255045,33437
255054,33438
255060,33439
255065,33440
255071,33441
255078,33442
255079,33443
255082,33444
255089,33445
255092,33446
255099,33447
255133,33448
255141,33449
255157,33450
255161,33451
255168,33452
255175,33453
255186,33454
255189,33455
255205,33456
255210,33457
255216,33458
255218,33459
255267,33460
255268,33461
255270,33462
255275,33463
255288,33464
255289,33465
255296,33466
255305,33467
255315,33468
255320,33469
255328,33470
255331,33471
255347,33472
255372,33473
255376,33474
255390,33475
255428,33476
255429,33477
255444,33478
255454,33479
255477,33480
255485,33481
255487,33482
255489,33483
255490,33484
255493,33485
255500,33486
255502,33487
255508,33488
255517,33489
255520,33490
255525,33491
255529,33492
255532,33493
255538,33494
255544,33495
255546,33496
255576,33497
255582,33498
255596,33499
255607,33500
255608,33501
255614,33502
255618,33503
255625,33504
255648,33505
255655,33506
255660,33507
255661,33508
255679,33509
255683,33510
255699,33511
255719,33512
255722,33513
255728,33514
255737,33515
255748,33516
255749,33517
255754,33518
255763,33519
255775,33520
255779,33521
255781,33522
255786,33523
255799,33524
255804,33525
255809,33526
255814,33527
255822,33528
255837,33529
255840,33530
255842,33531
255844,33532
255846,33533
255858,33534
255865,33535
255883,33536
255894,33537
255900,33538
255906,33539
255912,33540
255920,33541
255936,33542
255943,33543
255945,33544
255957,33545
255973,33546
255979,33547
255982,33548
255997,33549
256007,33550
256018,33551
256023,33552
256034,33553
256072,33554
256101,33555
256103,33556
256104,33557
256110,33558
256114,33559
256133,33560
256154,33561
256155,33562
256157,33563
256161,33564
256167,33565
256185,33566
256217,33567
256224,33568
256247,33569
256251,33570
256261,33571
256264,33572
256270,33573
256275,33574
256284,33575
256294,33576
256303,33577
256324,33578
256327,33579
256335,33580
256336,33581
256350,33582
256353,33583
256374,33584
256384,33585
256387,33586
256392,33587
256398,33588
256402,33589
256407,33590
256419,33591
256426,33592
256437,33593
256440,33594
256458,33595
256462,33596
256467,33597
256469,33598
256475,33599
256486,33600
256497,33601
256507,33602
256519,33603
256523,33604
256526,33605
256539,33606
256544,33607
256545,33608
256547,33609
256552,33610
256557,33611
256563,33612
256569,33613
256575,33614
256578,33615
256593,33616
256602,33617
256603,33618
256604,33619
256613,33620
256615,33621
256618,33622
256630,33623
256631,33624
256660,33625
256675,33626
256678,33627
256687,33628
256690,33629
256691,33630
256695,33631
256703,33632
256705,33633
256713,33634
256715,33635
256716,33636
256729,33637
256732,33638
256736,33639
256747,33640
256767,33641
256793,33642
256803,33643
256807,33644
256809,33645
256821,33646
256822,33647
256839,33648
256842,33649
256843,33650
256844,33651
256850,33652
256852,33653
256856,33654
256860,33655
256864,33656
256865,33657
256873,33658
256874,33659
256882,33660
256886,33661
256889,33662
256892,33663
256895,33664
256904,33665
256915,33666
256924,33667
256925,33668
256926,33669
256927,33670
256934,33671
256940,33672
256941,33673
256948,33674
256950,33675
256953,33676
256971,33677
256972,33678
256983,33679
256985,33680
256989,33681
256991,33682
257011,33683
257012,33684
257018,33685
257022,33686
257024,33687
257025,33688
257028,33689
257030,33690
257031,33691
257033,33692
257034,33693
257038,33694
257044,33695
257053,33696
257059,33697
257069,33698
257085,33699
257103,33700
257145,33701
257161,33702
257163,33703
257174,33704
257181,33705
257197,33706
257198,33707
257204,33708
257211,33709
257212,33710
257219,33711
257226,33712
257240,33713
257255,33714
257262,33715
257265,33716
257268,33717
257312,33718
257315,33719
257327,33720
257346,33721
257347,33722
257358,33723
257362,33724
257368,33725
257390,33726
257419,33727
257424,33728
257430,33729
257439,33730
257449,33731
257450,33732
257452,33733
257453,33734
257454,33735
257464,33736
257472,33737
257476,33738
257483,33739
257492,33740
257493,33741
257495,33742
257500,33743
257512,33744
257515,33745
257520,33746
257528,33747
257534,33748
257539,33749
257541,33750
257545,33751
257548,33752
257554,33753
257576,33754
257591,33755
257596,33756
257605,33757
257615,33758
257623,33759
257625,33760
257636,33761
257651,33762
257655,33763
257669,33764
257672,33765
257676,33766
257678,33767
257699,33768
257700,33769
257703,33770
257707,33771
257714,33772
257751,33773
257754,33774
257762,33775
257777,33776
257784,33777
257791,33778
257800,33779
257802,33780
257803,33781
257804,33782
257809,33783
257810,33784
257815,33785
257820,33786
257822,33787
257842,33788
257868,33789
257878,33790
257895,33791
257900,33792
257913,33793
257916,33794
257927,33795
257929,33796
257931,33797
257938,33798
257940,33799
257943,33800
257962,33801
257964,33802
257969,33803
257973,33804
257975,33805
257980,33806
257993,33807
258004,33808
258011,33809
258023,33810
258031,33811
258034,33812
258044,33813
258045,33814
258083,33815
258084,33816
258087,33817
258093,33818
258094,33819
258095,33820
258107,33821
258109,33822
258115,33823
258117,33824
258121,33825
258132,33826
258141,33827
258150,33828
258151,33829
258152,33830
258160,33831
258185,33832
258190,33833
258205,33834
258229,33835
258235,33836
258240,33837
258266,33838
258270,33839
258275,33840
258277,33841
258278,33842
258280,33843
258281,33844
258289,33845
258310,33846
258318,33847
258323,33848
258328,33849
258329,33850
258331,33851
258334,33852
258342,33853
258350,33854
258352,33855
258362,33856
258370,33857
258373,33858
258378,33859
258392,33860
258402,33861
258403,33862
258413,33863
258422,33864
258425,33865
258442,33866
258443,33867
258459,33868
258460,33869
258462,33870
258468,33871
258482,33872
258485,33873
258495,33874
258506,33875
258513,33876
258520,33877
258521,33878
258526,33879
258534,33880
258539,33881
258542,33882
258543,33883
258550,33884
258553,33885
258564,33886
258566,33887
258583,33888
258588,33889
258607,33890
258609,33891
258614,33892
258631,33893
258636,33894
258656,33895
258660,33896
258665,33897
258673,33898
258675,33899
258681,33900
258690,33901
258717,33902
258733,33903
258747,33904
258760,33905
258764,33906
258768,33907
258770,33908
258777,33909
258784,33910
258786,33911
258795,33912
258807,33913
258827,33914
258837,33915
258841,33916
258846,33917
258871,33918
258879,33919
258881,33920
258884,33921
258906,33922
258908,33923
258913,33924
258920,33925
258922,33926
258931,33927
258934,33928
258938,33929
258943,33930
258952,33931
258953,33932
258972,33933
258982,33934
259000,33935
259004,33936
259006,33937
259014,33938
259018,33939
259028,33940
259035,33941
259040,33942
259041,33943
259057,33944
259064,33945
259066,33946
259078,33947
259086,33948
259101,33949
259102,33950
259111,33951
259114,33952
259118,33953
259125,33954
259128,33955
259145,33956
259150,33957
259155,33958
259158,33959
259166,33960
259194,33961
259202,33962
259205,33963
259208,33964
259223,33965
259229,33966
259234,33967
259243,33968
259249,33969
259258,33970
259259,33971
259260,33972
259264,33973
259265,33974
259279,33975
259285,33976
259286,33977
259287,33978
259293,33979
259300,33980
259305,33981
259309,33982
259312,33983
259316,33984
259320,33985
259335,33986
259337,33987
259363,33988
259371,33989
259372,33990
259373,33991
259378,33992
259379,33993
259380,33994
259384,33995
259388,33996
259390,33997
259392,33998
259395,33999
259399,34000
259400,34001
259411,34002
259430,34003
259439,34004
259445,34005
259447,34006
259452,34007
259472,34008
259474,34009
259479,34010
259485,34011
259486,34012
259488,34013
259495,34014
259510,34015
259520,34016
259526,34017
259528,34018
259531,34019
259543,34020
259550,34021
259555,34022
259564,34023
259565,34024
259570,34025
259584,34026
259603,34027
259620,34028
259622,34029
259624,34030
259625,34031
259626,34032
259628,34033
259629,34034
259660,34035
259669,34036
259682,34037
259685,34038
259711,34039
259732,34040
259734,34041
259741,34042
259745,34043
259758,34044
259764,34045
259768,34046
259778,34047
259785,34048
259800,34049
259801,34050
259806,34051
259807,34052
259810,34053
259812,34054
259817,34055
259829,34056
259830,34057
259837,34058
259846,34059
259852,34060
259856,34061
259896,34062
259898,34063
259901,34064
259906,34065
259912,34066
259922,34067
259930,34068
259939,34069
259942,34070
259950,34071
259976,34072
259986,34073
259989,34074
259990,34075
259999,34076
260009,34077
260017,34078
260025,34079
260027,34080
260039,34081
260043,34082
260061,34083
260067,34084
260073,34085
260093,34086
260098,34087
260099,34088
260102,34089
260108,34090
260127,34091
260135,34092
260139,34093
260155,34094
260183,34095
260194,34096
260196,34097
260199,34098
260208,34099
260217,34100
260271,34101
260316,34102
260317,34103
260332,34104
260346,34105
260363,34106
260364,34107
260366,34108
260372,34109
260373,34110
260388,34111
260392,34112
260406,34113
260419,34114
260424,34115
260427,34116
260437,34117
260439,34118
260447,34119
260453,34120
260458,34121
260462,34122
260473,34123
260475,34124
260484,34125
260498,34126
260502,34127
260509,34128
260515,34129
260520,34130
260528,34131
260531,34132
260550,34133
260567,34134
260578,34135
260590,34136
260616,34137
260621,34138
260630,34139
260631,34140
260646,34141
260647,34142
260652,34143
260655,34144
260662,34145
260678,34146
260679,34147
260699,34148
260703,34149
260719,34150
260720,34151
260735,34152
260747,34153
260749,34154
260771,34155
260783,34156
260788,34157
260790,34158
260801,34159
260824,34160
260847,34161
260849,34162
260859,34163
260863,34164
260865,34165
260873,34166
260875,34167
260877,34168
260879,34169
260888,34170
260897,34171
260900,34172
260902,34173
260915,34174
260929,34175
260936,34176
260944,34177
260959,34178
260961,34179
260965,34180
260967,34181
260977,34182
260986,34183
261015,34184
261025,34185
261037,34186
261091,34187
261093,34188
261096,34189
261105,34190
261120,34191
261133,34192
261137,34193
261175,34194
261179,34195
261185,34196
261208,34197
261212,34198
261214,34199
261219,34200
261223,34201
261231,34202
261242,34203
261263,34204
261264,34205
261272,34206
261283,34207
261284,34208
261291,34209
261301,34210
261307,34211
261311,34212
261314,34213
261317,34214
261327,34215
261331,34216
261355,34217
261365,34218
261371,34219
261378,34220
261379,34221
261380,34222
261385,34223
261387,34224
261397,34225
261402,34226
261406,34227
261428,34228
261430,34229
261431,34230
261443,34231
261451,34232
261453,34233
261460,34234
261469,34235
261484,34236
261513,34237
261522,34238
261528,34239
261536,34240
261567,34241
261577,34242
261590,34243
261593,34244
261596,34245
261603,34246
261611,34247
261628,34248
261641,34249
261659,34250
261682,34251
261684,34252
261685,34253
261695,34254
261697,34255
261698,34256
261713,34257
261724,34258
261731,34259
261738,34260
261749,34261
261755,34262
261768,34263
261769,34264
261775,34265
261780,34266
261784,34267
261786,34268
261792,34269
261805,34270
261808,34271
261809,34272
261812,34273
261819,34274
261825,34275
261829,34276
261846,34277
261859,34278
261860,34279
261862,34280
261863,34281
261868,34282
261878,34283
261881,34284
261886,34285
261887,34286
261888,34287
261896,34288
261899,34289
261904,34290
261915,34291
261920,34292
261937,34293
261940,34294
261944,34295
261956,34296
261973,34297
261998,34298
262008,34299
262014,34300
262036,34301
262039,34302
262040,34303
262051,34304
262066,34305
262070,34306
262102,34307
262107,34308
262118,34309
262125,34310
262151,34311
262158,34312
262168,34313
262169,34314
262170,34315
262171,34316
262186,34317
262195,34318
262196,34319
262199,34320
262200,34321
262208,34322
262219,34323
262238,34324
262248,34325
262271,34326
262279,34327
262281,34328
262298,34329
262301,34330
262303,34331
262305,34332
262310,34333
262311,34334
262317,34335
262321,34336
262325,34337
262391,34338
262399,34339
262402,34340
262404,34341
262407,34342
262421,34343
262422,34344
262426,34345
262430,34346
262442,34347
262458,34348
262459,34349
262464,34350
262467,34351
262469,34352
262470,34353
262479,34354
262483,34355
262484,34356
262491,34357
262492,34358
262521,34359
262525,34360
262532,34361
262541,34362
262550,34363
262556,34364
262565,34365
262567,34366
262568,34367
262569,34368
262574,34369
262587,34370
262599,34371
262601,34372
262607,34373
262614,34374
262620,34375
262621,34376
262632,34377
262634,34378
262635,34379
262637,34380
262642,34381
262659,34382
262660,34383
262666,34384
262679,34385
262713,34386
262715,34387
262719,34388
262726,34389
262732,34390
262736,34391
262746,34392
262755,34393
262780,34394
262795,34395
262801,34396
262810,34397
262819,34398
262829,34399
262843,34400
262846,34401
262849,34402
262859,34403
262866,34404
262879,34405
262883,34406
262890,34407
262894,34408
262902,34409
262912,34410
262915,34411
262921,34412
262934,34413
262937,34414
262940,34415
262952,34416
262961,34417
262964,34418
262974,34419
262980,34420
262982,34421
262998,34422
263003,34423
263022,34424
263035,34425
263072,34426
263078,34427
263086,34428
263098,34429
263099,34430
263104,34431
263107,34432
263123,34433
263149,34434
263153,34435
263158,34436
263159,34437
263160,34438
263163,34439
263164,34440
263186,34441
263214,34442
263219,34443
263229,34444
263238,34445
263250,34446
263292,34447
263304,34448
263307,34449
263310,34450
263320,34451
263321,34452
263323,34453
263325,34454
263326,34455
263328,34456
263329,34457
263331,34458
263343,34459
263344,34460
263353,34461
263354,34462
263357,34463
263383,34464
263393,34465
263413,34466
263418,34467
263445,34468
263456,34469
263460,34470
263472,34471
263475,34472
263476,34473
263480,34474
263495,34475
263500,34476
263504,34477
263511,34478
263537,34479
263539,34480
263547,34481
263549,34482
263556,34483
263560,34484
263561,34485
263565,34486
263575,34487
263582,34488
263585,34489
263587,34490
263601,34491
263622,34492
263626,34493
263637,34494
263641,34495
263644,34496
263645,34497
263663,34498
263664,34499
263691,34500
263716,34501
263733,34502
263744,34503
263755,34504
263791,34505
263792,34506
263793,34507
263825,34508
263838,34509
263842,34510
263845,34511
263852,34512
263872,34513
263877,34514
263886,34515
263889,34516
263891,34517
263901,34518
263902,34519
263925,34520
263931,34521
263948,34522
263979,34523
264004,34524
264012,34525
264027,34526
264029,34527
264031,34528
264058,34529
264059,34530
264069,34531
264073,34532
264082,34533
264085,34534
264107,34535
264124,34536
264128,34537
264138,34538
264141,34539
264149,34540
264152,34541
264185,34542
264191,34543
264196,34544
264201,34545
264204,34546
264215,34547
264248,34548
264257,34549
264264,34550
264275,34551
264284,34552
264295,34553
264300,34554
264311,34555
264314,34556
264317,34557
264321,34558
264327,34559
264339,34560
264346,34561
264349,34562
264355,34563
264390,34564
264397,34565
264399,34566
264408,34567
264411,34568
264415,34569
264416,34570
264428,34571
264436,34572
264442,34573
264462,34574
264464,34575
264473,34576
264490,34577
264495,34578
264514,34579
264525,34580
264543,34581
264546,34582
264552,34583
264553,34584
264555,34585
264577,34586
264581,34587
264600,34588
264613,34589
264627,34590
264637,34591
264646,34592
264655,34593
264657,34594
264661,34595
264665,34596
264668,34597
264680,34598
264684,34599
264688,34600
264697,34601
264723,34602
264732,34603
264753,34604
264756,34605
264760,34606
264763,34607
264775,34608
264780,34609
264793,34610
264809,34611
264823,34612
264828,34613
264836,34614
264861,34615
264862,34616
264863,34617
264873,34618
264892,34619
264894,34620
264903,34621
264913,34622
264917,34623
264934,34624
264938,34625
264947,34626
264955,34627
264972,34628
264974,34629
264985,34630
264996,34631
264997,34632
265000,34633
265004,34634
265012,34635
265014,34636
265031,34637
265043,34638
265045,34639
265054,34640
265075,34641
265083,34642
265084,34643
265095,34644
265105,34645
265115,34646
265125,34647
265138,34648
265157,34649
265168,34650
265185,34651
265192,34652
265194,34653
265201,34654
265202,34655
265205,34656
265206,34657
265213,34658
265219,34659
265241,34660
265272,34661
265274,34662
265276,34663
265281,34664
265292,34665
265299,34666
265313,34667
265331,34668
265339,34669
265348,34670
265367,34671
265383,34672
265403,34673
265407,34674
265437,34675
265439,34676
265441,34677
265444,34678
265446,34679
265447,34680
265468,34681
265470,34682
265473,34683
265481,34684
265487,34685
265498,34686
265499,34687
265500,34688
265504,34689
265508,34690
265522,34691
265534,34692
265544,34693
265546,34694
265553,34695
265562,34696
265567,34697
265587,34698
265591,34699
265592,34700
265594,34701
265595,34702
265607,34703
265616,34704
265620,34705
265622,34706
265626,34707
265633,34708
265655,34709
265656,34710
265658,34711
265673,34712
265675,34713
265676,34714
265685,34715
265695,34716
265696,34717
265697,34718
265706,34719
265710,34720
265714,34721
265732,34722
265736,34723
265748,34724
265749,34725
265751,34726
265759,34727
265761,34728
265767,34729
265768,34730
265780,34731
265784,34732
265785,34733
265822,34734
265827,34735
265834,34736
265858,34737
265860,34738
265865,34739
265877,34740
265881,34741
265883,34742
265889,34743
265893,34744
265904,34745
265908,34746
265909,34747
265918,34748
265923,34749
265928,34750
265932,34751
265938,34752
265940,34753
265972,34754
265982,34755
265983,34756
265987,34757
266002,34758
266004,34759
266007,34760
266018,34761
266024,34762
266037,34763
266044,34764
266045,34765
266054,34766
266055,34767
266056,34768
266059,34769
266064,34770
266085,34771
266091,34772
266095,34773
266109,34774
266126,34775
266129,34776
266130,34777
266143,34778
266146,34779
266160,34780
266164,34781
266171,34782
266176,34783
266224,34784
266226,34785
266229,34786
266230,34787
266232,34788
266236,34789
266246,34790
266250,34791
266260,34792
266268,34793
266283,34794
266294,34795
266299,34796
266309,34797
266312,34798
266323,34799
266328,34800
266331,34801
266355,34802
266359,34803
266371,34804
266374,34805
266378,34806
266387,34807
266419,34808
266429,34809
266449,34810
266450,34811
266457,34812
266466,34813
266468,34814
266470,34815
266472,34816
266474,34817
266475,34818
266478,34819
266510,34820
266515,34821
266522,34822
266557,34823
266566,34824
266568,34825
266570,34826
266575,34827
266576,34828
266579,34829
266588,34830
266589,34831
266596,34832
266609,34833
266613,34834
266614,34835
266617,34836
266637,34837
266641,34838
266642,34839
266643,34840
266645,34841
266650,34842
266653,34843
266655,34844
266657,34845
266664,34846
266666,34847
266667,34848
266671,34849
266674,34850
266678,34851
266697,34852
266710,34853
266718,34854
266721,34855
266726,34856
266729,34857
266735,34858
266739,34859
266741,34860
266745,34861
266753,34862
266757,34863
266764,34864
266769,34865
266775,34866
266786,34867
266807,34868
266808,34869
266809,34870
266819,34871
266829,34872
266840,34873
266842,34874
266854,34875
266858,34876
266862,34877
266865,34878
266866,34879
266867,34880
266868,34881
266872,34882
266880,34883
266881,34884
266892,34885
266895,34886
266903,34887
266921,34888
266927,34889
266944,34890
266946,34891
266948,34892
266956,34893
266960,34894
266966,34895
266970,34896
267006,34897
267033,34898
267034,34899
267036,34900
267060,34901
267061,34902
267077,34903
267083,34904
267098,34905
267100,34906
267104,34907
267110,34908
267113,34909
267117,34910
267124,34911
267139,34912
267148,34913
267164,34914
267165,34915
267171,34916
267180,34917
267184,34918
267187,34919
267200,34920
267212,34921
267224,34922
267244,34923
267249,34924
267251,34925
267254,34926
267256,34927
267259,34928
267260,34929
267267,34930
267272,34931
267282,34932
267286,34933
267292,34934
267293,34935
267297,34936
267300,34937
267326,34938
267328,34939
267334,34940
267346,34941
267354,34942
267356,34943
267369,34944
267371,34945
267372,34946
267373,34947
267377,34948
267382,34949
267387,34950
267397,34951
267405,34952
267409,34953
267418,34954
267442,34955
267444,34956
267453,34957
267474,34958
267476,34959
267493,34960
267497,34961
267502,34962
267506,34963
267507,34964
267510,34965
267511,34966
267518,34967
267528,34968
267529,34969
267538,34970
267540,34971
267541,34972
267545,34973
267549,34974
267553,34975
267558,34976
267559,34977
267568,34978
267582,34979
267594,34980
267596,34981
267602,34982
267607,34983
267621,34984
267624,34985
267626,34986
267635,34987
267642,34988
267644,34989
267645,34990
267648,34991
267664,34992
267678,34993
267680,34994
267686,34995
267699,34996
267700,34997
267703,34998
267704,34999
267713,35000
267718,35001
267722,35002
267727,35003
267738,35004
267759,35005
267761,35006
267763,35007
267764,35008
267767,35009
267787,35010
267788,35011
267795,35012
267802,35013
267809,35014
267815,35015
267823,35016
267827,35017
267830,35018
267851,35019
267867,35020
267870,35021
267880,35022
267881,35023
267895,35024
267897,35025
267898,35026
267904,35027
267916,35028
267920,35029
267946,35030
267954,35031
267968,35032
267981,35033
267982,35034
267984,35035
268009,35036
268012,35037
268013,35038
268025,35039
268026,35040
268030,35041
268031,35042
268032,35043
268035,35044
268038,35045
268048,35046
268049,35047
268061,35048
268076,35049
268079,35050
268085,35051
268090,35052
268100,35053
268105,35054
268110,35055
268122,35056
268125,35057
268127,35058
268134,35059
268147,35060
268156,35061
268169,35062
268171,35063
268179,35064
268191,35065
268203,35066
268220,35067
268231,35068
268237,35069
268239,35070
268244,35071
268261,35072
268262,35073
268268,35074
268277,35075
268278,35076
268282,35077
268284,35078
268292,35079
268297,35080
268299,35081
268300,35082
268306,35083
268315,35084
268325,35085
268330,35086
268343,35087
268354,35088
268364,35089
268402,35090
268405,35091
268415,35092
268416,35093
268419,35094
268432,35095
268434,35096
268451,35097
268458,35098
268482,35099
268489,35100
268492,35101
268520,35102
268521,35103
268526,35104
268538,35105
268540,35106
268541,35107
268544,35108
268573,35109
268579,35110
268584,35111
268589,35112
268593,35113
268606,35114
268618,35115
268622,35116
268628,35117
268636,35118
268639,35119
268655,35120
268657,35121
268665,35122
268682,35123
268691,35124
268692,35125
268694,35126
268696,35127
268699,35128
268704,35129
268711,35130
268723,35131
268734,35132
268739,35133
268746,35134
268747,35135
268750,35136
268751,35137
268761,35138
268774,35139
268781,35140
268784,35141
268786,35142
268788,35143
268796,35144
268829,35145
268833,35146
268874,35147
268880,35148
268882,35149
268898,35150
268903,35151
268913,35152
268927,35153
268932,35154
268943,35155
268945,35156
268949,35157
268959,35158
268960,35159
268984,35160
268987,35161
268988,35162
269011,35163
269017,35164
269031,35165
269061,35166
269065,35167
269069,35168
269070,35169
269072,35170
269073,35171
269076,35172
269079,35173
269105,35174
269114,35175
269121,35176
269129,35177
269133,35178
269140,35179
269155,35180
269157,35181
269164,35182
269180,35183
269193,35184
269213,35185
269229,35186
269244,35187
269250,35188
269253,35189
269261,35190
269268,35191
269273,35192
269280,35193
269287,35194
269289,35195
269291,35196
269299,35197
269308,35198
269309,35199
269311,35200
269313,35201
269314,35202
269318,35203
269321,35204
269325,35205
269331,35206
269336,35207
269338,35208
269340,35209
269341,35210
269343,35211
269344,35212
269347,35213
269349,35214
269352,35215
269353,35216
269370,35217
269373,35218
269375,35219
269378,35220
269386,35221
269391,35222
269397,35223
269404,35224
269407,35225
269410,35226
269414,35227
269438,35228
269439,35229
269450,35230
269453,35231
269459,35232
269462,35233
269478,35234
269502,35235
269510,35236
269512,35237
269525,35238
269550,35239
269554,35240
269556,35241
269557,35242
269559,35243
269561,35244
269562,35245
269566,35246
269570,35247
269578,35248
269599,35249
269605,35250
269607,35251
269613,35252
269614,35253
269620,35254
269624,35255
269625,35256
269633,35257
269635,35258
269639,35259
269644,35260
269653,35261
269670,35262
269685,35263
269688,35264
269692,35265
269694,35266
269701,35267
269702,35268
269714,35269
269719,35270
269727,35271
269728,35272
269738,35273
269750,35274
269752,35275
269759,35276
269760,35277
269762,35278
269773,35279
269779,35280
269781,35281
269782,35282
269786,35283
269787,35284
269791,35285
269796,35286
269799,35287
269808,35288
269823,35289
269826,35290
269833,35291
269835,35292
269838,35293
269839,35294
269841,35295
269850,35296
269852,35297
269867,35298
269886,35299
269890,35300
269891,35301
269892,35302
269894,35303
269905,35304
269911,35305
269916,35306
269935,35307
269938,35308
269940,35309
269945,35310
269946,35311
269973,35312
269978,35313
269983,35314
269988,35315
270006,35316
270020,35317
270023,35318
270026,35319
270029,35320
270032,35321
270033,35322
270037,35323
270040,35324
270045,35325
270046,35326
270049,35327
270050,35328
270051,35329
270053,35330
270069,35331
270070,35332
270071,35333
270087,35334
270091,35335
270120,35336
270121,35337
270131,35338
270154,35339
270156,35340
270165,35341
270187,35342
270195,35343
270211,35344
270226,35345
270234,35346
270242,35347
270256,35348
270263,35349
270264,35350
270265,35351
270266,35352
270272,35353
270273,35354
270279,35355
270297,35356
270302,35357
270322,35358
270326,35359
270329,35360
270338,35361
270339,35362
270350,35363
270352,35364
270354,35365
270360,35366
270368,35367
270370,35368
270401,35369
270411,35370
270414,35371
270416,35372
270418,35373
270425,35374
270426,35375
270442,35376
270449,35377
270468,35378
270477,35379
270512,35380
270522,35381
270535,35382
270537,35383
270554,35384
270563,35385
270585,35386
270605,35387
270610,35388
270618,35389
270629,35390
270632,35391
270633,35392
270638,35393
270639,35394
270640,35395
270652,35396
270658,35397
270661,35398
270664,35399
270692,35400
270702,35401
270708,35402
270713,35403
270715,35404
270723,35405
270728,35406
270731,35407
270737,35408
270738,35409
270747,35410
270748,35411
270754,35412
270755,35413
270761,35414
270776,35415
270780,35416
270781,35417
270801,35418
270809,35419
270820,35420
270828,35421
270829,35422
270838,35423
270843,35424
270844,35425
270847,35426
270863,35427
270881,35428
270892,35429
270896,35430
270897,35431
270901,35432
270906,35433
270907,35434
270917,35435
270919,35436
270935,35437
270939,35438
270969,35439
270971,35440
270973,35441
270977,35442
270989,35443
271000,35444
271004,35445
271016,35446
271038,35447
271050,35448
271058,35449
271074,35450
271086,35451
271087,35452
271099,35453
271110,35454
271119,35455
271122,35456
271131,35457
271135,35458
271140,35459
271143,35460
271144,35461
271155,35462
271156,35463
271164,35464
271172,35465
271176,35466
271180,35467
271195,35468
271196,35469
271197,35470
271206,35471
271210,35472
271222,35473
271227,35474
271237,35475
271241,35476
271245,35477
271247,35478
271250,35479
271263,35480
271266,35481
271271,35482
271273,35483
271284,35484
271286,35485
271295,35486
271296,35487
271303,35488
271305,35489
271306,35490
271340,35491
271354,35492
271364,35493
271367,35494
271374,35495
271375,35496
271378,35497
271398,35498
271407,35499
271410,35500
271415,35501
271427,35502
271433,35503
271434,35504
271436,35505
271438,35506
271448,35507
271460,35508
271466,35509
271468,35510
271471,35511
271477,35512
271488,35513
271503,35514
271516,35515
271523,35516
271525,35517
271531,35518
271532,35519
271538,35520
271542,35521
271554,35522
271557,35523
271558,35524
271567,35525
271568,35526
271583,35527
271586,35528
271587,35529
271588,35530
271589,35531
271593,35532
271597,35533
271599,35534
271600,35535
271604,35536
271609,35537
271622,35538
271649,35539
271655,35540
271659,35541
271674,35542
271681,35543
271705,35544
271707,35545
271711,35546
271719,35547
271720,35548
271746,35549
271749,35550
271752,35551
271758,35552
271792,35553
271800,35554
271833,35555
271834,35556
271844,35557
271859,35558
271890,35559
271894,35560
271898,35561
271908,35562
271935,35563
271941,35564
271956,35565
271970,35566
271992,35567
272001,35568
272002,35569
272007,35570
272008,35571
272016,35572
272052,35573
272073,35574
272077,35575
272080,35576
272098,35577
272120,35578
272140,35579
272144,35580
272202,35581
272207,35582
272217,35583
272221,35584
272225,35585
272233,35586
272250,35587
272263,35588
272296,35589
272316,35590
272324,35591
272327,35592
272331,35593
272349,35594
272352,35595
272359,35596
272373,35597
272385,35598
272392,35599
272394,35600
272395,35601
272397,35602
272407,35603
272412,35604
272423,35605
272434,35606
272441,35607
272444,35608
272445,35609
272456,35610
272482,35611
272504,35612
272508,35613
272510,35614
272516,35615
272540,35616
272546,35617
272557,35618
272564,35619
272569,35620
272573,35621
272576,35622
272626,35623
272640,35624
272647,35625
272660,35626
272671,35627
272674,35628
272700,35629
272705,35630
272706,35631
272708,35632
272715,35633
272720,35634
272722,35635
272726,35636
272735,35637
272737,35638
272738,35639
272758,35640
272780,35641
272786,35642
272788,35643
272810,35644
272829,35645
272838,35646
272874,35647
272884,35648
272885,35649
272886,35650
272890,35651
272895,35652
272897,35653
272910,35654
272924,35655
272957,35656
272958,35657
272961,35658
272962,35659
272972,35660
272975,35661
272980,35662
272982,35663
272986,35664
272987,35665
272988,35666
272989,35667
272991,35668
272993,35669
273030,35670
273034,35671
273037,35672
273038,35673
273054,35674
273061,35675
273063,35676
273065,35677
273071,35678
273075,35679
273086,35680
273089,35681
273100,35682
273103,35683
273110,35684
273112,35685
273113,35686
273116,35687
273140,35688
273164,35689
273167,35690
273190,35691
273196,35692
273197,35693
273211,35694
273217,35695
273224,35696
273236,35697
273252,35698
273254,35699
273265,35700
273279,35701
273283,35702
273303,35703
273307,35704
273318,35705
273336,35706
273341,35707
273342,35708
273344,35709
273353,35710
273376,35711
273380,35712
273420,35713
273424,35714
273439,35715
273440,35716
273459,35717
273465,35718
273470,35719
273476,35720
273483,35721
273491,35722
273507,35723
273516,35724
273520,35725
273535,35726
273564,35727
273586,35728
273587,35729
273603,35730
273635,35731
273640,35732
273641,35733
273647,35734
273648,35735
273678,35736
273680,35737
273707,35738
273711,35739
273714,35740
273718,35741
273737,35742
273751,35743
273770,35744
273780,35745
273783,35746
273805,35747
273806,35748
273813,35749
273820,35750
273828,35751
273841,35752
273849,35753
273857,35754
273869,35755
273872,35756
273876,35757
273886,35758
273895,35759
273897,35760
273898,35761
273905,35762
273906,35763
273914,35764
273926,35765
273934,35766
273939,35767
273944,35768
273950,35769
273974,35770
273976,35771
273978,35772
273979,35773
273993,35774
273995,35775
274004,35776
274009,35777
274010,35778
274017,35779
274042,35780
274052,35781
274056,35782
274061,35783
274064,35784
274099,35785
274105,35786
274111,35787
274117,35788
274120,35789
274124,35790
274135,35791
274139,35792
274140,35793
274142,35794
274144,35795
274163,35796
274167,35797
274191,35798
274194,35799
274199,35800
274207,35801
274215,35802
274220,35803
274225,35804
274226,35805
274227,35806
274242,35807
274260,35808
274263,35809
274277,35810
274284,35811
274288,35812
274289,35813
274293,35814
274301,35815
274305,35816
274308,35817
274319,35818
274325,35819
274327,35820
274338,35821
274339,35822
274361,35823
274363,35824
274380,35825
274383,35826
274393,35827
274400,35828
274414,35829
274418,35830
274420,35831
274421,35832
274422,35833
274423,35834
274428,35835
274433,35836
274435,35837
274441,35838
274456,35839
274466,35840
274489,35841
274493,35842
274503,35843
274506,35844
274512,35845
274546,35846
274549,35847
274558,35848
274602,35849
274605,35850
274609,35851
274616,35852
274618,35853
274624,35854
274633,35855
274634,35856
274637,35857
274638,35858
274643,35859
274644,35860
274648,35861
274656,35862
274680,35863
274692,35864
274701,35865
274703,35866
274718,35867
274719,35868
274720,35869
274722,35870
274724,35871
274743,35872
274744,35873
274766,35874
274769,35875
274772,35876
274779,35877
274803,35878
274808,35879
274812,35880
274816,35881
274823,35882
274831,35883
274842,35884
274843,35885
274856,35886
274873,35887
274878,35888
274880,35889
274881,35890
274894,35891
274895,35892
274924,35893
274925,35894
274932,35895
274973,35896
274979,35897
274983,35898
274986,35899
275006,35900
275010,35901
275020,35902
275031,35903
275050,35904
275074,35905
275075,35906
275087,35907
275111,35908
275118,35909
275137,35910
275154,35911
275156,35912
275167,35913
275175,35914
275179,35915
275184,35916
275191,35917
275195,35918
275205,35919
275210,35920
275218,35921
275220,35922
275228,35923
275234,35924
275264,35925
275274,35926
275276,35927
275281,35928
275293,35929
275300,35930
275305,35931
275306,35932
275316,35933
275317,35934
275318,35935
275321,35936
275322,35937
275328,35938
275332,35939
275335,35940
275357,35941
275358,35942
275374,35943
275375,35944
275377,35945
275380,35946
275383,35947
275388,35948
275401,35949
275412,35950
275414,35951
275419,35952
275429,35953
275439,35954
275450,35955
275455,35956
275459,35957
275466,35958
275473,35959
275476,35960
275478,35961
275481,35962
275519,35963
275520,35964
275571,35965
275573,35966
275585,35967
275610,35968
275611,35969
275615,35970
275619,35971
275625,35972
275631,35973
275636,35974
275638,35975
275659,35976
275670,35977
275673,35978
275674,35979
275678,35980
275704,35981
275732,35982
275744,35983
275758,35984
275761,35985
275793,35986
275800,35987
275803,35988
275806,35989
275808,35990
275809,35991
275815,35992
275817,35993
275821,35994
275823,35995
275828,35996
275829,35997
275836,35998
275838,35999
275843,36000
275850,36001
275857,36002
275876,36003
275905,36004
275906,36005
275908,36006
275909,36007
275918,36008
275922,36009
275923,36010
275933,36011
275947,36012
275949,36013
275953,36014
275956,36015
275960,36016
275967,36017
275970,36018
275975,36019
275977,36020
275994,36021
276014,36022
276017,36023
276018,36024
276020,36025
276026,36026
276027,36027
276032,36028
276037,36029
276038,36030
276039,36031
276046,36032
276050,36033
276053,36034
276062,36035
276064,36036
276071,36037
276077,36038
276078,36039
276094,36040
276111,36041
276113,36042
276118,36043
276127,36044
276147,36045
276161,36046
276165,36047
276167,36048
276177,36049
276181,36050
276184,36051
276185,36052
276203,36053
276206,36054
276213,36055
276223,36056
276224,36057
276226,36058
276229,36059
276231,36060
276240,36061
276247,36062
276250,36063
276253,36064
276291,36065
276297,36066
276307,36067
276313,36068
276328,36069
276331,36070
276364,36071
276369,36072
276372,36073
276401,36074
276402,36075
276412,36076
276416,36077
276463,36078
276467,36079
276487,36080
276495,36081
276498,36082
276521,36083
276538,36084
276545,36085
276558,36086
276560,36087
276563,36088
276567,36089
276573,36090
276578,36091
276579,36092
276602,36093
276611,36094
276614,36095
276632,36096
276640,36097
276641,36098
276644,36099
276652,36100
276653,36101
276670,36102
276672,36103
276680,36104
276681,36105
276683,36106
276688,36107
276690,36108
276704,36109
276706,36110
